Datetime,Actual,Predicted,Residual,z_roll,iso_score,resid_rz,roll_anom,iso_anom,resid_anom,z_anom,iqr_anom,methods_agree,severity,is_anomaly,direction,flagged_by,hour,weekday
2010-04-18 18:00:00,1.2979,1.3079,-0.0101,,,0.4149,False,False,False,False,False,0,none,False,lower,,18,Sunday
2010-04-18 19:00:00,1.6654,1.6667,-0.0013,,,0.9281,False,False,False,False,False,0,none,False,lower,,19,Sunday
2010-04-18 20:00:00,1.8226,1.832,-0.0095,,,0.4506,False,False,False,False,False,0,none,False,lower,,20,Sunday
2010-04-18 21:00:00,2.1953,2.2144,-0.0191,,,-0.1131,False,False,False,False,False,0,none,False,lower,,21,Sunday
2010-04-18 22:00:00,1.1288,1.1612,-0.0324,,,-0.8866,False,False,False,False,False,0,none,False,lower,,22,Sunday
2010-04-18 23:00:00,0.5014,0.5172,-0.0158,,,0.0821,False,False,False,False,False,0,none,False,lower,,23,Sunday
2010-04-19 00:00:00,0.3788,0.3931,-0.0143,,,0.1705,False,False,False,False,False,0,none,False,lower,,0,Monday
2010-04-19 01:00:00,0.3616,0.3764,-0.0148,,,0.1414,False,False,False,False,False,0,none,False,lower,,1,Monday
2010-04-19 02:00:00,0.4413,0.4556,-0.0144,,,0.1635,False,False,False,False,False,0,none,False,lower,,2,Monday
2010-04-19 03:00:00,0.3892,0.4016,-0.0124,,,0.2769,False,False,False,False,False,0,none,False,lower,,3,Monday
2010-04-19 04:00:00,0.3544,0.3658,-0.0113,,,0.3402,False,False,False,False,False,0,none,False,lower,,4,Monday
2010-04-19 05:00:00,0.3193,0.3335,-0.0142,,0.2031,0.171,False,False,False,False,False,0,none,False,lower,,5,Monday
2010-04-19 06:00:00,1.0651,1.0735,-0.0084,,0.1613,0.5102,False,False,False,False,False,0,none,False,lower,,6,Monday
2010-04-19 07:00:00,0.58,0.6195,-0.0394,,0.176,-1.2965,False,False,False,False,False,0,none,False,lower,,7,Monday
2010-04-19 08:00:00,0.3746,0.381,-0.0064,,0.1889,0.6294,False,False,False,False,False,0,none,False,lower,,8,Monday
2010-04-19 09:00:00,1.0736,1.0876,-0.014,,0.1652,0.1827,False,False,False,False,False,0,none,False,lower,,9,Monday
2010-04-19 10:00:00,2.2938,2.2916,0.0022,,0.0767,1.129,False,False,False,False,False,0,none,False,higher,,10,Monday
2010-04-19 11:00:00,1.7983,1.8115,-0.0133,,0.1524,0.2277,False,False,False,False,False,0,none,False,lower,,11,Monday
2010-04-19 12:00:00,1.6997,1.7105,-0.0108,,0.1706,0.3732,False,False,False,False,False,0,none,False,lower,,12,Monday
2010-04-19 13:00:00,1.5137,1.5163,-0.0026,,0.1836,0.8509,False,False,False,False,False,0,none,False,lower,,13,Monday
2010-04-19 14:00:00,1.4145,1.427,-0.0125,,0.1815,0.2737,False,False,False,False,False,0,none,False,lower,,14,Monday
2010-04-19 15:00:00,1.451,1.4641,-0.0131,,0.1812,0.2376,False,False,False,False,False,0,none,False,lower,,15,Monday
2010-04-19 16:00:00,1.4737,1.4848,-0.0112,,0.1784,0.3509,False,False,False,False,False,0,none,False,lower,,16,Monday
2010-04-19 17:00:00,2.6827,2.6276,0.0551,,0.061,4.2151,False,False,False,True,True,0,none,False,higher,,17,Monday
2010-04-19 18:00:00,2.1485,2.1824,-0.0339,,0.1028,-0.9739,False,False,False,False,False,0,none,False,lower,,18,Monday
2010-04-19 19:00:00,2.1935,2.1733,0.0202,,0.1243,2.1792,False,False,False,False,False,0,none,False,higher,,19,Monday
2010-04-19 20:00:00,1.8416,1.8022,0.0395,,0.1392,3.3034,False,False,False,False,False,0,none,False,higher,,20,Monday
2010-04-19 21:00:00,1.6705,1.6489,0.0216,,0.1588,2.2612,False,False,False,False,False,0,none,False,higher,,21,Monday
2010-04-19 22:00:00,0.6129,0.6298,-0.0169,,0.141,0.017,False,False,False,False,False,0,none,False,lower,,22,Monday
2010-04-19 23:00:00,0.3442,0.3597,-0.0156,,0.1685,0.0936,False,False,False,False,False,0,none,False,lower,,23,Monday
2010-04-20 00:00:00,1.0683,1.0755,-0.0073,,0.1458,0.5771,False,False,False,False,False,0,none,False,lower,,0,Tuesday
2010-04-20 01:00:00,0.4289,0.4411,-0.0123,,0.1618,0.2856,False,False,False,False,False,0,none,False,lower,,1,Tuesday
2010-04-20 02:00:00,0.4137,0.4203,-0.0066,,0.1899,0.6183,False,False,False,False,False,0,none,False,lower,,2,Tuesday
2010-04-20 03:00:00,0.351,0.3614,-0.0104,,0.1815,0.398,False,False,False,False,False,0,none,False,lower,,3,Tuesday
2010-04-20 04:00:00,0.3545,0.3682,-0.0137,,0.183,0.204,False,False,False,False,False,0,none,False,lower,,4,Tuesday
2010-04-20 05:00:00,0.3013,0.3111,-0.0099,,0.165,0.4267,False,False,False,False,False,0,none,False,lower,,5,Tuesday
2010-04-20 06:00:00,0.4444,0.4416,0.0028,,0.1689,1.1647,False,False,False,False,False,0,none,False,higher,,6,Tuesday
2010-04-20 07:00:00,1.7821,1.7773,0.0048,,0.1141,1.2842,False,False,False,False,False,0,none,False,higher,,7,Tuesday
2010-04-20 08:00:00,1.5909,1.5976,-0.0067,,0.1626,0.6099,False,False,False,False,False,0,none,False,lower,,8,Tuesday
2010-04-20 09:00:00,1.8861,1.9111,-0.025,,0.1417,-0.4541,False,False,False,False,False,0,none,False,lower,,9,Tuesday
2010-04-20 10:00:00,1.8645,1.8702,-0.0057,,0.1497,0.6664,False,False,False,False,False,0,none,False,lower,,10,Tuesday
2010-04-20 11:00:00,1.5848,1.5986,-0.0139,,0.1646,0.1928,False,False,False,False,False,0,none,False,lower,,11,Tuesday
2010-04-20 12:00:00,1.5755,1.5797,-0.0042,,0.1701,0.7552,False,False,False,False,False,0,none,False,lower,,12,Tuesday
2010-04-20 13:00:00,1.6599,1.6608,-0.0009,,0.1669,0.9496,False,False,False,False,False,0,none,False,lower,,13,Tuesday
2010-04-20 14:00:00,1.4857,1.5001,-0.0143,,0.1656,0.1651,False,False,False,False,False,0,none,False,lower,,14,Tuesday
2010-04-20 15:00:00,1.4511,1.4663,-0.0152,,0.1696,0.1167,False,False,False,False,False,0,none,False,lower,,15,Tuesday
2010-04-20 16:00:00,1.528,1.5496,-0.0216,,0.1609,-0.2564,False,False,False,False,False,0,none,False,lower,,16,Tuesday
2010-04-20 17:00:00,1.5625,1.5795,-0.017,,0.1669,0.0113,False,False,False,False,False,0,none,False,lower,,17,Tuesday
2010-04-20 18:00:00,1.2556,1.2672,-0.0116,,0.1601,0.3279,False,False,False,False,False,0,none,False,lower,,18,Tuesday
2010-04-20 19:00:00,1.406,1.4178,-0.0118,,0.168,0.3123,False,False,False,False,False,0,none,False,lower,,19,Tuesday
2010-04-20 20:00:00,2.4154,2.3788,0.0366,,0.0968,3.1335,False,False,False,False,False,0,none,False,higher,,20,Tuesday
2010-04-20 21:00:00,2.2706,2.2738,-0.0033,,0.1155,0.8116,False,False,False,False,False,0,none,False,lower,,21,Tuesday
2010-04-20 22:00:00,1.4235,1.4227,0.0009,,0.1424,1.0528,False,False,False,False,False,0,none,False,higher,,22,Tuesday
2010-04-20 23:00:00,0.4561,0.4671,-0.0109,,0.1314,0.3646,False,False,False,False,False,0,none,False,lower,,23,Tuesday
2010-04-21 00:00:00,0.9508,0.946,0.0049,,0.1556,1.2845,False,False,False,False,False,0,none,False,higher,,0,Wednesday
2010-04-21 01:00:00,0.7458,0.7729,-0.027,,0.181,-0.5741,False,False,False,False,False,0,none,False,lower,,1,Wednesday
2010-04-21 02:00:00,0.3595,0.3759,-0.0165,,0.1645,0.0412,False,False,False,False,False,0,none,False,lower,,2,Wednesday
2010-04-21 03:00:00,0.3177,0.3313,-0.0136,,0.1706,0.2098,False,False,False,False,False,0,none,False,lower,,3,Wednesday
2010-04-21 04:00:00,0.4173,0.433,-0.0156,,0.1703,0.0897,False,False,False,False,False,0,none,False,lower,,4,Wednesday
2010-04-21 05:00:00,0.4201,0.4361,-0.016,,0.1653,0.069,False,False,False,False,False,0,none,False,lower,,5,Wednesday
2010-04-21 06:00:00,0.4728,0.4894,-0.0166,,0.1582,0.0311,False,False,False,False,False,0,none,False,lower,,6,Wednesday
2010-04-21 07:00:00,1.1233,1.137,-0.0137,,0.151,0.202,False,False,False,False,False,0,none,False,lower,,7,Wednesday
2010-04-21 08:00:00,1.4977,1.5103,-0.0125,,0.1579,0.2702,False,False,False,False,False,0,none,False,lower,,8,Wednesday
2010-04-21 09:00:00,1.2514,1.2545,-0.0031,,0.1769,0.822,False,False,False,False,False,0,none,False,lower,,9,Wednesday
2010-04-21 10:00:00,1.787,1.793,-0.006,,0.147,0.6537,False,False,False,False,False,0,none,False,lower,,10,Wednesday
2010-04-21 11:00:00,1.7057,1.716,-0.0103,,0.1679,0.4019,False,False,False,False,False,0,none,False,lower,,11,Wednesday
2010-04-21 12:00:00,1.4616,1.4855,-0.0238,,0.1725,-0.3873,False,False,False,False,False,0,none,False,lower,,12,Wednesday
2010-04-21 13:00:00,1.4521,1.4696,-0.0175,,0.1793,-0.0213,False,False,False,False,False,0,none,False,lower,,13,Wednesday
2010-04-21 14:00:00,1.5218,1.5289,-0.0071,,0.1751,0.5851,False,False,False,False,False,0,none,False,lower,,14,Wednesday
2010-04-21 15:00:00,0.9395,0.9707,-0.0312,,0.1689,-0.8148,False,False,False,False,False,0,none,False,lower,,15,Wednesday
2010-04-21 16:00:00,0.4578,0.4798,-0.022,,0.1668,-0.2815,False,False,False,False,False,0,none,False,lower,,16,Wednesday
2010-04-21 17:00:00,1.2767,1.2813,-0.0046,,0.1514,0.7333,False,False,False,False,False,0,none,False,lower,,17,Wednesday
2010-04-21 18:00:00,1.3146,1.344,-0.0294,,0.1713,-0.7146,False,False,False,False,False,0,none,False,lower,,18,Wednesday
2010-04-21 19:00:00,0.5893,0.5938,-0.0044,,0.1604,0.7433,False,False,False,False,False,0,none,False,lower,,19,Wednesday
2010-04-21 20:00:00,1.2491,1.2496,-0.0005,,0.162,0.9746,False,False,False,False,False,0,none,False,lower,,20,Wednesday
2010-04-21 21:00:00,1.6815,1.6866,-0.0052,,0.1577,0.7005,False,False,False,False,False,0,none,False,lower,,21,Wednesday
2010-04-21 22:00:00,1.5153,1.5285,-0.0131,,0.1746,0.2358,False,False,False,False,False,0,none,False,lower,,22,Wednesday
2010-04-21 23:00:00,1.8233,1.8411,-0.0178,,0.1385,-0.038,False,False,False,False,False,0,none,False,lower,,23,Wednesday
2010-04-22 00:00:00,0.6506,0.6753,-0.0247,,0.1469,-0.4387,False,False,False,False,False,0,none,False,lower,,0,Thursday
2010-04-22 01:00:00,0.3698,0.3853,-0.0155,,0.1962,0.0987,False,False,False,False,False,0,none,False,lower,,1,Thursday
2010-04-22 02:00:00,0.4421,0.4495,-0.0074,,0.2057,0.5674,False,False,False,False,False,0,none,False,lower,,2,Thursday
2010-04-22 03:00:00,0.417,0.4333,-0.0164,,0.2042,0.0476,False,False,False,False,False,0,none,False,lower,,3,Thursday
2010-04-22 04:00:00,0.9284,0.9399,-0.0115,,0.1719,0.3335,False,False,False,False,True,0,none,False,lower,,4,Thursday
2010-04-22 05:00:00,0.4117,0.4502,-0.0385,,0.1762,-1.2453,False,False,False,False,False,0,none,False,lower,,5,Thursday
2010-04-22 06:00:00,0.3484,0.3705,-0.0221,,0.1844,-0.2886,False,False,False,False,False,0,none,False,lower,,6,Thursday
2010-04-22 07:00:00,0.4622,0.4702,-0.008,,0.1865,0.5334,False,False,False,False,False,0,none,False,lower,,7,Thursday
2010-04-22 08:00:00,0.8831,0.9003,-0.0172,,0.1747,-0.0038,False,False,False,False,False,0,none,False,lower,,8,Thursday
2010-04-22 09:00:00,1.711,1.7112,-0.0002,,0.1483,0.9898,False,False,False,False,False,0,none,False,lower,,9,Thursday
2010-04-22 10:00:00,1.8938,1.9049,-0.0111,,0.1553,0.3539,False,False,False,False,False,0,none,False,lower,,10,Thursday
2010-04-22 11:00:00,2.0479,2.0393,0.0086,,0.14,1.5057,False,False,False,False,False,0,none,False,higher,,11,Thursday
2010-04-22 12:00:00,2.2073,2.1674,0.0399,,0.1241,3.3291,False,False,False,False,False,0,none,False,higher,,12,Thursday
2010-04-22 13:00:00,1.9411,1.9006,0.0405,,0.1504,3.3627,False,False,False,False,False,0,none,False,higher,,13,Thursday
2010-04-22 14:00:00,1.5782,1.6023,-0.024,,0.1693,-0.3998,False,False,False,False,False,0,none,False,lower,,14,Thursday
2010-04-22 15:00:00,1.4151,1.437,-0.0219,,0.1782,-0.2738,False,False,False,False,False,0,none,False,lower,,15,Thursday
2010-04-22 16:00:00,1.465,1.4803,-0.0153,,0.1737,0.1109,False,False,False,False,False,0,none,False,lower,,16,Thursday
2010-04-22 17:00:00,1.03,1.0635,-0.0335,,0.173,-0.9499,False,False,False,False,False,0,none,False,lower,,17,Thursday
2010-04-22 18:00:00,0.4885,0.4924,-0.0039,,0.159,0.7738,False,False,False,False,False,0,none,False,lower,,18,Thursday
2010-04-22 19:00:00,0.5151,0.5384,-0.0233,,0.1772,-0.357,False,False,False,False,False,0,none,False,lower,,19,Thursday
2010-04-22 20:00:00,0.8746,0.8607,0.0139,,0.1708,1.8144,False,False,False,False,False,0,none,False,higher,,20,Thursday
2010-04-22 21:00:00,1.4799,1.5405,-0.0606,,0.1576,-2.5289,False,False,False,False,False,0,none,False,lower,,21,Thursday
2010-04-22 22:00:00,0.369,0.3854,-0.0163,,0.1404,0.0497,False,False,False,False,False,0,none,False,lower,,22,Thursday
2010-04-22 23:00:00,0.4185,0.4292,-0.0107,,0.2027,0.3785,False,False,False,False,False,0,none,False,lower,,23,Thursday
2010-04-23 00:00:00,0.3996,0.407,-0.0074,,0.2046,0.5674,False,False,False,False,False,0,none,False,lower,,0,Friday
2010-04-23 01:00:00,0.3092,0.3266,-0.0173,,0.2003,-0.008,False,False,False,False,False,0,none,False,lower,,1,Friday
2010-04-23 02:00:00,0.3478,0.3673,-0.0195,,0.2111,-0.1339,False,False,False,False,False,0,none,False,lower,,2,Friday
2010-04-23 03:00:00,0.3452,0.3633,-0.0181,,0.2086,-0.0554,False,False,False,False,False,0,none,False,lower,,3,Friday
2010-04-23 04:00:00,0.369,0.3847,-0.0157,,0.2079,0.0867,False,False,False,False,False,0,none,False,lower,,4,Friday
2010-04-23 05:00:00,0.3976,0.4052,-0.0076,,0.2053,0.5561,False,False,False,False,False,0,none,False,lower,,5,Friday
2010-04-23 06:00:00,1.3673,1.3683,-0.0009,,0.1367,0.9477,False,False,False,False,False,0,none,False,lower,,6,Friday
2010-04-23 07:00:00,0.8757,0.8834,-0.0076,,0.1727,0.556,False,False,False,False,False,0,none,False,lower,,7,Friday
2010-04-23 08:00:00,1.7224,1.7236,-0.0012,,0.1457,0.9319,False,False,False,False,False,0,none,False,lower,,8,Friday
2010-04-23 09:00:00,1.5312,1.5476,-0.0164,,0.1818,0.0462,False,False,False,False,False,0,none,False,lower,,9,Friday
2010-04-23 10:00:00,1.5628,1.5721,-0.0093,,0.1811,0.4603,False,False,False,False,False,0,none,False,lower,,10,Friday
2010-04-23 11:00:00,1.4343,1.4463,-0.012,,0.1866,0.3023,False,False,False,False,False,0,none,False,lower,,11,Friday
2010-04-23 12:00:00,1.4432,1.4615,-0.0184,,0.1874,-0.0697,False,False,False,False,False,0,none,False,lower,,12,Friday
2010-04-23 13:00:00,1.4595,1.4823,-0.0228,,0.1861,-0.3282,False,False,False,False,False,0,none,False,lower,,13,Friday
2010-04-23 14:00:00,1.5599,1.562,-0.0022,,0.1773,0.876,False,False,False,False,False,0,none,False,lower,,14,Friday
2010-04-23 15:00:00,0.7483,0.7804,-0.032,,0.1712,-0.8652,False,False,False,False,False,0,none,False,lower,,15,Friday
2010-04-23 16:00:00,0.4193,0.4403,-0.021,,0.1897,-0.2248,False,False,False,False,False,0,none,False,lower,,16,Friday
2010-04-23 17:00:00,0.4064,0.4228,-0.0163,,0.1999,0.0496,False,False,False,False,False,0,none,False,lower,,17,Friday
2010-04-23 18:00:00,0.3512,0.3676,-0.0164,,0.1888,0.0452,False,False,False,False,False,0,none,False,lower,,18,Friday
2010-04-23 19:00:00,0.8642,0.8601,0.0041,,0.1776,1.2384,False,False,False,False,False,0,none,False,higher,,19,Friday
2010-04-23 20:00:00,0.6341,0.6755,-0.0414,,0.1892,-1.4098,False,False,False,False,False,0,none,False,lower,,20,Friday
2010-04-23 21:00:00,0.4116,0.4315,-0.0199,,0.1907,-0.1567,False,False,False,False,False,0,none,False,lower,,21,Friday
2010-04-23 22:00:00,0.3639,0.3793,-0.0154,,0.1942,0.1059,False,False,False,False,False,0,none,False,lower,,22,Friday
2010-04-23 23:00:00,0.3518,0.3682,-0.0164,,0.2051,0.0477,False,False,False,False,False,0,none,False,lower,,23,Friday
2010-04-24 00:00:00,0.3025,0.3066,-0.004,,0.1411,0.7663,False,False,False,False,False,0,none,False,lower,,0,Saturday
2010-04-24 01:00:00,0.3926,0.3998,-0.0071,,0.1521,0.5855,False,False,False,False,False,0,none,False,lower,,1,Saturday
2010-04-24 02:00:00,0.4346,0.4444,-0.0098,,0.1555,0.4311,False,False,False,False,False,0,none,False,lower,,2,Saturday
2010-04-24 03:00:00,0.3771,0.3894,-0.0123,,0.1564,0.2849,False,False,False,False,False,0,none,False,lower,,3,Saturday
2010-04-24 04:00:00,0.3519,0.3624,-0.0105,,0.1556,0.3913,False,False,False,False,False,0,none,False,lower,,4,Saturday
2010-04-24 05:00:00,1.091,1.1056,-0.0145,,0.0991,0.1538,False,False,False,False,True,0,none,False,lower,,5,Saturday
2010-04-24 06:00:00,0.3795,0.3933,-0.0138,,0.1186,0.1975,False,False,False,False,False,0,none,False,lower,,6,Saturday
2010-04-24 07:00:00,0.413,0.4247,-0.0117,,0.1525,0.3173,False,False,False,False,False,0,none,False,lower,,7,Saturday
2010-04-24 08:00:00,0.3448,0.3556,-0.0108,,0.1432,0.3695,False,False,False,False,False,0,none,False,lower,,8,Saturday
2010-04-24 09:00:00,0.3543,0.3612,-0.0069,,0.1398,0.6016,False,False,False,False,False,0,none,False,lower,,9,Saturday
2010-04-24 10:00:00,0.3441,0.3535,-0.0094,,0.1288,0.4555,False,False,False,False,False,0,none,False,lower,,10,Saturday
2010-04-24 11:00:00,0.3548,0.3559,-0.0012,,0.1271,0.9344,False,False,False,False,False,0,none,False,lower,,11,Saturday
2010-04-24 12:00:00,0.5296,0.5441,-0.0144,,0.1141,0.1601,False,False,False,False,False,0,none,False,lower,,12,Saturday
2010-04-24 13:00:00,0.6028,0.6165,-0.0137,,0.118,0.2037,False,False,False,False,False,0,none,False,lower,,13,Saturday
2010-04-24 14:00:00,0.543,0.5587,-0.0157,,0.1076,0.0881,False,False,False,False,False,0,none,False,lower,,14,Saturday
2010-04-24 15:00:00,1.2421,1.2459,-0.0038,,0.0606,0.7804,False,False,False,False,False,0,none,False,lower,,15,Saturday
2010-04-24 16:00:00,0.6988,0.7322,-0.0334,,0.0867,-0.9438,False,False,False,False,False,0,none,False,lower,,16,Saturday
2010-04-24 17:00:00,1.6808,1.633,0.0478,,0.0495,3.7899,False,False,False,False,False,0,none,False,higher,,17,Saturday
2010-04-24 18:00:00,2.4453,2.4451,0.0002,,0.0137,1.0128,False,False,False,False,False,0,none,False,higher,,18,Saturday
2010-04-24 19:00:00,2.4781,2.4074,0.0707,,0.0315,5.1212,False,False,False,False,False,0,none,False,higher,,19,Saturday
2010-04-24 20:00:00,2.0275,2.0423,-0.0148,,0.0603,0.138,False,False,False,False,False,0,none,False,lower,,20,Saturday
2010-04-24 21:00:00,3.1433,3.085,0.0583,,-0.0022,4.4001,False,True,False,False,False,1,low,False,higher,isolation_forest,21,Saturday
2010-04-24 22:00:00,3.0312,3.0077,0.0235,,0.0191,2.372,False,False,False,False,False,0,none,False,higher,,22,Saturday
2010-04-24 23:00:00,1.7442,1.7265,0.0177,,0.0676,2.0343,False,False,False,False,False,0,none,False,higher,,23,Saturday
2010-04-25 00:00:00,1.6366,1.611,0.0256,,0.1069,2.4964,False,False,False,False,False,0,none,False,higher,,0,Sunday
2010-04-25 01:00:00,2.7611,2.6693,0.0919,,0.0144,6.3577,False,False,True,True,True,1,low,False,higher,residual,1,Sunday
2010-04-25 02:00:00,1.9335,1.9029,0.0307,,0.0687,2.7896,False,False,False,False,True,0,none,False,higher,,2,Sunday
2010-04-25 03:00:00,1.6507,1.6278,0.023,,0.096,2.3401,False,False,False,False,True,0,none,False,higher,,3,Sunday
2010-04-25 04:00:00,1.866,1.8166,0.0494,,0.0796,3.8836,False,False,False,True,True,0,none,False,higher,,4,Sunday
2010-04-25 05:00:00,1.7734,1.7973,-0.024,,0.0835,-0.3965,False,False,False,False,True,0,none,False,lower,,5,Sunday
2010-04-25 06:00:00,0.4263,0.468,-0.0417,,0.0513,-1.4316,False,False,False,False,False,0,none,False,lower,,6,Sunday
2010-04-25 07:00:00,0.4166,0.4292,-0.0126,,0.1034,0.267,False,False,False,False,False,0,none,False,lower,,7,Sunday
2010-04-25 08:00:00,0.4211,0.4265,-0.0054,,0.1025,0.6851,False,False,False,False,False,0,none,False,lower,,8,Sunday
2010-04-25 09:00:00,0.42,0.4263,-0.0062,,0.0995,0.6383,False,False,False,False,False,0,none,False,lower,,9,Sunday
2010-04-25 10:00:00,1.9057,1.8533,0.0524,,0.0287,4.0543,False,False,False,False,False,0,none,False,higher,,10,Sunday
2010-04-25 11:00:00,1.8239,1.8173,0.0066,,0.0827,1.3869,False,False,False,False,False,0,none,False,higher,,11,Sunday
2010-04-25 12:00:00,1.984,2.0088,-0.0248,,0.0647,-0.4462,False,False,False,False,False,0,none,False,lower,,12,Sunday
2010-04-25 13:00:00,1.9141,1.9469,-0.0327,,0.0694,-0.9065,False,False,False,False,False,0,none,False,lower,,13,Sunday
2010-04-25 14:00:00,0.7066,0.747,-0.0404,,0.0328,-1.3515,False,False,False,False,False,0,none,False,lower,,14,Sunday
2010-04-25 15:00:00,0.4285,0.4442,-0.0157,,0.057,0.0866,False,False,False,False,False,0,none,False,lower,,15,Sunday
2010-04-25 16:00:00,0.4439,0.4562,-0.0123,,0.059,0.2841,False,False,False,False,False,0,none,False,lower,,16,Sunday
2010-04-25 17:00:00,0.3283,0.3416,-0.0133,,0.0601,0.2246,False,False,False,False,False,0,none,False,lower,,17,Sunday
2010-04-25 18:00:00,0.3828,0.3965,-0.0138,,0.0759,0.1981,False,False,False,False,False,0,none,False,lower,,18,Sunday
2010-04-25 19:00:00,0.4354,0.4497,-0.0143,,0.0965,0.165,False,False,False,False,False,0,none,False,lower,,19,Sunday
2010-04-25 20:00:00,0.3683,0.3838,-0.0155,,0.1034,0.0986,False,False,False,False,False,0,none,False,lower,,20,Sunday
2010-04-25 21:00:00,0.3678,0.379,-0.0111,,0.1137,0.3517,False,False,False,False,False,0,none,False,lower,,21,Sunday
2010-04-25 22:00:00,0.9214,0.9466,-0.0252,,0.1104,-0.4651,False,False,False,False,False,0,none,False,lower,,22,Sunday
2010-04-25 23:00:00,0.3962,0.4115,-0.0153,,0.1293,0.1089,False,False,False,False,False,0,none,False,lower,,23,Sunday
2010-04-26 00:00:00,0.4195,0.4319,-0.0124,,0.2039,0.281,False,False,False,False,False,0,none,False,lower,,0,Monday
2010-04-26 01:00:00,0.3576,0.3751,-0.0175,,0.2084,-0.0166,False,False,False,False,False,0,none,False,lower,,1,Monday
2010-04-26 02:00:00,0.3525,0.371,-0.0185,,0.2153,-0.0747,False,False,False,False,False,0,none,False,lower,,2,Monday
2010-04-26 03:00:00,0.3615,0.3849,-0.0234,,0.209,-0.3619,False,False,False,False,False,0,none,False,lower,,3,Monday
2010-04-26 04:00:00,0.3989,0.4114,-0.0125,,0.1992,0.2734,False,False,False,False,False,0,none,False,lower,,4,Monday
2010-04-26 05:00:00,0.3567,0.3744,-0.0177,,0.1927,-0.0307,False,False,False,False,False,0,none,False,lower,,5,Monday
2010-04-26 06:00:00,0.3558,0.3719,-0.0161,,0.1864,0.0638,False,False,False,False,False,0,none,False,lower,,6,Monday
2010-04-26 07:00:00,0.3583,0.3763,-0.0179,,0.1852,-0.0438,False,False,False,False,False,0,none,False,lower,,7,Monday
2010-04-26 08:00:00,1.1722,1.1883,-0.016,,0.1453,0.0661,False,False,False,False,False,0,none,False,lower,,8,Monday
2010-04-26 09:00:00,0.5756,0.594,-0.0184,,0.167,-0.0718,False,False,False,False,False,0,none,False,lower,,9,Monday
2010-04-26 10:00:00,0.399,0.4285,-0.0295,,0.1789,-0.7156,False,False,False,False,False,0,none,False,lower,,10,Monday
2010-04-26 11:00:00,0.5158,0.5363,-0.0206,,0.1721,-0.197,False,False,False,False,False,0,none,False,lower,,11,Monday
2010-04-26 12:00:00,0.4147,0.4346,-0.0199,,0.1706,-0.1583,False,False,False,False,False,0,none,False,lower,,12,Monday
2010-04-26 13:00:00,0.5906,0.5979,-0.0073,,0.1491,0.5742,False,False,False,False,False,0,none,False,lower,,13,Monday
2010-04-26 14:00:00,0.4248,0.415,0.0098,,0.1584,1.5701,False,False,False,False,False,0,none,False,higher,,14,Monday
2010-04-26 15:00:00,1.7114,1.7352,-0.0239,,0.0635,-0.3903,False,False,False,False,False,0,none,False,lower,,15,Monday
2010-04-26 16:00:00,0.9776,0.9975,-0.0199,,0.1145,-0.1607,False,False,False,False,False,0,none,False,lower,,16,Monday
2010-04-26 17:00:00,0.376,0.3948,-0.0188,,0.1512,-0.094,False,False,False,False,False,0,none,False,lower,,17,Monday
2010-04-26 18:00:00,0.4851,0.4817,0.0035,,0.1646,1.203,False,False,False,False,False,0,none,False,higher,,18,Monday
2010-04-26 19:00:00,1.483,1.5134,-0.0304,,0.0982,-0.7697,False,False,False,False,False,0,none,False,lower,,19,Monday
2010-04-26 20:00:00,1.4643,1.4798,-0.0155,,0.1399,0.1001,False,False,False,False,False,0,none,False,lower,,20,Monday
2010-04-26 21:00:00,1.4258,1.4444,-0.0186,,0.1485,-0.0846,False,False,False,False,False,0,none,False,lower,,21,Monday
2010-04-26 22:00:00,2.1843,2.1824,0.0019,,0.0745,1.1147,False,False,False,False,False,0,none,False,higher,,22,Monday
2010-04-26 23:00:00,0.8843,0.9124,-0.0281,,0.1284,-0.6394,False,False,False,False,False,0,none,False,lower,,23,Monday
2010-04-27 00:00:00,0.9057,0.906,-0.0003,,0.1871,0.9837,False,False,False,False,False,0,none,False,lower,,0,Tuesday
2010-04-27 01:00:00,0.8449,0.8572,-0.0122,,0.1929,0.2877,False,False,False,False,False,0,none,False,lower,,1,Tuesday
2010-04-27 02:00:00,0.8373,0.8537,-0.0164,,0.1961,0.0463,False,False,False,False,True,0,none,False,lower,,2,Tuesday
2010-04-27 03:00:00,0.7849,0.8072,-0.0223,,0.1956,-0.2976,False,False,False,False,True,0,none,False,lower,,3,Tuesday
2010-04-27 04:00:00,0.8844,0.8931,-0.0087,,0.1871,0.4937,False,False,False,False,True,0,none,False,lower,,4,Tuesday
2010-04-27 05:00:00,0.8395,0.8559,-0.0164,,0.1941,0.0462,False,False,False,False,True,0,none,False,lower,,5,Tuesday
2010-04-27 06:00:00,0.8297,0.8502,-0.0205,,0.1926,-0.1951,False,False,False,False,False,0,none,False,lower,,6,Tuesday
2010-04-27 07:00:00,0.805,0.8234,-0.0184,,0.195,-0.0732,False,False,False,False,False,0,none,False,lower,,7,Tuesday
2010-04-27 08:00:00,2.2632,2.2252,0.0379,,0.0707,3.2134,False,False,False,False,False,0,none,False,higher,,8,Tuesday
2010-04-27 09:00:00,1.5057,1.5325,-0.0269,,0.1509,-0.5656,False,False,False,False,False,0,none,False,lower,,9,Tuesday
2010-04-27 10:00:00,1.4813,1.4955,-0.0142,,0.1862,0.1708,False,False,False,False,False,0,none,False,lower,,10,Tuesday
2010-04-27 11:00:00,1.4489,1.4767,-0.0278,,0.1875,-0.6187,False,False,False,False,False,0,none,False,lower,,11,Tuesday
2010-04-27 12:00:00,1.5308,1.5337,-0.0029,,0.183,0.8329,False,False,False,False,False,0,none,False,lower,,12,Tuesday
2010-04-27 13:00:00,1.018,1.0522,-0.0342,,0.1816,-0.9899,False,False,False,False,False,0,none,False,lower,,13,Tuesday
2010-04-27 14:00:00,0.5066,0.5328,-0.0262,,0.1685,-0.523,False,False,False,False,False,0,none,False,lower,,14,Tuesday
2010-04-27 15:00:00,0.4452,0.4717,-0.0264,,0.1888,-0.5386,False,False,False,False,False,0,none,False,lower,,15,Tuesday
2010-04-27 16:00:00,0.4316,0.4492,-0.0176,,0.187,-0.0238,False,False,False,False,False,0,none,False,lower,,16,Tuesday
2010-04-27 17:00:00,0.3382,0.3594,-0.0212,,0.1776,-0.2354,False,False,False,False,False,0,none,False,lower,,17,Tuesday
2010-04-27 18:00:00,0.4135,0.4361,-0.0226,,0.1795,-0.3156,False,False,False,False,False,0,none,False,lower,,18,Tuesday
2010-04-27 19:00:00,0.3387,0.3572,-0.0185,,0.1822,-0.0774,False,False,False,False,False,0,none,False,lower,,19,Tuesday
2010-04-27 20:00:00,0.4153,0.4351,-0.0198,,0.1874,-0.1522,False,False,False,False,False,0,none,False,lower,,20,Tuesday
2010-04-27 21:00:00,0.3497,0.3702,-0.0205,,0.1923,-0.1921,False,False,False,False,False,0,none,False,lower,,21,Tuesday
2010-04-27 22:00:00,0.4431,0.4491,-0.006,,0.195,0.6542,False,False,False,False,False,0,none,False,lower,,22,Tuesday
2010-04-27 23:00:00,1.1878,1.2188,-0.0311,,0.1561,-0.8086,False,False,False,False,False,0,none,False,lower,,23,Tuesday
2010-04-28 00:00:00,0.4158,0.4292,-0.0134,,0.1786,0.2203,False,False,False,False,False,0,none,False,lower,,0,Wednesday
2010-04-28 01:00:00,0.3377,0.3597,-0.022,,0.2104,-0.2814,False,False,False,False,False,0,none,False,lower,,1,Wednesday
2010-04-28 02:00:00,0.351,0.3681,-0.0171,,0.2136,0.0053,False,False,False,False,False,0,none,False,lower,,2,Wednesday
2010-04-28 03:00:00,0.3228,0.347,-0.0242,,0.2078,-0.4118,False,False,False,False,False,0,none,False,lower,,3,Wednesday
2010-04-28 04:00:00,0.4041,0.4193,-0.0152,,0.198,0.1142,False,False,False,False,False,0,none,False,lower,,4,Wednesday
2010-04-28 05:00:00,0.3438,0.3643,-0.0205,,0.1999,-0.1944,False,False,False,False,False,0,none,False,lower,,5,Wednesday
2010-04-28 06:00:00,0.3529,0.3734,-0.0205,,0.1918,-0.1919,False,False,False,False,False,0,none,False,lower,,6,Wednesday
2010-04-28 07:00:00,0.3698,0.3924,-0.0226,,0.1877,-0.3163,False,False,False,False,False,0,none,False,lower,,7,Wednesday
2010-04-28 08:00:00,0.381,0.3916,-0.0106,,0.1781,0.3808,False,False,False,False,False,0,none,False,lower,,8,Wednesday
2010-04-28 09:00:00,0.7454,0.7587,-0.0133,,0.1513,0.229,False,False,False,False,False,0,none,False,lower,,9,Wednesday
2010-04-28 10:00:00,1.4462,1.4709,-0.0247,,0.1213,-0.4357,False,False,False,False,False,0,none,False,lower,,10,Wednesday
2010-04-28 11:00:00,1.011,1.0462,-0.0352,,0.1388,-1.0512,False,False,False,False,False,0,none,False,lower,,11,Wednesday
2010-04-28 12:00:00,0.4607,0.4785,-0.0178,,0.1532,-0.039,False,False,False,False,False,0,none,False,lower,,12,Wednesday
2010-04-28 13:00:00,0.3249,0.3415,-0.0166,,0.1669,0.0347,False,False,False,False,False,0,none,False,lower,,13,Wednesday
2010-04-28 14:00:00,0.3882,0.4159,-0.0276,,0.1706,-0.6088,False,False,False,False,False,0,none,False,lower,,14,Wednesday
2010-04-28 15:00:00,0.3867,0.4063,-0.0196,,0.1739,-0.1403,False,False,False,False,False,0,none,False,lower,,15,Wednesday
2010-04-28 16:00:00,0.4402,0.4567,-0.0165,,0.1664,0.0425,False,False,False,False,False,0,none,False,lower,,16,Wednesday
2010-04-28 17:00:00,0.3794,0.3977,-0.0183,,0.1725,-0.0631,False,False,False,False,False,0,none,False,lower,,17,Wednesday
2010-04-28 18:00:00,0.4745,0.4962,-0.0217,,0.1595,-0.2643,False,False,False,False,False,0,none,False,lower,,18,Wednesday
2010-04-28 19:00:00,1.349,1.3529,-0.0039,,0.1077,0.7733,False,False,False,False,False,0,none,False,lower,,19,Wednesday
2010-04-28 20:00:00,1.8295,1.8144,0.0151,,0.1036,1.8824,False,False,False,False,False,0,none,False,higher,,20,Wednesday
2010-04-28 21:00:00,1.0706,1.1172,-0.0466,,0.1316,-1.7153,False,False,False,False,False,0,none,False,lower,,21,Wednesday
2010-04-28 22:00:00,0.3947,0.4161,-0.0214,,0.1565,-0.2455,False,False,False,False,False,0,none,False,lower,,22,Wednesday
2010-04-28 23:00:00,0.4843,0.4979,-0.0136,,0.1771,0.2105,False,False,False,False,False,0,none,False,lower,,23,Wednesday
2010-04-29 00:00:00,1.5426,1.5151,0.0275,,0.0884,2.6071,False,False,False,False,True,0,none,False,higher,,0,Thursday
2010-04-29 01:00:00,0.7934,0.8033,-0.01,,0.147,0.4201,False,False,False,False,False,0,none,False,lower,,1,Thursday
2010-04-29 02:00:00,0.7036,0.7213,-0.0177,,0.1837,-0.0303,False,False,False,False,False,0,none,False,lower,,2,Thursday
2010-04-29 03:00:00,0.7016,0.7146,-0.0129,,0.1846,0.2481,False,False,False,False,True,0,none,False,lower,,3,Thursday
2010-04-29 04:00:00,0.7249,0.7382,-0.0133,,0.1801,0.2253,False,False,False,False,False,0,none,False,lower,,4,Thursday
2010-04-29 05:00:00,0.6063,0.632,-0.0257,,0.183,-0.4965,False,False,False,False,False,0,none,False,lower,,5,Thursday
2010-04-29 06:00:00,0.7924,0.7957,-0.0033,,0.173,0.8067,False,False,False,False,False,0,none,False,lower,,6,Thursday
2010-04-29 07:00:00,1.4452,1.4692,-0.024,,0.1496,-0.3964,False,False,False,False,False,0,none,False,lower,,7,Thursday
2010-04-29 08:00:00,1.6148,1.6291,-0.0142,,0.1641,0.1714,False,False,False,False,False,0,none,False,lower,,8,Thursday
2010-04-29 09:00:00,1.8318,1.8457,-0.0139,,0.1502,0.1891,False,False,False,False,False,0,none,False,lower,,9,Thursday
2010-04-29 10:00:00,1.2689,1.3022,-0.0333,,0.1684,-0.9394,False,False,False,False,False,0,none,False,lower,,10,Thursday
2010-04-29 11:00:00,0.3536,0.375,-0.0214,,0.15,-0.244,False,False,False,False,False,0,none,False,lower,,11,Thursday
2010-04-29 12:00:00,0.3387,0.3621,-0.0234,,0.1882,-0.3642,False,False,False,False,False,0,none,False,lower,,12,Thursday
2010-04-29 13:00:00,0.3834,0.3992,-0.0158,,0.1974,0.0783,False,False,False,False,False,0,none,False,lower,,13,Thursday
2010-04-29 14:00:00,0.4287,0.4418,-0.0131,,0.194,0.24,False,False,False,False,False,0,none,False,lower,,14,Thursday
2010-04-29 15:00:00,0.3749,0.3952,-0.0203,,0.1992,-0.1816,False,False,False,False,False,0,none,False,lower,,15,Thursday
2010-04-29 16:00:00,0.3501,0.3734,-0.0233,,0.1946,-0.3582,False,False,False,False,False,0,none,False,lower,,16,Thursday
2010-04-29 17:00:00,0.5626,0.5685,-0.0059,,0.195,0.6573,False,False,False,False,False,0,none,False,lower,,17,Thursday
2010-04-29 18:00:00,0.8043,0.796,0.0083,,0.1853,1.4847,False,False,False,False,False,0,none,False,higher,,18,Thursday
2010-04-29 19:00:00,1.2683,1.3253,-0.057,,0.1668,-2.3214,False,False,False,False,False,0,none,False,lower,,19,Thursday
2010-04-29 20:00:00,0.3785,0.4018,-0.0232,,0.1501,-0.3538,False,False,False,False,False,0,none,False,lower,,20,Thursday
2010-04-29 21:00:00,0.3472,0.367,-0.0197,,0.1907,-0.1484,False,False,False,False,False,0,none,False,lower,,21,Thursday
2010-04-29 22:00:00,0.3579,0.3775,-0.0196,,0.1929,-0.1423,False,False,False,False,False,0,none,False,lower,,22,Thursday
2010-04-29 23:00:00,0.4216,0.4409,-0.0194,,0.1988,-0.127,False,False,False,False,False,0,none,False,lower,,23,Thursday
2010-04-30 00:00:00,0.4156,0.4277,-0.0121,,0.1989,0.2949,False,False,False,False,False,0,none,False,lower,,0,Friday
2010-04-30 01:00:00,0.3475,0.369,-0.0215,,0.1999,-0.2491,False,False,False,False,False,0,none,False,lower,,1,Friday
2010-04-30 02:00:00,0.3645,0.383,-0.0185,,0.199,-0.0795,False,False,False,False,False,0,none,False,lower,,2,Friday
2010-04-30 03:00:00,0.35,0.3693,-0.0193,,0.1964,-0.1264,False,False,False,False,False,0,none,False,lower,,3,Friday
2010-04-30 04:00:00,1.0404,1.0399,0.0005,,0.1399,1.028,False,False,False,False,True,0,none,False,higher,,4,Friday
2010-04-30 05:00:00,0.5293,0.5643,-0.035,,0.1603,-1.0396,False,False,False,False,False,0,none,False,lower,,5,Friday
2010-04-30 06:00:00,0.3448,0.3713,-0.0264,,0.1801,-0.5394,False,False,False,False,False,0,none,False,lower,,6,Friday
2010-04-30 07:00:00,0.3304,0.3471,-0.0166,,0.1801,0.031,False,False,False,False,False,0,none,False,lower,,7,Friday
2010-04-30 08:00:00,0.3597,0.3869,-0.0272,,0.1705,-0.5827,False,False,False,False,False,0,none,False,lower,,8,Friday
2010-04-30 09:00:00,0.9389,0.9166,0.0223,,0.1284,2.3015,False,False,False,False,False,0,none,False,higher,,9,Friday
2010-04-30 10:00:00,1.2614,1.3005,-0.0391,,0.1313,-1.2776,False,False,False,False,False,0,none,False,lower,,10,Friday
2010-04-30 11:00:00,0.6158,0.6357,-0.0199,,0.1376,-0.158,False,False,False,False,False,0,none,False,lower,,11,Friday
2010-04-30 12:00:00,1.9986,1.9852,0.0134,,0.0446,1.78,False,False,False,False,False,0,none,False,higher,,12,Friday
2010-04-30 13:00:00,0.977,0.9952,-0.0182,,0.1189,-0.0604,False,False,False,False,False,0,none,False,lower,,13,Friday
2010-04-30 14:00:00,1.4853,1.4863,-0.001,,0.1364,0.9434,False,False,False,False,False,0,none,False,lower,,14,Friday
2010-04-30 15:00:00,0.8605,0.8919,-0.0314,,0.1531,-0.8287,False,False,False,False,False,0,none,False,lower,,15,Friday
2010-04-30 16:00:00,0.9906,0.9931,-0.0025,,0.1665,0.8555,False,False,False,False,False,0,none,False,lower,,16,Friday
2010-04-30 17:00:00,2.8436,2.8237,0.0199,,0.006,2.1646,False,False,False,True,True,0,none,False,higher,,17,Friday
2010-04-30 18:00:00,0.7098,0.7526,-0.0428,,0.0963,-1.4945,False,False,False,False,False,0,none,False,lower,,18,Friday
2010-04-30 19:00:00,0.3636,0.3878,-0.0241,,0.1763,-0.4055,False,False,False,False,False,0,none,False,lower,,19,Friday
2010-04-30 20:00:00,0.3505,0.3676,-0.017,,0.1862,0.0095,False,False,False,False,False,0,none,False,lower,,20,Friday
2010-04-30 21:00:00,0.3513,0.3737,-0.0224,,0.1912,-0.303,False,False,False,False,False,0,none,False,lower,,21,Friday
2010-04-30 22:00:00,0.4305,0.4525,-0.022,,0.1894,-0.2827,False,False,False,False,False,0,none,False,lower,,22,Friday
2010-04-30 23:00:00,0.3841,0.4043,-0.0202,,0.2034,-0.1741,False,False,False,False,False,0,none,False,lower,,23,Friday
2010-05-01 00:00:00,0.3496,0.3407,0.0089,,0.1476,1.5206,False,False,False,False,False,0,none,False,higher,,0,Saturday
2010-05-01 01:00:00,0.4738,0.4523,0.0215,,0.1494,2.2573,False,False,False,False,False,0,none,False,higher,,1,Saturday
2010-05-01 02:00:00,0.7753,0.7851,-0.0098,,0.1379,0.432,False,False,False,False,False,0,none,False,lower,,2,Saturday
2010-05-01 03:00:00,0.3889,0.3796,0.0093,,0.1374,1.5454,False,False,False,False,False,0,none,False,higher,,3,Saturday
2010-05-01 04:00:00,0.3508,0.3444,0.0064,,0.154,1.3745,False,False,False,False,False,0,none,False,higher,,4,Saturday
2010-05-01 05:00:00,0.3363,0.3344,0.0019,,0.1534,1.1109,False,False,False,False,False,0,none,False,higher,,5,Saturday
2010-05-01 06:00:00,0.3732,0.3651,0.008,,0.1558,1.47,False,False,False,False,False,0,none,False,higher,,6,Saturday
2010-05-01 07:00:00,0.4157,0.402,0.0137,,0.1524,1.7995,False,False,False,False,False,0,none,False,higher,,7,Saturday
2010-05-01 08:00:00,0.3113,0.3134,-0.002,,0.1414,0.8834,False,False,False,False,False,0,none,False,lower,,8,Saturday
2010-05-01 09:00:00,0.3417,0.3432,-0.0015,,0.1414,0.9152,False,False,False,False,False,0,none,False,lower,,9,Saturday
2010-05-01 10:00:00,1.2088,1.1964,0.0124,,0.0806,1.7255,False,False,False,False,False,0,none,False,higher,,10,Saturday
2010-05-01 11:00:00,2.6106,2.5704,0.0402,,0.0048,3.3468,False,False,False,False,False,0,none,False,higher,,11,Saturday
2010-05-01 12:00:00,1.5781,1.5978,-0.0196,,0.0729,-0.1432,False,False,False,False,False,0,none,False,lower,,12,Saturday
2010-05-01 13:00:00,0.5086,0.5186,-0.01,,0.1002,0.4188,False,False,False,False,False,0,none,False,lower,,13,Saturday
2010-05-01 14:00:00,2.5501,2.4532,0.0969,,-0.0047,6.648,False,True,True,False,False,2,medium,True,higher,"isolation_forest,residual",14,Saturday
2010-05-01 15:00:00,1.1692,1.2069,-0.0377,,0.0773,-1.1945,False,False,False,False,False,0,none,False,lower,,15,Saturday
2010-05-01 16:00:00,0.5044,0.5282,-0.0237,,0.1186,-0.382,False,False,False,False,False,0,none,False,lower,,16,Saturday
2010-05-01 17:00:00,0.4151,0.4361,-0.021,,0.1372,-0.2205,False,False,False,False,False,0,none,False,lower,,17,Saturday
2010-05-01 18:00:00,0.3371,0.359,-0.0219,,0.13,-0.2771,False,False,False,False,False,0,none,False,lower,,18,Saturday
2010-05-01 19:00:00,0.524,0.5323,-0.0083,,0.1307,0.5199,False,False,False,False,False,0,none,False,lower,,19,Saturday
2010-05-01 20:00:00,0.8862,0.9223,-0.036,,0.1193,-1.0982,False,False,False,False,False,0,none,False,lower,,20,Saturday
2010-05-01 21:00:00,1.5694,1.4959,0.0735,,0.0953,5.284,False,False,False,False,False,0,none,False,higher,,21,Saturday
2010-05-01 22:00:00,2.5912,2.6084,-0.0172,,0.0256,0.0011,False,False,False,False,False,0,none,False,lower,,22,Saturday
2010-05-01 23:00:00,1.433,1.4594,-0.0264,,0.0768,-0.5373,False,False,False,False,False,0,none,False,lower,,23,Saturday
2010-05-02 00:00:00,0.3586,0.3618,-0.0032,,0.1003,0.8148,False,False,False,False,False,0,none,False,lower,,0,Sunday
2010-05-02 01:00:00,0.3565,0.348,0.0085,,0.153,1.4996,False,False,False,False,False,0,none,False,higher,,1,Sunday
2010-05-02 02:00:00,0.3908,0.3815,0.0093,,0.1589,1.543,False,False,False,False,False,0,none,False,higher,,2,Sunday
2010-05-02 03:00:00,0.3836,0.3758,0.0078,,0.1587,1.4546,False,False,False,False,False,0,none,False,higher,,3,Sunday
2010-05-02 04:00:00,0.364,0.3673,-0.0032,,0.1563,0.8133,False,False,False,False,False,0,none,False,lower,,4,Sunday
2010-05-02 05:00:00,0.3623,0.3633,-0.0011,,0.1551,0.9401,False,False,False,False,False,0,none,False,lower,,5,Sunday
2010-05-02 06:00:00,0.35,0.3402,0.0098,,0.154,1.5736,False,False,False,False,False,0,none,False,higher,,6,Sunday
2010-05-02 07:00:00,1.5182,1.5104,0.0078,,0.0809,1.4554,False,False,False,False,False,0,none,False,higher,,7,Sunday
2010-05-02 08:00:00,1.541,1.5392,0.0017,,0.1216,1.1028,False,False,False,False,False,0,none,False,higher,,8,Sunday
2010-05-02 09:00:00,1.636,1.647,-0.011,,0.121,0.3628,False,False,False,False,False,0,none,False,lower,,9,Sunday
2010-05-02 10:00:00,0.8335,0.8553,-0.0218,,0.1179,-0.2666,False,False,False,False,False,0,none,False,lower,,10,Sunday
2010-05-02 11:00:00,1.6142,1.6036,0.0106,,0.1066,1.618,False,False,False,False,False,0,none,False,higher,,11,Sunday
2010-05-02 12:00:00,3.5631,3.456,0.1071,,-0.0401,7.2437,False,True,True,False,False,2,medium,True,higher,"isolation_forest,residual",12,Sunday
2010-05-02 13:00:00,3.5252,3.4588,0.0665,,0.0056,4.877,False,False,False,True,True,0,none,False,higher,,13,Sunday
2010-05-02 14:00:00,1.9146,1.9444,-0.0298,,0.0651,-0.7357,False,False,False,False,False,0,none,False,lower,,14,Sunday
2010-05-02 15:00:00,2.2805,2.2633,0.0173,,0.0789,2.0075,False,False,False,False,False,0,none,False,higher,,15,Sunday
2010-05-02 16:00:00,1.7898,1.7945,-0.0046,,0.0978,0.7322,False,False,False,False,False,0,none,False,lower,,16,Sunday
2010-05-02 17:00:00,1.7991,1.8154,-0.0162,,0.1036,0.0558,False,False,False,False,False,0,none,False,lower,,17,Sunday
2010-05-02 18:00:00,1.7935,1.8045,-0.011,1.2735,0.0927,0.3595,False,False,False,False,False,0,none,False,higher,,18,Sunday
2010-05-02 19:00:00,3.7739,3.761,0.0129,3.8339,-0.0508,1.7513,True,True,False,False,False,2,medium,True,higher,"rolling_z,isolation_forest",19,Sunday
2010-05-02 20:00:00,2.5308,2.4049,0.1259,1.8843,0.0106,8.3395,False,False,True,False,False,1,low,False,higher,residual,20,Sunday
2010-05-02 21:00:00,2.776,2.757,0.019,1.6749,0.021,2.1111,False,False,False,False,False,0,none,False,higher,,21,Sunday
2010-05-02 22:00:00,0.6179,0.6531,-0.0352,-0.5611,0.0135,-1.051,False,False,False,False,False,0,none,False,lower,,22,Sunday
2010-05-02 23:00:00,0.3919,0.4112,-0.0194,-0.7035,0.0795,-0.1281,False,False,False,False,False,0,none,False,lower,,23,Sunday
2010-05-03 00:00:00,0.4122,0.4011,0.0112,-0.6351,0.1164,1.652,False,False,False,False,False,0,none,False,lower,,0,Monday
2010-05-03 01:00:00,0.375,0.3749,0.0001,-0.406,0.1175,1.0071,False,False,False,False,False,0,none,False,lower,,1,Monday
2010-05-03 02:00:00,0.3439,0.3515,-0.0076,-0.5626,0.1223,0.5562,False,False,False,False,False,0,none,False,lower,,2,Monday
2010-05-03 03:00:00,0.3406,0.3489,-0.0083,-0.4746,0.1235,0.5187,False,False,False,False,False,0,none,False,lower,,3,Monday
2010-05-03 04:00:00,1.0999,1.101,-0.001,1.0833,0.1006,0.9422,False,False,False,False,True,0,none,False,higher,,4,Monday
2010-05-03 05:00:00,0.3263,0.3252,0.0011,-0.6111,0.0709,1.0639,False,False,False,False,False,0,none,False,lower,,5,Monday
2010-05-03 06:00:00,0.7714,0.7311,0.0404,0.64,0.1032,3.3548,False,False,False,False,False,0,none,False,higher,,6,Monday
2010-05-03 07:00:00,2.0927,2.1053,-0.0126,2.646,0.058,0.2663,False,False,False,False,False,0,none,False,higher,,7,Monday
2010-05-03 08:00:00,1.4167,1.4313,-0.0146,0.571,0.105,0.1526,False,False,False,False,False,0,none,False,higher,,8,Monday
2010-05-03 09:00:00,1.382,1.3853,-0.0033,0.4458,0.1343,0.8092,False,False,False,False,False,0,none,False,higher,,9,Monday
2010-05-03 10:00:00,1.3712,1.3775,-0.0063,-0.0445,0.126,0.6349,False,False,False,False,False,0,none,False,lower,,10,Monday
2010-05-03 11:00:00,1.3226,1.3358,-0.0132,-0.042,0.1319,0.2315,False,False,False,False,False,0,none,False,lower,,11,Monday
2010-05-03 12:00:00,0.9828,0.9947,-0.012,-0.5769,0.1347,0.3046,False,False,False,False,False,0,none,False,lower,,12,Monday
2010-05-03 13:00:00,0.3752,0.3779,-0.0027,-1.0518,0.1264,0.8469,False,False,False,False,False,0,none,False,lower,,13,Monday
2010-05-03 14:00:00,0.3418,0.3526,-0.0108,-1.2405,0.1492,0.3713,False,False,False,False,False,0,none,False,lower,,14,Monday
2010-05-03 15:00:00,0.3299,0.3425,-0.0126,-1.2862,0.1598,0.2689,False,False,False,False,False,0,none,False,lower,,15,Monday
2010-05-03 16:00:00,0.3529,0.3599,-0.0069,-0.984,0.1705,0.5966,False,False,False,False,False,0,none,False,lower,,16,Monday
2010-05-03 17:00:00,0.37,0.3771,-0.0071,-0.8521,0.1809,0.589,False,False,False,False,False,0,none,False,lower,,17,Monday
2010-05-03 18:00:00,0.5389,0.5444,-0.0055,-0.6333,0.1844,0.68,False,False,False,False,False,0,none,False,lower,,18,Monday
2010-05-03 19:00:00,2.1568,2.111,0.0459,0.9086,0.0813,3.6761,False,False,False,False,False,0,none,False,higher,,19,Monday
2010-05-03 20:00:00,2.6445,2.6053,0.0392,1.7764,0.0784,3.2864,False,False,False,False,False,0,none,False,higher,,20,Monday
2010-05-03 21:00:00,2.3928,2.3653,0.0275,1.0656,0.0989,2.6043,False,False,False,False,False,0,none,False,higher,,21,Monday
2010-05-03 22:00:00,1.4212,1.447,-0.0258,0.3724,0.1462,-0.5019,False,False,False,False,False,0,none,False,higher,,22,Monday
2010-05-03 23:00:00,0.3603,0.3652,-0.0049,-0.729,0.1521,0.7168,False,False,False,False,False,0,none,False,lower,,23,Monday
2010-05-04 00:00:00,0.3779,0.3667,0.0112,-0.6841,0.2057,1.6539,False,False,False,False,False,0,none,False,lower,,0,Tuesday
2010-05-04 01:00:00,0.3335,0.328,0.0055,-0.4578,0.207,1.3233,False,False,False,False,False,0,none,False,lower,,1,Tuesday
2010-05-04 02:00:00,0.3046,0.3054,-0.0008,-0.6341,0.2068,0.9556,False,False,False,False,False,0,none,False,lower,,2,Tuesday
2010-05-04 03:00:00,0.3793,0.379,0.0003,-0.3446,0.2051,1.0197,False,False,False,False,False,0,none,False,lower,,3,Tuesday
2010-05-04 04:00:00,0.3393,0.3437,-0.0044,-0.7369,0.2095,0.7475,False,False,False,False,False,0,none,False,lower,,4,Tuesday
2010-05-04 05:00:00,0.2929,0.2987,-0.0058,-0.6671,0.1995,0.6646,False,False,False,False,False,0,none,False,lower,,5,Tuesday
2010-05-04 06:00:00,0.8968,0.8811,0.0156,1.0074,0.1736,1.9127,False,False,False,False,False,0,none,False,higher,,6,Tuesday
2010-05-04 07:00:00,1.1859,1.1954,-0.0095,0.5453,0.1779,0.4478,False,False,False,False,False,0,none,False,higher,,7,Tuesday
2010-05-04 08:00:00,1.9222,1.892,0.0303,1.3208,0.1344,2.7651,False,False,False,False,False,0,none,False,higher,,8,Tuesday
2010-05-04 09:00:00,1.9375,1.9617,-0.0243,1.436,0.1473,-0.4134,False,False,False,False,False,0,none,False,higher,,9,Tuesday
2010-05-04 10:00:00,1.8925,1.9384,-0.0458,0.9076,0.1523,-1.671,False,False,False,False,False,0,none,False,higher,,10,Tuesday
2010-05-04 11:00:00,1.4468,1.4477,-0.0009,0.1474,0.1732,0.9497,False,False,False,False,False,0,none,False,higher,,11,Tuesday
2010-05-04 12:00:00,1.3913,1.4035,-0.0122,-0.0706,0.1869,0.292,False,False,False,False,False,0,none,False,lower,,12,Tuesday
2010-05-04 13:00:00,1.3236,1.3379,-0.0143,0.125,0.1916,0.1688,False,False,False,False,False,0,none,False,higher,,13,Tuesday
2010-05-04 14:00:00,1.3724,1.3824,-0.01,0.3634,0.1844,0.4188,False,False,False,False,False,0,none,False,higher,,14,Tuesday
2010-05-04 15:00:00,1.389,1.398,-0.009,0.6413,0.1824,0.4746,False,False,False,False,False,0,none,False,higher,,15,Tuesday
2010-05-04 16:00:00,0.7543,0.7774,-0.023,-0.1323,0.1698,-0.3409,False,False,False,False,False,0,none,False,lower,,16,Tuesday
2010-05-04 17:00:00,0.5214,0.5317,-0.0103,-0.6306,0.1807,0.3982,False,False,False,False,False,0,none,False,lower,,17,Tuesday
2010-05-04 18:00:00,0.7041,0.7134,-0.0093,-0.3643,0.1766,0.4583,False,False,False,False,False,0,none,False,lower,,18,Tuesday
2010-05-04 19:00:00,1.392,1.4014,-0.0095,0.0568,0.1517,0.4503,False,False,False,False,False,0,none,False,higher,,19,Tuesday
2010-05-04 20:00:00,1.9786,1.9675,0.0111,0.7554,0.1398,1.6488,False,False,False,False,False,0,none,False,higher,,20,Tuesday
2010-05-04 21:00:00,1.4031,1.4396,-0.0365,-0.0711,0.1614,-1.1259,False,False,False,False,False,0,none,False,lower,,21,Tuesday
2010-05-04 22:00:00,1.1829,1.2136,-0.0307,0.0816,0.1853,-0.7905,False,False,False,False,False,0,none,False,higher,,22,Tuesday
2010-05-04 23:00:00,0.5607,0.5856,-0.0249,-0.312,0.1825,-0.4499,False,False,False,False,False,0,none,False,lower,,23,Tuesday
2010-05-05 00:00:00,0.3613,0.3577,0.0036,-0.6918,0.1978,1.2141,False,False,False,False,False,0,none,False,lower,,0,Wednesday
2010-05-05 01:00:00,0.2986,0.2942,0.0045,-0.4991,0.1938,1.2625,False,False,False,False,False,0,none,False,lower,,1,Wednesday
2010-05-05 02:00:00,0.3786,0.3735,0.0051,-0.4238,0.2081,1.2983,False,False,False,False,False,0,none,False,lower,,2,Wednesday
2010-05-05 03:00:00,0.8438,0.8411,0.0027,1.0477,0.1757,1.1571,False,False,False,False,True,0,none,False,higher,,3,Wednesday
2010-05-05 04:00:00,0.57,0.5856,-0.0156,-0.1645,0.1856,0.0945,False,False,False,False,False,0,none,False,lower,,4,Wednesday
2010-05-05 05:00:00,0.292,0.2995,-0.0075,-0.6402,0.1737,0.5643,False,False,False,False,False,0,none,False,lower,,5,Wednesday
2010-05-05 06:00:00,0.6114,0.5871,0.0243,0.0418,0.1737,2.4154,False,False,False,False,False,0,none,False,higher,,6,Wednesday
2010-05-05 07:00:00,1.5195,1.5578,-0.0383,1.1068,0.1451,-1.2312,False,False,False,False,False,0,none,False,higher,,7,Wednesday
2010-05-05 08:00:00,1.2416,1.263,-0.0214,0.1921,0.1829,-0.245,False,False,False,False,False,0,none,False,higher,,8,Wednesday
2010-05-05 09:00:00,2.3683,2.3357,0.0326,2.0644,0.0855,2.9015,False,False,False,False,False,0,none,False,higher,,9,Wednesday
2010-05-05 10:00:00,2.19,2.1604,0.0296,1.404,0.1201,2.7246,False,False,False,False,False,0,none,False,higher,,10,Wednesday
2010-05-05 11:00:00,1.519,1.528,-0.0091,0.256,0.1611,0.4728,False,False,False,False,False,0,none,False,higher,,11,Wednesday
2010-05-05 12:00:00,1.4799,1.4996,-0.0197,0.0395,0.185,-0.1463,False,False,False,False,False,0,none,False,higher,,12,Wednesday
2010-05-05 13:00:00,1.4568,1.4745,-0.0177,0.2818,0.1862,-0.0324,False,False,False,False,False,0,none,False,higher,,13,Wednesday
2010-05-05 14:00:00,2.4275,2.3949,0.0327,1.9374,0.0908,2.9055,False,False,False,False,False,0,none,False,higher,,14,Wednesday
2010-05-05 15:00:00,1.9371,1.9691,-0.032,1.5753,0.1376,-0.8651,False,False,False,False,False,0,none,False,higher,,15,Wednesday
2010-05-05 16:00:00,0.4545,0.4673,-0.0128,-0.7383,0.1175,0.2561,False,False,False,False,False,0,none,False,lower,,16,Wednesday
2010-05-05 17:00:00,0.5845,0.5756,0.0089,-0.5298,0.1803,1.5227,False,False,False,False,False,0,none,False,lower,,17,Wednesday
2010-05-05 18:00:00,0.7686,0.7986,-0.0301,-0.2554,0.178,-0.7517,False,False,False,False,False,0,none,False,lower,,18,Wednesday
2010-05-05 19:00:00,1.3298,1.3051,0.0247,-0.012,0.1598,2.4418,False,False,False,False,False,0,none,False,lower,,19,Wednesday
2010-05-05 20:00:00,1.8826,1.8684,0.0142,0.6029,0.1422,1.8315,False,False,False,False,False,0,none,False,higher,,20,Wednesday
2010-05-05 21:00:00,3.1247,3.0555,0.0692,1.8493,0.0246,5.0337,False,False,False,False,False,0,none,False,higher,,21,Wednesday
2010-05-05 22:00:00,1.8032,1.7819,0.0213,0.8268,0.0953,2.244,False,False,False,False,False,0,none,False,higher,,22,Wednesday
2010-05-05 23:00:00,0.6451,0.6705,-0.0253,-0.1362,0.1314,-0.4752,False,False,False,False,False,0,none,False,lower,,23,Wednesday
2010-05-06 00:00:00,0.3465,0.3398,0.0067,-0.6974,0.1608,1.3916,False,False,False,False,False,0,none,False,lower,,0,Thursday
2010-05-06 01:00:00,0.3897,0.3874,0.0022,-0.3265,0.172,1.131,False,False,False,False,False,0,none,False,lower,,1,Thursday
2010-05-06 02:00:00,0.3371,0.3432,-0.0061,-0.5154,0.1814,0.6471,False,False,False,False,False,0,none,False,lower,,2,Thursday
2010-05-06 03:00:00,0.6175,0.6093,0.0082,0.3131,0.17,1.4768,False,False,False,False,True,0,none,False,higher,,3,Thursday
2010-05-06 04:00:00,0.7809,0.8051,-0.0242,0.3478,0.1766,-0.411,False,False,False,False,True,0,none,False,higher,,4,Thursday
2010-05-06 05:00:00,0.3233,0.3302,-0.0069,-0.5336,0.1466,0.5981,False,False,False,False,False,0,none,False,lower,,5,Thursday
2010-05-06 06:00:00,0.5272,0.5372,-0.01,-0.2348,0.1586,0.4195,False,False,False,False,False,0,none,False,lower,,6,Thursday
2010-05-06 07:00:00,1.2249,1.2271,-0.0022,0.5246,0.1526,0.8732,False,False,False,False,False,0,none,False,higher,,7,Thursday
2010-05-06 08:00:00,1.7262,1.7359,-0.0097,0.9362,0.1527,0.4364,False,False,False,False,False,0,none,False,higher,,8,Thursday
2010-05-06 09:00:00,1.3931,1.4152,-0.0222,0.2081,0.1734,-0.2899,False,False,False,False,False,0,none,False,higher,,9,Thursday
2010-05-06 10:00:00,1.3165,1.3316,-0.0151,-0.2764,0.1851,0.1197,False,False,False,False,False,0,none,False,lower,,10,Thursday
2010-05-06 11:00:00,1.432,1.442,-0.01,0.1078,0.1839,0.418,False,False,False,False,False,0,none,False,higher,,11,Thursday
2010-05-06 12:00:00,1.4989,1.5192,-0.0202,0.0624,0.1815,-0.1777,False,False,False,False,False,0,none,False,higher,,12,Thursday
2010-05-06 13:00:00,1.2482,1.2745,-0.0263,0.0141,0.1849,-0.5342,False,False,False,False,False,0,none,False,higher,,13,Thursday
2010-05-06 14:00:00,0.4555,0.4633,-0.0079,-1.0606,0.1573,0.5429,False,False,False,False,False,0,none,False,lower,,14,Thursday
2010-05-06 15:00:00,0.5316,0.54,-0.0084,-0.9439,0.1937,0.5094,False,False,False,False,False,0,none,False,lower,,15,Thursday
2010-05-06 16:00:00,0.3472,0.3618,-0.0147,-0.9273,0.1828,0.1457,False,False,False,False,False,0,none,False,lower,,16,Thursday
2010-05-06 17:00:00,0.4518,0.4538,-0.002,-0.6701,0.1893,0.8854,False,False,False,False,False,0,none,False,lower,,17,Thursday
2010-05-06 18:00:00,1.2337,1.2534,-0.0197,0.4734,0.151,-0.1474,False,False,False,False,False,0,none,False,higher,,18,Thursday
2010-05-06 19:00:00,1.8179,1.8044,0.0134,0.5326,0.1475,1.7846,False,False,False,False,False,0,none,False,higher,,19,Thursday
2010-05-06 20:00:00,1.4061,1.4336,-0.0275,-0.02,0.1632,-0.602,False,False,False,False,False,0,none,False,lower,,20,Thursday
2010-05-06 21:00:00,0.9249,0.9388,-0.0139,-0.6625,0.181,0.1922,False,False,False,False,False,0,none,False,lower,,21,Thursday
2010-05-06 22:00:00,0.8787,0.8926,-0.0139,-0.3367,0.1986,0.1909,False,False,False,False,False,0,none,False,lower,,22,Thursday
2010-05-06 23:00:00,0.445,0.4701,-0.0251,-0.5383,0.1954,-0.4594,False,False,False,False,False,0,none,False,lower,,23,Thursday
2010-05-07 00:00:00,0.3311,0.331,0.0001,-0.7061,0.206,1.0063,False,False,False,False,False,0,none,False,lower,,0,Friday
2010-05-07 01:00:00,0.3267,0.3248,0.0018,-0.427,0.2082,1.1078,False,False,False,False,False,0,none,False,lower,,1,Friday
2010-05-07 02:00:00,0.3429,0.3484,-0.0055,-0.4827,0.2126,0.6795,False,False,False,False,False,0,none,False,lower,,2,Friday
2010-05-07 03:00:00,0.3605,0.371,-0.0105,-0.4805,0.2095,0.3866,False,False,False,False,False,0,none,False,lower,,3,Friday
2010-05-07 04:00:00,1.0356,1.0544,-0.0188,0.9669,0.1623,-0.0963,False,False,False,False,True,0,none,False,higher,,4,Friday
2010-05-07 05:00:00,0.3617,0.3666,-0.0049,-0.4134,0.17,0.7183,False,False,False,False,False,0,none,False,lower,,5,Friday
2010-05-07 06:00:00,1.2251,1.1914,0.0337,2.1216,0.1475,2.9639,False,False,False,False,False,0,none,False,higher,,6,Friday
2010-05-07 07:00:00,2.0433,2.0414,0.0018,1.9612,0.1228,1.1082,False,False,False,False,False,0,none,False,higher,,7,Friday
2010-05-07 08:00:00,1.7177,1.7177,-0.0,0.8754,0.1595,0.9992,False,False,False,False,False,0,none,False,higher,,8,Friday
2010-05-07 09:00:00,1.863,1.8474,0.0156,0.9833,0.1576,1.912,False,False,False,False,False,0,none,False,higher,,9,Friday
2010-05-07 10:00:00,1.3218,1.3349,-0.0131,-0.2587,0.1721,0.2364,False,False,False,False,False,0,none,False,lower,,10,Friday
2010-05-07 11:00:00,1.3786,1.3822,-0.0036,0.0162,0.1905,0.7921,False,False,False,False,False,0,none,False,higher,,11,Friday
2010-05-07 12:00:00,1.6298,1.6305,-0.0007,0.2307,0.1746,0.9604,False,False,False,False,False,0,none,False,higher,,12,Friday
2010-05-07 13:00:00,0.6733,0.6898,-0.0165,-0.7224,0.1615,0.0395,False,False,False,False,False,0,none,False,lower,,13,Friday
2010-05-07 14:00:00,0.6678,0.6753,-0.0075,-0.7038,0.1961,0.5661,False,False,False,False,False,0,none,False,lower,,14,Friday
2010-05-07 15:00:00,1.3449,1.3681,-0.0232,0.4811,0.1665,-0.353,False,False,False,False,False,0,none,False,higher,,15,Friday
2010-05-07 16:00:00,0.9094,0.936,-0.0266,0.2872,0.1855,-0.5489,False,False,False,False,False,0,none,False,higher,,16,Friday
2010-05-07 17:00:00,0.3696,0.3837,-0.014,-0.7444,0.1706,0.1828,False,False,False,False,False,0,none,False,lower,,17,Friday
2010-05-07 18:00:00,0.5626,0.5633,-0.0007,-0.606,0.1862,0.9623,False,False,False,False,False,0,none,False,lower,,18,Friday
2010-05-07 19:00:00,1.4755,1.4434,0.0321,0.1253,0.1477,2.8723,False,False,False,False,False,0,none,False,higher,,19,Friday
2010-05-07 20:00:00,2.291,2.2533,0.0376,1.1282,0.1117,3.1954,False,False,False,False,False,0,none,False,higher,,20,Friday
2010-05-07 21:00:00,2.3,2.3057,-0.0057,0.8265,0.1209,0.6691,False,False,False,False,False,0,none,False,higher,,21,Friday
2010-05-07 22:00:00,1.5582,1.5641,-0.0059,0.5217,0.1504,0.6575,False,False,False,False,False,0,none,False,higher,,22,Friday
2010-05-07 23:00:00,1.3101,1.3122,-0.0021,1.27,0.1731,0.8799,False,False,False,False,False,0,none,False,higher,,23,Friday
2010-05-08 00:00:00,1.0309,1.0258,0.0051,1.014,0.1263,1.2984,False,False,False,False,False,0,none,False,higher,,0,Saturday
2010-05-08 01:00:00,2.1358,2.0904,0.0455,2.8235,0.0499,3.6528,False,False,False,False,True,0,none,False,higher,,1,Saturday
2010-05-08 02:00:00,1.2079,1.2296,-0.0217,1.8335,0.0891,-0.2647,False,False,False,False,False,0,none,False,higher,,2,Saturday
2010-05-08 03:00:00,0.9025,0.8983,0.0042,1.226,0.118,1.2441,False,False,False,False,True,0,none,False,higher,,3,Saturday
2010-05-08 04:00:00,0.3192,0.3238,-0.0046,-0.8575,0.1023,0.7355,False,False,False,False,False,0,none,False,lower,,4,Saturday
2010-05-08 05:00:00,0.3908,0.3945,-0.0037,-0.3224,0.1295,0.7844,False,False,False,False,False,0,none,False,lower,,5,Saturday
2010-05-08 06:00:00,0.3337,0.3425,-0.0088,-0.9122,0.1233,0.4868,False,False,False,False,False,0,none,False,lower,,6,Saturday
2010-05-08 07:00:00,0.3592,0.3637,-0.0045,-1.0603,0.132,0.7371,False,False,False,False,False,0,none,False,lower,,7,Saturday
2010-05-08 08:00:00,0.5013,0.5097,-0.0084,-1.0702,0.1348,0.5121,False,False,False,False,False,0,none,False,lower,,8,Saturday
2010-05-08 09:00:00,2.4222,2.3108,0.1114,1.8653,0.0136,7.4962,False,False,True,False,False,1,low,False,higher,residual,9,Saturday
2010-05-08 10:00:00,2.6938,2.6304,0.0634,2.3428,0.0436,4.6951,False,False,False,False,False,0,none,False,higher,,10,Saturday
2010-05-08 11:00:00,2.1389,2.1509,-0.012,1.3173,0.0707,0.2997,False,False,False,False,False,0,none,False,higher,,11,Saturday
2010-05-08 12:00:00,1.4613,1.4651,-0.0038,-0.0003,0.1036,0.779,False,False,False,False,False,0,none,False,lower,,12,Saturday
2010-05-08 13:00:00,1.4433,1.4442,-0.0009,0.3059,0.1265,0.9478,False,False,False,False,False,0,none,False,higher,,13,Saturday
2010-05-08 14:00:00,1.4543,1.4631,-0.0088,0.4364,0.1232,0.4907,False,False,False,False,False,0,none,False,higher,,14,Saturday
2010-05-08 15:00:00,0.6082,0.6365,-0.0283,-0.809,0.0996,-0.6454,False,False,False,False,False,0,none,False,lower,,15,Saturday
2010-05-08 16:00:00,0.3537,0.3567,-0.003,-0.9057,0.1014,0.828,False,False,False,False,False,0,none,False,lower,,16,Saturday
2010-05-08 17:00:00,0.3551,0.3633,-0.0082,-0.7327,0.1098,0.5216,False,False,False,False,False,0,none,False,lower,,17,Saturday
2010-05-08 18:00:00,0.3776,0.3822,-0.0046,-0.8845,0.1109,0.7345,False,False,False,False,False,0,none,False,lower,,18,Saturday
2010-05-08 19:00:00,0.3264,0.3357,-0.0093,-1.2217,0.1118,0.4566,False,False,False,False,False,0,none,False,lower,,19,Saturday
2010-05-08 20:00:00,0.4219,0.4173,0.0046,-1.3448,0.1308,1.2669,False,False,False,False,False,0,none,False,lower,,20,Saturday
2010-05-08 21:00:00,3.273,3.2663,0.0067,1.8386,-0.0227,1.3941,False,True,False,False,False,1,low,False,higher,isolation_forest,21,Saturday
2010-05-08 22:00:00,0.5933,0.6161,-0.0228,-0.7241,0.0485,-0.3267,False,False,False,False,False,0,none,False,lower,,22,Saturday
2010-05-08 23:00:00,0.4527,0.4586,-0.0059,-0.5604,0.1423,0.6577,False,False,False,False,False,0,none,False,lower,,23,Saturday
2010-05-09 00:00:00,0.4184,0.4175,0.001,-0.5187,0.1452,1.0579,False,False,False,False,False,0,none,False,lower,,0,Sunday
2010-05-09 01:00:00,0.5043,0.4994,0.0049,-0.2046,0.156,1.2889,False,False,False,False,False,0,none,False,lower,,1,Sunday
2010-05-09 02:00:00,0.4051,0.4137,-0.0086,-0.3727,0.1554,0.5024,False,False,False,False,False,0,none,False,lower,,2,Sunday
2010-05-09 03:00:00,0.4043,0.4055,-0.0012,-0.3857,0.1569,0.9295,False,False,False,False,False,0,none,False,lower,,3,Sunday
2010-05-09 04:00:00,0.3339,0.339,-0.0051,-0.7844,0.154,0.7066,False,False,False,False,False,0,none,False,lower,,4,Sunday
2010-05-09 05:00:00,0.3414,0.3489,-0.0075,-0.451,0.1552,0.5622,False,False,False,False,False,0,none,False,lower,,5,Sunday
2010-05-09 06:00:00,0.9119,0.9035,0.0084,0.9297,0.1215,1.4907,False,False,False,False,False,0,none,False,higher,,6,Sunday
2010-05-09 07:00:00,0.5787,0.5996,-0.0209,-0.6418,0.1399,-0.219,False,False,False,False,False,0,none,False,lower,,7,Sunday
2010-05-09 08:00:00,0.4759,0.4858,-0.0099,-1.0541,0.1464,0.4226,False,False,False,False,False,0,none,False,lower,,8,Sunday
2010-05-09 09:00:00,0.7206,0.6766,0.044,-1.0033,0.1399,3.5659,False,False,False,False,False,0,none,False,lower,,9,Sunday
2010-05-09 10:00:00,2.589,2.5899,-0.0009,1.8343,-0.0023,0.9485,False,True,False,False,False,1,low,False,higher,isolation_forest,10,Sunday
2010-05-09 11:00:00,2.0801,2.0966,-0.0165,1.1316,0.0609,0.0385,False,False,False,False,False,0,none,False,higher,,11,Sunday
2010-05-09 12:00:00,1.5217,1.5499,-0.0282,0.0825,0.0996,-0.6409,False,False,False,False,False,0,none,False,higher,,12,Sunday
2010-05-09 13:00:00,1.5006,1.4904,0.0102,0.3741,0.1223,1.5947,False,False,False,False,False,0,none,False,higher,,13,Sunday
2010-05-09 14:00:00,1.673,1.6757,-0.0026,0.7404,0.1154,0.8489,False,False,False,False,False,0,none,False,higher,,14,Sunday
2010-05-09 15:00:00,0.9791,1.0157,-0.0366,-0.1279,0.1188,-1.1294,False,False,False,False,False,0,none,False,lower,,15,Sunday
2010-05-09 16:00:00,0.5597,0.5542,0.0054,-0.4236,0.1309,1.3174,False,False,False,False,False,0,none,False,lower,,16,Sunday
2010-05-09 17:00:00,1.0072,1.0348,-0.0276,0.1136,0.1251,-0.6057,False,False,False,False,False,0,none,False,higher,,17,Sunday
2010-05-09 18:00:00,0.9244,0.9125,0.0119,0.0405,0.1395,1.6951,False,False,False,False,False,0,none,False,higher,,18,Sunday
2010-05-09 19:00:00,1.8075,1.8347,-0.0272,0.5628,0.0908,-0.5825,False,False,False,False,False,0,none,False,higher,,19,Sunday
2010-05-09 20:00:00,2.4892,2.3667,0.1225,1.3613,0.06,8.1428,False,False,True,False,False,1,low,False,higher,residual,20,Sunday
2010-05-09 21:00:00,2.3593,2.4059,-0.0466,0.7293,0.0693,-1.7166,False,False,False,False,False,0,none,False,higher,,21,Sunday
2010-05-09 22:00:00,1.1152,1.0987,0.0165,-0.0248,0.0936,1.9658,False,False,False,False,False,0,none,False,lower,,22,Sunday
2010-05-09 23:00:00,0.408,0.4241,-0.0161,-0.6362,0.1206,0.062,False,False,False,False,False,0,none,False,lower,,23,Sunday
2010-05-10 00:00:00,0.4233,0.4227,0.0006,-0.4915,0.1993,1.0368,False,False,False,False,False,0,none,False,lower,,0,Monday
2010-05-10 01:00:00,0.3499,0.3554,-0.0056,-0.4439,0.1998,0.6765,False,False,False,False,False,0,none,False,lower,,1,Monday
2010-05-10 02:00:00,0.4104,0.4218,-0.0114,-0.3493,0.2066,0.3392,False,False,False,False,False,0,none,False,lower,,2,Monday
2010-05-10 03:00:00,0.3747,0.3888,-0.0141,-0.4688,0.2041,0.1808,False,False,False,False,False,0,none,False,lower,,3,Monday
2010-05-10 04:00:00,0.359,0.3707,-0.0117,-0.6915,0.2026,0.3187,False,False,False,False,False,0,none,False,lower,,4,Monday
2010-05-10 05:00:00,0.8362,0.8487,-0.0125,0.9642,0.1801,0.2738,False,False,False,False,True,0,none,False,higher,,5,Monday
2010-05-10 06:00:00,0.633,0.606,0.027,0.0168,0.1806,2.5745,False,False,False,False,False,0,none,False,higher,,6,Monday
2010-05-10 07:00:00,1.8667,1.8788,-0.0121,1.5464,0.1159,0.2934,False,False,False,False,False,0,none,False,higher,,7,Monday
2010-05-10 08:00:00,1.4741,1.4871,-0.013,0.5557,0.1671,0.2434,False,False,False,False,False,0,none,False,higher,,8,Monday
2010-05-10 09:00:00,1.3697,1.3849,-0.0152,0.0656,0.1806,0.1144,False,False,False,False,False,0,none,False,higher,,9,Monday
2010-05-10 10:00:00,1.4806,1.4844,-0.0038,-0.1417,0.1832,0.7813,False,False,False,False,False,0,none,False,lower,,10,Monday
2010-05-10 11:00:00,1.4476,1.4608,-0.0132,0.0129,0.1872,0.2327,False,False,False,False,False,0,none,False,higher,,11,Monday
2010-05-10 12:00:00,1.1581,1.1853,-0.0271,-0.4305,0.1866,-0.5794,False,False,False,False,False,0,none,False,lower,,12,Monday
2010-05-10 13:00:00,0.3968,0.4102,-0.0134,-1.138,0.1537,0.2205,False,False,False,False,False,0,none,False,lower,,13,Monday
2010-05-10 14:00:00,0.6422,0.6481,-0.0059,-0.7961,0.1808,0.6579,False,False,False,False,False,0,none,False,lower,,14,Monday
2010-05-10 15:00:00,0.4062,0.4286,-0.0224,-1.1522,0.1911,-0.3053,False,False,False,False,False,0,none,False,lower,,15,Monday
2010-05-10 16:00:00,0.427,0.4418,-0.0148,-0.7027,0.1934,0.1408,False,False,False,False,False,0,none,False,lower,,16,Monday
2010-05-10 17:00:00,0.4197,0.4329,-0.0132,-0.6456,0.1962,0.2312,False,False,False,False,False,0,none,False,lower,,17,Monday
2010-05-10 18:00:00,0.4311,0.4556,-0.0245,-0.7816,0.1907,-0.4261,False,False,False,False,False,0,none,False,lower,,18,Monday
2010-05-10 19:00:00,1.1695,1.1358,0.0337,-0.2046,0.1599,2.968,False,False,False,False,False,0,none,False,lower,,19,Monday
2010-05-10 20:00:00,2.4107,2.4077,0.003,1.1785,0.0762,1.1774,False,False,False,False,False,0,none,False,higher,,20,Monday
2010-05-10 21:00:00,2.9157,2.881,0.0347,1.2788,0.0524,3.0218,False,False,False,False,False,0,none,False,higher,,21,Monday
2010-05-10 22:00:00,1.6507,1.669,-0.0183,0.6839,0.1089,-0.0649,False,False,False,False,False,0,none,False,higher,,22,Monday
2010-05-10 23:00:00,1.412,1.4193,-0.0073,1.5014,0.1702,0.5769,False,False,False,False,False,0,none,False,higher,,23,Monday
2010-05-11 00:00:00,1.4788,1.4742,0.0046,2.1747,0.1651,1.2696,False,False,False,False,True,0,none,False,higher,,0,Tuesday
2010-05-11 01:00:00,1.4476,1.4458,0.0018,1.3379,0.1648,1.1071,False,False,False,False,True,0,none,False,higher,,1,Tuesday
2010-05-11 02:00:00,1.4577,1.4568,0.0009,2.4148,0.1667,1.053,False,False,False,True,True,0,none,False,higher,,2,Tuesday
2010-05-11 03:00:00,0.3954,0.4234,-0.028,-0.3896,0.1324,-0.6322,False,False,False,False,False,0,none,False,lower,,3,Tuesday
2010-05-11 04:00:00,0.407,0.4137,-0.0066,-0.5458,0.1941,0.6142,False,False,False,False,False,0,none,False,lower,,4,Tuesday
2010-05-11 05:00:00,0.3084,0.3212,-0.0128,-0.5772,0.1775,0.2558,False,False,False,False,False,0,none,False,lower,,5,Tuesday
2010-05-11 06:00:00,0.7299,0.7253,0.0046,0.3273,0.1718,1.2723,False,False,False,False,False,0,none,False,higher,,6,Tuesday
2010-05-11 07:00:00,2.1199,2.0638,0.0561,1.8466,0.0954,4.2693,False,False,False,False,False,0,none,False,higher,,7,Tuesday
2010-05-11 08:00:00,2.2432,2.2007,0.0425,1.761,0.114,3.4808,False,False,False,False,False,0,none,False,higher,,8,Tuesday
2010-05-11 09:00:00,1.5964,1.6122,-0.0159,0.4298,0.1516,0.0773,False,False,False,False,False,0,none,False,higher,,9,Tuesday
2010-05-11 10:00:00,1.6475,1.6238,0.0237,0.139,0.175,2.383,False,False,False,False,False,0,none,False,higher,,10,Tuesday
2010-05-11 11:00:00,1.6041,1.6098,-0.0057,0.2811,0.1768,0.6669,False,False,False,False,False,0,none,False,higher,,11,Tuesday
2010-05-11 12:00:00,1.2644,1.3064,-0.042,-0.2668,0.1792,-1.4448,False,False,False,False,False,0,none,False,lower,,12,Tuesday
2010-05-11 13:00:00,1.0311,1.0626,-0.0315,-0.2218,0.1777,-0.8377,False,False,False,False,False,0,none,False,lower,,13,Tuesday
2010-05-11 14:00:00,0.4691,0.4942,-0.0251,-1.023,0.1507,-0.4596,False,False,False,False,False,0,none,False,lower,,14,Tuesday
2010-05-11 15:00:00,0.4855,0.504,-0.0185,-0.9516,0.1692,-0.0772,False,False,False,False,False,0,none,False,lower,,15,Tuesday
2010-05-11 16:00:00,0.7602,0.7648,-0.0046,0.0599,0.1632,0.733,False,False,False,False,False,0,none,False,higher,,16,Tuesday
2010-05-11 17:00:00,0.8795,0.8906,-0.0111,-0.0245,0.1697,0.3572,False,False,False,False,False,0,none,False,lower,,17,Tuesday
2010-05-11 18:00:00,1.1376,1.1482,-0.0106,0.4328,0.1571,0.3843,False,False,False,False,False,0,none,False,higher,,18,Tuesday
2010-05-11 19:00:00,2.0624,2.0365,0.0259,0.8746,0.1068,2.5125,False,False,False,False,False,0,none,False,higher,,19,Tuesday
2010-05-11 20:00:00,1.0881,1.114,-0.0259,-0.515,0.1328,-0.5084,False,False,False,False,False,0,none,False,lower,,20,Tuesday
2010-05-11 21:00:00,0.5559,0.5726,-0.0167,-1.1972,0.1645,0.0253,False,False,False,False,False,0,none,False,lower,,21,Tuesday
2010-05-11 22:00:00,0.4442,0.4412,0.003,-0.9534,0.1876,1.1783,False,False,False,False,False,0,none,False,lower,,22,Tuesday
2010-05-11 23:00:00,0.5756,0.605,-0.0294,-0.3198,0.1918,-0.7114,False,False,False,False,False,0,none,False,lower,,23,Tuesday
2010-05-12 00:00:00,0.3264,0.3381,-0.0117,-0.7576,0.1911,0.318,False,False,False,False,False,0,none,False,lower,,0,Wednesday
2010-05-12 01:00:00,0.9862,0.9832,0.003,0.5272,0.1655,1.1752,False,False,False,False,False,0,none,False,higher,,1,Wednesday
2010-05-12 02:00:00,0.5015,0.5283,-0.0269,-0.1875,0.1895,-0.5641,False,False,False,False,False,0,none,False,lower,,2,Wednesday
2010-05-12 03:00:00,0.3509,0.3654,-0.0145,-0.5261,0.2054,0.1588,False,False,False,False,False,0,none,False,lower,,3,Wednesday
2010-05-12 04:00:00,0.3149,0.3287,-0.0138,-0.7705,0.2066,0.1972,False,False,False,False,False,0,none,False,lower,,4,Wednesday
2010-05-12 05:00:00,0.3198,0.3379,-0.0181,-0.5281,0.2021,-0.055,False,False,False,False,False,0,none,False,lower,,5,Wednesday
2010-05-12 06:00:00,0.945,0.9229,0.0221,1.0236,0.1717,2.2907,False,False,False,False,False,0,none,False,higher,,6,Wednesday
2010-05-12 07:00:00,2.4613,2.4215,0.0398,2.2131,0.0645,3.3247,False,False,False,False,False,0,none,False,higher,,7,Wednesday
2010-05-12 08:00:00,2.1047,2.0626,0.0421,1.4031,0.1187,3.4586,False,False,False,False,False,0,none,False,higher,,8,Wednesday
2010-05-12 09:00:00,1.6658,1.6742,-0.0084,0.5332,0.1592,0.5091,False,False,False,False,False,0,none,False,higher,,9,Wednesday
2010-05-12 10:00:00,1.517,1.535,-0.018,-0.0861,0.1799,-0.0502,False,False,False,False,False,0,none,False,lower,,10,Wednesday
2010-05-12 11:00:00,1.9226,1.9231,-0.0005,0.8329,0.1482,0.9725,False,False,False,False,False,0,none,False,higher,,11,Wednesday
2010-05-12 12:00:00,1.847,1.8561,-0.0091,0.5932,0.1592,0.4715,False,False,False,False,False,0,none,False,higher,,12,Wednesday
2010-05-12 13:00:00,1.4408,1.4445,-0.0037,0.3501,0.1768,0.7855,False,False,False,False,False,0,none,False,higher,,13,Wednesday
2010-05-12 14:00:00,2.9855,2.9182,0.0673,2.742,0.0236,4.9251,False,False,False,True,True,0,none,False,higher,,14,Wednesday
2010-05-12 15:00:00,1.8542,1.8832,-0.029,1.5332,0.1066,-0.6884,False,False,False,False,False,0,none,False,higher,,15,Wednesday
2010-05-12 16:00:00,1.4609,1.4714,-0.0105,1.6502,0.1568,0.3874,False,False,False,False,False,0,none,False,higher,,16,Wednesday
2010-05-12 17:00:00,3.0761,3.0679,0.0082,2.914,0.0098,1.4778,False,False,False,True,True,0,none,False,higher,,17,Wednesday
2010-05-12 18:00:00,0.6869,0.7211,-0.0342,-0.349,0.0627,-0.9908,False,False,False,False,False,0,none,False,lower,,18,Wednesday
2010-05-12 19:00:00,0.5412,0.5407,0.0005,-0.9987,0.1609,1.0312,False,False,False,False,False,0,none,False,lower,,19,Wednesday
2010-05-12 20:00:00,1.7231,1.6956,0.0275,0.2959,0.1137,2.604,False,False,False,False,False,0,none,False,higher,,20,Wednesday
2010-05-12 21:00:00,1.7869,1.8076,-0.0207,0.1064,0.1466,-0.2035,False,False,False,False,False,0,none,False,higher,,21,Wednesday
2010-05-12 22:00:00,1.561,1.564,-0.003,0.5837,0.1435,0.8268,False,False,False,False,False,0,none,False,higher,,22,Wednesday
2010-05-12 23:00:00,1.544,1.591,-0.0469,1.7187,0.1362,-1.7349,False,False,False,False,False,0,none,False,higher,,23,Wednesday
2010-05-13 00:00:00,0.3472,0.3591,-0.0119,-0.6842,0.0798,0.3104,False,False,False,False,False,0,none,False,lower,,0,Thursday
2010-05-13 01:00:00,0.3643,0.3725,-0.0082,-0.4896,0.1463,0.5226,False,False,False,False,False,0,none,False,lower,,1,Thursday
2010-05-13 02:00:00,0.3389,0.3528,-0.0139,-0.5812,0.1528,0.1887,False,False,False,False,False,0,none,False,lower,,2,Thursday
2010-05-13 03:00:00,0.3558,0.3722,-0.0164,-0.4961,0.1523,0.0466,False,False,False,False,False,0,none,False,lower,,3,Thursday
2010-05-13 04:00:00,0.3499,0.3657,-0.0159,-0.6536,0.1494,0.0763,False,False,False,False,False,0,none,False,lower,,4,Thursday
2010-05-13 05:00:00,0.3187,0.329,-0.0103,-0.5175,0.1398,0.4022,False,False,False,False,False,0,none,False,lower,,5,Thursday
2010-05-13 06:00:00,0.3695,0.3888,-0.0193,-0.903,0.1389,-0.1255,False,False,False,False,False,0,none,False,lower,,6,Thursday
2010-05-13 07:00:00,0.3029,0.3189,-0.016,-1.1478,0.1518,0.0666,False,False,False,False,False,0,none,False,lower,,7,Thursday
2010-05-13 08:00:00,1.4711,1.4676,0.0035,0.3736,0.1241,1.2062,False,False,False,False,False,0,none,False,higher,,8,Thursday
2010-05-13 09:00:00,0.3662,0.3877,-0.0215,-1.6525,0.1114,-0.252,False,False,False,False,False,0,none,False,lower,,9,Thursday
2010-05-13 10:00:00,1.4741,1.4753,-0.0012,-0.1589,0.1323,0.9339,False,False,False,False,False,0,none,False,lower,,10,Thursday
2010-05-13 11:00:00,1.9578,1.9378,0.0199,0.8663,0.142,2.1627,False,False,False,False,False,0,none,False,higher,,11,Thursday
2010-05-13 12:00:00,1.9802,1.9564,0.0238,0.7749,0.1476,2.3919,False,False,False,False,False,0,none,False,higher,,12,Thursday
2010-05-13 13:00:00,1.4076,1.4182,-0.0106,0.2952,0.1662,0.3829,False,False,False,False,False,0,none,False,higher,,13,Thursday
2010-05-13 14:00:00,1.4837,1.4861,-0.0023,0.3615,0.1801,0.8649,False,False,False,False,False,0,none,False,higher,,14,Thursday
2010-05-13 15:00:00,1.0083,1.0364,-0.0281,-0.0413,0.1785,-0.6355,False,False,False,False,False,0,none,False,lower,,15,Thursday
2010-05-13 16:00:00,0.6708,0.6737,-0.0029,-0.206,0.1881,0.8331,False,False,False,False,False,0,none,False,lower,,16,Thursday
2010-05-13 17:00:00,0.8897,0.8791,0.0106,-0.115,0.1944,1.622,False,False,False,False,False,0,none,False,lower,,17,Thursday
2010-05-13 18:00:00,2.9792,2.9077,0.0715,3.6563,0.0039,5.1707,True,False,False,False,True,1,low,False,higher,rolling_z,18,Thursday
2010-05-13 19:00:00,1.3617,1.4022,-0.0405,0.0347,0.0972,-1.357,False,False,False,False,False,0,none,False,higher,,19,Thursday
2010-05-13 20:00:00,1.8061,1.7172,0.0889,0.3959,0.151,6.1829,False,False,True,False,False,1,low,False,higher,residual,20,Thursday
2010-05-13 21:00:00,1.8726,1.8603,0.0123,0.1928,0.1549,1.7213,False,False,False,False,False,0,none,False,higher,,21,Thursday
2010-05-13 22:00:00,2.0181,2.0352,-0.017,1.1912,0.1327,0.0088,False,False,False,False,False,0,none,False,higher,,22,Thursday
2010-05-13 23:00:00,0.4087,0.4274,-0.0188,-0.7051,0.1174,-0.0932,False,False,False,False,False,0,none,False,lower,,23,Thursday
2010-05-14 00:00:00,0.3763,0.3888,-0.0125,-0.5952,0.1985,0.2751,False,False,False,False,False,0,none,False,lower,,0,Friday
2010-05-14 01:00:00,0.3972,0.4091,-0.0119,-0.4237,0.2024,0.3086,False,False,False,False,False,0,none,False,lower,,1,Friday
2010-05-14 02:00:00,0.3822,0.3967,-0.0145,-0.4585,0.2092,0.159,False,False,False,False,False,0,none,False,lower,,2,Friday
2010-05-14 03:00:00,0.385,0.3922,-0.0072,-0.3851,0.2043,0.5798,False,False,False,False,False,0,none,False,lower,,3,Friday
2010-05-14 04:00:00,0.3795,0.4045,-0.025,-0.5564,0.2034,-0.4566,False,False,False,False,False,0,none,False,lower,,4,Friday
2010-05-14 05:00:00,0.3364,0.3571,-0.0207,-0.452,0.1933,-0.2056,False,False,False,False,False,0,none,False,lower,,5,Friday
2010-05-14 06:00:00,1.0338,1.0483,-0.0145,1.3137,0.1592,0.1559,False,False,False,False,False,0,none,False,higher,,6,Friday
2010-05-14 07:00:00,1.6064,1.5795,0.027,0.776,0.1557,2.5736,False,False,False,False,False,0,none,False,higher,,7,Friday
2010-05-14 08:00:00,2.3067,2.2595,0.0472,1.6359,0.102,3.7519,False,False,False,False,False,0,none,False,higher,,8,Friday
2010-05-14 09:00:00,2.398,2.3678,0.0302,1.7508,0.0999,2.7636,False,False,False,False,False,0,none,False,higher,,9,Friday
2010-05-14 10:00:00,1.4896,1.5035,-0.0139,-0.1282,0.1412,0.1888,False,False,False,False,False,0,none,False,lower,,10,Friday
2010-05-14 11:00:00,1.5109,1.523,-0.0121,0.0428,0.1752,0.297,False,False,False,False,False,0,none,False,higher,,11,Friday
2010-05-14 12:00:00,1.6403,1.6398,0.0005,0.2404,0.1701,1.0304,False,False,False,False,False,0,none,False,higher,,12,Friday
2010-05-14 13:00:00,1.5645,1.5776,-0.0131,0.5148,0.1718,0.236,False,False,False,False,False,0,none,False,higher,,13,Friday
2010-05-14 14:00:00,1.5472,1.5403,0.0069,0.4384,0.172,1.4045,False,False,False,False,False,0,none,False,higher,,14,Friday
2010-05-14 15:00:00,1.5002,1.5039,-0.0038,0.8339,0.1695,0.7812,False,False,False,False,False,0,none,False,higher,,15,Friday
2010-05-14 16:00:00,1.5976,1.6022,-0.0046,1.8752,0.1547,0.7321,False,False,False,False,False,0,none,False,higher,,16,Friday
2010-05-14 17:00:00,1.5977,1.6486,-0.0509,0.732,0.1522,-1.9633,False,False,False,False,False,0,none,False,higher,,17,Friday
2010-05-14 18:00:00,1.7296,1.727,0.0026,1.1006,0.1432,1.1504,False,False,False,False,False,0,none,False,higher,,18,Friday
2010-05-14 19:00:00,1.8976,1.9121,-0.0145,0.6968,0.1375,0.1536,False,False,False,False,False,0,none,False,higher,,19,Friday
2010-05-14 20:00:00,1.6373,1.6681,-0.0308,0.1673,0.141,-0.7961,False,False,False,False,False,0,none,False,higher,,20,Friday
2010-05-14 21:00:00,0.6121,0.6317,-0.0196,-1.1382,0.126,-0.1418,False,False,False,False,False,0,none,False,lower,,21,Friday
2010-05-14 22:00:00,0.3833,0.3987,-0.0154,-1.0741,0.1658,0.1043,False,False,False,False,False,0,none,False,lower,,22,Friday
2010-05-14 23:00:00,0.3931,0.4057,-0.0126,-0.717,0.1795,0.2644,False,False,False,False,False,0,none,False,lower,,23,Friday
2010-05-15 00:00:00,0.3943,0.398,-0.0037,-0.5364,0.126,0.7872,False,False,False,False,False,0,none,False,lower,,0,Saturday
2010-05-15 01:00:00,0.354,0.3615,-0.0075,-0.4864,0.1331,0.5642,False,False,False,False,False,0,none,False,lower,,1,Saturday
2010-05-15 02:00:00,0.3796,0.3872,-0.0076,-0.4546,0.1386,0.561,False,False,False,False,False,0,none,False,lower,,2,Saturday
2010-05-15 03:00:00,0.3459,0.3539,-0.0081,-0.5117,0.1405,0.5308,False,False,False,False,False,0,none,False,lower,,3,Saturday
2010-05-15 04:00:00,0.3608,0.371,-0.0102,-0.5932,0.1401,0.408,False,False,False,False,False,0,none,False,lower,,4,Saturday
2010-05-15 05:00:00,1.1044,1.1116,-0.0072,1.8855,0.0968,0.5821,False,False,False,False,True,0,none,False,higher,,5,Saturday
2010-05-15 06:00:00,0.6398,0.629,0.0108,-0.0319,0.1197,1.6338,False,False,False,False,False,0,none,False,lower,,6,Saturday
2010-05-15 07:00:00,1.9829,1.9731,0.0099,1.2977,0.0553,1.5763,False,False,False,False,False,0,none,False,higher,,7,Saturday
2010-05-15 08:00:00,1.8605,1.8457,0.0148,0.8676,0.1067,1.8616,False,False,False,False,False,0,none,False,higher,,8,Saturday
2010-05-15 09:00:00,2.0171,1.9992,0.0178,1.0281,0.0977,2.0416,False,False,False,False,False,0,none,False,higher,,9,Saturday
2010-05-15 10:00:00,1.2804,1.3035,-0.0231,-0.5047,0.1097,-0.3449,False,False,False,False,False,0,none,False,lower,,10,Saturday
2010-05-15 11:00:00,0.5046,0.5132,-0.0086,-1.7819,0.11,0.5025,False,False,False,False,False,0,none,False,lower,,11,Saturday
2010-05-15 12:00:00,0.7856,0.7606,0.025,-1.0718,0.1269,2.4586,False,False,False,False,False,0,none,False,lower,,12,Saturday
2010-05-15 13:00:00,1.6465,1.6537,-0.0072,0.6223,0.0966,0.5792,False,False,False,False,False,0,none,False,higher,,13,Saturday
2010-05-15 14:00:00,0.8855,0.9247,-0.0392,-0.4707,0.1224,-1.285,False,False,False,False,False,0,none,False,lower,,14,Saturday
2010-05-15 15:00:00,0.5612,0.5888,-0.0276,-0.8733,0.1342,-0.6056,False,False,False,False,False,0,none,False,lower,,15,Saturday
2010-05-15 16:00:00,0.5043,0.5252,-0.021,-0.6184,0.1401,-0.2215,False,False,False,False,False,0,none,False,lower,,16,Saturday
2010-05-15 17:00:00,0.5531,0.5745,-0.0214,-0.548,0.1426,-0.2473,False,False,False,False,False,0,none,False,lower,,17,Saturday
2010-05-15 18:00:00,0.8153,0.8081,0.0072,-0.2526,0.1323,1.4231,False,False,False,False,False,0,none,False,lower,,18,Saturday
2010-05-15 19:00:00,1.9753,1.9661,0.0092,0.7751,0.0607,1.5405,False,False,False,False,False,0,none,False,higher,,19,Saturday
2010-05-15 20:00:00,3.0842,3.0466,0.0375,2.0857,0.0039,3.1899,False,False,False,False,False,0,none,False,higher,,20,Saturday
2010-05-15 21:00:00,3.7896,3.6881,0.1014,2.2391,-0.0054,6.915,False,True,True,False,False,2,medium,True,higher,"isolation_forest,residual",21,Saturday
2010-05-15 22:00:00,2.7681,2.7405,0.0276,2.1866,0.018,2.6121,False,False,False,False,False,0,none,False,higher,,22,Saturday
2010-05-15 23:00:00,3.8198,3.7575,0.0624,6.3729,-0.0327,4.6373,True,True,False,True,True,2,medium,True,higher,"rolling_z,isolation_forest",23,Saturday
2010-05-16 00:00:00,1.8755,1.8422,0.0334,3.1057,0.0255,2.9474,True,False,False,False,False,1,low,False,higher,rolling_z,0,Sunday
2010-05-16 01:00:00,1.7677,1.7333,0.0344,1.9172,0.0818,3.008,False,False,False,False,True,0,none,False,higher,,1,Sunday
2010-05-16 02:00:00,1.9567,1.9596,-0.0029,3.5946,0.0651,0.8318,True,False,False,False,True,1,low,False,higher,rolling_z,2,Sunday
2010-05-16 03:00:00,1.4462,1.4693,-0.0231,3.3493,0.0761,-0.3426,True,False,False,False,True,1,low,False,higher,rolling_z,3,Sunday
2010-05-16 04:00:00,0.3499,0.3729,-0.023,-0.6083,0.0383,-0.3379,False,False,False,False,False,0,none,False,lower,,4,Sunday
2010-05-16 05:00:00,0.4308,0.4477,-0.017,-0.2157,0.0878,0.0117,False,False,False,False,False,0,none,False,lower,,5,Sunday
2010-05-16 06:00:00,0.3433,0.3707,-0.0274,-1.0129,0.0791,-0.5971,False,False,False,False,False,0,none,False,lower,,6,Sunday
2010-05-16 07:00:00,0.3753,0.3938,-0.0185,-1.0659,0.0894,-0.0773,False,False,False,False,False,0,none,False,lower,,7,Sunday
2010-05-16 08:00:00,0.4897,0.4911,-0.0014,-1.1927,0.1012,0.918,False,False,False,False,False,0,none,False,lower,,8,Sunday
2010-05-16 09:00:00,1.7532,1.7551,-0.0019,0.5787,0.0535,0.8897,False,False,False,False,False,0,none,False,higher,,9,Sunday
2010-05-16 10:00:00,1.4902,1.5346,-0.0443,-0.1075,0.1017,-1.5827,False,False,False,False,False,0,none,False,lower,,10,Sunday
2010-05-16 11:00:00,0.6515,0.6639,-0.0124,-1.3956,0.079,0.2764,False,False,False,False,False,0,none,False,lower,,11,Sunday
2010-05-16 12:00:00,0.6923,0.7028,-0.0105,-1.1724,0.1014,0.3887,False,False,False,False,False,0,none,False,lower,,12,Sunday
2010-05-16 13:00:00,1.9095,1.8752,0.0343,0.9955,0.0532,2.999,False,False,False,False,False,0,none,False,higher,,13,Sunday
2010-05-16 14:00:00,3.4862,3.4589,0.0273,3.1287,-0.043,2.592,True,True,False,False,False,2,medium,True,higher,"rolling_z,isolation_forest",14,Sunday
2010-05-16 15:00:00,1.1775,1.1581,0.0194,0.2634,0.0236,2.1344,False,False,False,False,False,0,none,False,higher,,15,Sunday
2010-05-16 16:00:00,0.4786,0.5058,-0.0272,-0.6585,0.0503,-0.5821,False,False,False,False,False,0,none,False,lower,,16,Sunday
2010-05-16 17:00:00,0.552,0.576,-0.024,-0.5364,0.0754,-0.3973,False,False,False,False,False,0,none,False,lower,,17,Sunday
2010-05-16 18:00:00,1.0913,1.0406,0.0507,0.1543,0.0706,3.9563,False,False,False,False,False,0,none,False,higher,,18,Sunday
2010-05-16 19:00:00,3.1689,3.1548,0.0141,2.2565,-0.0324,1.8239,False,True,False,False,False,1,low,False,higher,isolation_forest,19,Sunday
2010-05-16 20:00:00,2.5772,2.559,0.0182,1.2651,0.0288,2.0625,False,False,False,False,False,0,none,False,higher,,20,Sunday
2010-05-16 21:00:00,2.7816,2.7436,0.038,1.0319,0.0277,3.2147,False,False,False,False,False,0,none,False,higher,,21,Sunday
2010-05-16 22:00:00,2.5823,2.5931,-0.0108,1.7447,0.0412,0.3717,False,False,False,False,False,0,none,False,higher,,22,Sunday
2010-05-16 23:00:00,1.5799,1.6063,-0.0263,0.9809,0.07,-0.5341,False,False,False,False,False,0,none,False,higher,,23,Sunday
2010-05-17 00:00:00,0.9766,1.0061,-0.0295,0.6927,0.1355,-0.7197,False,False,False,False,False,0,none,False,higher,,0,Monday
2010-05-17 01:00:00,0.3819,0.4021,-0.0202,-0.4749,0.1291,-0.1739,False,False,False,False,False,0,none,False,lower,,1,Monday
2010-05-17 02:00:00,0.4126,0.4327,-0.0201,-0.4094,0.1755,-0.1722,False,False,False,False,False,0,none,False,lower,,2,Monday
2010-05-17 03:00:00,0.3351,0.3583,-0.0232,-0.563,0.1766,-0.3518,False,False,False,False,False,0,none,False,lower,,3,Monday
2010-05-17 04:00:00,0.4157,0.4331,-0.0174,-0.4118,0.1753,-0.0127,False,False,False,False,False,0,none,False,lower,,4,Monday
2010-05-17 05:00:00,0.3313,0.3577,-0.0263,-0.5052,0.1668,-0.5344,False,False,False,False,False,0,none,False,lower,,5,Monday
2010-05-17 06:00:00,0.8424,0.8372,0.0052,0.6756,0.1564,1.3068,False,False,False,False,False,0,none,False,higher,,6,Monday
2010-05-17 07:00:00,1.9666,1.9659,0.0007,1.2475,0.1045,1.0405,False,False,False,False,False,0,none,False,higher,,7,Monday
2010-05-17 08:00:00,1.4821,1.5007,-0.0187,0.3192,0.1392,-0.0858,False,False,False,False,False,0,none,False,higher,,8,Monday
2010-05-17 09:00:00,1.4858,1.4994,-0.0137,0.1434,0.1616,0.2046,False,False,False,False,False,0,none,False,higher,,9,Monday
2010-05-17 10:00:00,1.5222,1.5329,-0.0108,-0.0458,0.1579,0.3732,False,False,False,False,False,0,none,False,lower,,10,Monday
2010-05-17 11:00:00,1.4601,1.4664,-0.0062,0.0642,0.1595,0.638,False,False,False,False,False,0,none,False,higher,,11,Monday
2010-05-17 12:00:00,1.5701,1.5854,-0.0153,0.2083,0.1458,0.1111,False,False,False,False,False,0,none,False,higher,,12,Monday
2010-05-17 13:00:00,1.4874,1.5005,-0.0131,0.3361,0.1533,0.2365,False,False,False,False,False,0,none,False,higher,,13,Monday
2010-05-17 14:00:00,1.415,1.4341,-0.0191,0.1385,0.1679,-0.1093,False,False,False,False,False,0,none,False,higher,,14,Monday
2010-05-17 15:00:00,1.4703,1.4797,-0.0094,0.7946,0.1613,0.4546,False,False,False,False,False,0,none,False,higher,,15,Monday
2010-05-17 16:00:00,1.6582,1.6683,-0.0101,1.9434,0.1435,0.4141,False,False,False,False,False,0,none,False,higher,,16,Monday
2010-05-17 17:00:00,1.6085,1.6322,-0.0237,0.7841,0.1332,-0.3797,False,False,False,False,False,0,none,False,higher,,17,Monday
2010-05-17 18:00:00,0.6601,0.6785,-0.0184,-0.4649,0.1023,-0.0718,False,False,False,False,False,0,none,False,lower,,18,Monday
2010-05-17 19:00:00,0.8044,0.8186,-0.0143,-0.7267,0.1563,0.1707,False,False,False,False,False,0,none,False,lower,,19,Monday
2010-05-17 20:00:00,1.5936,1.5683,0.0253,-0.0037,0.1336,2.4752,False,False,False,False,False,0,none,False,lower,,20,Monday
2010-05-17 21:00:00,1.7509,1.7686,-0.0177,0.0006,0.1561,-0.0296,False,False,False,False,False,0,none,False,higher,,21,Monday
2010-05-17 22:00:00,1.0803,1.0924,-0.0121,-0.2137,0.1652,0.2985,False,False,False,False,False,0,none,False,lower,,22,Monday
2010-05-17 23:00:00,0.4251,0.4412,-0.0161,-0.5964,0.1738,0.064,False,False,False,False,False,0,none,False,lower,,23,Monday
2010-05-18 00:00:00,0.3448,0.3661,-0.0213,-0.7061,0.1918,-0.2403,False,False,False,False,False,0,none,False,lower,,0,Tuesday
2010-05-18 01:00:00,0.4057,0.4217,-0.016,-0.4378,0.1983,0.0688,False,False,False,False,False,0,none,False,lower,,1,Tuesday
2010-05-18 02:00:00,0.3417,0.3626,-0.021,-0.559,0.2021,-0.2208,False,False,False,False,False,0,none,False,lower,,2,Tuesday
2010-05-18 03:00:00,0.4091,0.4303,-0.0213,-0.3345,0.1972,-0.2375,False,False,False,False,False,0,none,False,lower,,3,Tuesday
2010-05-18 04:00:00,0.9974,1.0022,-0.0048,1.1947,0.1607,0.7233,False,False,False,False,True,0,none,False,higher,,4,Tuesday
2010-05-18 05:00:00,0.4423,0.4776,-0.0353,-0.1792,0.1684,-1.0541,False,False,False,False,False,0,none,False,lower,,5,Tuesday
2010-05-18 06:00:00,0.8207,0.8183,0.0024,0.6491,0.1758,1.1409,False,False,False,False,False,0,none,False,higher,,6,Tuesday
2010-05-18 07:00:00,1.8852,1.8909,-0.0057,1.0436,0.1254,0.6716,False,False,False,False,False,0,none,False,higher,,7,Tuesday
2010-05-18 08:00:00,1.4529,1.4674,-0.0145,0.2252,0.1683,0.1539,False,False,False,False,False,0,none,False,higher,,8,Tuesday
2010-05-18 09:00:00,1.4544,1.4618,-0.0074,0.071,0.1875,0.5726,False,False,False,False,False,0,none,False,higher,,9,Tuesday
2010-05-18 10:00:00,1.5289,1.5329,-0.004,0.0192,0.1821,0.7662,False,False,False,False,False,0,none,False,higher,,10,Tuesday
2010-05-18 11:00:00,1.5529,1.574,-0.0211,0.2462,0.1857,-0.2275,False,False,False,False,False,0,none,False,higher,,11,Tuesday
2010-05-18 12:00:00,1.4756,1.4878,-0.0122,0.0721,0.1831,0.2893,False,False,False,False,False,0,none,False,higher,,12,Tuesday
2010-05-18 13:00:00,1.4677,1.4799,-0.0122,0.3084,0.1853,0.2884,False,False,False,False,False,0,none,False,higher,,13,Tuesday
2010-05-18 14:00:00,1.1409,1.1525,-0.0116,-0.1917,0.1849,0.3267,False,False,False,False,False,0,none,False,lower,,14,Tuesday
2010-05-18 15:00:00,0.6998,0.7224,-0.0225,-0.6167,0.181,-0.3122,False,False,False,False,False,0,none,False,lower,,15,Tuesday
2010-05-18 16:00:00,0.7251,0.7381,-0.013,-0.1132,0.1935,0.2427,False,False,False,False,False,0,none,False,lower,,16,Tuesday
2010-05-18 17:00:00,0.6493,0.6703,-0.021,-0.3853,0.1984,-0.2234,False,False,False,False,False,0,none,False,lower,,17,Tuesday
2010-05-18 18:00:00,0.6107,0.6291,-0.0184,-0.4861,0.1927,-0.0699,False,False,False,False,False,0,none,False,lower,,18,Tuesday
2010-05-18 19:00:00,0.856,0.8524,0.0036,-0.6132,0.1878,1.2116,False,False,False,False,False,0,none,False,lower,,19,Tuesday
2010-05-18 20:00:00,1.9863,2.0085,-0.0223,0.4882,0.1185,-0.2965,False,False,False,False,False,0,none,False,higher,,20,Tuesday
2010-05-18 21:00:00,1.1105,1.1353,-0.0248,-0.6207,0.1599,-0.4457,False,False,False,False,False,0,none,False,lower,,21,Tuesday
2010-05-18 22:00:00,0.7884,0.8191,-0.0307,-0.5916,0.1926,-0.788,False,False,False,False,False,0,none,False,lower,,22,Tuesday
2010-05-18 23:00:00,0.5401,0.5531,-0.013,-0.4506,0.199,0.2426,False,False,False,False,False,0,none,False,lower,,23,Tuesday
2010-05-19 00:00:00,0.5312,0.5403,-0.0091,-0.2533,0.2046,0.4694,False,False,False,False,False,0,none,False,lower,,0,Wednesday
2010-05-19 01:00:00,0.8957,0.8959,-0.0002,0.3566,0.1839,0.9905,False,False,False,False,False,0,none,False,higher,,1,Wednesday
2010-05-19 02:00:00,0.7557,0.7834,-0.0278,0.3333,0.202,-0.6179,False,False,False,False,False,0,none,False,higher,,2,Wednesday
2010-05-19 03:00:00,0.491,0.511,-0.02,-0.0961,0.1933,-0.1639,False,False,False,False,False,0,none,False,lower,,3,Wednesday
2010-05-19 04:00:00,0.4584,0.4777,-0.0193,-0.3582,0.205,-0.124,False,False,False,False,False,0,none,False,lower,,4,Wednesday
2010-05-19 05:00:00,0.4892,0.5099,-0.0207,-0.0559,0.2001,-0.2034,False,False,False,False,False,0,none,False,lower,,5,Wednesday
2010-05-19 06:00:00,0.5988,0.5859,0.0128,-0.1539,0.1904,1.7493,False,False,False,False,False,0,none,False,lower,,6,Wednesday
2010-05-19 07:00:00,1.2334,1.2583,-0.0249,0.1214,0.1712,-0.4492,False,False,False,False,False,0,none,False,higher,,7,Wednesday
2010-05-19 08:00:00,1.7,1.7051,-0.0051,0.6104,0.1605,0.7054,False,False,False,False,False,0,none,False,higher,,8,Wednesday
2010-05-19 09:00:00,1.8225,1.8309,-0.0084,0.6861,0.1644,0.5121,False,False,False,False,False,0,none,False,higher,,9,Wednesday
2010-05-19 10:00:00,1.4855,1.5041,-0.0187,-0.0424,0.1784,-0.0869,False,False,False,False,False,0,none,False,lower,,10,Wednesday
2010-05-19 11:00:00,1.719,1.7367,-0.0177,0.5359,0.1716,-0.0324,False,False,False,False,False,0,none,False,higher,,11,Wednesday
2010-05-19 12:00:00,1.5488,1.5785,-0.0296,0.1891,0.1819,-0.726,False,False,False,False,False,0,none,False,higher,,12,Wednesday
2010-05-19 13:00:00,0.345,0.37,-0.025,-1.3502,0.1312,-0.4564,False,False,False,False,False,0,none,False,lower,,13,Wednesday
2010-05-19 14:00:00,0.9004,0.9082,-0.0077,-0.4666,0.1744,0.55,False,False,False,False,False,0,none,False,lower,,14,Wednesday
2010-05-19 15:00:00,0.9435,0.9271,0.0165,-0.1225,0.1981,1.9623,False,False,False,False,False,0,none,False,lower,,15,Wednesday
2010-05-19 16:00:00,0.3992,0.4371,-0.0379,-0.7882,0.1758,-1.2102,False,False,False,False,False,0,none,False,lower,,16,Wednesday
2010-05-19 17:00:00,0.412,0.4313,-0.0193,-0.6671,0.1982,-0.1239,False,False,False,False,False,0,none,False,lower,,17,Wednesday
2010-05-19 18:00:00,0.5127,0.5368,-0.0241,-0.6028,0.1906,-0.4039,False,False,False,False,False,0,none,False,lower,,18,Wednesday
2010-05-19 19:00:00,1.071,1.0634,0.0076,-0.3371,0.1746,1.4442,False,False,False,False,False,0,none,False,lower,,19,Wednesday
2010-05-19 20:00:00,2.3201,2.3488,-0.0287,0.9298,0.0844,-0.6696,False,False,False,False,False,0,none,False,higher,,20,Wednesday
2010-05-19 21:00:00,1.1144,1.1354,-0.021,-0.5759,0.1384,-0.222,False,False,False,False,False,0,none,False,lower,,21,Wednesday
2010-05-19 22:00:00,0.7745,0.812,-0.0375,-0.5778,0.1907,-1.1823,False,False,False,False,False,0,none,False,lower,,22,Wednesday
2010-05-19 23:00:00,1.2573,1.2732,-0.0159,0.4895,0.1718,0.0734,False,False,False,False,False,0,none,False,higher,,23,Wednesday
2010-05-20 00:00:00,0.4039,0.4265,-0.0226,-0.4986,0.169,-0.3177,False,False,False,False,False,0,none,False,lower,,0,Thursday
2010-05-20 01:00:00,0.4395,0.4631,-0.0236,-0.3893,0.2074,-0.3715,False,False,False,False,False,0,none,False,lower,,1,Thursday
2010-05-20 02:00:00,0.3904,0.4123,-0.0219,-0.4795,0.2132,-0.2757,False,False,False,False,False,0,none,False,lower,,2,Thursday
2010-05-20 03:00:00,0.4206,0.4401,-0.0195,-0.328,0.2064,-0.136,False,False,False,False,False,0,none,False,lower,,3,Thursday
2010-05-20 04:00:00,0.3288,0.3559,-0.0271,-0.7165,0.2061,-0.5779,False,False,False,False,False,0,none,False,lower,,4,Thursday
2010-05-20 05:00:00,0.4046,0.4273,-0.0227,-0.3151,0.2025,-0.3209,False,False,False,False,False,0,none,False,lower,,5,Thursday
2010-05-20 06:00:00,0.602,0.6197,-0.0177,-0.1592,0.1893,-0.0284,False,False,False,False,False,0,none,False,lower,,6,Thursday
2010-05-20 07:00:00,1.7004,1.7,0.0004,0.7689,0.1342,1.0232,False,False,False,False,False,0,none,False,higher,,7,Thursday
2010-05-20 08:00:00,1.7838,1.799,-0.0152,0.7235,0.1618,0.1167,False,False,False,False,False,0,none,False,higher,,8,Thursday
2010-05-20 09:00:00,1.4224,1.4399,-0.0174,0.0125,0.1761,-0.0145,False,False,False,False,False,0,none,False,higher,,9,Thursday
2010-05-20 10:00:00,1.4856,1.5008,-0.0151,-0.0211,0.1833,0.1187,False,False,False,False,False,0,none,False,lower,,10,Thursday
2010-05-20 11:00:00,1.4456,1.4595,-0.0139,0.0617,0.1854,0.192,False,False,False,False,False,0,none,False,higher,,11,Thursday
2010-05-20 12:00:00,1.4333,1.4464,-0.0132,0.0084,0.1853,0.2341,False,False,False,False,False,0,none,False,higher,,12,Thursday
2010-05-20 13:00:00,0.8744,0.9083,-0.0339,-0.4891,0.1872,-0.9723,False,False,False,False,False,0,none,False,lower,,13,Thursday
2010-05-20 14:00:00,0.6854,0.7048,-0.0194,-0.6975,0.196,-0.1297,False,False,False,False,False,0,none,False,lower,,14,Thursday
2010-05-20 15:00:00,0.367,0.3939,-0.0269,-1.1825,0.1866,-0.5676,False,False,False,False,False,0,none,False,lower,,15,Thursday
2010-05-20 16:00:00,0.4587,0.4804,-0.0217,-0.6474,0.1969,-0.2651,False,False,False,False,False,0,none,False,lower,,16,Thursday
2010-05-20 17:00:00,0.4169,0.4385,-0.0216,-0.617,0.1992,-0.2604,False,False,False,False,False,0,none,False,lower,,17,Thursday
2010-05-20 18:00:00,1.4747,1.4639,0.0108,0.9336,0.135,1.6315,False,False,False,False,False,0,none,False,higher,,18,Thursday
2010-05-20 19:00:00,0.8404,0.8864,-0.0461,-0.6327,0.172,-1.6839,False,False,False,False,False,0,none,False,lower,,19,Thursday
2010-05-20 20:00:00,0.4434,0.4657,-0.0223,-1.4349,0.1816,-0.2977,False,False,False,False,False,0,none,False,lower,,20,Thursday
2010-05-20 21:00:00,0.4269,0.4491,-0.0222,-1.2121,0.1972,-0.2928,False,False,False,False,False,0,none,False,lower,,21,Thursday
2010-05-20 22:00:00,0.4139,0.4358,-0.0219,-0.9786,0.1968,-0.2754,False,False,False,False,False,0,none,False,lower,,22,Thursday
2010-05-20 23:00:00,0.5691,0.5697,-0.0005,-0.4004,0.1953,0.9707,False,False,False,False,False,0,none,False,lower,,23,Thursday
2010-05-21 00:00:00,0.4106,0.4496,-0.0389,-0.4628,0.204,-1.2679,False,False,False,False,False,0,none,False,lower,,0,Friday
2010-05-21 01:00:00,0.8209,0.818,0.003,0.2229,0.1779,1.174,False,False,False,False,False,0,none,False,higher,,1,Friday
2010-05-21 02:00:00,0.697,0.737,-0.0399,0.1819,0.2031,-1.3264,False,False,False,False,False,0,none,False,higher,,2,Friday
2010-05-21 03:00:00,0.4191,0.4395,-0.0204,-0.3329,0.1966,-0.1849,False,False,False,False,False,0,none,False,lower,,3,Friday
2010-05-21 04:00:00,0.3432,0.3685,-0.0253,-0.6239,0.2068,-0.4725,False,False,False,False,False,0,none,False,lower,,4,Friday
2010-05-21 05:00:00,0.4115,0.4342,-0.0228,-0.2937,0.2038,-0.3252,False,False,False,False,False,0,none,False,lower,,5,Friday
2010-05-21 06:00:00,0.408,0.4183,-0.0103,-0.8738,0.1982,0.4021,False,False,False,False,False,0,none,False,lower,,6,Friday
2010-05-21 07:00:00,1.4021,1.4009,0.0012,0.2923,0.1373,1.071,False,False,False,False,False,0,none,False,higher,,7,Friday
2010-05-21 08:00:00,2.0987,2.1052,-0.0065,1.1517,0.1032,0.6215,False,False,False,False,False,0,none,False,higher,,8,Friday
2010-05-21 09:00:00,2.0111,1.971,0.0401,0.9694,0.1259,3.339,False,False,False,False,False,0,none,False,higher,,9,Friday
2010-05-21 10:00:00,1.5535,1.5766,-0.0231,0.1437,0.1596,-0.3459,False,False,False,False,False,0,none,False,higher,,10,Friday
2010-05-21 11:00:00,1.549,1.559,-0.01,0.2846,0.1768,0.419,False,False,False,False,False,0,none,False,higher,,11,Friday
2010-05-21 12:00:00,0.8232,0.8649,-0.0418,-0.9025,0.1717,-1.4336,False,False,False,False,False,0,none,False,lower,,12,Friday
2010-05-21 13:00:00,0.3903,0.4144,-0.024,-1.1539,0.182,-0.3995,False,False,False,False,False,0,none,False,lower,,13,Friday
2010-05-21 14:00:00,0.6574,0.6768,-0.0194,-0.6889,0.1829,-0.1309,False,False,False,False,False,0,none,False,lower,,14,Friday
2010-05-21 15:00:00,1.3532,1.3815,-0.0283,0.6899,0.1611,-0.6495,False,False,False,False,False,0,none,False,higher,,15,Friday
2010-05-21 16:00:00,0.537,0.5633,-0.0263,-0.4092,0.1697,-0.5295,False,False,False,False,False,0,none,False,lower,,16,Friday
2010-05-21 17:00:00,0.3586,0.3809,-0.0223,-0.6623,0.1913,-0.2968,False,False,False,False,False,0,none,False,lower,,17,Friday
2010-05-21 18:00:00,0.4476,0.4712,-0.0236,-0.7095,0.1873,-0.3739,False,False,False,False,False,0,none,False,lower,,18,Friday
2010-05-21 19:00:00,0.8801,0.877,0.0031,-0.6069,0.1712,1.1843,False,False,False,False,False,0,none,False,lower,,19,Friday
2010-05-21 20:00:00,1.7376,1.7513,-0.0137,0.171,0.1372,0.2031,False,False,False,False,False,0,none,False,higher,,20,Friday
2010-05-21 21:00:00,0.9084,0.9329,-0.0244,-0.6968,0.1619,-0.4233,False,False,False,False,False,0,none,False,lower,,21,Friday
2010-05-21 22:00:00,0.909,0.948,-0.039,-0.3842,0.1965,-1.2739,False,False,False,False,False,0,none,False,lower,,22,Friday
2010-05-21 23:00:00,0.446,0.4713,-0.0252,-0.5761,0.1949,-0.469,False,False,False,False,False,0,none,False,lower,,23,Friday
2010-05-22 00:00:00,0.4557,0.4608,-0.005,-0.3665,0.1502,0.7088,False,False,False,False,False,0,none,False,lower,,0,Saturday
2010-05-22 01:00:00,0.4961,0.4993,-0.0031,-0.3342,0.1562,0.8191,False,False,False,False,False,0,none,False,lower,,1,Saturday
2010-05-22 02:00:00,0.9549,0.9486,0.0063,0.7116,0.1239,1.368,False,False,False,False,False,0,none,False,higher,,2,Saturday
2010-05-22 03:00:00,0.576,0.5973,-0.0213,0.1329,0.1377,-0.2405,False,False,False,False,False,0,none,False,higher,,3,Saturday
2010-05-22 04:00:00,0.4635,0.4662,-0.0027,-0.2898,0.1517,0.8431,False,False,False,False,False,0,none,False,lower,,4,Saturday
2010-05-22 05:00:00,0.4251,0.4438,-0.0187,-0.2549,0.1525,-0.0908,False,False,False,False,False,0,none,False,lower,,5,Saturday
2010-05-22 06:00:00,0.8622,0.8624,-0.0002,0.9458,0.1285,0.991,False,False,False,False,False,0,none,False,higher,,6,Saturday
2010-05-22 07:00:00,1.8893,1.8943,-0.0049,0.9552,0.074,0.7145,False,False,False,False,False,0,none,False,higher,,7,Saturday
2010-05-22 08:00:00,2.1138,2.1268,-0.0131,1.1339,0.0754,0.2397,False,False,False,False,False,0,none,False,higher,,8,Saturday
2010-05-22 09:00:00,2.0202,2.0028,0.0174,0.9413,0.0831,2.0138,False,False,False,False,False,0,none,False,higher,,9,Saturday
2010-05-22 10:00:00,2.1044,2.0846,0.0198,1.2466,0.0748,2.1569,False,False,False,False,False,0,none,False,higher,,10,Saturday
2010-05-22 11:00:00,2.9777,2.8994,0.0783,2.8062,0.0103,5.5684,False,False,False,False,False,0,none,False,higher,,11,Saturday
2010-05-22 12:00:00,2.9287,2.9476,-0.0189,2.3915,0.0292,-0.0987,False,False,False,False,False,0,none,False,higher,,12,Saturday
2010-05-22 13:00:00,1.3232,1.3365,-0.0133,0.2691,0.0748,0.2268,False,False,False,False,False,0,none,False,higher,,13,Saturday
2010-05-22 14:00:00,1.7196,1.7326,-0.013,0.6164,0.1093,0.2432,False,False,False,False,False,0,none,False,higher,,14,Saturday
2010-05-22 15:00:00,1.7082,1.7216,-0.0135,1.2884,0.1196,0.2169,False,False,False,False,False,0,none,False,higher,,15,Saturday
2010-05-22 16:00:00,1.624,1.6358,-0.0119,2.1444,0.1172,0.3099,False,False,False,False,False,0,none,False,higher,,16,Saturday
2010-05-22 17:00:00,1.3737,1.4108,-0.0372,0.7027,0.1125,-1.1661,False,False,False,False,False,0,none,False,higher,,17,Saturday
2010-05-22 18:00:00,0.5486,0.585,-0.0364,-0.5618,0.0859,-1.1197,False,False,False,False,False,0,none,False,lower,,18,Saturday
2010-05-22 19:00:00,1.6359,1.6318,0.0041,0.2913,0.0715,1.2379,False,False,False,False,False,0,none,False,higher,,19,Saturday
2010-05-22 20:00:00,2.6048,2.5309,0.0739,1.1968,0.0438,5.3084,False,False,False,False,False,0,none,False,higher,,20,Saturday
2010-05-22 21:00:00,1.8646,1.8886,-0.024,0.1834,0.0821,-0.398,False,False,False,False,False,0,none,False,higher,,21,Saturday
2010-05-22 22:00:00,1.6266,1.6387,-0.0121,0.4679,0.0958,0.298,False,False,False,False,False,0,none,False,higher,,22,Saturday
2010-05-22 23:00:00,0.6327,0.6459,-0.0132,-0.3286,0.0723,0.2343,False,False,False,False,False,0,none,False,lower,,23,Saturday
2010-05-23 00:00:00,0.6506,0.6373,0.0133,0.0427,0.1007,1.777,False,False,False,False,False,0,none,False,higher,,0,Sunday
2010-05-23 01:00:00,0.5381,0.5527,-0.0146,-0.2727,0.1055,0.1512,False,False,False,False,False,0,none,False,lower,,1,Sunday
2010-05-23 02:00:00,0.366,0.3812,-0.0152,-0.5937,0.0996,0.1162,False,False,False,False,False,0,none,False,lower,,2,Sunday
2010-05-23 03:00:00,0.4388,0.4484,-0.0095,-0.3051,0.1101,0.4464,False,False,False,False,False,0,none,False,lower,,3,Sunday
2010-05-23 04:00:00,0.3905,0.4042,-0.0137,-0.5037,0.1105,0.2027,False,False,False,False,False,0,none,False,lower,,4,Sunday
2010-05-23 05:00:00,1.0787,1.0837,-0.005,1.8696,0.0819,0.7078,False,False,False,False,True,0,none,False,higher,,5,Sunday
2010-05-23 06:00:00,0.4126,0.4276,-0.0149,-0.9038,0.076,0.1306,False,False,False,False,False,0,none,False,lower,,6,Sunday
2010-05-23 07:00:00,0.5722,0.5556,0.0166,-0.9908,0.1068,1.97,False,False,False,False,False,0,none,False,lower,,7,Sunday
2010-05-23 08:00:00,0.578,0.6179,-0.0399,-1.2777,0.1204,-1.324,False,False,False,False,False,0,none,False,lower,,8,Sunday
2010-05-23 09:00:00,2.0381,2.0103,0.0278,0.9134,0.0464,2.6225,False,False,False,False,False,0,none,False,higher,,9,Sunday
2010-05-23 10:00:00,1.4192,1.425,-0.0059,-0.2715,0.0997,0.6598,False,False,False,False,False,0,none,False,lower,,10,Sunday
2010-05-23 11:00:00,1.3234,1.3304,-0.007,-0.2702,0.1279,0.5936,False,False,False,False,False,0,none,False,lower,,11,Sunday
2010-05-23 12:00:00,0.6875,0.7033,-0.0158,-1.1258,0.1145,0.0833,False,False,False,False,False,0,none,False,lower,,12,Sunday
2010-05-23 13:00:00,1.4911,1.4865,0.0045,0.4791,0.1036,1.2657,False,False,False,False,False,0,none,False,higher,,13,Sunday
2010-05-23 14:00:00,1.8497,1.8795,-0.0298,0.7253,0.1113,-0.7353,False,False,False,False,False,0,none,False,higher,,14,Sunday
2010-05-23 15:00:00,1.7886,1.805,-0.0164,1.3676,0.1216,0.0449,False,False,False,False,False,0,none,False,higher,,15,Sunday
2010-05-23 16:00:00,1.7826,1.799,-0.0163,2.2625,0.1182,0.0491,False,False,False,False,False,0,none,False,higher,,16,Sunday
2010-05-23 17:00:00,0.9133,0.9218,-0.0085,0.1012,0.1105,0.5056,False,False,False,False,False,0,none,False,higher,,17,Sunday
2010-05-23 18:00:00,0.6146,0.6302,-0.0156,-0.3989,0.1251,0.0915,False,False,False,False,False,0,none,False,lower,,18,Sunday
2010-05-23 19:00:00,0.661,0.6695,-0.0086,-0.8589,0.1336,0.5012,False,False,False,False,False,0,none,False,lower,,19,Sunday
2010-05-23 20:00:00,0.7431,0.75,-0.0069,-1.1016,0.1418,0.6001,False,False,False,False,False,0,none,False,lower,,20,Sunday
2010-05-23 21:00:00,1.9589,1.9643,-0.0053,0.3287,0.0716,0.6912,False,False,False,False,False,0,none,False,higher,,21,Sunday
2010-05-23 22:00:00,1.5712,1.5918,-0.0206,0.5078,0.1143,-0.1979,False,False,False,False,False,0,none,False,higher,,22,Sunday
2010-05-23 23:00:00,0.9248,0.9669,-0.0421,0.1259,0.1279,-1.4541,False,False,False,False,False,0,none,False,higher,,23,Sunday
2010-05-24 00:00:00,0.4748,0.484,-0.0093,-0.2909,0.1907,0.4615,False,False,False,False,False,0,none,False,lower,,0,Monday
2010-05-24 01:00:00,0.473,0.4899,-0.0168,-0.3306,0.2083,0.0197,False,False,False,False,False,0,none,False,lower,,1,Monday
2010-05-24 02:00:00,0.4634,0.4669,-0.0035,-0.3136,0.2109,0.7978,False,False,False,False,False,0,none,False,lower,,2,Monday
2010-05-24 03:00:00,0.43,0.4484,-0.0184,-0.2673,0.2065,-0.0705,False,False,False,False,False,0,none,False,lower,,3,Monday
2010-05-24 04:00:00,0.3994,0.4223,-0.0229,-0.4651,0.2085,-0.3339,False,False,False,False,False,0,none,False,lower,,4,Monday
2010-05-24 05:00:00,0.4326,0.4568,-0.0242,-0.1305,0.2024,-0.4073,False,False,False,False,False,0,none,False,lower,,5,Monday
2010-05-24 06:00:00,1.0445,1.0609,-0.0163,1.6028,0.1692,0.049,False,False,False,False,False,0,none,False,higher,,6,Monday
2010-05-24 07:00:00,0.5815,0.6099,-0.0284,-0.9946,0.1738,-0.6565,False,False,False,False,False,0,none,False,lower,,7,Monday
2010-05-24 08:00:00,0.8345,0.8293,0.0053,-0.9065,0.1808,1.3084,False,False,False,False,False,0,none,False,lower,,8,Monday
2010-05-24 09:00:00,0.6686,0.6976,-0.029,-1.4955,0.188,-0.6888,False,False,False,False,False,0,none,False,lower,,9,Monday
2010-05-24 10:00:00,1.2895,1.2814,0.008,-0.521,0.168,1.4694,False,False,False,False,False,0,none,False,lower,,10,Monday
2010-05-24 11:00:00,0.5929,0.6358,-0.0429,-1.46,0.1704,-1.5013,False,False,False,False,False,0,none,False,lower,,11,Monday
2010-05-24 12:00:00,1.4929,1.4871,0.0057,0.1084,0.1506,1.3349,False,False,False,False,False,0,none,False,higher,,12,Monday
2010-05-24 13:00:00,0.4772,0.5175,-0.0403,-0.9952,0.1511,-1.347,False,False,False,False,False,0,none,False,lower,,13,Monday
2010-05-24 14:00:00,0.4528,0.4689,-0.0161,-0.9937,0.1957,0.0612,False,False,False,False,False,0,none,False,lower,,14,Monday
2010-05-24 15:00:00,0.4005,0.4303,-0.0298,-1.1466,0.197,-0.7362,False,False,False,False,False,0,none,False,lower,,15,Monday
2010-05-24 16:00:00,0.959,0.9892,-0.0302,0.3301,0.1591,-0.7592,False,False,False,False,False,0,none,False,higher,,16,Monday
2010-05-24 17:00:00,1.6943,1.6488,0.0455,1.1461,0.1357,3.6518,False,False,False,False,False,0,none,False,higher,,17,Monday
2010-05-24 18:00:00,1.7058,1.7224,-0.0166,1.4966,0.1487,0.0365,False,False,False,False,False,0,none,False,higher,,18,Monday
2010-05-24 19:00:00,1.3048,1.3198,-0.015,-0.0796,0.1611,0.1252,False,False,False,False,False,0,none,False,lower,,19,Monday
2010-05-24 20:00:00,2.2538,2.2254,0.0284,0.723,0.1017,2.6599,False,False,False,False,False,0,none,False,higher,,20,Monday
2010-05-24 21:00:00,2.447,2.4188,0.0282,0.7765,0.1044,2.643,False,False,False,False,False,0,none,False,higher,,21,Monday
2010-05-24 22:00:00,1.1055,1.1404,-0.0349,-0.1541,0.1312,-1.033,False,False,False,False,False,0,none,False,lower,,22,Monday
2010-05-24 23:00:00,0.3773,0.3988,-0.0215,-0.6694,0.1784,-0.252,False,False,False,False,False,0,none,False,lower,,23,Monday
2010-05-25 00:00:00,0.3273,0.3447,-0.0174,-0.6513,0.2051,-0.0124,False,False,False,False,False,0,none,False,lower,,0,Tuesday
2010-05-25 01:00:00,0.3826,0.3963,-0.0137,-0.5376,0.2083,0.2025,False,False,False,False,False,0,none,False,lower,,1,Tuesday
2010-05-25 02:00:00,0.3298,0.3541,-0.0243,-0.6653,0.211,-0.4134,False,False,False,False,False,0,none,False,lower,,2,Tuesday
2010-05-25 03:00:00,0.3657,0.3868,-0.0211,-0.5399,0.2089,-0.2271,False,False,False,False,False,0,none,False,lower,,3,Tuesday
2010-05-25 04:00:00,0.344,0.3684,-0.0244,-0.6783,0.2087,-0.4198,False,False,False,False,False,0,none,False,lower,,4,Tuesday
2010-05-25 05:00:00,0.343,0.3637,-0.0207,-0.5403,0.2046,-0.2057,False,False,False,False,False,0,none,False,lower,,5,Tuesday
2010-05-25 06:00:00,0.5341,0.5113,0.0228,-0.5069,0.1879,2.3331,False,False,False,False,False,0,none,False,lower,,6,Tuesday
2010-05-25 07:00:00,1.6887,1.7249,-0.0362,0.5974,0.13,-1.1066,False,False,False,False,False,0,none,False,higher,,7,Tuesday
2010-05-25 08:00:00,1.714,1.7268,-0.0128,0.4644,0.1672,0.2527,False,False,False,False,False,0,none,False,higher,,8,Tuesday
2010-05-25 09:00:00,1.5016,1.5107,-0.0092,-0.0701,0.1821,0.467,False,False,False,False,False,0,none,False,lower,,9,Tuesday
2010-05-25 10:00:00,1.5305,1.5641,-0.0336,-0.07,0.181,-0.958,False,False,False,False,False,0,none,False,lower,,10,Tuesday
2010-05-25 11:00:00,1.4276,1.4335,-0.0059,-0.0732,0.1878,0.658,False,False,False,False,False,0,none,False,lower,,11,Tuesday
2010-05-25 12:00:00,0.7965,0.8343,-0.0378,-0.9865,0.1741,-1.2024,False,False,False,False,False,0,none,False,lower,,12,Tuesday
2010-05-25 13:00:00,0.3499,0.3683,-0.0184,-1.1716,0.1777,-0.0697,False,False,False,False,False,0,none,False,lower,,13,Tuesday
2010-05-25 14:00:00,0.337,0.3692,-0.0322,-1.1347,0.1859,-0.8737,False,False,False,False,False,0,none,False,lower,,14,Tuesday
2010-05-25 15:00:00,0.3472,0.3699,-0.0227,-1.1613,0.1917,-0.3193,False,False,False,False,False,0,none,False,lower,,15,Tuesday
2010-05-25 16:00:00,0.4753,0.4989,-0.0236,-0.6509,0.1943,-0.373,False,False,False,False,False,0,none,False,lower,,16,Tuesday
2010-05-25 17:00:00,0.5868,0.6264,-0.0396,-0.4336,0.1976,-1.3072,False,False,False,False,False,0,none,False,lower,,17,Tuesday
2010-05-25 18:00:00,0.4913,0.5175,-0.0261,-0.6888,0.1916,-0.5215,False,False,False,False,False,0,none,False,lower,,18,Tuesday
2010-05-25 19:00:00,1.3299,1.364,-0.0341,-0.0406,0.1518,-0.9878,False,False,False,False,False,0,none,False,lower,,19,Tuesday
2010-05-25 20:00:00,1.9245,1.9072,0.0173,0.279,0.1375,2.013,False,False,False,False,False,0,none,False,higher,,20,Tuesday
2010-05-25 21:00:00,1.8886,1.914,-0.0254,0.1705,0.144,-0.481,False,False,False,False,False,0,none,False,higher,,21,Tuesday
2010-05-25 22:00:00,0.5967,0.6607,-0.0639,-0.8167,0.1365,-2.7254,False,False,False,False,False,0,none,False,lower,,22,Tuesday
2010-05-25 23:00:00,0.3644,0.3983,-0.0339,-0.6569,0.2026,-0.9731,False,False,False,False,False,0,none,False,lower,,23,Tuesday
2010-05-26 00:00:00,0.3423,0.3639,-0.0216,-0.5675,0.2086,-0.2549,False,False,False,False,False,0,none,False,lower,,0,Wednesday
2010-05-26 01:00:00,0.3365,0.3616,-0.0252,-0.6017,0.211,-0.466,False,False,False,False,False,0,none,False,lower,,1,Wednesday
2010-05-26 02:00:00,0.3501,0.3831,-0.033,-0.5675,0.2156,-0.9204,False,False,False,False,False,0,none,False,lower,,2,Wednesday
2010-05-26 03:00:00,0.3263,0.3632,-0.0369,-0.6539,0.2084,-1.148,False,False,False,False,False,0,none,False,lower,,3,Wednesday
2010-05-26 04:00:00,0.3391,0.3734,-0.0343,-0.643,0.2096,-0.9967,False,False,False,False,False,0,none,False,lower,,4,Wednesday
2010-05-26 05:00:00,0.3363,0.371,-0.0348,-0.5176,0.2067,-1.0252,False,False,False,False,False,0,none,False,lower,,5,Wednesday
2010-05-26 06:00:00,0.8395,0.8424,-0.0028,0.7242,0.1779,0.8355,False,False,False,False,False,0,none,False,higher,,6,Wednesday
2010-05-26 07:00:00,1.5744,1.5685,0.0059,0.3855,0.1525,1.3459,False,False,False,False,False,0,none,False,higher,,7,Wednesday
2010-05-26 08:00:00,2.3483,2.3203,0.028,1.5046,0.084,2.6358,False,False,False,False,False,0,none,False,higher,,8,Wednesday
2010-05-26 09:00:00,2.3271,2.2836,0.0435,1.3625,0.1004,3.5362,False,False,False,False,False,0,none,False,higher,,9,Wednesday
2010-05-26 10:00:00,1.6332,1.6295,0.0036,0.1811,0.1451,1.2136,False,False,False,False,False,0,none,False,higher,,10,Wednesday
2010-05-26 11:00:00,1.6315,1.6689,-0.0374,0.2707,0.1737,-1.1786,False,False,False,False,False,0,none,False,higher,,11,Wednesday
2010-05-26 12:00:00,0.7617,0.762,-0.0004,-0.9828,0.167,0.9808,False,False,False,False,False,0,none,False,lower,,12,Wednesday
2010-05-26 13:00:00,1.4149,1.47,-0.0551,0.4262,0.1653,-2.2114,False,False,False,False,False,0,none,False,higher,,13,Wednesday
2010-05-26 14:00:00,0.3886,0.4209,-0.0323,-1.0575,0.1439,-0.8797,False,False,False,False,False,0,none,False,lower,,14,Wednesday
2010-05-26 15:00:00,0.3883,0.4087,-0.0204,-1.0763,0.1962,-0.1887,False,False,False,False,False,0,none,False,lower,,15,Wednesday
2010-05-26 16:00:00,0.339,0.3709,-0.0319,-0.9331,0.1907,-0.8587,False,False,False,False,False,0,none,False,lower,,16,Wednesday
2010-05-26 17:00:00,0.4154,0.4433,-0.0279,-0.6829,0.1953,-0.6241,False,False,False,False,False,0,none,False,lower,,17,Wednesday
2010-05-26 18:00:00,0.5874,0.6061,-0.0187,-0.532,0.19,-0.0883,False,False,False,False,False,0,none,False,lower,,18,Wednesday
2010-05-26 19:00:00,2.6902,2.6756,0.0146,1.6545,0.0213,1.8541,False,False,False,False,False,0,none,False,higher,,19,Wednesday
2010-05-26 20:00:00,2.1698,2.1912,-0.0214,0.5394,0.1143,-0.2464,False,False,False,False,False,0,none,False,higher,,20,Wednesday
2010-05-26 21:00:00,0.7276,0.7555,-0.0279,-1.0941,0.1212,-0.6263,False,False,False,False,False,0,none,False,lower,,21,Wednesday
2010-05-26 22:00:00,0.5349,0.5611,-0.0262,-0.9176,0.1918,-0.5234,False,False,False,False,False,0,none,False,lower,,22,Wednesday
2010-05-26 23:00:00,0.3291,0.3567,-0.0276,-0.6634,0.1982,-0.6051,False,False,False,False,False,0,none,False,lower,,23,Wednesday
2010-05-27 00:00:00,0.3128,0.3305,-0.0178,-0.6306,0.2003,-0.0351,False,False,False,False,False,0,none,False,lower,,0,Thursday
2010-05-27 01:00:00,0.3092,0.3267,-0.0175,-0.6609,0.2019,-0.0177,False,False,False,False,False,0,none,False,lower,,1,Thursday
2010-05-27 02:00:00,0.3158,0.3358,-0.02,-0.6548,0.2085,-0.1671,False,False,False,False,False,0,none,False,lower,,2,Thursday
2010-05-27 03:00:00,0.6247,0.6265,-0.0019,0.5878,0.1863,0.8928,False,False,False,False,True,0,none,False,higher,,3,Thursday
2010-05-27 04:00:00,0.6682,0.7129,-0.0447,0.671,0.1965,-1.6042,False,False,False,False,False,0,none,False,higher,,4,Thursday
2010-05-27 05:00:00,0.2779,0.3041,-0.0262,-0.7882,0.1806,-0.5236,False,False,False,False,False,0,none,False,lower,,5,Thursday
2010-05-27 06:00:00,0.501,0.5262,-0.0252,-0.6772,0.1835,-0.4678,False,False,False,False,False,0,none,False,lower,,6,Thursday
2010-05-27 07:00:00,1.0825,1.0903,-0.0078,-0.4131,0.1775,0.5466,False,False,False,False,False,0,none,False,lower,,7,Thursday
2010-05-27 08:00:00,1.6716,1.6815,-0.01,0.3355,0.1567,0.4208,False,False,False,False,False,0,none,False,higher,,8,Thursday
2010-05-27 09:00:00,1.6833,1.7039,-0.0205,0.1484,0.1689,-0.196,False,False,False,False,False,0,none,False,higher,,9,Thursday
2010-05-27 10:00:00,1.338,1.3629,-0.0249,-0.5711,0.1777,-0.4499,False,False,False,False,False,0,none,False,lower,,10,Thursday
2010-05-27 11:00:00,1.355,1.3737,-0.0187,-0.2334,0.1874,-0.0896,False,False,False,False,False,0,none,False,lower,,11,Thursday
2010-05-27 12:00:00,1.5419,1.5488,-0.0069,0.1525,0.1773,0.5995,False,False,False,False,False,0,none,False,higher,,12,Thursday
2010-05-27 13:00:00,1.7148,1.7504,-0.0355,0.8215,0.168,-1.0693,False,False,False,False,False,0,none,False,higher,,13,Thursday
2010-05-27 14:00:00,0.4535,0.4725,-0.0189,-0.9805,0.1383,-0.1023,False,False,False,False,False,0,none,False,lower,,14,Thursday
2010-05-27 15:00:00,0.7421,0.7617,-0.0196,-0.4633,0.191,-0.1429,False,False,False,False,False,0,none,False,lower,,15,Thursday
2010-05-27 16:00:00,0.3142,0.3399,-0.0257,-0.9701,0.1738,-0.4973,False,False,False,False,False,0,none,False,lower,,16,Thursday
2010-05-27 17:00:00,0.4721,0.4843,-0.0122,-0.608,0.1964,0.2919,False,False,False,False,False,0,none,False,lower,,17,Thursday
2010-05-27 18:00:00,0.6201,0.6347,-0.0146,-0.4853,0.1924,0.1502,False,False,False,False,False,0,none,False,lower,,18,Thursday
2010-05-27 19:00:00,1.0632,1.056,0.0072,-0.4678,0.1733,1.4184,False,False,False,False,False,0,none,False,lower,,19,Thursday
2010-05-27 20:00:00,1.8888,1.891,-0.0022,0.1612,0.1321,0.8733,False,False,False,False,False,0,none,False,higher,,20,Thursday
2010-05-27 21:00:00,1.4042,1.4384,-0.0341,-0.3695,0.1606,-0.9889,False,False,False,False,False,0,none,False,lower,,21,Thursday
2010-05-27 22:00:00,0.8867,0.9441,-0.0574,-0.4323,0.1864,-2.3429,False,False,False,False,False,0,none,False,lower,,22,Thursday
2010-05-27 23:00:00,0.8141,0.8247,-0.0107,0.0189,0.202,0.3802,False,False,False,False,False,0,none,False,higher,,23,Thursday
2010-05-28 00:00:00,0.5976,0.632,-0.0344,0.1806,0.2007,-1.0042,False,False,False,False,False,0,none,False,higher,,0,Friday
2010-05-28 01:00:00,0.3832,0.4121,-0.0289,-0.4603,0.2063,-0.6805,False,False,False,False,False,0,none,False,lower,,1,Friday
2010-05-28 02:00:00,0.307,0.3296,-0.0226,-0.6386,0.2051,-0.3172,False,False,False,False,False,0,none,False,lower,,2,Friday
2010-05-28 03:00:00,0.3154,0.3395,-0.0241,-0.6948,0.2072,-0.4019,False,False,False,False,False,0,none,False,lower,,3,Friday
2010-05-28 04:00:00,0.2555,0.2805,-0.025,-0.9597,0.1995,-0.4552,False,False,False,False,False,0,none,False,lower,,4,Friday
2010-05-28 05:00:00,0.272,0.2997,-0.0276,-0.7613,0.1978,-0.6104,False,False,False,False,False,0,none,False,lower,,5,Friday
2010-05-28 06:00:00,0.9973,0.992,0.0052,1.3326,0.1631,1.3062,False,False,False,False,False,0,none,False,higher,,6,Friday
2010-05-28 07:00:00,1.3094,1.3392,-0.0298,-0.0486,0.1772,-0.7372,False,False,False,False,False,0,none,False,lower,,7,Friday
2010-05-28 08:00:00,1.5994,1.6107,-0.0112,0.2176,0.1665,0.347,False,False,False,False,False,0,none,False,higher,,8,Friday
2010-05-28 09:00:00,1.8097,1.8223,-0.0126,0.3793,0.1574,0.2687,False,False,False,False,False,0,none,False,higher,,9,Friday
2010-05-28 10:00:00,1.5336,1.5656,-0.032,-0.09,0.1735,-0.8661,False,False,False,False,False,0,none,False,lower,,10,Friday
2010-05-28 11:00:00,1.2612,1.2948,-0.0336,-0.4889,0.1849,-0.9573,False,False,False,False,False,0,none,False,lower,,11,Friday
2010-05-28 12:00:00,0.7979,0.8257,-0.0278,-1.0878,0.1847,-0.6186,False,False,False,False,False,0,none,False,lower,,12,Friday
2010-05-28 13:00:00,0.7848,0.7914,-0.0066,-0.6306,0.2013,0.6166,False,False,False,False,False,0,none,False,lower,,13,Friday
2010-05-28 14:00:00,0.9882,1.0249,-0.0366,-0.347,0.184,-1.134,False,False,False,False,False,0,none,False,lower,,14,Friday
2010-05-28 15:00:00,1.3665,1.3885,-0.022,0.6075,0.1786,-0.2831,False,False,False,False,False,0,none,False,higher,,15,Friday
2010-05-28 16:00:00,1.4591,1.4898,-0.0306,1.3454,0.1787,-0.7836,False,False,False,False,False,0,none,False,higher,,16,Friday
2010-05-28 17:00:00,1.3107,1.34,-0.0293,0.5411,0.1808,-0.7087,False,False,False,False,False,0,none,False,higher,,17,Friday
2010-05-28 18:00:00,0.8874,0.9173,-0.0299,-0.0152,0.178,-0.7426,False,False,False,False,False,0,none,False,lower,,18,Friday
2010-05-28 19:00:00,0.7254,0.7558,-0.0304,-0.8689,0.193,-0.7697,False,False,False,False,False,0,none,False,lower,,19,Friday
2010-05-28 20:00:00,0.6028,0.6266,-0.0238,-1.6584,0.1916,-0.3876,False,False,False,False,False,0,none,False,lower,,20,Friday
2010-05-28 21:00:00,0.8782,0.8899,-0.0116,-0.99,0.1887,0.3231,False,False,False,False,False,0,none,False,lower,,21,Friday
2010-05-28 22:00:00,1.5304,1.5658,-0.0354,0.465,0.153,-1.0627,False,False,False,False,False,0,none,False,higher,,22,Friday
2010-05-28 23:00:00,1.3298,1.3122,0.0176,0.7177,0.1755,2.0272,False,False,False,False,False,0,none,False,higher,,23,Friday
2010-05-29 00:00:00,0.5915,0.6157,-0.0242,0.1468,0.1251,-0.4117,False,False,False,False,False,0,none,False,higher,,0,Saturday
2010-05-29 01:00:00,0.4802,0.4973,-0.0171,-0.2536,0.154,0.0051,False,False,False,False,False,0,none,False,lower,,1,Saturday
2010-05-29 02:00:00,0.3274,0.3535,-0.0261,-0.5799,0.1508,-0.5172,False,False,False,False,False,0,none,False,lower,,2,Saturday
2010-05-29 03:00:00,0.3002,0.3235,-0.0233,-0.7511,0.1527,-0.3589,False,False,False,False,False,0,none,False,lower,,3,Saturday
2010-05-29 04:00:00,0.2339,0.254,-0.0201,-1.0149,0.1404,-0.1717,False,False,False,False,True,0,none,False,lower,,4,Saturday
2010-05-29 05:00:00,0.3095,0.3321,-0.0226,-0.5403,0.1502,-0.3163,False,False,False,False,False,0,none,False,lower,,5,Saturday
2010-05-29 06:00:00,0.5894,0.5881,0.0013,-0.376,0.1442,1.0746,False,False,False,False,False,0,none,False,lower,,6,Saturday
2010-05-29 07:00:00,1.8147,1.8326,-0.0178,0.6963,0.0689,-0.0384,False,False,False,False,False,0,none,False,higher,,7,Saturday
2010-05-29 08:00:00,1.426,1.4563,-0.0303,-0.1357,0.1108,-0.763,False,False,False,False,False,0,none,False,lower,,8,Saturday
2010-05-29 09:00:00,1.3294,1.3609,-0.0314,-0.5282,0.1274,-0.8315,False,False,False,False,False,0,none,False,lower,,9,Saturday
2010-05-29 10:00:00,2.6569,2.6407,0.0162,2.7274,0.0148,1.9464,False,False,False,False,False,0,none,False,higher,,10,Saturday
2010-05-29 11:00:00,1.0861,1.1098,-0.0237,-0.8959,0.0843,-0.3777,False,False,False,False,False,0,none,False,lower,,11,Saturday
2010-05-29 12:00:00,2.098,2.1083,-0.0103,1.0361,0.0643,0.3986,False,False,False,False,False,0,none,False,higher,,12,Saturday
2010-05-29 13:00:00,1.663,1.683,-0.02,0.6913,0.1144,-0.1662,False,False,False,False,False,0,none,False,higher,,13,Saturday
2010-05-29 14:00:00,2.031,2.0357,-0.0047,0.913,0.0987,0.7291,False,False,False,False,False,0,none,False,higher,,14,Saturday
2010-05-29 15:00:00,1.0608,1.0934,-0.0326,0.0354,0.1101,-0.8991,False,False,False,False,False,0,none,False,higher,,15,Saturday
2010-05-29 16:00:00,0.8701,0.892,-0.0219,0.1194,0.1384,-0.2727,False,False,False,False,False,0,none,False,higher,,16,Saturday
2010-05-29 17:00:00,1.2504,1.2076,0.0428,0.6166,0.1217,3.494,False,False,False,False,False,0,none,False,higher,,17,Saturday
2010-05-29 18:00:00,3.412,3.3201,0.0919,4.2988,-0.031,6.359,True,True,True,False,False,3,high,True,higher,"rolling_z,isolation_forest,residual",18,Saturday
2010-05-29 19:00:00,2.4055,2.4607,-0.0552,1.1837,0.043,-2.216,False,False,False,False,False,0,none,False,higher,,19,Saturday
2010-05-29 20:00:00,1.6509,1.648,0.0029,-0.2449,0.0938,1.1688,False,False,False,False,False,0,none,False,lower,,20,Saturday
2010-05-29 21:00:00,2.2383,2.2662,-0.0279,0.4637,0.0709,-0.6224,False,False,False,False,False,0,none,False,higher,,21,Saturday
2010-05-29 22:00:00,2.0489,2.0745,-0.0256,1.1869,0.0849,-0.4937,False,False,False,False,False,0,none,False,higher,,22,Saturday
2010-05-29 23:00:00,2.2896,2.3122,-0.0226,2.0036,0.062,-0.3172,False,False,False,False,False,0,none,False,higher,,23,Saturday
2010-05-30 00:00:00,0.878,0.8461,0.0319,0.8999,0.0562,2.8626,False,False,False,False,False,0,none,False,higher,,0,Sunday
2010-05-30 01:00:00,1.4239,1.422,0.0019,1.7908,0.0802,1.1144,False,False,False,False,False,0,none,False,higher,,1,Sunday
2010-05-30 02:00:00,0.525,0.5352,-0.0102,-0.0406,0.0751,0.4065,False,False,False,False,False,0,none,False,lower,,2,Sunday
2010-05-30 03:00:00,0.465,0.4783,-0.0133,-0.0473,0.1069,0.2244,False,False,False,False,False,0,none,False,lower,,3,Sunday
2010-05-30 04:00:00,0.4492,0.4613,-0.0121,-0.0646,0.1036,0.2939,False,False,False,False,False,0,none,False,lower,,4,Sunday
2010-05-30 05:00:00,0.4758,0.4845,-0.0087,0.2351,0.0985,0.4935,False,False,False,False,False,0,none,False,higher,,5,Sunday
2010-05-30 06:00:00,0.4659,0.476,-0.0101,-0.9203,0.0969,0.4144,False,False,False,False,False,0,none,False,lower,,6,Sunday
2010-05-30 07:00:00,0.7263,0.7312,-0.005,-1.1562,0.0882,0.7114,False,False,False,False,False,0,none,False,lower,,7,Sunday
2010-05-30 08:00:00,1.3739,1.4019,-0.028,-0.3163,0.0793,-0.6318,False,False,False,False,False,0,none,False,lower,,8,Sunday
2010-05-30 09:00:00,0.6326,0.6597,-0.0271,-2.0443,0.0779,-0.5782,False,False,False,False,False,0,none,False,lower,,9,Sunday
2010-05-30 10:00:00,1.6636,1.6765,-0.0129,0.0744,0.0671,0.2473,False,False,False,False,False,0,none,False,higher,,10,Sunday
2010-05-30 11:00:00,1.3511,1.3612,-0.01,-0.302,0.1154,0.4167,False,False,False,False,False,0,none,False,lower,,11,Sunday
2010-05-30 12:00:00,0.8259,0.8487,-0.0228,-0.9796,0.1061,-0.3253,False,False,False,False,False,0,none,False,lower,,12,Sunday
2010-05-30 13:00:00,0.7817,0.8073,-0.0255,-0.692,0.1228,-0.4879,False,False,False,False,False,0,none,False,lower,,13,Sunday
2010-05-30 14:00:00,0.4063,0.4452,-0.0389,-1.024,0.1004,-1.2688,False,False,False,False,False,0,none,False,lower,,14,Sunday
2010-05-30 15:00:00,1.6645,1.6595,0.0049,1.1044,0.075,1.2887,False,False,False,False,False,0,none,False,higher,,15,Sunday
2010-05-30 16:00:00,1.0025,1.0085,-0.006,0.3557,0.1104,0.6526,False,False,False,False,False,0,none,False,higher,,16,Sunday
2010-05-30 17:00:00,2.586,2.5647,0.0213,2.6826,0.0222,2.2458,False,False,False,False,False,0,none,False,higher,,17,Sunday
2010-05-30 18:00:00,1.8244,1.8513,-0.027,1.0952,0.0834,-0.5706,False,False,False,False,False,0,none,False,higher,,18,Sunday
2010-05-30 19:00:00,2.1343,2.1036,0.0307,0.7655,0.0905,2.7932,False,False,False,False,False,0,none,False,higher,,19,Sunday
2010-05-30 20:00:00,3.0044,3.0466,-0.0423,1.664,0.0222,-1.4617,False,False,False,False,False,0,none,False,higher,,20,Sunday
2010-05-30 21:00:00,2.282,2.304,-0.022,0.4845,0.0656,-0.2824,False,False,False,False,False,0,none,False,higher,,21,Sunday
2010-05-30 22:00:00,0.4956,0.558,-0.0624,-1.1471,0.059,-2.6366,False,False,False,False,False,0,none,False,lower,,22,Sunday
2010-05-30 23:00:00,0.3241,0.3514,-0.0273,-0.7278,0.1199,-0.5882,False,False,False,False,False,0,none,False,lower,,23,Sunday
2010-05-31 00:00:00,0.2887,0.3175,-0.0288,-0.7395,0.1745,-0.6766,False,False,False,False,False,0,none,False,lower,,0,Monday
2010-05-31 01:00:00,0.2657,0.2977,-0.032,-0.7637,0.1822,-0.8653,False,False,False,False,False,0,none,False,lower,,1,Monday
2010-05-31 02:00:00,0.2944,0.3246,-0.0302,-0.6369,0.1959,-0.7596,False,False,False,False,False,0,none,False,lower,,2,Monday
2010-05-31 03:00:00,0.2642,0.294,-0.0298,-0.8965,0.1869,-0.7359,False,False,False,False,False,0,none,False,lower,,3,Monday
2010-05-31 04:00:00,0.2815,0.3179,-0.0363,-0.7955,0.1942,-1.1163,False,False,False,False,False,0,none,False,lower,,4,Monday
2010-05-31 05:00:00,0.266,0.2929,-0.0269,-0.755,0.1878,-0.5663,False,False,False,False,False,0,none,False,lower,,5,Monday
2010-05-31 06:00:00,1.2971,1.3059,-0.0087,2.4986,0.1341,0.4933,False,False,False,False,False,0,none,False,higher,,6,Monday
2010-05-31 07:00:00,1.805,1.8175,-0.0125,0.6569,0.1501,0.2714,False,False,False,False,False,0,none,False,higher,,7,Monday
2010-05-31 08:00:00,1.8329,1.8769,-0.0439,0.5359,0.1598,-1.56,False,False,False,False,False,0,none,False,higher,,8,Monday
2010-05-31 09:00:00,1.3662,1.392,-0.0258,-0.4779,0.1716,-0.501,False,False,False,False,False,0,none,False,lower,,9,Monday
2010-05-31 10:00:00,1.3382,1.3637,-0.0255,-0.7894,0.1865,-0.4848,False,False,False,False,False,0,none,False,lower,,10,Monday
2010-05-31 11:00:00,1.355,1.3818,-0.0268,-0.2745,0.1878,-0.5609,False,False,False,False,False,0,none,False,lower,,11,Monday
2010-05-31 12:00:00,1.0732,1.1146,-0.0414,-0.5665,0.183,-1.4121,False,False,False,False,False,0,none,False,lower,,12,Monday
2010-05-31 13:00:00,0.3289,0.3586,-0.0297,-1.6486,0.1371,-0.7316,False,False,False,False,False,0,none,False,lower,,13,Monday
2010-05-31 14:00:00,0.2739,0.3064,-0.0326,-1.1148,0.1535,-0.898,False,False,False,False,False,0,none,False,lower,,14,Monday
2010-05-31 15:00:00,0.4859,0.5044,-0.0184,-0.9997,0.1786,-0.074,False,False,False,False,False,0,none,False,lower,,15,Monday
2010-05-31 16:00:00,1.585,1.602,-0.017,1.6766,0.1286,0.0118,False,False,False,False,False,0,none,False,higher,,16,Monday
2010-05-31 17:00:00,1.1943,1.1746,0.0197,0.4023,0.177,2.1526,False,False,False,False,False,0,none,False,higher,,17,Monday
2010-05-31 18:00:00,1.7174,1.7563,-0.0389,0.9479,0.1455,-1.2661,False,False,False,False,False,0,none,False,higher,,18,Monday
2010-05-31 19:00:00,1.2718,1.2981,-0.0263,-0.2751,0.165,-0.5342,False,False,False,False,False,0,none,False,lower,,19,Monday
2010-05-31 20:00:00,0.6001,0.6418,-0.0417,-1.7778,0.1698,-1.4297,False,False,False,False,False,0,none,False,lower,,20,Monday
2010-05-31 21:00:00,1.2517,1.2524,-0.0007,-0.6415,0.1643,0.9603,False,False,False,False,False,0,none,False,lower,,21,Monday
2010-05-31 22:00:00,1.4027,1.4388,-0.0361,0.2742,0.1776,-1.1032,False,False,False,False,False,0,none,False,higher,,22,Monday
2010-05-31 23:00:00,0.5011,0.5439,-0.0428,-0.4913,0.171,-1.492,False,False,False,False,False,0,none,False,lower,,23,Monday
2010-06-01 00:00:00,0.3003,0.3104,-0.0101,-0.6916,0.1961,0.4138,False,False,False,False,False,0,none,False,lower,,0,Tuesday
2010-06-01 01:00:00,0.3134,0.317,-0.0036,-0.6537,0.2034,0.7893,False,False,False,False,False,0,none,False,lower,,1,Tuesday
2010-06-01 02:00:00,0.2522,0.2657,-0.0135,-0.7374,0.1988,0.2132,False,False,False,False,False,0,none,False,lower,,2,Tuesday
2010-06-01 03:00:00,0.3105,0.3207,-0.0102,-0.6862,0.2028,0.4071,False,False,False,False,False,0,none,False,lower,,3,Tuesday
2010-06-01 04:00:00,0.2316,0.2474,-0.0158,-1.0307,0.1935,0.0792,False,False,False,False,False,0,none,False,lower,,4,Tuesday
2010-06-01 05:00:00,0.3,0.3184,-0.0183,-0.5839,0.1969,-0.0675,False,False,False,False,False,0,none,False,lower,,5,Tuesday
2010-06-01 06:00:00,0.6144,0.6076,0.0067,-0.378,0.1818,1.3933,False,False,False,False,False,0,none,False,lower,,6,Tuesday
2010-06-01 07:00:00,1.605,1.6146,-0.0096,0.3563,0.1397,0.4448,False,False,False,False,False,0,none,False,higher,,7,Tuesday
2010-06-01 08:00:00,1.9331,1.913,0.02,0.6894,0.1378,2.1703,False,False,False,False,False,0,none,False,higher,,8,Tuesday
2010-06-01 09:00:00,1.9973,1.9725,0.0247,0.6946,0.1359,2.4439,False,False,False,False,False,0,none,False,higher,,9,Tuesday
2010-06-01 10:00:00,1.3527,1.3513,0.0015,-0.7494,0.1628,1.087,False,False,False,False,False,0,none,False,lower,,10,Tuesday
2010-06-01 11:00:00,1.3442,1.3435,0.0007,-0.2995,0.1884,1.0423,False,False,False,False,False,0,none,False,lower,,11,Tuesday
2010-06-01 12:00:00,1.6769,1.6975,-0.0206,0.6169,0.1672,-0.2007,False,False,False,False,False,0,none,False,higher,,12,Tuesday
2010-06-01 13:00:00,1.6021,1.604,-0.002,0.9302,0.1773,0.887,False,False,False,False,False,0,none,False,higher,,13,Tuesday
2010-06-01 14:00:00,1.4454,1.4592,-0.0139,0.3128,0.1791,0.1932,False,False,False,False,False,0,none,False,higher,,14,Tuesday
2010-06-01 15:00:00,1.4785,1.4896,-0.0111,0.8772,0.1806,0.3536,False,False,False,False,False,0,none,False,higher,,15,Tuesday
2010-06-01 16:00:00,0.9093,0.9436,-0.0342,0.1465,0.179,-0.9934,False,False,False,False,False,0,none,False,higher,,16,Tuesday
2010-06-01 17:00:00,0.3416,0.356,-0.0144,-0.8857,0.1666,0.1623,False,False,False,False,False,0,none,False,lower,,17,Tuesday
2010-06-01 18:00:00,0.3523,0.3639,-0.0116,-0.9401,0.1855,0.3253,False,False,False,False,False,0,none,False,lower,,18,Tuesday
2010-06-01 19:00:00,0.3855,0.3987,-0.0132,-1.5531,0.1895,0.2346,False,False,False,False,False,0,none,False,lower,,19,Tuesday
2010-06-01 20:00:00,0.5895,0.6186,-0.0291,-1.6399,0.1864,-0.6923,False,False,False,False,False,0,none,False,lower,,20,Tuesday
2010-06-01 21:00:00,0.5218,0.5338,-0.0119,-1.4144,0.1965,0.3062,False,False,False,False,False,0,none,False,lower,,21,Tuesday
2010-06-01 22:00:00,0.6503,0.6653,-0.015,-0.8913,0.1969,0.1285,False,False,False,False,False,0,none,False,lower,,22,Tuesday
2010-06-01 23:00:00,0.6416,0.6636,-0.0219,-0.3152,0.208,-0.2776,False,False,False,False,False,0,none,False,lower,,23,Tuesday
2010-06-02 00:00:00,0.3203,0.3353,-0.015,-0.6282,0.1968,0.1291,False,False,False,False,False,0,none,False,lower,,0,Wednesday
2010-06-02 01:00:00,0.7598,0.7396,0.0202,0.2643,0.1808,2.1808,False,False,False,False,False,0,none,False,higher,,1,Wednesday
2010-06-02 02:00:00,1.1002,1.1295,-0.0294,1.4048,0.177,-0.7104,False,False,False,False,True,0,none,False,higher,,2,Wednesday
2010-06-02 03:00:00,0.2494,0.2688,-0.0194,-0.923,0.1471,-0.1296,False,False,False,False,False,0,none,False,lower,,3,Wednesday
2010-06-02 04:00:00,0.2803,0.2955,-0.0152,-0.7574,0.2024,0.1155,False,False,False,False,False,0,none,False,lower,,4,Wednesday
2010-06-02 05:00:00,0.2608,0.2769,-0.0161,-0.7662,0.1961,0.0642,False,False,False,False,False,0,none,False,lower,,5,Wednesday
2010-06-02 06:00:00,0.6466,0.6477,-0.0011,-0.2203,0.1804,0.9347,False,False,False,False,False,0,none,False,lower,,6,Wednesday
2010-06-02 07:00:00,1.7422,1.7437,-0.0015,0.5567,0.1322,0.9163,False,False,False,False,False,0,none,False,higher,,7,Wednesday
2010-06-02 08:00:00,1.3471,1.3614,-0.0143,-0.38,0.1721,0.1694,False,False,False,False,False,0,none,False,lower,,8,Wednesday
2010-06-02 09:00:00,1.33,1.3472,-0.0171,-0.5463,0.1899,0.0035,False,False,False,False,False,0,none,False,lower,,9,Wednesday
2010-06-02 10:00:00,1.137,1.1526,-0.0156,-1.2254,0.1865,0.0941,False,False,False,False,False,0,none,False,lower,,10,Wednesday
2010-06-02 11:00:00,0.7223,0.7588,-0.0364,-1.5782,0.1888,-1.1218,False,False,False,False,False,0,none,False,lower,,11,Wednesday
2010-06-02 12:00:00,0.4136,0.4268,-0.0132,-1.8853,0.1806,0.231,False,False,False,False,False,0,none,False,lower,,12,Wednesday
2010-06-02 13:00:00,0.4407,0.4822,-0.0415,-1.4122,0.1952,-1.4187,False,False,False,False,False,0,none,False,lower,,13,Wednesday
2010-06-02 14:00:00,0.2714,0.3107,-0.0392,-1.1133,0.1726,-1.285,False,False,False,False,False,0,none,False,lower,,14,Wednesday
2010-06-02 15:00:00,1.0624,1.0852,-0.0228,0.074,0.1423,-0.3297,False,False,False,False,False,0,none,False,higher,,15,Wednesday
2010-06-02 16:00:00,0.3023,0.3358,-0.0336,-1.1136,0.1485,-0.9549,False,False,False,False,False,0,none,False,lower,,16,Wednesday
2010-06-02 17:00:00,0.31,0.3432,-0.0332,-0.9159,0.1843,-0.9319,False,False,False,False,False,0,none,False,lower,,17,Wednesday
2010-06-02 18:00:00,0.28,0.3137,-0.0336,-1.0078,0.1724,-0.959,False,False,False,False,False,0,none,False,lower,,18,Wednesday
2010-06-02 19:00:00,0.3494,0.3675,-0.0181,-1.4903,0.18,-0.0531,False,False,False,False,False,0,none,False,lower,,19,Wednesday
2010-06-02 20:00:00,0.9114,0.9016,0.0098,-1.0861,0.1492,1.5735,False,False,False,False,False,0,none,False,lower,,20,Wednesday
2010-06-02 21:00:00,1.2373,1.268,-0.0307,-0.5592,0.1549,-0.7907,False,False,False,False,False,0,none,False,lower,,21,Wednesday
2010-06-02 22:00:00,0.6118,0.6295,-0.0177,-0.9087,0.1723,-0.0285,False,False,False,False,False,0,none,False,lower,,22,Wednesday
2010-06-02 23:00:00,0.2618,0.2786,-0.0168,-0.8195,0.1757,0.024,False,False,False,False,False,0,none,False,lower,,23,Wednesday
2010-06-03 00:00:00,0.5235,0.524,-0.0006,-0.085,0.1784,0.9691,False,False,False,False,False,0,none,False,lower,,0,Thursday
2010-06-03 01:00:00,0.2559,0.2695,-0.0137,-0.8098,0.178,0.2048,False,False,False,False,False,0,none,False,lower,,1,Thursday
2010-06-03 02:00:00,0.3059,0.3203,-0.0144,-0.6402,0.1884,0.1606,False,False,False,False,False,0,none,False,lower,,2,Thursday
2010-06-03 03:00:00,1.0056,1.0158,-0.0102,2.3451,0.1425,0.4077,False,False,False,False,True,0,none,False,higher,,3,Thursday
2010-06-03 04:00:00,0.2177,0.2418,-0.0241,-1.0131,0.1426,-0.4025,False,False,False,False,False,0,none,False,lower,,4,Thursday
2010-06-03 05:00:00,0.3089,0.3248,-0.0159,-0.5377,0.1888,0.0745,False,False,False,False,False,0,none,False,lower,,5,Thursday
2010-06-03 06:00:00,0.9371,0.913,0.0241,0.8766,0.143,2.4066,False,False,False,False,False,0,none,False,higher,,6,Thursday
2010-06-03 07:00:00,1.7112,1.7119,-0.0007,0.4904,0.1133,0.9627,False,False,False,False,False,0,none,False,higher,,7,Thursday
2010-06-03 08:00:00,2.2531,2.2187,0.0344,1.2693,0.0773,3.0074,False,False,False,False,False,0,none,False,higher,,8,Thursday
2010-06-03 09:00:00,1.8671,1.8636,0.0035,0.5339,0.1165,1.2033,False,False,False,False,False,0,none,False,higher,,9,Thursday
2010-06-03 10:00:00,1.3756,1.3869,-0.0113,-0.5582,0.1531,0.3455,False,False,False,False,False,0,none,False,lower,,10,Thursday
2010-06-03 11:00:00,1.3289,1.3394,-0.0105,-0.2532,0.1739,0.3902,False,False,False,False,False,0,none,False,lower,,11,Thursday
2010-06-03 12:00:00,1.9338,1.8988,0.0351,1.1048,0.129,3.0461,False,False,False,False,False,0,none,False,higher,,12,Thursday
2010-06-03 13:00:00,2.3048,2.2744,0.0304,2.3062,0.1081,2.7731,False,False,False,False,False,0,none,False,higher,,13,Thursday
2010-06-03 14:00:00,1.3756,1.3927,-0.017,0.3258,0.1471,0.0078,False,False,False,False,False,0,none,False,higher,,14,Thursday
2010-06-03 15:00:00,1.3579,1.3931,-0.0353,0.7406,0.1878,-1.0539,False,False,False,False,False,0,none,False,higher,,15,Thursday
2010-06-03 16:00:00,0.2958,0.3125,-0.0166,-1.1035,0.1375,0.0315,False,False,False,False,False,0,none,False,lower,,16,Thursday
2010-06-03 17:00:00,0.3086,0.3291,-0.0205,-0.8944,0.188,-0.1942,False,False,False,False,False,0,none,False,lower,,17,Thursday
2010-06-03 18:00:00,0.399,0.4159,-0.017,-0.8147,0.185,0.013,False,False,False,False,False,0,none,False,lower,,18,Thursday
2010-06-03 19:00:00,1.2476,1.2761,-0.0285,-0.1513,0.1497,-0.6617,False,False,False,False,False,0,none,False,lower,,19,Thursday
2010-06-03 20:00:00,0.3955,0.4325,-0.037,-1.6777,0.1525,-1.1538,False,False,False,False,False,0,none,False,lower,,20,Thursday
2010-06-03 21:00:00,0.6004,0.6055,-0.0051,-1.2248,0.1886,0.7036,False,False,False,False,False,0,none,False,lower,,21,Thursday
2010-06-03 22:00:00,0.5786,0.6029,-0.0243,-0.8966,0.1962,-0.4142,False,False,False,False,False,0,none,False,lower,,22,Thursday
2010-06-03 23:00:00,0.3484,0.3715,-0.0231,-0.6804,0.2001,-0.3439,False,False,False,False,False,0,none,False,lower,,23,Thursday
2010-06-04 00:00:00,0.3002,0.3155,-0.0153,-0.6968,0.1996,0.1122,False,False,False,False,False,0,none,False,lower,,0,Friday
2010-06-04 01:00:00,1.3538,1.3462,0.0077,1.4607,0.1272,1.4477,False,False,False,False,True,0,none,False,higher,,1,Friday
2010-06-04 02:00:00,0.3077,0.3257,-0.018,-0.6319,0.1461,-0.0478,False,False,False,False,False,0,none,False,lower,,2,Friday
2010-06-04 03:00:00,0.2564,0.2775,-0.0211,-0.8205,0.1969,-0.2256,False,False,False,False,False,0,none,False,lower,,3,Friday
2010-06-04 04:00:00,0.2801,0.2983,-0.0182,-0.6356,0.2016,-0.0586,False,False,False,False,False,0,none,False,lower,,4,Friday
2010-06-04 05:00:00,0.3346,0.3461,-0.0116,-0.4169,0.203,0.3272,False,False,False,False,False,0,none,False,lower,,5,Friday
2010-06-04 06:00:00,1.2162,1.1989,0.0173,1.8717,0.1462,2.0091,False,False,False,False,False,0,none,False,higher,,6,Friday
2010-06-04 07:00:00,1.6454,1.6551,-0.0096,0.3538,0.1593,0.44,False,False,False,False,False,0,none,False,higher,,7,Friday
2010-06-04 08:00:00,1.5706,1.5769,-0.0063,-0.0134,0.1744,0.636,False,False,False,False,False,0,none,False,lower,,8,Friday
2010-06-04 09:00:00,1.8476,1.8191,0.0286,0.4633,0.152,2.6677,False,False,False,False,False,0,none,False,higher,,9,Friday
2010-06-04 10:00:00,1.3329,1.3468,-0.014,-0.6708,0.1728,0.1866,False,False,False,False,False,0,none,False,lower,,10,Friday
2010-06-04 11:00:00,1.1925,1.2173,-0.0248,-0.5158,0.1913,-0.442,False,False,False,False,False,0,none,False,lower,,11,Friday
2010-06-04 12:00:00,0.5806,0.6054,-0.0247,-1.3989,0.1775,-0.4395,False,False,False,False,False,0,none,False,lower,,12,Friday
2010-06-04 13:00:00,0.9876,0.947,0.0406,-0.292,0.1767,3.3696,False,False,False,False,False,0,none,False,lower,,13,Friday
2010-06-04 14:00:00,1.0285,1.0632,-0.0347,-0.1474,0.1817,-1.0204,False,False,False,False,False,0,none,False,lower,,14,Friday
2010-06-04 15:00:00,1.3964,1.4058,-0.0094,0.7649,0.1677,0.4517,False,False,False,False,False,0,none,False,higher,,15,Friday
2010-06-04 16:00:00,1.4777,1.4911,-0.0134,1.2995,0.1759,0.2227,False,False,False,False,False,0,none,False,higher,,16,Friday
2010-06-04 17:00:00,0.8026,0.8336,-0.031,-0.1752,0.1739,-0.8067,False,False,False,False,False,0,none,False,lower,,17,Friday
2010-06-04 18:00:00,0.496,0.5083,-0.0123,-0.6432,0.1834,0.2854,False,False,False,False,False,0,none,False,lower,,18,Friday
2010-06-04 19:00:00,0.3717,0.3869,-0.0152,-1.3376,0.1905,0.1146,False,False,False,False,False,0,none,False,lower,,19,Friday
2010-06-04 20:00:00,0.4455,0.4781,-0.0326,-1.4976,0.1921,-0.8993,False,False,False,False,False,0,none,False,lower,,20,Friday
2010-06-04 21:00:00,1.8008,1.7145,0.0863,0.1418,0.1087,6.0352,False,False,True,False,False,1,low,False,higher,residual,21,Friday
2010-06-04 22:00:00,1.3293,1.3655,-0.0362,0.2674,0.1699,-1.1075,False,False,False,False,False,0,none,False,higher,,22,Friday
2010-06-04 23:00:00,1.3209,1.3301,-0.0092,0.5894,0.1794,0.4662,False,False,False,False,False,0,none,False,higher,,23,Friday
2010-06-05 00:00:00,1.9819,1.9693,0.0127,3.7765,0.0767,1.7391,True,False,False,False,False,1,low,False,higher,rolling_z,0,Saturday
2010-06-05 01:00:00,0.9362,0.955,-0.0188,0.513,0.1023,-0.0937,False,False,False,False,False,0,none,False,higher,,1,Saturday
2010-06-05 02:00:00,0.3566,0.3813,-0.0247,-0.5088,0.1305,-0.4401,False,False,False,False,False,0,none,False,lower,,2,Saturday
2010-06-05 03:00:00,0.2694,0.2938,-0.0244,-0.7484,0.1389,-0.4183,False,False,False,False,False,0,none,False,lower,,3,Saturday
2010-06-05 04:00:00,0.3643,0.3876,-0.0233,-0.083,0.1515,-0.3594,False,False,False,False,False,0,none,False,lower,,4,Saturday
2010-06-05 05:00:00,0.3179,0.3474,-0.0295,-0.4882,0.1483,-0.7193,False,False,False,False,False,0,none,False,lower,,5,Saturday
2010-06-05 06:00:00,0.6623,0.6626,-0.0003,-0.2199,0.1379,0.9816,False,False,False,False,False,0,none,False,lower,,6,Saturday
2010-06-05 07:00:00,1.5862,1.5897,-0.0035,0.2854,0.0931,0.7991,False,False,False,False,False,0,none,False,higher,,7,Saturday
2010-06-05 08:00:00,1.4944,1.5086,-0.0142,-0.14,0.126,0.173,False,False,False,False,False,0,none,False,lower,,8,Saturday
2010-06-05 09:00:00,1.4394,1.4514,-0.012,-0.3153,0.1288,0.2991,False,False,False,False,False,0,none,False,lower,,9,Saturday
2010-06-05 10:00:00,1.1426,1.1875,-0.0449,-1.1421,0.1295,-1.6173,False,False,False,False,False,0,none,False,lower,,10,Saturday
2010-06-05 11:00:00,1.6338,1.6232,0.0106,0.37,0.1164,1.6177,False,False,False,False,False,0,none,False,higher,,11,Saturday
2010-06-05 12:00:00,2.3739,2.3795,-0.0056,1.8668,0.0557,0.6755,False,False,False,False,False,0,none,False,higher,,12,Saturday
2010-06-05 13:00:00,0.9036,0.8986,0.005,-0.4669,0.0894,1.2919,False,False,False,False,False,0,none,False,lower,,13,Saturday
2010-06-05 14:00:00,1.3759,1.3843,-0.0084,0.2742,0.1149,0.5108,False,False,False,False,False,0,none,False,higher,,14,Saturday
2010-06-05 15:00:00,1.2072,1.2184,-0.0112,0.3737,0.1375,0.3458,False,False,False,False,False,0,none,False,higher,,15,Saturday
2010-06-05 16:00:00,2.0771,2.0732,0.0039,2.4019,0.0775,1.2267,False,False,False,False,False,0,none,False,higher,,16,Saturday
2010-06-05 17:00:00,0.9002,0.9229,-0.0227,-0.0584,0.0916,-0.3242,False,False,False,False,False,0,none,False,lower,,17,Saturday
2010-06-05 18:00:00,2.0113,1.9947,0.0166,1.3076,0.0686,1.9696,False,False,False,False,False,0,none,False,higher,,18,Saturday
2010-06-05 19:00:00,1.8069,1.8106,-0.0037,0.6845,0.1051,0.7855,False,False,False,False,False,0,none,False,higher,,19,Saturday
2010-06-05 20:00:00,1.7313,1.7433,-0.012,0.1426,0.1139,0.2998,False,False,False,False,False,0,none,False,higher,,20,Saturday
2010-06-05 21:00:00,0.6489,0.6118,0.0371,-1.1312,0.0838,3.1655,False,False,False,False,False,0,none,False,lower,,21,Saturday
2010-06-05 22:00:00,3.0246,2.8457,0.1789,2.8656,-0.021,11.4314,False,True,True,False,False,2,medium,True,higher,"isolation_forest,residual",22,Saturday
2010-06-05 23:00:00,3.2483,2.9656,0.2827,3.0921,0.002,17.4839,True,False,True,False,True,2,medium,True,higher,"rolling_z,residual",23,Saturday
2010-06-06 00:00:00,2.7726,2.6517,0.1209,4.7864,0.0166,8.0499,True,False,True,True,True,2,medium,True,higher,"rolling_z,residual",0,Sunday
2010-06-06 01:00:00,1.3972,1.4057,-0.0085,1.8308,0.0502,0.5055,False,False,False,False,False,0,none,False,higher,,1,Sunday
2010-06-06 02:00:00,0.4164,0.4211,-0.0047,-0.3026,0.0683,0.7275,False,False,False,False,False,0,none,False,lower,,2,Sunday
2010-06-06 03:00:00,0.4262,0.4332,-0.007,-0.0575,0.1097,0.5946,False,False,False,False,False,0,none,False,lower,,3,Sunday
2010-06-06 04:00:00,0.381,0.38,0.001,0.0169,0.1051,1.0618,False,False,False,False,False,0,none,False,higher,,4,Sunday
2010-06-06 05:00:00,0.4038,0.4127,-0.009,-0.0828,0.1024,0.4792,False,False,False,False,False,0,none,False,lower,,5,Sunday
2010-06-06 06:00:00,0.3208,0.3314,-0.0106,-1.6232,0.0907,0.3826,False,False,False,False,False,0,none,False,lower,,6,Sunday
2010-06-06 07:00:00,0.4411,0.4491,-0.008,-1.7897,0.1025,0.5335,False,False,False,False,False,0,none,False,lower,,7,Sunday
2010-06-06 08:00:00,0.4226,0.4389,-0.0163,-2.2786,0.109,0.0489,False,False,False,False,False,0,none,False,lower,,8,Sunday
2010-06-06 09:00:00,1.3165,1.3229,-0.0064,-0.5066,0.079,0.6304,False,False,False,False,False,0,none,False,lower,,9,Sunday
2010-06-06 10:00:00,0.7921,0.8045,-0.0124,-2.1441,0.1064,0.2769,False,False,False,False,False,0,none,False,lower,,10,Sunday
2010-06-06 11:00:00,0.3429,0.3708,-0.0279,-2.2143,0.097,-0.6247,False,False,False,False,False,0,none,False,lower,,11,Sunday
2010-06-06 12:00:00,2.4814,2.3973,0.0841,1.8862,0.0088,5.9061,False,False,False,False,False,0,none,False,higher,,12,Sunday
2010-06-06 13:00:00,1.9768,2.0278,-0.051,1.4996,0.0862,-1.9694,False,False,False,False,False,0,none,False,higher,,13,Sunday
2010-06-06 14:00:00,1.5261,1.5296,-0.0035,0.4681,0.1133,0.7974,False,False,False,False,False,0,none,False,higher,,14,Sunday
2010-06-06 15:00:00,1.4523,1.4641,-0.0118,0.8392,0.1188,0.3129,False,False,False,False,False,0,none,False,higher,,15,Sunday
2010-06-06 16:00:00,2.7384,2.6637,0.0747,3.3231,0.0204,5.3558,True,False,False,False,False,1,low,False,higher,rolling_z,16,Sunday
2010-06-06 17:00:00,2.608,2.5382,0.0699,2.4176,0.0474,5.0739,False,False,False,False,False,0,none,False,higher,,17,Sunday
2010-06-06 18:00:00,0.5265,0.5954,-0.0689,-0.6634,0.0345,-3.0123,False,False,False,False,False,0,none,False,lower,,18,Sunday
2010-06-06 19:00:00,0.4087,0.4328,-0.0241,-1.3001,0.0999,-0.4015,False,False,False,False,False,0,none,False,lower,,19,Sunday
2010-06-06 20:00:00,0.4997,0.5116,-0.0119,-1.4258,0.1124,0.3091,False,False,False,False,False,0,none,False,lower,,20,Sunday
2010-06-06 21:00:00,2.1412,2.0968,0.0444,0.6809,0.0456,3.5886,False,False,False,False,False,0,none,False,higher,,21,Sunday
2010-06-06 22:00:00,2.5723,2.5826,-0.0103,1.8209,0.0488,0.4006,False,False,False,False,False,0,none,False,higher,,22,Sunday
2010-06-06 23:00:00,0.7484,0.7967,-0.0483,-0.247,0.0654,-1.8132,False,False,False,False,False,0,none,False,lower,,23,Sunday
2010-06-07 00:00:00,0.2674,0.2886,-0.0212,-0.6726,0.1572,-0.2347,False,False,False,False,False,0,none,False,lower,,0,Monday
2010-06-07 01:00:00,0.3768,0.3827,-0.0059,-0.6649,0.1994,0.6567,False,False,False,False,False,0,none,False,lower,,1,Monday
2010-06-07 02:00:00,0.3132,0.3249,-0.0116,-0.5665,0.2019,0.3235,False,False,False,False,False,0,none,False,lower,,2,Monday
2010-06-07 03:00:00,0.3663,0.3815,-0.0152,-0.3044,0.2034,0.1149,False,False,False,False,False,0,none,False,lower,,3,Monday
2010-06-07 04:00:00,0.3106,0.3249,-0.0142,-0.4612,0.1981,0.171,False,False,False,False,False,0,none,False,lower,,4,Monday
2010-06-07 05:00:00,0.2809,0.303,-0.0221,-0.6545,0.1888,-0.2845,False,False,False,False,False,0,none,False,lower,,5,Monday
2010-06-07 06:00:00,0.7908,0.7683,0.0225,0.3042,0.1775,2.3137,False,False,False,False,False,0,none,False,higher,,6,Monday
2010-06-07 07:00:00,1.7549,1.7597,-0.0048,0.524,0.1368,0.7234,False,False,False,False,False,0,none,False,higher,,7,Monday
2010-06-07 08:00:00,1.7765,1.7716,0.0049,0.324,0.1634,1.2866,False,False,False,False,False,0,none,False,higher,,8,Monday
2010-06-07 09:00:00,1.8904,1.8563,0.034,0.633,0.158,2.9855,False,False,False,False,False,0,none,False,higher,,9,Monday
2010-06-07 10:00:00,0.8,0.837,-0.037,-2.1481,0.137,-1.1552,False,False,False,False,False,0,none,False,lower,,10,Monday
2010-06-07 11:00:00,0.3517,0.3706,-0.0189,-1.974,0.1434,-0.1001,False,False,False,False,False,0,none,False,lower,,11,Monday
2010-06-07 12:00:00,0.4173,0.4281,-0.0108,-1.5117,0.1706,0.3698,False,False,False,False,False,0,none,False,lower,,12,Monday
2010-06-07 13:00:00,0.4156,0.4362,-0.0206,-1.2992,0.1875,-0.1987,False,False,False,False,False,0,none,False,lower,,13,Monday
2010-06-07 14:00:00,0.2989,0.319,-0.0202,-1.0818,0.1772,-0.1749,False,False,False,False,False,0,none,False,lower,,14,Monday
2010-06-07 15:00:00,0.349,0.3627,-0.0137,-1.4515,0.1933,0.2024,False,False,False,False,False,0,none,False,lower,,15,Monday
2010-06-07 16:00:00,0.3284,0.3461,-0.0177,-1.0405,0.1948,-0.032,False,False,False,False,False,0,none,False,lower,,16,Monday
2010-06-07 17:00:00,1.0391,1.0724,-0.0333,0.0293,0.1545,-0.941,False,False,False,False,False,0,none,False,higher,,17,Monday
2010-06-07 18:00:00,0.6156,0.6185,-0.0029,-0.5291,0.1754,0.8321,False,False,False,False,False,0,none,False,lower,,18,Monday
2010-06-07 19:00:00,0.9401,0.983,-0.0429,-0.4873,0.1747,-1.5001,False,False,False,False,False,0,none,False,lower,,19,Monday
2010-06-07 20:00:00,1.068,1.0872,-0.0192,-0.6296,0.1798,-0.1173,False,False,False,False,False,0,none,False,lower,,20,Monday
2010-06-07 21:00:00,0.9031,0.9146,-0.0116,-0.7714,0.1821,0.3264,False,False,False,False,False,0,none,False,lower,,21,Monday
2010-06-07 22:00:00,0.833,0.859,-0.026,-0.5791,0.1819,-0.5166,False,False,False,False,False,0,none,False,lower,,22,Monday
2010-06-07 23:00:00,0.3805,0.4,-0.0195,-0.68,0.1836,-0.1341,False,False,False,False,False,0,none,False,lower,,23,Monday
2010-06-08 00:00:00,0.6259,0.6166,0.0093,-0.077,0.1824,1.5416,False,False,False,False,False,0,none,False,lower,,0,Tuesday
2010-06-08 01:00:00,0.8197,0.8497,-0.03,0.3433,0.1813,-0.7469,False,False,False,False,False,0,none,False,higher,,1,Tuesday
2010-06-08 02:00:00,0.2473,0.2628,-0.0155,-0.7228,0.1752,0.0956,False,False,False,False,False,0,none,False,lower,,2,Tuesday
2010-06-08 03:00:00,0.3354,0.3531,-0.0177,-0.4286,0.1982,-0.0295,False,False,False,False,False,0,none,False,lower,,3,Tuesday
2010-06-08 04:00:00,0.3112,0.3252,-0.014,-0.4442,0.2006,0.1875,False,False,False,False,False,0,none,False,lower,,4,Tuesday
2010-06-08 05:00:00,0.3416,0.3551,-0.0134,-0.3061,0.2013,0.2175,False,False,False,False,False,0,none,False,lower,,5,Tuesday
2010-06-08 06:00:00,0.4869,0.4669,0.0199,-0.876,0.179,2.164,False,False,False,False,False,0,none,False,lower,,6,Tuesday
2010-06-08 07:00:00,1.8496,1.8522,-0.0027,0.6983,0.0892,0.8461,False,False,False,False,False,0,none,False,higher,,7,Tuesday
2010-06-08 08:00:00,2.2103,2.1764,0.034,1.1295,0.0871,2.9818,False,False,False,False,False,0,none,False,higher,,8,Tuesday
2010-06-08 09:00:00,1.9912,1.9757,0.0154,0.8045,0.1105,1.9018,False,False,False,False,False,0,none,False,higher,,9,Tuesday
2010-06-08 10:00:00,1.4521,1.4575,-0.0054,-0.0266,0.1511,0.6855,False,False,False,False,False,0,none,False,lower,,10,Tuesday
2010-06-08 11:00:00,1.4519,1.4702,-0.0183,0.2278,0.1731,-0.0672,False,False,False,False,False,0,none,False,higher,,11,Tuesday
2010-06-08 12:00:00,1.3902,1.3934,-0.0032,0.053,0.1858,0.8155,False,False,False,False,False,0,none,False,higher,,12,Tuesday
2010-06-08 13:00:00,1.4038,1.4232,-0.0195,0.4228,0.1876,-0.1334,False,False,False,False,False,0,none,False,higher,,13,Tuesday
2010-06-08 14:00:00,0.3218,0.3437,-0.022,-1.0231,0.1393,-0.2797,False,False,False,False,False,0,none,False,lower,,14,Tuesday
2010-06-08 15:00:00,0.445,0.4576,-0.0126,-1.2445,0.1982,0.267,False,False,False,False,False,0,none,False,lower,,15,Tuesday
2010-06-08 16:00:00,0.5609,0.5769,-0.016,-0.669,0.1971,0.068,False,False,False,False,False,0,none,False,lower,,16,Tuesday
2010-06-08 17:00:00,0.6244,0.6485,-0.0241,-0.5605,0.201,-0.4032,False,False,False,False,False,0,none,False,lower,,17,Tuesday
2010-06-08 18:00:00,0.7282,0.7757,-0.0475,-0.3984,0.1926,-1.7667,False,False,False,False,False,0,none,False,lower,,18,Tuesday
2010-06-08 19:00:00,1.4204,1.4327,-0.0123,0.1721,0.1576,0.2841,False,False,False,False,False,0,none,False,higher,,19,Tuesday
2010-06-08 20:00:00,1.0441,1.0492,-0.0051,-0.6083,0.1786,0.7069,False,False,False,False,False,0,none,False,lower,,20,Tuesday
2010-06-08 21:00:00,1.4155,1.4146,0.0009,-0.0826,0.1721,1.0531,False,False,False,False,False,0,none,False,lower,,21,Tuesday
2010-06-08 22:00:00,0.5682,0.6182,-0.05,-0.8807,0.1659,-1.9149,False,False,False,False,False,0,none,False,lower,,22,Tuesday
2010-06-08 23:00:00,0.6552,0.6815,-0.0264,-0.3254,0.2043,-0.5363,False,False,False,False,False,0,none,False,lower,,23,Tuesday
2010-06-09 00:00:00,0.3538,0.363,-0.0092,-0.4864,0.1974,0.4636,False,False,False,False,False,0,none,False,lower,,0,Wednesday
2010-06-09 01:00:00,0.3973,0.4051,-0.0078,-0.6061,0.2073,0.5481,False,False,False,False,False,0,none,False,lower,,1,Wednesday
2010-06-09 02:00:00,0.2605,0.2836,-0.0231,-0.6468,0.1975,-0.3459,False,False,False,False,False,0,none,False,lower,,2,Wednesday
2010-06-09 03:00:00,0.3733,0.3856,-0.0123,-0.2649,0.2043,0.2868,False,False,False,False,False,0,none,False,lower,,3,Wednesday
2010-06-09 04:00:00,0.3202,0.3379,-0.0178,-0.3616,0.2063,-0.0338,False,False,False,False,False,0,none,False,lower,,4,Wednesday
2010-06-09 05:00:00,0.3843,0.3987,-0.0144,-0.104,0.2028,0.1592,False,False,False,False,False,0,none,False,lower,,5,Wednesday
2010-06-09 06:00:00,0.8932,0.8774,0.0158,0.6969,0.1796,1.9209,False,False,False,False,False,0,none,False,higher,,6,Wednesday
2010-06-09 07:00:00,1.9536,1.949,0.0046,0.9115,0.1187,1.2705,False,False,False,False,False,0,none,False,higher,,7,Wednesday
2010-06-09 08:00:00,1.3556,1.3719,-0.0162,-0.4974,0.1635,0.0552,False,False,False,False,False,0,none,False,lower,,8,Wednesday
2010-06-09 09:00:00,1.4013,1.4108,-0.0095,-0.4623,0.1863,0.4484,False,False,False,False,False,0,none,False,lower,,9,Wednesday
2010-06-09 10:00:00,1.6439,1.635,0.0089,0.5538,0.1679,1.5211,False,False,False,False,False,0,none,False,higher,,10,Wednesday
2010-06-09 11:00:00,1.6741,1.7212,-0.0471,0.6457,0.1718,-1.7441,False,False,False,False,False,0,none,False,higher,,11,Wednesday
2010-06-09 12:00:00,0.5093,0.5357,-0.0264,-1.284,0.1449,-0.5362,False,False,False,False,False,0,none,False,lower,,12,Wednesday
2010-06-09 13:00:00,2.4124,2.3144,0.098,2.156,0.0438,6.7159,False,False,True,False,False,1,low,False,higher,residual,13,Wednesday
2010-06-09 14:00:00,0.8645,0.923,-0.0585,-0.3345,0.1327,-2.4076,False,False,False,False,False,0,none,False,lower,,14,Wednesday
2010-06-09 15:00:00,0.944,0.9535,-0.0095,-0.2307,0.1972,0.4504,False,False,False,False,False,0,none,False,lower,,15,Wednesday
2010-06-09 16:00:00,0.3622,0.385,-0.0227,-0.9604,0.1748,-0.3235,False,False,False,False,False,0,none,False,lower,,16,Wednesday
2010-06-09 17:00:00,1.438,1.3883,0.0496,0.5482,0.1377,3.8952,False,False,False,False,False,0,none,False,higher,,17,Wednesday
2010-06-09 18:00:00,1.5563,1.5858,-0.0295,0.6626,0.1674,-0.7191,False,False,False,False,False,0,none,False,higher,,18,Wednesday
2010-06-09 19:00:00,1.2358,1.2099,0.026,-0.0464,0.1725,2.5159,False,False,False,False,False,0,none,False,lower,,19,Wednesday
2010-06-09 20:00:00,1.9179,1.934,-0.0161,0.468,0.1425,0.0634,False,False,False,False,False,0,none,False,higher,,20,Wednesday
2010-06-09 21:00:00,1.514,1.5017,0.0123,0.0012,0.1645,1.7192,False,False,False,False,False,0,none,False,higher,,21,Wednesday
2010-06-09 22:00:00,1.1478,1.1648,-0.017,-0.1433,0.1845,0.0083,False,False,False,False,False,0,none,False,lower,,22,Wednesday
2010-06-09 23:00:00,0.6647,0.7049,-0.0402,-0.3182,0.1893,-1.342,False,False,False,False,False,0,none,False,lower,,23,Wednesday
2010-06-10 00:00:00,0.4043,0.4218,-0.0175,-0.4034,0.1963,-0.0184,False,False,False,False,False,0,none,False,lower,,0,Thursday
2010-06-10 01:00:00,0.3269,0.3572,-0.0304,-0.7313,0.1986,-0.769,False,False,False,False,False,0,none,False,lower,,1,Thursday
2010-06-10 02:00:00,0.3174,0.3398,-0.0224,-0.4581,0.2023,-0.3066,False,False,False,False,False,0,none,False,lower,,2,Thursday
2010-06-10 03:00:00,0.3237,0.3528,-0.0291,-0.4696,0.2012,-0.6921,False,False,False,False,False,0,none,False,lower,,3,Thursday
2010-06-10 04:00:00,0.75,0.7505,-0.0005,2.4722,0.1758,0.9748,False,False,False,False,False,0,none,False,higher,,4,Thursday
2010-06-10 05:00:00,0.6822,0.7168,-0.0346,1.347,0.191,-1.0161,False,False,False,False,True,0,none,False,higher,,5,Thursday
2010-06-10 06:00:00,0.5538,0.5737,-0.0199,-0.5761,0.1841,-0.1566,False,False,False,False,False,0,none,False,lower,,6,Thursday
2010-06-10 07:00:00,1.4263,1.4179,0.0084,0.0098,0.1518,1.4916,False,False,False,False,False,0,none,False,higher,,7,Thursday
2010-06-10 08:00:00,1.7923,1.7989,-0.0066,0.3928,0.1589,0.6182,False,False,False,False,False,0,none,False,higher,,8,Thursday
2010-06-10 09:00:00,1.355,1.3698,-0.0149,-0.5372,0.1739,0.1339,False,False,False,False,False,0,none,False,lower,,9,Thursday
2010-06-10 10:00:00,1.4778,1.4902,-0.0124,0.0553,0.1835,0.2764,False,False,False,False,False,0,none,False,higher,,10,Thursday
2010-06-10 11:00:00,1.3937,1.407,-0.0133,0.1506,0.1906,0.227,False,False,False,False,False,0,none,False,higher,,11,Thursday
2010-06-10 12:00:00,1.4353,1.4411,-0.0058,0.1833,0.1882,0.6642,False,False,False,False,False,0,none,False,higher,,12,Thursday
2010-06-10 13:00:00,1.1014,1.1445,-0.043,-0.175,0.1943,-1.5068,False,False,False,False,False,0,none,False,lower,,13,Thursday
2010-06-10 14:00:00,0.3748,0.3955,-0.0207,-0.9512,0.1646,-0.2041,False,False,False,False,False,0,none,False,lower,,14,Thursday
2010-06-10 15:00:00,0.3244,0.3551,-0.0308,-1.4896,0.1916,-0.7922,False,False,False,False,False,0,none,False,lower,,15,Thursday
2010-06-10 16:00:00,0.3791,0.405,-0.0259,-0.8693,0.1906,-0.5082,False,False,False,False,False,0,none,False,lower,,16,Thursday
2010-06-10 17:00:00,0.4402,0.4642,-0.0239,-0.8392,0.1973,-0.3938,False,False,False,False,False,0,none,False,lower,,17,Thursday
2010-06-10 18:00:00,0.6839,0.7012,-0.0173,-0.4719,0.1895,-0.0075,False,False,False,False,False,0,none,False,lower,,18,Thursday
2010-06-10 19:00:00,1.0552,1.0541,0.001,-0.3352,0.1782,1.0619,False,False,False,False,False,0,none,False,lower,,19,Thursday
2010-06-10 20:00:00,1.7362,1.7286,0.0076,0.2355,0.1455,1.4438,False,False,False,False,False,0,none,False,higher,,20,Thursday
2010-06-10 21:00:00,1.0709,1.1004,-0.0295,-0.5497,0.1654,-0.7189,False,False,False,False,False,0,none,False,lower,,21,Thursday
2010-06-10 22:00:00,0.5249,0.561,-0.0361,-0.9307,0.1851,-1.1024,False,False,False,False,False,0,none,False,lower,,22,Thursday
2010-06-10 23:00:00,0.3234,0.3454,-0.022,-0.6742,0.2003,-0.2816,False,False,False,False,False,0,none,False,lower,,23,Thursday
2010-06-11 00:00:00,0.3402,0.3435,-0.0033,-0.5156,0.2089,0.8076,False,False,False,False,False,0,none,False,lower,,0,Friday
2010-06-11 01:00:00,0.3791,0.398,-0.0189,-0.5989,0.2123,-0.1014,False,False,False,False,False,0,none,False,lower,,1,Friday
2010-06-11 02:00:00,0.3162,0.3464,-0.0302,-0.4587,0.2113,-0.7583,False,False,False,False,False,0,none,False,lower,,2,Friday
2010-06-11 03:00:00,0.3017,0.3226,-0.0209,-0.5532,0.2042,-0.2197,False,False,False,False,False,0,none,False,lower,,3,Friday
2010-06-11 04:00:00,0.332,0.3503,-0.0183,-0.3437,0.2093,-0.0624,False,False,False,False,False,0,none,False,lower,,4,Friday
2010-06-11 05:00:00,0.2519,0.2673,-0.0154,-0.8071,0.1911,0.103,False,False,False,False,False,0,none,False,lower,,5,Friday
2010-06-11 06:00:00,1.6247,1.6176,0.0071,3.5377,0.1047,1.4136,True,False,False,False,False,1,low,False,higher,rolling_z,6,Friday
2010-06-11 07:00:00,1.876,1.872,0.004,0.8446,0.1401,1.2348,False,False,False,False,False,0,none,False,higher,,7,Friday
2010-06-11 08:00:00,2.0137,1.9799,0.0338,0.7976,0.1276,2.9707,False,False,False,False,False,0,none,False,higher,,8,Friday
2010-06-11 09:00:00,1.8483,1.8496,-0.0013,0.4749,0.1497,0.9245,False,False,False,False,False,0,none,False,higher,,9,Friday
2010-06-11 10:00:00,1.4251,1.4322,-0.0071,-0.0981,0.168,0.5885,False,False,False,False,False,0,none,False,lower,,10,Friday
2010-06-11 11:00:00,1.4143,1.4178,-0.0035,0.2328,0.1863,0.7971,False,False,False,False,False,0,none,False,higher,,11,Friday
2010-06-11 12:00:00,1.7594,1.7249,0.0345,0.706,0.1585,3.0138,False,False,False,False,False,0,none,False,higher,,12,Friday
2010-06-11 13:00:00,1.3205,1.3711,-0.0505,0.1973,0.1739,-1.9451,False,False,False,False,False,0,none,False,higher,,13,Friday
2010-06-11 14:00:00,0.4647,0.4848,-0.0201,-0.7643,0.1648,-0.169,False,False,False,False,False,0,none,False,lower,,14,Friday
2010-06-11 15:00:00,1.0055,1.0097,-0.0041,0.0082,0.1791,0.7614,False,False,False,False,False,0,none,False,higher,,15,Friday
2010-06-11 16:00:00,1.1049,1.1378,-0.0329,0.2567,0.1895,-0.9167,False,False,False,False,False,0,none,False,higher,,16,Friday
2010-06-11 17:00:00,0.5202,0.5911,-0.0708,-0.6792,0.1791,-3.1281,False,False,False,False,False,0,none,False,lower,,17,Friday
2010-06-11 18:00:00,0.4731,0.4955,-0.0224,-0.7155,0.1908,-0.3059,False,False,False,False,False,0,none,False,lower,,18,Friday
2010-06-11 19:00:00,1.7517,1.7999,-0.0483,0.6548,0.1155,-1.8119,False,False,False,False,False,0,none,False,higher,,19,Friday
2010-06-11 20:00:00,0.5838,0.6292,-0.0454,-1.1742,0.142,-1.6429,False,False,False,False,False,0,none,False,lower,,20,Friday
2010-06-11 21:00:00,1.1657,1.1759,-0.0102,-0.3924,0.1712,0.4095,False,False,False,False,False,0,none,False,lower,,21,Friday
2010-06-11 22:00:00,1.0965,1.0549,0.0416,-0.1225,0.194,3.4275,False,False,False,False,False,0,none,False,lower,,22,Friday
2010-06-11 23:00:00,1.1418,1.1725,-0.0307,0.2627,0.1879,-0.7909,False,False,False,False,False,0,none,False,higher,,23,Friday
2010-06-12 00:00:00,0.9745,0.9935,-0.019,0.5561,0.1389,-0.1052,False,False,False,False,False,0,none,False,higher,,0,Saturday
2010-06-12 01:00:00,0.4236,0.4021,0.0215,-0.4884,0.1303,2.2547,False,False,False,False,False,0,none,False,lower,,1,Saturday
2010-06-12 02:00:00,0.8025,0.8378,-0.0352,0.9116,0.1318,-1.0532,False,False,False,False,False,0,none,False,higher,,2,Saturday
2010-06-12 03:00:00,0.3186,0.3244,-0.0058,-0.4707,0.1251,0.6625,False,False,False,False,False,0,none,False,lower,,3,Saturday
2010-06-12 04:00:00,0.3424,0.3574,-0.015,-0.2708,0.1509,0.13,False,False,False,False,False,0,none,False,lower,,4,Saturday
2010-06-12 05:00:00,0.3234,0.3318,-0.0084,-0.447,0.1468,0.5116,False,False,False,False,False,0,none,False,lower,,5,Saturday
2010-06-12 06:00:00,0.6064,0.5984,0.008,-0.4178,0.1427,1.4661,False,False,False,False,False,0,none,False,lower,,6,Saturday
2010-06-12 07:00:00,1.6915,1.7009,-0.0095,0.4442,0.086,0.45,False,False,False,False,False,0,none,False,higher,,7,Saturday
2010-06-12 08:00:00,1.7133,1.7346,-0.0212,0.2432,0.1184,-0.2361,False,False,False,False,False,0,none,False,higher,,8,Saturday
2010-06-12 09:00:00,1.3865,1.4012,-0.0147,-0.6152,0.1219,0.1466,False,False,False,False,False,0,none,False,lower,,9,Saturday
2010-06-12 10:00:00,1.3559,1.3751,-0.0192,-0.2926,0.1304,-0.1157,False,False,False,False,False,0,none,False,lower,,10,Saturday
2010-06-12 11:00:00,0.921,0.9121,0.0089,-0.7052,0.1368,1.5192,False,False,False,False,False,0,none,False,lower,,11,Saturday
2010-06-12 12:00:00,2.1129,2.1186,-0.0057,1.2289,0.0529,0.6707,False,False,False,False,False,0,none,False,higher,,12,Saturday
2010-06-12 13:00:00,1.5754,1.5985,-0.0231,0.6279,0.1108,-0.3473,False,False,False,False,False,0,none,False,higher,,13,Saturday
2010-06-12 14:00:00,0.9934,1.0057,-0.0123,0.0196,0.1332,0.2869,False,False,False,False,False,0,none,False,higher,,14,Saturday
2010-06-12 15:00:00,1.7004,1.69,0.0104,1.4944,0.1042,1.6059,False,False,False,False,False,0,none,False,higher,,15,Saturday
2010-06-12 16:00:00,1.6876,1.6716,0.0161,1.1888,0.1196,1.938,False,False,False,False,False,0,none,False,higher,,16,Saturday
2010-06-12 17:00:00,1.7254,1.7828,-0.0575,1.276,0.1179,-2.3493,False,False,False,False,False,0,none,False,higher,,17,Saturday
2010-06-12 18:00:00,2.1147,2.078,0.0368,1.6948,0.0872,3.1459,False,False,False,False,False,0,none,False,higher,,18,Saturday
2010-06-12 19:00:00,2.5192,2.5391,-0.0199,1.7456,0.0607,-0.1566,False,False,False,False,False,0,none,False,higher,,19,Saturday
2010-06-12 20:00:00,1.6606,1.6645,-0.0039,0.1877,0.091,0.7762,False,False,False,False,False,0,none,False,higher,,20,Saturday
2010-06-12 21:00:00,1.8441,1.8451,-0.001,0.4533,0.1081,0.9408,False,False,False,False,False,0,none,False,higher,,21,Saturday
2010-06-12 22:00:00,2.3568,2.3639,-0.0072,1.5154,0.0655,0.5838,False,False,False,False,False,0,none,False,higher,,22,Saturday
2010-06-12 23:00:00,1.7577,1.7758,-0.0181,0.9389,0.0847,-0.0526,False,False,False,False,False,0,none,False,higher,,23,Saturday
2010-06-13 00:00:00,1.2083,1.1878,0.0205,0.9135,0.1024,2.1985,False,False,False,False,False,0,none,False,higher,,0,Sunday
2010-06-13 01:00:00,0.3084,0.3227,-0.0143,-0.778,0.0712,0.1666,False,False,False,False,False,0,none,False,lower,,1,Sunday
2010-06-13 02:00:00,0.6055,0.6103,-0.0048,0.3132,0.11,0.721,False,False,False,False,False,0,none,False,higher,,2,Sunday
2010-06-13 03:00:00,0.4874,0.4879,-0.0006,0.213,0.1195,0.9681,False,False,False,False,False,0,none,False,higher,,3,Sunday
2010-06-13 04:00:00,0.8913,0.9128,-0.0215,3.0067,0.0978,-0.2521,True,False,False,False,True,1,low,False,higher,rolling_z,4,Sunday
2010-06-13 05:00:00,0.2724,0.2907,-0.0183,-0.7197,0.074,-0.0639,False,False,False,False,False,0,none,False,lower,,5,Sunday
2010-06-13 06:00:00,0.3261,0.3414,-0.0152,-1.3309,0.1033,0.1126,False,False,False,False,False,0,none,False,lower,,6,Sunday
2010-06-13 07:00:00,0.5486,0.5605,-0.0119,-1.8658,0.1082,0.3089,False,False,False,False,False,0,none,False,lower,,7,Sunday
2010-06-13 08:00:00,0.4347,0.4632,-0.0284,-2.2844,0.1222,-0.6552,False,False,False,False,False,0,none,False,lower,,8,Sunday
2010-06-13 09:00:00,0.5859,0.5964,-0.0105,-2.6176,0.1207,0.3891,False,False,False,False,False,0,none,False,lower,,9,Sunday
2010-06-13 10:00:00,2.9333,2.8129,0.1203,4.2966,-0.0199,8.0161,True,True,True,False,False,3,high,True,higher,"rolling_z,isolation_forest,residual",10,Sunday
2010-06-13 11:00:00,2.7022,2.6675,0.0347,2.7721,0.0378,3.0259,False,False,False,False,False,0,none,False,higher,,11,Sunday
2010-06-13 12:00:00,0.9604,1.0071,-0.0468,-0.5694,0.0628,-1.7249,False,False,False,False,False,0,none,False,lower,,12,Sunday
2010-06-13 13:00:00,2.1598,2.1456,0.0142,1.589,0.0517,1.8295,False,False,False,False,False,0,none,False,higher,,13,Sunday
2010-06-13 14:00:00,2.0391,2.0154,0.0236,1.4601,0.0922,2.3802,False,False,False,False,False,0,none,False,higher,,14,Sunday
2010-06-13 15:00:00,0.6412,0.7255,-0.0843,-0.7815,0.0673,-3.9142,False,False,False,False,False,0,none,False,lower,,15,Sunday
2010-06-13 16:00:00,0.4927,0.5339,-0.0412,-0.711,0.1033,-1.3999,False,False,False,False,False,0,none,False,lower,,16,Sunday
2010-06-13 17:00:00,1.1057,1.1231,-0.0174,0.2268,0.104,-0.0107,False,False,False,False,False,0,none,False,higher,,17,Sunday
2010-06-13 18:00:00,1.1539,1.2074,-0.0534,0.2377,0.1204,-2.1129,False,False,False,False,False,0,none,False,higher,,18,Sunday
2010-06-13 19:00:00,2.0303,1.9768,0.0535,0.9932,0.0784,4.118,False,False,False,False,False,0,none,False,higher,,19,Sunday
2010-06-13 20:00:00,1.2484,1.2862,-0.0378,-0.2635,0.1066,-1.2017,False,False,False,False,False,0,none,False,lower,,20,Sunday
2010-06-13 21:00:00,2.5643,2.5458,0.0185,1.8024,0.038,2.0793,False,False,False,False,False,0,none,False,higher,,21,Sunday
2010-06-13 22:00:00,1.6214,1.6288,-0.0074,0.5794,0.0894,0.5711,False,False,False,False,False,0,none,False,higher,,22,Sunday
2010-06-13 23:00:00,0.5847,0.6537,-0.069,-0.406,0.1033,-3.0214,False,False,False,False,False,0,none,False,lower,,23,Sunday
2010-06-14 00:00:00,0.6395,0.6489,-0.0094,-0.0035,0.1933,0.4537,False,False,False,False,False,0,none,False,lower,,0,Monday
2010-06-14 01:00:00,0.3471,0.3822,-0.0351,-0.6565,0.1828,-1.0439,False,False,False,False,False,0,none,False,lower,,1,Monday
2010-06-14 02:00:00,0.8651,0.884,-0.0189,1.8953,0.1724,-0.1025,False,False,False,False,True,0,none,False,higher,,2,Monday
2010-06-14 03:00:00,0.3326,0.3665,-0.0339,-0.4475,0.1596,-0.9735,False,False,False,False,False,0,none,False,lower,,3,Monday
2010-06-14 04:00:00,0.3246,0.3633,-0.0387,-0.4251,0.194,-1.2549,False,False,False,False,False,0,none,False,lower,,4,Monday
2010-06-14 05:00:00,0.2909,0.3255,-0.0346,-0.5671,0.179,-1.0127,False,False,False,False,False,0,none,False,lower,,5,Monday
2010-06-14 06:00:00,0.5818,0.5941,-0.0123,-0.4905,0.172,0.2818,False,False,False,False,False,0,none,False,lower,,6,Monday
2010-06-14 07:00:00,1.5131,1.5272,-0.0141,0.0979,0.1391,0.1771,False,False,False,False,False,0,none,False,higher,,7,Monday
2010-06-14 08:00:00,1.4301,1.4371,-0.007,-0.3012,0.1753,0.5921,False,False,False,False,False,0,none,False,lower,,8,Monday
2010-06-14 09:00:00,1.4077,1.4224,-0.0147,-0.3634,0.1788,0.1423,False,False,False,False,False,0,none,False,lower,,9,Monday
2010-06-14 10:00:00,1.3794,1.3894,-0.01,-0.2974,0.1849,0.4171,False,False,False,False,False,0,none,False,lower,,10,Monday
2010-06-14 11:00:00,1.3752,1.3838,-0.0086,-0.0036,0.1891,0.502,False,False,False,False,False,0,none,False,lower,,11,Monday
2010-06-14 12:00:00,1.871,1.8629,0.0081,0.7768,0.1507,1.4715,False,False,False,False,False,0,none,False,higher,,12,Monday
2010-06-14 13:00:00,1.094,1.1266,-0.0326,-0.164,0.1677,-0.9011,False,False,False,False,False,0,none,False,lower,,13,Monday
2010-06-14 14:00:00,0.3832,0.4037,-0.0205,-0.9551,0.1614,-0.195,False,False,False,False,False,0,none,False,lower,,14,Monday
2010-06-14 15:00:00,0.2915,0.3215,-0.03,-1.4429,0.1773,-0.7469,False,False,False,False,False,0,none,False,lower,,15,Monday
2010-06-14 16:00:00,0.3348,0.3586,-0.0238,-0.9524,0.1822,-0.3847,False,False,False,False,False,0,none,False,lower,,16,Monday
2010-06-14 17:00:00,0.2479,0.2732,-0.0254,-1.1375,0.1722,-0.4782,False,False,False,False,False,0,none,False,lower,,17,Monday
2010-06-14 18:00:00,0.387,0.4164,-0.0294,-0.8138,0.1823,-0.7097,False,False,False,False,False,0,none,False,lower,,18,Monday
2010-06-14 19:00:00,0.7758,0.7593,0.0165,-0.7316,0.1808,1.963,False,False,False,False,False,0,none,False,lower,,19,Monday
2010-06-14 20:00:00,1.6178,1.6491,-0.0313,0.2848,0.1463,-0.8221,False,False,False,False,False,0,none,False,higher,,20,Monday
2010-06-14 21:00:00,1.3603,1.3292,0.0311,-0.0922,0.1708,2.8137,False,False,False,False,False,0,none,False,lower,,21,Monday
2010-06-14 22:00:00,0.8282,0.8489,-0.0207,-0.4998,0.1847,-0.206,False,False,False,False,False,0,none,False,lower,,22,Monday
2010-06-14 23:00:00,0.6212,0.6375,-0.0162,-0.3069,0.2051,0.0543,False,False,False,False,False,0,none,False,lower,,23,Monday
2010-06-15 00:00:00,0.4109,0.4255,-0.0146,-0.3954,0.2047,0.1533,False,False,False,False,False,0,none,False,lower,,0,Tuesday
2010-06-15 01:00:00,0.286,0.3067,-0.0206,-0.8274,0.2017,-0.201,False,False,False,False,False,0,none,False,lower,,1,Tuesday
2010-06-15 02:00:00,0.2961,0.3144,-0.0182,-0.6957,0.2072,-0.0621,False,False,False,False,False,0,none,False,lower,,2,Tuesday
2010-06-15 03:00:00,0.2891,0.3056,-0.0164,-0.7349,0.2028,0.0434,False,False,False,False,False,0,none,False,lower,,3,Tuesday
2010-06-15 04:00:00,0.7507,0.7625,-0.0118,1.7984,0.1753,0.3108,False,False,False,False,False,0,none,False,higher,,4,Tuesday
2010-06-15 05:00:00,0.6536,0.6852,-0.0316,1.6395,0.1937,-0.8419,False,False,False,False,True,0,none,False,higher,,5,Tuesday
2010-06-15 06:00:00,0.6049,0.6174,-0.0125,-0.384,0.1945,0.2736,False,False,False,False,False,0,none,False,lower,,6,Tuesday
2010-06-15 07:00:00,0.8027,0.8101,-0.0075,-1.3921,0.1848,0.5659,False,False,False,False,False,0,none,False,lower,,7,Tuesday
2010-06-15 08:00:00,1.3307,1.3489,-0.0182,-0.4926,0.1635,-0.0585,False,False,False,False,False,0,none,False,lower,,8,Tuesday
2010-06-15 09:00:00,1.4202,1.4427,-0.0225,-0.3276,0.1747,-0.311,False,False,False,False,False,0,none,False,lower,,9,Tuesday
2010-06-15 10:00:00,0.7739,0.7829,-0.009,-1.6531,0.1671,0.476,False,False,False,False,False,0,none,False,lower,,10,Tuesday
2010-06-15 11:00:00,1.2812,1.3231,-0.0419,-0.1683,0.1619,-1.4414,False,False,False,False,False,0,none,False,lower,,11,Tuesday
2010-06-15 12:00:00,1.1593,1.1649,-0.0056,-0.3051,0.1723,0.6724,False,False,False,False,False,0,none,False,lower,,12,Tuesday
2010-06-15 13:00:00,1.5243,1.531,-0.0067,0.5496,0.1532,0.6092,False,False,False,False,False,0,none,False,higher,,13,Tuesday
2010-06-15 14:00:00,1.3929,1.412,-0.0191,0.8666,0.1698,-0.1122,False,False,False,False,False,0,none,False,higher,,14,Tuesday
2010-06-15 15:00:00,0.6715,0.7081,-0.0366,-0.5791,0.176,-1.1298,False,False,False,False,False,0,none,False,lower,,15,Tuesday
2010-06-15 16:00:00,0.2944,0.3177,-0.0233,-0.9483,0.1757,-0.356,False,False,False,False,False,0,none,False,lower,,16,Tuesday
2010-06-15 17:00:00,0.3504,0.375,-0.0246,-0.8994,0.1954,-0.4328,False,False,False,False,False,0,none,False,lower,,17,Tuesday
2010-06-15 18:00:00,0.3067,0.3364,-0.0297,-0.9025,0.1824,-0.7284,False,False,False,False,False,0,none,False,lower,,18,Tuesday
2010-06-15 19:00:00,0.7601,0.7701,-0.01,-0.7531,0.1755,0.4191,False,False,False,False,False,0,none,False,lower,,19,Tuesday
2010-06-15 20:00:00,1.6183,1.633,-0.0147,0.2841,0.1368,0.1443,False,False,False,False,False,0,none,False,higher,,20,Tuesday
2010-06-15 21:00:00,1.2554,1.266,-0.0105,-0.2412,0.1663,0.3881,False,False,False,False,False,0,none,False,lower,,21,Tuesday
2010-06-15 22:00:00,1.2378,1.2637,-0.0259,0.1169,0.1772,-0.5094,False,False,False,False,False,0,none,False,higher,,22,Tuesday
2010-06-15 23:00:00,0.9282,0.9341,-0.0059,0.1377,0.19,0.6602,False,False,False,False,False,0,none,False,higher,,23,Tuesday
2010-06-16 00:00:00,0.9155,0.9313,-0.0158,0.5148,0.197,0.08,False,False,False,False,False,0,none,False,higher,,0,Wednesday
2010-06-16 01:00:00,0.895,0.8851,0.0099,0.9326,0.1973,1.5777,False,False,False,False,False,0,none,False,higher,,1,Wednesday
2010-06-16 02:00:00,1.3116,1.326,-0.0143,3.6023,0.1659,0.165,True,False,False,True,True,1,low,False,higher,rolling_z,2,Wednesday
2010-06-16 03:00:00,0.7984,0.8123,-0.0139,2.6411,0.177,0.1906,False,False,False,False,True,0,none,False,higher,,3,Wednesday
2010-06-16 04:00:00,0.7679,0.779,-0.0111,2.2068,0.1982,0.3521,False,False,False,False,True,0,none,False,higher,,4,Wednesday
2010-06-16 05:00:00,0.7974,0.8111,-0.0137,2.3579,0.1945,0.2012,False,False,False,False,True,0,none,False,higher,,5,Wednesday
2010-06-16 06:00:00,0.7928,0.8191,-0.0263,0.2539,0.1942,-0.5323,False,False,False,False,False,0,none,False,higher,,6,Wednesday
2010-06-16 07:00:00,0.7041,0.718,-0.0138,-1.4968,0.1948,0.1951,False,False,False,False,False,0,none,False,lower,,7,Wednesday
2010-06-16 08:00:00,1.9576,1.9383,0.0193,0.7461,0.1074,2.1262,False,False,False,False,False,0,none,False,higher,,8,Wednesday
2010-06-16 09:00:00,1.9336,1.9249,0.0087,0.8559,0.1514,1.5083,False,False,False,False,False,0,none,False,higher,,9,Wednesday
2010-06-16 10:00:00,1.52,1.5273,-0.0073,0.0888,0.1702,0.5759,False,False,False,False,False,0,none,False,higher,,10,Wednesday
2010-06-16 11:00:00,1.3837,1.4007,-0.017,0.0349,0.1897,0.0077,False,False,False,False,False,0,none,False,higher,,11,Wednesday
2010-06-16 12:00:00,1.4195,1.4359,-0.0163,0.0989,0.1889,0.0485,False,False,False,False,False,0,none,False,higher,,12,Wednesday
2010-06-16 13:00:00,1.6327,1.6547,-0.022,0.7194,0.1755,-0.2817,False,False,False,False,False,0,none,False,higher,,13,Wednesday
2010-06-16 14:00:00,0.8742,0.9126,-0.0384,-0.0506,0.171,-1.2351,False,False,False,False,False,0,none,False,lower,,14,Wednesday
2010-06-16 15:00:00,1.5513,1.5104,0.0409,1.1678,0.1585,3.386,False,False,False,False,False,0,none,False,higher,,15,Wednesday
2010-06-16 16:00:00,1.4776,1.5324,-0.0548,0.8743,0.1764,-2.1924,False,False,False,False,False,0,none,False,higher,,16,Wednesday
2010-06-16 17:00:00,1.3177,1.2875,0.0302,0.6109,0.177,2.7624,False,False,False,False,False,0,none,False,higher,,17,Wednesday
2010-06-16 18:00:00,1.3527,1.4114,-0.0586,0.5245,0.1657,-2.4161,False,False,False,False,False,0,none,False,higher,,18,Wednesday
2010-06-16 19:00:00,0.3428,0.3711,-0.0283,-1.3768,0.11,-0.6506,False,False,False,False,False,0,none,False,lower,,19,Wednesday
2010-06-16 20:00:00,0.8107,0.8158,-0.0051,-0.7892,0.1607,0.7052,False,False,False,False,False,0,none,False,lower,,20,Wednesday
2010-06-16 21:00:00,2.254,2.2338,0.0202,1.3847,0.0829,2.1782,False,False,False,False,False,0,none,False,higher,,21,Wednesday
2010-06-16 22:00:00,1.8435,1.8194,0.0241,0.9881,0.1356,2.4085,False,False,False,False,False,0,none,False,higher,,22,Wednesday
2010-06-16 23:00:00,0.8139,0.8408,-0.0269,-0.0531,0.1459,-0.5651,False,False,False,False,False,0,none,False,lower,,23,Wednesday
2010-06-17 00:00:00,0.3635,0.3891,-0.0256,-0.5095,0.1593,-0.4916,False,False,False,False,False,0,none,False,lower,,0,Thursday
2010-06-17 01:00:00,0.362,0.3814,-0.0194,-0.5912,0.1852,-0.1288,False,False,False,False,False,0,none,False,lower,,1,Thursday
2010-06-17 02:00:00,0.3459,0.3644,-0.0184,-0.4703,0.1963,-0.0738,False,False,False,False,False,0,none,False,lower,,2,Thursday
2010-06-17 03:00:00,0.2852,0.3128,-0.0276,-0.717,0.1808,-0.6074,False,False,False,False,False,0,none,False,lower,,3,Thursday
2010-06-17 04:00:00,0.3515,0.3702,-0.0187,-0.2949,0.1959,-0.0914,False,False,False,False,False,0,none,False,lower,,4,Thursday
2010-06-17 05:00:00,0.3327,0.3587,-0.026,-0.3647,0.1939,-0.5165,False,False,False,False,False,0,none,False,lower,,5,Thursday
2010-06-17 06:00:00,1.4129,1.4147,-0.0018,2.256,0.1259,0.8968,False,False,False,False,False,0,none,False,higher,,6,Thursday
2010-06-17 07:00:00,0.875,0.8979,-0.0229,-1.0559,0.1624,-0.3322,False,False,False,False,False,0,none,False,lower,,7,Thursday
2010-06-17 08:00:00,0.8911,0.9268,-0.0357,-1.35,0.19,-1.0815,False,False,False,False,False,0,none,False,lower,,8,Thursday
2010-06-17 09:00:00,0.3007,0.3241,-0.0234,-2.8875,0.1541,-0.3601,False,False,False,False,False,0,none,False,lower,,9,Thursday
2010-06-17 10:00:00,0.8372,0.8558,-0.0186,-1.3861,0.1736,-0.0837,False,False,False,False,False,0,none,False,lower,,10,Thursday
2010-06-17 11:00:00,1.4385,1.4547,-0.0162,0.1572,0.1726,0.0549,False,False,False,False,False,0,none,False,higher,,11,Thursday
2010-06-17 12:00:00,1.3938,1.4103,-0.0165,0.0676,0.1872,0.0388,False,False,False,False,False,0,none,False,higher,,12,Thursday
2010-06-17 13:00:00,1.6693,1.6807,-0.0113,0.7241,0.1723,0.3411,False,False,False,False,False,0,none,False,higher,,13,Thursday
2010-06-17 14:00:00,0.6108,0.6568,-0.046,-0.5024,0.1516,-1.6813,False,False,False,False,False,0,none,False,lower,,14,Thursday
2010-06-17 15:00:00,0.3498,0.3803,-0.0305,-1.228,0.189,-0.7774,False,False,False,False,False,0,none,False,lower,,15,Thursday
2010-06-17 16:00:00,0.3119,0.3262,-0.0143,-0.9413,0.1906,0.1678,False,False,False,False,False,0,none,False,lower,,16,Thursday
2010-06-17 17:00:00,0.2848,0.3209,-0.0361,-1.0291,0.1895,-1.1025,False,False,False,False,False,0,none,False,lower,,17,Thursday
2010-06-17 18:00:00,0.3186,0.3472,-0.0286,-0.9051,0.1809,-0.6653,False,False,False,False,False,0,none,False,lower,,18,Thursday
2010-06-17 19:00:00,0.3109,0.3293,-0.0184,-1.3421,0.1843,-0.0696,False,False,False,False,False,0,none,False,lower,,19,Thursday
2010-06-17 20:00:00,1.7559,1.7545,0.0014,0.5761,0.1011,1.0819,False,False,False,False,False,0,none,False,higher,,20,Thursday
2010-06-17 21:00:00,0.8603,0.8841,-0.0237,-0.9374,0.1501,-0.3821,False,False,False,False,False,0,none,False,lower,,21,Thursday
2010-06-17 22:00:00,0.7945,0.8198,-0.0253,-0.611,0.1844,-0.4726,False,False,False,False,False,0,none,False,lower,,22,Thursday
2010-06-17 23:00:00,0.677,0.6918,-0.0149,-0.2355,0.193,0.1339,False,False,False,False,False,0,none,False,lower,,23,Thursday
2010-06-18 00:00:00,0.6461,0.6641,-0.018,0.0038,0.1964,-0.0485,False,False,False,False,False,0,none,False,higher,,0,Friday
2010-06-18 01:00:00,0.7263,0.7507,-0.0244,0.4567,0.1897,-0.4185,False,False,False,False,False,0,none,False,higher,,1,Friday
2010-06-18 02:00:00,0.2578,0.2866,-0.0288,-0.7758,0.1789,-0.6768,False,False,False,False,False,0,none,False,lower,,2,Friday
2010-06-18 03:00:00,0.3257,0.3493,-0.0235,-0.4453,0.2001,-0.3702,False,False,False,False,False,0,none,False,lower,,3,Friday
2010-06-18 04:00:00,0.2423,0.2646,-0.0223,-0.897,0.1917,-0.2994,False,False,False,False,False,0,none,False,lower,,4,Friday
2010-06-18 05:00:00,0.3099,0.3378,-0.0279,-0.4709,0.1959,-0.6221,False,False,False,False,False,0,none,False,lower,,5,Friday
2010-06-18 06:00:00,0.5345,0.555,-0.0205,-0.6519,0.1725,-0.1959,False,False,False,False,False,0,none,False,lower,,6,Friday
2010-06-18 07:00:00,1.2368,1.2367,0.0001,-0.2551,0.1515,1.0051,False,False,False,False,False,0,none,False,lower,,7,Friday
2010-06-18 08:00:00,1.9224,1.927,-0.0045,0.6953,0.1128,0.7366,False,False,False,False,False,0,none,False,higher,,8,Friday
2010-06-18 09:00:00,1.5578,1.563,-0.0052,0.0652,0.1576,0.6971,False,False,False,False,False,0,none,False,higher,,9,Friday
2010-06-18 10:00:00,1.8109,1.8005,0.0103,0.7384,0.1529,1.6048,False,False,False,False,False,0,none,False,higher,,10,Friday
2010-06-18 11:00:00,1.6995,1.7222,-0.0228,0.6346,0.1652,-0.3255,False,False,False,False,False,0,none,False,higher,,11,Friday
2010-06-18 12:00:00,1.4279,1.4441,-0.0162,0.1205,0.1753,0.0575,False,False,False,False,False,0,none,False,higher,,12,Friday
2010-06-18 13:00:00,1.4851,1.4829,0.0023,0.3726,0.1794,1.1342,False,False,False,False,False,0,none,False,higher,,13,Friday
2010-06-18 14:00:00,1.0346,1.0718,-0.0372,0.2313,0.1777,-1.1692,False,False,False,False,False,0,none,False,higher,,14,Friday
2010-06-18 15:00:00,0.273,0.3055,-0.0325,-1.3733,0.1584,-0.8914,False,False,False,False,False,0,none,False,lower,,15,Friday
2010-06-18 16:00:00,0.4523,0.499,-0.0467,-0.717,0.1952,-1.7183,False,False,False,False,False,0,none,False,lower,,16,Friday
2010-06-18 17:00:00,0.9874,0.9882,-0.0008,0.0616,0.1773,0.9524,False,False,False,False,False,0,none,False,higher,,17,Friday
2010-06-18 18:00:00,0.4954,0.5519,-0.0565,-0.6084,0.1782,-2.2945,False,False,False,False,False,0,none,False,lower,,18,Friday
2010-06-18 19:00:00,0.6391,0.656,-0.0169,-0.8118,0.1974,0.0142,False,False,False,False,False,0,none,False,lower,,19,Friday
2010-06-18 20:00:00,1.7506,1.7421,0.0085,0.5168,0.1271,1.4943,False,False,False,False,False,0,none,False,higher,,20,Friday
2010-06-18 21:00:00,1.0089,1.0502,-0.0413,-0.7508,0.1684,-1.4057,False,False,False,False,False,0,none,False,lower,,21,Friday
2010-06-18 22:00:00,0.9618,0.9988,-0.037,-0.3936,0.1952,-1.1546,False,False,False,False,False,0,none,False,lower,,22,Friday
2010-06-18 23:00:00,0.4192,0.4391,-0.02,-0.6299,0.1901,-0.162,False,False,False,False,False,0,none,False,lower,,23,Friday
2010-06-19 00:00:00,0.6301,0.6364,-0.0063,-0.0404,0.1445,0.6322,False,False,False,False,False,0,none,False,lower,,0,Saturday
2010-06-19 01:00:00,0.8099,0.7963,0.0136,0.7086,0.1454,1.7949,False,False,False,False,False,0,none,False,higher,,1,Saturday
2010-06-19 02:00:00,0.4998,0.5349,-0.0351,0.137,0.145,-1.0461,False,False,False,False,False,0,none,False,higher,,2,Saturday
2010-06-19 03:00:00,0.3682,0.3845,-0.0163,-0.1769,0.1541,0.0523,False,False,False,False,False,0,none,False,lower,,3,Saturday
2010-06-19 04:00:00,0.2795,0.3047,-0.0251,-0.6653,0.147,-0.4644,False,False,False,False,False,0,none,False,lower,,4,Saturday
2010-06-19 05:00:00,0.3581,0.3797,-0.0215,-0.1953,0.1542,-0.2545,False,False,False,False,False,0,none,False,lower,,5,Saturday
2010-06-19 06:00:00,0.3413,0.3642,-0.0229,-1.2631,0.1536,-0.335,False,False,False,False,False,0,none,False,lower,,6,Saturday
2010-06-19 07:00:00,0.4785,0.4988,-0.0203,-1.7704,0.1463,-0.1841,False,False,False,False,False,0,none,False,lower,,7,Saturday
2010-06-19 08:00:00,0.8383,0.8467,-0.0084,-1.3546,0.1312,0.5116,False,False,False,False,False,0,none,False,lower,,8,Saturday
2010-06-19 09:00:00,1.6233,1.6212,0.0022,0.2335,0.1001,1.1282,False,False,False,False,False,0,none,False,higher,,9,Saturday
2010-06-19 10:00:00,1.8916,1.9026,-0.011,0.8796,0.0858,0.3579,False,False,False,False,False,0,none,False,higher,,10,Saturday
2010-06-19 11:00:00,1.8122,1.7906,0.0216,0.8266,0.1021,2.2591,False,False,False,False,False,0,none,False,higher,,11,Saturday
2010-06-19 12:00:00,0.5093,0.5813,-0.072,-1.2943,0.0854,-3.1932,False,False,False,False,False,0,none,False,lower,,12,Saturday
2010-06-19 13:00:00,1.6337,1.6207,0.013,0.5747,0.0779,1.7575,False,False,False,False,False,0,none,False,higher,,13,Saturday
2010-06-19 14:00:00,0.8814,0.9388,-0.0574,-0.0551,0.1144,-2.3441,False,False,False,False,False,0,none,False,lower,,14,Saturday
2010-06-19 15:00:00,0.5696,0.5772,-0.0076,-0.7095,0.1354,0.5581,False,False,False,False,False,0,none,False,lower,,15,Saturday
2010-06-19 16:00:00,1.7641,1.746,0.0181,1.2464,0.07,2.0565,False,False,False,False,False,0,none,False,higher,,16,Saturday
2010-06-19 17:00:00,1.0339,1.116,-0.0822,0.1,0.1107,-3.7879,False,False,False,False,False,0,none,False,higher,,17,Saturday
2010-06-19 18:00:00,0.3908,0.423,-0.0322,-0.7516,0.1164,-0.8758,False,False,False,False,False,0,none,False,lower,,18,Saturday
2010-06-19 19:00:00,0.3773,0.4094,-0.0321,-1.1639,0.1397,-0.8695,False,False,False,False,False,0,none,False,lower,,19,Saturday
2010-06-19 20:00:00,0.6907,0.698,-0.0073,-0.987,0.1319,0.5769,False,False,False,False,False,0,none,False,lower,,20,Saturday
2010-06-19 21:00:00,2.292,2.2248,0.0671,1.3644,0.0309,4.9157,False,False,False,False,False,0,none,False,higher,,21,Saturday
2010-06-19 22:00:00,2.4079,2.4024,0.0056,1.7602,0.0545,1.3259,False,False,False,False,False,0,none,False,higher,,22,Saturday
2010-06-19 23:00:00,1.1222,1.1644,-0.0422,0.4297,0.0919,-1.4589,False,False,False,False,False,0,none,False,higher,,23,Saturday
2010-06-20 00:00:00,0.5734,0.6103,-0.037,-0.1548,0.1334,-1.1535,False,False,False,False,False,0,none,False,lower,,0,Sunday
2010-06-20 01:00:00,0.3768,0.3876,-0.0107,-0.5599,0.1472,0.375,False,False,False,False,False,0,none,False,lower,,1,Sunday
2010-06-20 02:00:00,0.2545,0.2742,-0.0197,-0.7187,0.1439,-0.147,False,False,False,False,False,0,none,False,lower,,2,Sunday
2010-06-20 03:00:00,0.3604,0.3755,-0.0151,-0.1829,0.1535,0.121,False,False,False,False,False,0,none,False,lower,,3,Sunday
2010-06-20 04:00:00,0.231,0.2579,-0.0269,-0.8872,0.1355,-0.5668,False,False,False,False,True,0,none,False,lower,,4,Sunday
2010-06-20 05:00:00,0.3521,0.3699,-0.0178,-0.2143,0.1508,-0.0334,False,False,False,False,False,0,none,False,lower,,5,Sunday
2010-06-20 06:00:00,0.2306,0.2535,-0.0229,-1.5055,0.1328,-0.3345,False,False,False,False,False,0,none,False,lower,,6,Sunday
2010-06-20 07:00:00,0.3375,0.355,-0.0175,-1.8943,0.1446,-0.0209,False,False,False,False,False,0,none,False,lower,,7,Sunday
2010-06-20 08:00:00,0.9849,0.9944,-0.0095,-0.9796,0.1113,0.4463,False,False,False,False,False,0,none,False,lower,,8,Sunday
2010-06-20 09:00:00,1.0293,1.0379,-0.0087,-0.9704,0.1346,0.4964,False,False,False,False,False,0,none,False,lower,,9,Sunday
2010-06-20 10:00:00,1.4976,1.5278,-0.0301,0.0825,0.1059,-0.7547,False,False,False,False,False,0,none,False,higher,,10,Sunday
2010-06-20 11:00:00,1.5339,1.5588,-0.0249,0.4742,0.1215,-0.451,False,False,False,False,False,0,none,False,higher,,11,Sunday
2010-06-20 12:00:00,1.7917,1.8145,-0.0228,0.8374,0.1042,-0.3276,False,False,False,False,False,0,none,False,higher,,12,Sunday
2010-06-20 13:00:00,1.5012,1.5328,-0.0316,0.3271,0.1163,-0.8388,False,False,False,False,False,0,none,False,higher,,13,Sunday
2010-06-20 14:00:00,1.432,1.4533,-0.0213,0.9816,0.1255,-0.2375,False,False,False,False,False,0,none,False,higher,,14,Sunday
2010-06-20 15:00:00,0.4014,0.4574,-0.056,-0.9831,0.0997,-2.2661,False,False,False,False,False,0,none,False,lower,,15,Sunday
2010-06-20 16:00:00,0.5437,0.5545,-0.0108,-0.5765,0.1366,0.3693,False,False,False,False,False,0,none,False,lower,,16,Sunday
2010-06-20 17:00:00,1.9162,1.9539,-0.0377,1.5034,0.0618,-1.1965,False,False,False,False,False,0,none,False,higher,,17,Sunday
2010-06-20 18:00:00,2.6059,2.568,0.0379,2.2108,0.0477,3.2097,False,False,False,False,False,0,none,False,higher,,18,Sunday
2010-06-20 19:00:00,3.0546,2.9835,0.0711,2.65,0.0265,5.1458,False,False,False,False,False,0,none,False,higher,,19,Sunday
2010-06-20 20:00:00,2.1053,2.1388,-0.0335,1.1659,0.0615,-0.9516,False,False,False,False,False,0,none,False,higher,,20,Sunday
2010-06-20 21:00:00,1.7862,1.8055,-0.0192,0.4889,0.1104,-0.1197,False,False,False,False,False,0,none,False,higher,,21,Sunday
2010-06-20 22:00:00,1.7301,1.717,0.0131,0.6746,0.1134,1.7639,False,False,False,False,False,0,none,False,higher,,22,Sunday
2010-06-20 23:00:00,1.2456,1.2731,-0.0275,0.5883,0.1196,-0.6003,False,False,False,False,False,0,none,False,higher,,23,Sunday
2010-06-21 00:00:00,0.2744,0.3058,-0.0314,-0.6921,0.1254,-0.8311,False,False,False,False,False,0,none,False,lower,,0,Monday
2010-06-21 01:00:00,0.3525,0.3682,-0.0158,-0.6095,0.1846,0.082,False,False,False,False,False,0,none,False,lower,,1,Monday
2010-06-21 02:00:00,0.9393,0.9577,-0.0184,1.8668,0.1628,-0.0713,False,False,False,False,True,0,none,False,higher,,2,Monday
2010-06-21 03:00:00,0.3492,0.3707,-0.0215,-0.2332,0.156,-0.2542,False,False,False,False,False,0,none,False,lower,,3,Monday
2010-06-21 04:00:00,0.2452,0.2692,-0.024,-0.7693,0.1709,-0.3968,False,False,False,False,False,0,none,False,lower,,4,Monday
2010-06-21 05:00:00,0.3585,0.3802,-0.0217,-0.0619,0.1762,-0.2644,False,False,False,False,False,0,none,False,lower,,5,Monday
2010-06-21 06:00:00,0.2772,0.2895,-0.0124,-1.3156,0.158,0.2808,False,False,False,False,False,0,none,False,lower,,6,Monday
2010-06-21 07:00:00,0.9789,1.0134,-0.0345,-0.6078,0.1568,-1.0089,False,False,False,False,False,0,none,False,lower,,7,Monday
2010-06-21 08:00:00,1.4783,1.5066,-0.0283,-0.0762,0.1607,-0.6509,False,False,False,False,False,0,none,False,lower,,8,Monday
2010-06-21 09:00:00,1.4553,1.4707,-0.0155,-0.0075,0.1783,0.0996,False,False,False,False,False,0,none,False,lower,,9,Monday
2010-06-21 10:00:00,1.2895,1.3168,-0.0272,-0.3615,0.1801,-0.5855,False,False,False,False,False,0,none,False,lower,,10,Monday
2010-06-21 11:00:00,1.4135,1.4282,-0.0147,0.195,0.1791,0.1423,False,False,False,False,False,0,none,False,higher,,11,Monday
2010-06-21 12:00:00,1.1166,1.1478,-0.0312,-0.3393,0.1811,-0.8148,False,False,False,False,False,0,none,False,lower,,12,Monday
2010-06-21 13:00:00,0.6603,0.6654,-0.0051,-1.1037,0.1731,0.7057,False,False,False,False,False,0,none,False,lower,,13,Monday
2010-06-21 14:00:00,1.5395,1.5987,-0.0592,1.2489,0.1457,-2.4499,False,False,False,False,False,0,none,False,higher,,14,Monday
2010-06-21 15:00:00,2.51,2.5292,-0.0192,3.3837,0.0844,-0.1186,True,False,False,False,False,1,low,False,higher,rolling_z,15,Monday
2010-06-21 16:00:00,0.3795,0.4311,-0.0516,-0.7736,0.0636,-2.0049,False,False,False,False,False,0,none,False,lower,,16,Monday
2010-06-21 17:00:00,1.3744,1.3749,-0.0005,0.575,0.1315,0.971,False,False,False,False,False,0,none,False,higher,,17,Monday
2010-06-21 18:00:00,2.5162,2.3711,0.1452,1.8502,0.0756,9.4644,False,False,True,False,False,1,low,False,higher,residual,18,Monday
2010-06-21 19:00:00,1.9449,2.0283,-0.0834,0.8876,0.128,-3.8598,False,False,False,False,False,0,none,False,higher,,19,Monday
2010-06-21 20:00:00,1.8373,1.7981,0.0392,0.6907,0.15,3.2868,False,False,False,False,False,0,none,False,higher,,20,Monday
2010-06-21 21:00:00,1.3321,1.3325,-0.0004,-0.2359,0.1613,0.9762,False,False,False,False,False,0,none,False,lower,,21,Monday
2010-06-21 22:00:00,2.3346,2.2872,0.0474,1.5192,0.0869,3.7653,False,False,False,False,False,0,none,False,higher,,22,Monday
2010-06-21 23:00:00,0.7243,0.7781,-0.0538,-0.2109,0.1144,-2.1343,False,False,False,False,False,0,none,False,lower,,23,Monday
2010-06-22 00:00:00,0.3347,0.3741,-0.0394,-0.5658,0.1707,-1.2931,False,False,False,False,False,0,none,False,lower,,0,Tuesday
2010-06-22 01:00:00,0.27,0.3045,-0.0345,-0.8258,0.1703,-1.0075,False,False,False,False,False,0,none,False,lower,,1,Tuesday
2010-06-22 02:00:00,0.2868,0.3253,-0.0385,-0.6043,0.1856,-1.2417,False,False,False,False,False,0,none,False,lower,,2,Tuesday
2010-06-22 03:00:00,0.2776,0.3136,-0.036,-0.6423,0.1807,-1.0961,False,False,False,False,False,0,none,False,lower,,3,Tuesday
2010-06-22 04:00:00,0.2864,0.3278,-0.0414,-0.5168,0.1851,-1.4128,False,False,False,False,False,0,none,False,lower,,4,Tuesday
2010-06-22 05:00:00,0.2586,0.2996,-0.041,-0.7942,0.1751,-1.3914,False,False,False,False,False,0,none,False,lower,,5,Tuesday
2010-06-22 06:00:00,0.6382,0.6556,-0.0174,-0.1852,0.1695,-0.0106,False,False,False,False,False,0,none,False,lower,,6,Tuesday
2010-06-22 07:00:00,2.0322,2.0341,-0.0019,1.4074,0.0971,0.8896,False,False,False,False,False,0,none,False,higher,,7,Tuesday
2010-06-22 08:00:00,1.7979,1.8301,-0.0323,0.5273,0.1575,-0.8802,False,False,False,False,False,0,none,False,higher,,8,Tuesday
2010-06-22 09:00:00,1.8582,1.8509,0.0073,0.826,0.1598,1.4274,False,False,False,False,False,0,none,False,higher,,9,Tuesday
2010-06-22 10:00:00,1.75,1.7728,-0.0228,0.608,0.1615,-0.3287,False,False,False,False,False,0,none,False,higher,,10,Tuesday
2010-06-22 11:00:00,1.174,1.2149,-0.0408,-0.4075,0.1703,-1.3799,False,False,False,False,False,0,none,False,lower,,11,Tuesday
2010-06-22 12:00:00,0.6454,0.6348,0.0105,-1.0965,0.1596,1.6164,False,False,False,False,False,0,none,False,lower,,12,Tuesday
2010-06-22 13:00:00,1.3183,1.3871,-0.0688,0.0042,0.1565,-3.0104,False,False,False,False,False,0,none,False,higher,,13,Tuesday
2010-06-22 14:00:00,0.8386,0.8979,-0.0594,-0.1263,0.1717,-2.4592,False,False,False,False,False,0,none,False,lower,,14,Tuesday
2010-06-22 15:00:00,0.6612,0.7133,-0.0521,-0.4697,0.1877,-2.0342,False,False,False,False,False,0,none,False,lower,,15,Tuesday
2010-06-22 16:00:00,0.4592,0.5044,-0.0452,-0.615,0.1811,-1.6336,False,False,False,False,False,0,none,False,lower,,16,Tuesday
2010-06-22 17:00:00,2.0803,2.0246,0.0557,1.6821,0.0862,4.2489,False,False,False,False,False,0,none,False,higher,,17,Tuesday
2010-06-22 18:00:00,1.5902,1.6723,-0.0821,0.6403,0.1454,-3.7834,False,False,False,False,False,0,none,False,higher,,18,Tuesday
2010-06-22 19:00:00,1.0886,1.0726,0.016,-0.2157,0.1718,1.9325,False,False,False,False,False,0,none,False,lower,,19,Tuesday
2010-06-22 20:00:00,1.0753,1.1772,-0.1019,-0.4161,0.1861,-4.9371,False,False,False,False,False,0,none,False,lower,,20,Tuesday
2010-06-22 21:00:00,1.2507,1.2522,-0.0015,-0.3188,0.1802,0.9158,False,False,False,False,False,0,none,False,lower,,21,Tuesday
2010-06-22 22:00:00,2.2101,2.1592,0.0509,1.2327,0.0984,3.9703,False,False,False,False,False,0,none,False,higher,,22,Tuesday
2010-06-22 23:00:00,1.1607,1.2053,-0.0446,0.4263,0.1495,-1.5985,False,False,False,False,False,0,none,False,higher,,23,Tuesday
2010-06-23 00:00:00,0.3072,0.3283,-0.0212,-0.6161,0.1559,-0.2325,False,False,False,False,False,0,none,False,lower,,0,Wednesday
2010-06-23 01:00:00,0.2552,0.2647,-0.0095,-0.8496,0.1853,0.4467,False,False,False,False,False,0,none,False,lower,,1,Wednesday
2010-06-23 02:00:00,0.2894,0.3164,-0.0269,-0.5878,0.1975,-0.5686,False,False,False,False,False,0,none,False,lower,,2,Wednesday
2010-06-23 03:00:00,0.2841,0.3049,-0.0208,-0.5808,0.193,-0.214,False,False,False,False,False,0,none,False,lower,,3,Wednesday
2010-06-23 04:00:00,0.2788,0.2948,-0.0161,-0.5436,0.1947,0.0656,False,False,False,False,False,0,none,False,lower,,4,Wednesday
2010-06-23 05:00:00,0.2667,0.2993,-0.0326,-0.7024,0.1873,-0.8964,False,False,False,False,False,0,none,False,lower,,5,Wednesday
2010-06-23 06:00:00,0.5191,0.5094,0.0097,-0.5391,0.1772,1.5684,False,False,False,False,False,0,none,False,lower,,6,Wednesday
2010-06-23 07:00:00,1.5606,1.5972,-0.0366,0.4491,0.1417,-1.1319,False,False,False,False,False,0,none,False,higher,,7,Wednesday
2010-06-23 08:00:00,1.3922,1.4095,-0.0173,-0.3071,0.1851,-0.0093,False,False,False,False,False,0,none,False,lower,,8,Wednesday
2010-06-23 09:00:00,1.4414,1.4461,-0.0047,-0.128,0.1867,0.7274,False,False,False,False,False,0,none,False,lower,,9,Wednesday
2010-06-23 10:00:00,2.0485,2.0611,-0.0125,1.2124,0.1236,0.2707,False,False,False,False,False,0,none,False,higher,,10,Wednesday
2010-06-23 11:00:00,1.5051,1.5272,-0.0221,0.3671,0.1683,-0.2854,False,False,False,False,False,0,none,False,higher,,11,Wednesday
2010-06-23 12:00:00,1.2449,1.2704,-0.0255,-0.0949,0.1867,-0.4856,False,False,False,False,False,0,none,False,lower,,12,Wednesday
2010-06-23 13:00:00,0.2992,0.3255,-0.0263,-1.9197,0.141,-0.5297,False,False,False,False,False,0,none,False,lower,,13,Wednesday
2010-06-23 14:00:00,0.375,0.3947,-0.0197,-1.0307,0.1871,-0.1475,False,False,False,False,False,0,none,False,lower,,14,Wednesday
2010-06-23 15:00:00,0.3711,0.3958,-0.0247,-1.012,0.1965,-0.437,False,False,False,False,False,0,none,False,lower,,15,Wednesday
2010-06-23 16:00:00,0.3139,0.3438,-0.0299,-0.8319,0.1862,-0.7409,False,False,False,False,False,0,none,False,lower,,16,Wednesday
2010-06-23 17:00:00,0.5547,0.5608,-0.006,-0.7066,0.1925,0.6489,False,False,False,False,False,0,none,False,lower,,17,Wednesday
2010-06-23 18:00:00,1.7483,1.7538,-0.0056,0.7814,0.1102,0.6772,False,False,False,False,False,0,none,False,higher,,18,Wednesday
2010-06-23 19:00:00,1.9592,1.8428,0.1164,0.8748,0.1388,7.789,False,False,True,False,False,1,low,False,higher,residual,19,Wednesday
2010-06-23 20:00:00,1.2291,1.2351,-0.006,-0.141,0.1573,0.65,False,False,False,False,False,0,none,False,lower,,20,Wednesday
2010-06-23 21:00:00,3.9411,3.7222,0.2189,4.3576,-0.0359,13.7609,True,True,True,True,True,3,high,True,higher,"rolling_z,isolation_forest,residual",21,Wednesday
2010-06-23 22:00:00,1.4779,1.5177,-0.0398,0.1554,0.0763,-1.3208,False,False,False,False,False,0,none,False,higher,,22,Wednesday
2010-06-23 23:00:00,0.3716,0.4036,-0.032,-0.8131,0.149,-0.8615,False,False,False,False,False,0,none,False,lower,,23,Wednesday
2010-06-24 00:00:00,0.3514,0.3733,-0.0219,-0.5334,0.2039,-0.2746,False,False,False,False,False,0,none,False,lower,,0,Thursday
2010-06-24 01:00:00,0.3404,0.3602,-0.0197,-0.6001,0.2074,-0.148,False,False,False,False,False,0,none,False,lower,,1,Thursday
2010-06-24 02:00:00,0.4146,0.4352,-0.0206,-0.1389,0.2084,-0.1993,False,False,False,False,False,0,none,False,lower,,2,Thursday
2010-06-24 03:00:00,0.5252,0.5377,-0.0125,0.8496,0.1978,0.27,False,False,False,False,False,0,none,False,higher,,3,Thursday
2010-06-24 04:00:00,0.7033,0.7441,-0.0409,1.6777,0.1903,-1.3809,False,False,False,False,False,0,none,False,higher,,4,Thursday
2010-06-24 05:00:00,0.3878,0.4108,-0.023,0.2148,0.1877,-0.3392,False,False,False,False,False,0,none,False,higher,,5,Thursday
2010-06-24 06:00:00,0.4236,0.4336,-0.01,-0.7795,0.1929,0.4188,False,False,False,False,False,0,none,False,lower,,6,Thursday
2010-06-24 07:00:00,1.3825,1.3912,-0.0087,0.1104,0.1461,0.4926,False,False,False,False,False,0,none,False,higher,,7,Thursday
2010-06-24 08:00:00,1.7109,1.7263,-0.0154,0.4347,0.1631,0.1049,False,False,False,False,False,0,none,False,higher,,8,Thursday
2010-06-24 09:00:00,1.413,1.4297,-0.0168,-0.1296,0.1831,0.0239,False,False,False,False,False,0,none,False,lower,,9,Thursday
2010-06-24 10:00:00,0.903,0.9418,-0.0389,-1.1868,0.1851,-1.2644,False,False,False,False,False,0,none,False,lower,,10,Thursday
2010-06-24 11:00:00,0.3694,0.3954,-0.0259,-2.218,0.1674,-0.5104,False,False,False,False,False,0,none,False,lower,,11,Thursday
2010-06-24 12:00:00,0.3709,0.3958,-0.025,-1.58,0.1876,-0.4545,False,False,False,False,False,0,none,False,lower,,12,Thursday
2010-06-24 13:00:00,0.3719,0.4094,-0.0375,-1.6122,0.1923,-1.1873,False,False,False,False,False,0,none,False,lower,,13,Thursday
2010-06-24 14:00:00,0.324,0.349,-0.025,-1.1242,0.1864,-0.4547,False,False,False,False,False,0,none,False,lower,,14,Thursday
2010-06-24 15:00:00,0.3697,0.4012,-0.0315,-1.0122,0.197,-0.8347,False,False,False,False,False,0,none,False,lower,,15,Thursday
2010-06-24 16:00:00,0.3358,0.3651,-0.0293,-0.7967,0.192,-0.705,False,False,False,False,False,0,none,False,lower,,16,Thursday
2010-06-24 17:00:00,0.4254,0.4463,-0.0209,-0.9097,0.1972,-0.2156,False,False,False,False,False,0,none,False,lower,,17,Thursday
2010-06-24 18:00:00,0.6879,0.6954,-0.0075,-0.5164,0.1864,0.5651,False,False,False,False,False,0,none,False,lower,,18,Thursday
2010-06-24 19:00:00,1.5256,1.5411,-0.0155,0.3873,0.1422,0.1005,False,False,False,False,False,0,none,False,higher,,19,Thursday
2010-06-24 20:00:00,1.2801,1.266,0.0141,-0.0127,0.167,1.8217,False,False,False,False,False,0,none,False,lower,,20,Thursday
2010-06-24 21:00:00,1.4407,1.424,0.0167,-0.1206,0.1593,1.9729,False,False,False,False,False,0,none,False,lower,,21,Thursday
2010-06-24 22:00:00,1.8171,1.8547,-0.0376,0.5825,0.1222,-1.1916,False,False,False,False,False,0,none,False,higher,,22,Thursday
2010-06-24 23:00:00,0.3889,0.426,-0.0371,-0.7907,0.1281,-1.1631,False,False,False,False,False,0,none,False,lower,,23,Thursday
2010-06-25 00:00:00,0.2986,0.3144,-0.0158,-0.6319,0.199,0.079,False,False,False,False,False,0,none,False,lower,,0,Friday
2010-06-25 01:00:00,0.3066,0.3361,-0.0295,-0.6984,0.2007,-0.7191,False,False,False,False,False,0,none,False,lower,,1,Friday
2010-06-25 02:00:00,0.2838,0.3091,-0.0253,-0.6126,0.204,-0.4718,False,False,False,False,False,0,none,False,lower,,2,Friday
2010-06-25 03:00:00,0.3395,0.3594,-0.02,-0.2285,0.2027,-0.1619,False,False,False,False,False,0,none,False,lower,,3,Friday
2010-06-25 04:00:00,0.3377,0.3627,-0.025,-0.2278,0.2021,-0.4553,False,False,False,False,False,0,none,False,lower,,4,Friday
2010-06-25 05:00:00,0.2843,0.3113,-0.027,-0.5815,0.1957,-0.5722,False,False,False,False,False,0,none,False,lower,,5,Friday
2010-06-25 06:00:00,1.0409,1.0381,0.0027,0.9951,0.144,1.1607,False,False,False,False,False,0,none,False,higher,,6,Friday
2010-06-25 07:00:00,1.4192,1.4376,-0.0183,0.1607,0.1529,-0.0673,False,False,False,False,False,0,none,False,higher,,7,Friday
2010-06-25 08:00:00,1.1743,1.1862,-0.0118,-0.7211,0.1641,0.3119,False,False,False,False,False,0,none,False,lower,,8,Friday
2010-06-25 09:00:00,1.4962,1.5055,-0.0092,0.0895,0.1521,0.4631,False,False,False,False,False,0,none,False,higher,,9,Friday
2010-06-25 10:00:00,1.4314,1.4428,-0.0114,-0.0739,0.1669,0.3349,False,False,False,False,False,0,none,False,lower,,10,Friday
2010-06-25 11:00:00,1.6219,1.6491,-0.0272,0.6706,0.1617,-0.5837,False,False,False,False,False,0,none,False,higher,,11,Friday
2010-06-25 12:00:00,1.9614,2.0612,-0.0999,1.093,0.1326,-4.8202,False,False,False,False,False,0,none,False,higher,,12,Friday
2010-06-25 13:00:00,0.9725,1.0137,-0.0412,-0.4814,0.1584,-1.4013,False,False,False,False,False,0,none,False,lower,,13,Friday
2010-06-25 14:00:00,0.2834,0.3059,-0.0225,-1.1811,0.1599,-0.3095,False,False,False,False,False,0,none,False,lower,,14,Friday
2010-06-25 15:00:00,0.2704,0.3081,-0.0376,-1.146,0.1879,-1.1918,False,False,False,False,False,0,none,False,lower,,15,Friday
2010-06-25 16:00:00,0.3191,0.3524,-0.0332,-0.8237,0.1894,-0.9356,False,False,False,False,False,0,none,False,lower,,16,Friday
2010-06-25 17:00:00,0.3674,0.4014,-0.034,-0.9909,0.1981,-0.9799,False,False,False,False,False,0,none,False,lower,,17,Friday
2010-06-25 18:00:00,0.2844,0.3185,-0.0342,-0.9951,0.1791,-0.991,False,False,False,False,False,0,none,False,lower,,18,Friday
2010-06-25 19:00:00,0.3056,0.3331,-0.0275,-1.2185,0.1864,-0.6017,False,False,False,False,False,0,none,False,lower,,19,Friday
2010-06-25 20:00:00,0.3293,0.3552,-0.0259,-1.4988,0.1861,-0.5094,False,False,False,False,False,0,none,False,lower,,20,Friday
2010-06-25 21:00:00,1.3311,1.3348,-0.0037,-0.2714,0.1332,0.7831,False,False,False,False,False,0,none,False,lower,,21,Friday
2010-06-25 22:00:00,1.4953,1.54,-0.0448,0.091,0.1544,-1.6083,False,False,False,False,False,0,none,False,higher,,22,Friday
2010-06-25 23:00:00,0.3699,0.4089,-0.039,-0.788,0.1498,-1.2712,False,False,False,False,False,0,none,False,lower,,23,Friday
2010-06-26 00:00:00,0.3658,0.3788,-0.013,-0.488,0.1478,0.2439,False,False,False,False,False,0,none,False,lower,,0,Saturday
2010-06-26 01:00:00,0.2877,0.2971,-0.0095,-0.74,0.146,0.4493,False,False,False,False,False,0,none,False,lower,,1,Saturday
2010-06-26 02:00:00,0.2933,0.3089,-0.0156,-0.5752,0.1529,0.0944,False,False,False,False,False,0,none,False,lower,,2,Saturday
2010-06-26 03:00:00,0.3593,0.3723,-0.0129,-0.1139,0.1536,0.2479,False,False,False,False,False,0,none,False,lower,,3,Saturday
2010-06-26 04:00:00,0.3156,0.3345,-0.0189,-0.3589,0.1511,-0.0999,False,False,False,False,False,0,none,False,lower,,4,Saturday
2010-06-26 05:00:00,0.8614,0.8624,-0.0011,3.7081,0.1111,0.9388,True,False,False,False,True,1,low,False,higher,rolling_z,5,Saturday
2010-06-26 06:00:00,0.4714,0.5073,-0.0359,-0.6324,0.135,-1.0912,False,False,False,False,False,0,none,False,lower,,6,Saturday
2010-06-26 07:00:00,0.5001,0.5292,-0.029,-1.6065,0.1489,-0.6907,False,False,False,False,False,0,none,False,lower,,7,Saturday
2010-06-26 08:00:00,0.3281,0.3642,-0.0361,-2.4848,0.1349,-1.1007,False,False,False,False,False,0,none,False,lower,,8,Saturday
2010-06-26 09:00:00,0.8945,0.8835,0.0111,-1.3236,0.0964,1.6463,False,False,False,False,False,0,none,False,lower,,9,Saturday
2010-06-26 10:00:00,1.8389,1.8541,-0.0152,0.7469,0.046,0.1167,False,False,False,False,False,0,none,False,higher,,10,Saturday
2010-06-26 11:00:00,0.8351,0.8323,0.0028,-1.0086,0.0862,1.1623,False,False,False,False,False,0,none,False,lower,,11,Saturday
2010-06-26 12:00:00,1.445,1.4444,0.0006,0.1986,0.0764,1.0365,False,False,False,False,False,0,none,False,higher,,12,Saturday
2010-06-26 13:00:00,1.0642,1.1066,-0.0423,-0.3428,0.0947,-1.467,False,False,False,False,False,0,none,False,lower,,13,Saturday
2010-06-26 14:00:00,0.432,0.4492,-0.0172,-0.8385,0.1134,0.0002,False,False,False,False,False,0,none,False,lower,,14,Saturday
2010-06-26 15:00:00,0.4317,0.4655,-0.0338,-0.7876,0.133,-0.9665,False,False,False,False,False,0,none,False,lower,,15,Saturday
2010-06-26 16:00:00,0.8638,0.8646,-0.0009,0.0552,0.1041,0.9505,False,False,False,False,False,0,none,False,higher,,16,Saturday
2010-06-26 17:00:00,1.4528,1.4673,-0.0145,0.6524,0.0888,0.1544,False,False,False,False,False,0,none,False,higher,,17,Saturday
2010-06-26 18:00:00,1.4155,1.4501,-0.0346,0.3559,0.1052,-1.0172,False,False,False,False,False,0,none,False,higher,,18,Saturday
2010-06-26 19:00:00,0.3551,0.3824,-0.0273,-1.1139,0.0943,-0.59,False,False,False,False,False,0,none,False,lower,,19,Saturday
2010-06-26 20:00:00,0.3545,0.3901,-0.0356,-1.414,0.1405,-1.0751,False,False,False,False,False,0,none,False,lower,,20,Saturday
2010-06-26 21:00:00,0.305,0.3299,-0.0249,-1.7115,0.1316,-0.4496,False,False,False,False,False,0,none,False,lower,,21,Saturday
2010-06-26 22:00:00,0.3474,0.3757,-0.0283,-1.5045,0.1319,-0.6479,False,False,False,False,False,0,none,False,lower,,22,Saturday
2010-06-26 23:00:00,0.542,0.5668,-0.0248,-0.4759,0.1297,-0.4434,False,False,False,False,False,0,none,False,lower,,23,Saturday
2010-06-27 00:00:00,0.3531,0.3663,-0.0132,-0.4943,0.1324,0.2349,False,False,False,False,False,0,none,False,lower,,0,Sunday
2010-06-27 01:00:00,0.5367,0.5329,0.0038,-0.0319,0.1344,1.2252,False,False,False,False,False,0,none,False,lower,,1,Sunday
2010-06-27 02:00:00,0.8455,0.8706,-0.0252,1.3675,0.127,-0.4651,False,False,False,False,False,0,none,False,higher,,2,Sunday
2010-06-27 03:00:00,0.3638,0.3776,-0.0138,-0.1002,0.1243,0.1951,False,False,False,False,False,0,none,False,lower,,3,Sunday
2010-06-27 04:00:00,0.3059,0.3221,-0.0162,-0.4281,0.1473,0.057,False,False,False,False,False,0,none,False,lower,,4,Sunday
2010-06-27 05:00:00,0.2873,0.3107,-0.0234,-0.5834,0.147,-0.3654,False,False,False,False,False,0,none,False,lower,,5,Sunday
2010-06-27 06:00:00,0.3289,0.3351,-0.0061,-1.0198,0.1492,0.6439,False,False,False,False,False,0,none,False,lower,,6,Sunday
2010-06-27 07:00:00,0.4841,0.5031,-0.019,-1.5053,0.1394,-0.104,False,False,False,False,False,0,none,False,lower,,7,Sunday
2010-06-27 08:00:00,0.3319,0.3675,-0.0356,-2.1663,0.1337,-1.0765,False,False,False,False,False,0,none,False,lower,,8,Sunday
2010-06-27 09:00:00,1.5325,1.5567,-0.0242,0.2346,0.0623,-0.4102,False,False,False,False,False,0,none,False,higher,,9,Sunday
2010-06-27 10:00:00,1.0246,0.9843,0.0403,-0.9128,0.0976,3.3518,False,False,False,False,False,0,none,False,lower,,10,Sunday
2010-06-27 11:00:00,0.5531,0.6196,-0.0665,-1.5578,0.1291,-2.8747,False,False,False,False,False,0,none,False,lower,,11,Sunday
2010-06-27 12:00:00,1.0512,1.0399,0.0113,-0.4004,0.0936,1.6616,False,False,False,False,False,0,none,False,lower,,12,Sunday
2010-06-27 13:00:00,1.641,1.6438,-0.0028,0.6614,0.0751,0.8371,False,False,False,False,False,0,none,False,higher,,13,Sunday
2010-06-27 14:00:00,1.5251,1.5643,-0.0392,1.3434,0.0998,-1.2841,False,False,False,False,False,0,none,False,higher,,14,Sunday
2010-06-27 15:00:00,0.9024,0.9382,-0.0358,0.0629,0.1079,-1.0877,False,False,False,False,False,0,none,False,higher,,15,Sunday
2010-06-27 16:00:00,0.8768,0.8983,-0.0215,0.0751,0.1307,-0.2543,False,False,False,False,False,0,none,False,higher,,16,Sunday
2010-06-27 17:00:00,0.6096,0.6156,-0.006,-0.583,0.1336,0.6507,False,False,False,False,False,0,none,False,lower,,17,Sunday
2010-06-27 18:00:00,0.7713,0.821,-0.0496,-0.359,0.1238,-1.8913,False,False,False,False,False,0,none,False,lower,,18,Sunday
2010-06-27 19:00:00,0.4264,0.4612,-0.0348,-0.9519,0.1225,-1.0278,False,False,False,False,False,0,none,False,lower,,19,Sunday
2010-06-27 20:00:00,0.3972,0.4223,-0.0251,-1.2411,0.1352,-0.4599,False,False,False,False,False,0,none,False,lower,,20,Sunday
2010-06-27 21:00:00,0.8347,0.8154,0.0193,-0.8586,0.1194,2.1292,False,False,False,False,False,0,none,False,lower,,21,Sunday
2010-06-27 22:00:00,2.0669,2.0949,-0.0279,0.9499,0.0341,-0.6268,False,False,False,False,False,0,none,False,higher,,22,Sunday
2010-06-27 23:00:00,0.9492,0.9784,-0.0292,0.2534,0.0917,-0.6999,False,False,False,False,False,0,none,False,higher,,23,Sunday
2010-06-28 00:00:00,0.3528,0.3652,-0.0124,-0.4612,0.1879,0.2786,False,False,False,False,False,0,none,False,lower,,0,Monday
2010-06-28 01:00:00,0.3554,0.3685,-0.0131,-0.5008,0.2078,0.2387,False,False,False,False,False,0,none,False,lower,,1,Monday
2010-06-28 02:00:00,0.5648,0.5607,0.0042,0.3321,0.1909,1.2448,False,False,False,False,False,0,none,False,higher,,2,Monday
2010-06-28 03:00:00,0.4833,0.5073,-0.024,0.6506,0.1979,-0.3966,False,False,False,False,False,0,none,False,higher,,3,Monday
2010-06-28 04:00:00,0.3338,0.3632,-0.0294,-0.2553,0.1991,-0.7106,False,False,False,False,False,0,none,False,lower,,4,Monday
2010-06-28 05:00:00,0.3305,0.3587,-0.0282,-0.2783,0.2047,-0.6399,False,False,False,False,False,0,none,False,lower,,5,Monday
2010-06-28 06:00:00,1.0942,1.1015,-0.0073,1.144,0.147,0.5789,False,False,False,False,False,0,none,False,higher,,6,Monday
2010-06-28 07:00:00,1.4126,1.4038,0.0088,0.2353,0.1683,1.5154,False,False,False,False,False,0,none,False,higher,,7,Monday
2010-06-28 08:00:00,1.5397,1.5409,-0.0012,0.2162,0.1715,0.9321,False,False,False,False,False,0,none,False,higher,,8,Monday
2010-06-28 09:00:00,1.0228,1.0689,-0.046,-1.1005,0.1765,-1.6816,False,False,False,False,False,0,none,False,lower,,9,Monday
2010-06-28 10:00:00,0.3257,0.3661,-0.0405,-2.3925,0.1613,-1.3575,False,False,False,False,False,0,none,False,lower,,10,Monday
2010-06-28 11:00:00,0.9337,0.9358,-0.0021,-0.6848,0.1711,0.877,False,False,False,False,False,0,none,False,lower,,11,Monday
2010-06-28 12:00:00,0.6585,0.6959,-0.0374,-1.0634,0.1926,-1.1781,False,False,False,False,False,0,none,False,lower,,12,Monday
2010-06-28 13:00:00,0.5481,0.5677,-0.0196,-1.2352,0.1971,-0.1415,False,False,False,False,False,0,none,False,lower,,13,Monday
2010-06-28 14:00:00,1.042,1.0349,0.0071,0.3154,0.1592,1.4164,False,False,False,False,False,0,none,False,higher,,14,Monday
2010-06-28 15:00:00,1.6852,1.7003,-0.0151,1.5031,0.1413,0.1222,False,False,False,False,False,0,none,False,higher,,15,Monday
2010-06-28 16:00:00,1.0549,1.0604,-0.0055,0.3508,0.1606,0.682,False,False,False,False,False,0,none,False,higher,,16,Monday
2010-06-28 17:00:00,1.6614,1.6743,-0.0128,1.1593,0.154,0.2541,False,False,False,False,False,0,none,False,higher,,17,Monday
2010-06-28 18:00:00,1.8102,1.8206,-0.0103,1.119,0.1445,0.3982,False,False,False,False,False,0,none,False,higher,,18,Monday
2010-06-28 19:00:00,1.3352,1.3787,-0.0435,0.3188,0.1613,-1.533,False,False,False,False,False,0,none,False,higher,,19,Monday
2010-06-28 20:00:00,0.9758,0.9665,0.0094,-0.2479,0.1853,1.5469,False,False,False,False,False,0,none,False,lower,,20,Monday
2010-06-28 21:00:00,1.1447,1.1478,-0.0031,-0.3797,0.1869,0.8208,False,False,False,False,False,0,none,False,lower,,21,Monday
2010-06-28 22:00:00,1.7551,1.7693,-0.0142,0.4556,0.146,0.1721,False,False,False,False,False,0,none,False,higher,,22,Monday
2010-06-28 23:00:00,2.1018,2.1339,-0.0321,2.1455,0.1174,-0.8682,False,False,False,False,True,0,none,False,higher,,23,Monday
2010-06-29 00:00:00,1.0074,1.0112,-0.0039,0.7027,0.1456,0.7754,False,False,False,False,False,0,none,False,higher,,0,Tuesday
2010-06-29 01:00:00,0.6357,0.6605,-0.0248,0.3622,0.1936,-0.4445,False,False,False,False,False,0,none,False,higher,,1,Tuesday
2010-06-29 02:00:00,0.3406,0.3681,-0.0275,-0.4652,0.1994,-0.5997,False,False,False,False,False,0,none,False,lower,,2,Tuesday
2010-06-29 03:00:00,0.3275,0.3528,-0.0253,-0.3485,0.2039,-0.4761,False,False,False,False,False,0,none,False,lower,,3,Tuesday
2010-06-29 04:00:00,0.3994,0.4214,-0.0221,0.0778,0.2033,-0.2853,False,False,False,False,False,0,none,False,higher,,4,Tuesday
2010-06-29 05:00:00,0.4139,0.4435,-0.0296,0.2193,0.2022,-0.7213,False,False,False,False,False,0,none,False,higher,,5,Tuesday
2010-06-29 06:00:00,0.4432,0.4765,-0.0333,-0.6755,0.1947,-0.9393,False,False,False,False,False,0,none,False,lower,,6,Tuesday
2010-06-29 07:00:00,1.1241,1.1359,-0.0119,-0.2699,0.1699,0.3093,False,False,False,False,False,0,none,False,lower,,7,Tuesday
2010-06-29 08:00:00,1.8221,1.8163,0.0058,0.7456,0.1508,1.3388,False,False,False,False,False,0,none,False,higher,,8,Tuesday
2010-06-29 09:00:00,1.6044,1.6009,0.0034,0.3737,0.1741,1.2009,False,False,False,False,False,0,none,False,higher,,9,Tuesday
2010-06-29 10:00:00,1.9203,1.9059,0.0144,1.0904,0.1515,1.8414,False,False,False,False,False,0,none,False,higher,,10,Tuesday
2010-06-29 11:00:00,0.8169,0.8649,-0.048,-0.8794,0.1407,-1.7947,False,False,False,False,False,0,none,False,lower,,11,Tuesday
2010-06-29 12:00:00,0.5118,0.5547,-0.0429,-1.2581,0.1712,-1.4989,False,False,False,False,False,0,none,False,lower,,12,Tuesday
2010-06-29 13:00:00,0.9936,0.9771,0.0165,-0.5051,0.1691,1.9617,False,False,False,False,False,0,none,False,lower,,13,Tuesday
2010-06-29 14:00:00,0.9509,0.9998,-0.0488,0.0899,0.1908,-1.8452,False,False,False,False,False,0,none,False,higher,,14,Tuesday
2010-06-29 15:00:00,0.4005,0.4583,-0.0578,-0.8275,0.1722,-2.3665,False,False,False,False,False,0,none,False,lower,,15,Tuesday
2010-06-29 16:00:00,0.5976,0.627,-0.0294,-0.318,0.1856,-0.7131,False,False,False,False,False,0,none,False,lower,,16,Tuesday
2010-06-29 17:00:00,1.2671,1.2738,-0.0067,0.4871,0.1635,0.6138,False,False,False,False,False,0,none,False,higher,,17,Tuesday
2010-06-29 18:00:00,0.7645,0.8062,-0.0417,-0.3269,0.1783,-1.4306,False,False,False,False,False,0,none,False,lower,,18,Tuesday
2010-06-29 19:00:00,0.9424,0.9972,-0.0548,-0.2054,0.1905,-2.1957,False,False,False,False,False,0,none,False,lower,,19,Tuesday
2010-06-29 20:00:00,1.0329,1.0461,-0.0133,-0.174,0.1901,0.2276,False,False,False,False,False,0,none,False,lower,,20,Tuesday
2010-06-29 21:00:00,1.7192,1.7372,-0.018,0.3998,0.1487,-0.0464,False,False,False,False,False,0,none,False,higher,,21,Tuesday
2010-06-29 22:00:00,2.3195,2.2884,0.0311,1.2103,0.098,2.8166,False,False,False,False,False,0,none,False,higher,,22,Tuesday
2010-06-29 23:00:00,0.4538,0.4987,-0.0449,-0.6571,0.1093,-1.6177,False,False,False,False,False,0,none,False,lower,,23,Tuesday
2010-06-30 00:00:00,0.344,0.3741,-0.0301,-0.5259,0.2053,-0.7529,False,False,False,False,False,0,none,False,lower,,0,Wednesday
2010-06-30 01:00:00,0.4603,0.4643,-0.0041,-0.2236,0.2058,0.7643,False,False,False,False,False,0,none,False,lower,,1,Wednesday
2010-06-30 02:00:00,0.6691,0.704,-0.0349,0.6507,0.1963,-1.0346,False,False,False,False,False,0,none,False,higher,,2,Wednesday
2010-06-30 03:00:00,0.3131,0.3436,-0.0306,-0.4412,0.1918,-0.7799,False,False,False,False,False,0,none,False,lower,,3,Wednesday
2010-06-30 04:00:00,0.2935,0.3197,-0.0262,-0.5151,0.2048,-0.5265,False,False,False,False,False,0,none,False,lower,,4,Wednesday
2010-06-30 05:00:00,0.9467,0.9538,-0.0071,3.4902,0.1712,0.5891,True,False,False,False,True,1,low,False,higher,rolling_z,5,Wednesday
2010-06-30 06:00:00,0.5383,0.5547,-0.0164,-0.381,0.1792,0.0434,False,False,False,False,False,0,none,False,lower,,6,Wednesday
2010-06-30 07:00:00,1.0615,1.0854,-0.0238,-0.3563,0.1822,-0.3869,False,False,False,False,False,0,none,False,lower,,7,Wednesday
2010-06-30 08:00:00,1.1932,1.229,-0.0359,-0.3823,0.1827,-1.0901,False,False,False,False,False,0,none,False,lower,,8,Wednesday
2010-06-30 09:00:00,0.3685,0.3981,-0.0296,-2.6989,0.1508,-0.7244,False,False,False,False,False,0,none,False,lower,,9,Wednesday
2010-06-30 10:00:00,0.309,0.3352,-0.0262,-2.1368,0.1835,-0.5234,False,False,False,False,False,0,none,False,lower,,10,Wednesday
2010-06-30 11:00:00,0.6882,0.6998,-0.0116,-1.0812,0.1753,0.3272,False,False,False,False,False,0,none,False,lower,,11,Wednesday
2010-06-30 12:00:00,1.1751,1.182,-0.0069,-0.1157,0.1696,0.6013,False,False,False,False,False,0,none,False,lower,,12,Wednesday
2010-06-30 13:00:00,1.3315,1.3354,-0.0039,0.1154,0.1821,0.7749,False,False,False,False,False,0,none,False,higher,,13,Wednesday
2010-06-30 14:00:00,1.4013,1.4342,-0.0329,1.035,0.1807,-0.9161,False,False,False,False,False,0,none,False,higher,,14,Wednesday
2010-06-30 15:00:00,1.0394,1.0746,-0.0352,0.3418,0.1823,-1.0492,False,False,False,False,False,0,none,False,higher,,15,Wednesday
2010-06-30 16:00:00,0.6396,0.6692,-0.0296,-0.2356,0.1923,-0.725,False,False,False,False,False,0,none,False,lower,,16,Wednesday
2010-06-30 17:00:00,1.4037,1.379,0.0247,0.6601,0.157,2.4437,False,False,False,False,False,0,none,False,higher,,17,Wednesday
2010-06-30 18:00:00,1.3373,1.3497,-0.0123,0.4452,0.1708,0.283,False,False,False,False,False,0,none,False,higher,,18,Wednesday
2010-06-30 19:00:00,1.2917,1.318,-0.0263,0.2353,0.1777,-0.531,False,False,False,False,False,0,none,False,higher,,19,Wednesday
2010-06-30 20:00:00,1.1515,1.177,-0.0255,0.009,0.1809,-0.4825,False,False,False,False,False,0,none,False,higher,,20,Wednesday
2010-06-30 21:00:00,1.4091,1.41,-0.001,-0.0775,0.1752,0.9457,False,False,False,False,False,0,none,False,lower,,21,Wednesday
2010-06-30 22:00:00,1.6365,1.6606,-0.0241,0.1919,0.1578,-0.4016,False,False,False,False,False,0,none,False,higher,,22,Wednesday
2010-06-30 23:00:00,2.0666,2.0733,-0.0067,1.8565,0.1148,0.6085,False,False,False,False,True,0,none,False,higher,,23,Wednesday
2010-07-01 00:00:00,3.329,3.2082,0.1209,4.7957,-0.0049,8.0489,True,True,True,True,True,3,high,True,higher,"rolling_z,isolation_forest,residual",0,Thursday
2010-07-01 01:00:00,0.867,0.8802,-0.0132,1.0996,0.0776,0.2322,False,False,False,False,False,0,none,False,higher,,1,Thursday
2010-07-01 02:00:00,0.3796,0.3826,-0.003,-0.3181,0.1877,0.8293,False,False,False,False,False,0,none,False,lower,,2,Thursday
2010-07-01 03:00:00,0.3791,0.3865,-0.0074,-0.0509,0.2043,0.571,False,False,False,False,False,0,none,False,lower,,3,Thursday
2010-07-01 04:00:00,0.4201,0.4282,-0.0081,0.1546,0.2004,0.5291,False,False,False,False,False,0,none,False,higher,,4,Thursday
2010-07-01 05:00:00,0.4192,0.4246,-0.0054,0.0643,0.1995,0.6867,False,False,False,False,False,0,none,False,higher,,5,Thursday
2010-07-01 06:00:00,0.4115,0.421,-0.0095,-0.7308,0.1918,0.4475,False,False,False,False,False,0,none,False,lower,,6,Thursday
2010-07-01 07:00:00,0.3751,0.3966,-0.0215,-1.615,0.1908,-0.2511,False,False,False,False,False,0,none,False,lower,,7,Thursday
2010-07-01 08:00:00,0.4297,0.4358,-0.0061,-1.7516,0.1901,0.6458,False,False,False,False,False,0,none,False,lower,,8,Thursday
2010-07-01 09:00:00,0.4747,0.4686,0.0062,-2.0889,0.1861,1.3607,False,False,False,False,False,0,none,False,lower,,9,Thursday
2010-07-01 10:00:00,1.4757,1.4918,-0.0161,0.1982,0.142,0.0645,False,False,False,False,False,0,none,False,higher,,10,Thursday
2010-07-01 11:00:00,1.5003,1.4951,0.0052,0.4953,0.1861,1.3073,False,False,False,False,False,0,none,False,higher,,11,Thursday
2010-07-01 12:00:00,1.5219,1.5078,0.0141,0.4049,0.1844,1.825,False,False,False,False,False,0,none,False,higher,,12,Thursday
2010-07-01 13:00:00,1.1035,1.1048,-0.0013,-0.3472,0.1886,0.9242,False,False,False,False,False,0,none,False,lower,,13,Thursday
2010-07-01 14:00:00,1.0869,1.0773,0.0096,0.3241,0.1903,1.5598,False,False,False,False,False,0,none,False,higher,,14,Thursday
2010-07-01 15:00:00,1.1506,1.1367,0.0139,0.5366,0.1888,1.8091,False,False,False,False,False,0,none,False,higher,,15,Thursday
2010-07-01 16:00:00,1.2556,1.2435,0.0121,0.7028,0.182,1.7068,False,False,False,False,False,0,none,False,higher,,16,Thursday
2010-07-01 17:00:00,0.9758,0.972,0.0038,-0.0886,0.1851,1.222,False,False,False,False,False,0,none,False,lower,,17,Thursday
2010-07-01 18:00:00,1.3626,1.3655,-0.0029,0.4354,0.1643,0.8317,False,False,False,False,False,0,none,False,higher,,18,Thursday
2010-07-01 19:00:00,0.4723,0.4838,-0.0115,-0.9332,0.1477,0.333,False,False,False,False,False,0,none,False,lower,,19,Thursday
2010-07-01 20:00:00,0.4824,0.4953,-0.0129,-1.2214,0.1845,0.2483,False,False,False,False,False,0,none,False,lower,,20,Thursday
2010-07-01 21:00:00,0.7201,0.711,0.0092,-1.0407,0.1859,1.5367,False,False,False,False,False,0,none,False,lower,,21,Thursday
2010-07-01 22:00:00,1.0433,1.032,0.0112,-0.6889,0.1861,1.657,False,False,False,False,False,0,none,False,lower,,22,Thursday
2010-07-01 23:00:00,0.8474,0.8653,-0.0179,-0.1277,0.2018,-0.0401,False,False,False,False,False,0,none,False,lower,,23,Thursday
2010-07-02 00:00:00,1.3977,1.3807,0.017,0.8699,0.1521,1.992,False,False,False,False,True,0,none,False,higher,,0,Friday
2010-07-02 01:00:00,0.5759,0.5706,0.0053,0.1054,0.1733,1.3087,False,False,False,False,False,0,none,False,higher,,1,Friday
2010-07-02 02:00:00,0.5209,0.519,0.0019,0.2022,0.2088,1.1143,False,False,False,False,False,0,none,False,higher,,2,Friday
2010-07-02 03:00:00,1.6122,1.5848,0.0274,11.638,0.1135,2.5978,True,False,False,True,True,1,low,False,higher,rolling_z,3,Friday
2010-07-02 04:00:00,1.1039,1.1032,0.0007,3.8151,0.1614,1.0448,True,False,False,False,True,1,low,False,higher,rolling_z,4,Friday
2010-07-02 05:00:00,0.8481,0.8449,0.0032,2.2916,0.1834,1.1878,False,False,False,False,True,0,none,False,higher,,5,Friday
2010-07-02 06:00:00,0.4247,0.43,-0.0053,-0.641,0.1789,0.6933,False,False,False,False,False,0,none,False,lower,,6,Friday
2010-07-02 07:00:00,0.4384,0.445,-0.0065,-1.3662,0.1952,0.6212,False,False,False,False,False,0,none,False,lower,,7,Friday
2010-07-02 08:00:00,0.429,0.439,-0.01,-1.6263,0.1916,0.4179,False,False,False,False,False,0,none,False,lower,,8,Friday
2010-07-02 09:00:00,0.3866,0.3958,-0.0093,-2.0664,0.1868,0.4621,False,False,False,False,False,0,none,False,lower,,9,Friday
2010-07-02 10:00:00,0.4653,0.4714,-0.0061,-1.6532,0.189,0.6476,False,False,False,False,False,0,none,False,lower,,10,Friday
2010-07-02 11:00:00,1.0549,1.04,0.0149,-0.3769,0.1715,1.8729,False,False,False,False,False,0,none,False,lower,,11,Friday
2010-07-02 12:00:00,0.6609,0.6818,-0.0209,-1.0037,0.1898,-0.2188,False,False,False,False,False,0,none,False,lower,,12,Friday
2010-07-02 13:00:00,0.4927,0.508,-0.0153,-1.462,0.1947,0.1073,False,False,False,False,False,0,none,False,lower,,13,Friday
2010-07-02 14:00:00,0.8083,0.8133,-0.005,-0.2262,0.1751,0.7094,False,False,False,False,False,0,none,False,lower,,14,Friday
2010-07-02 15:00:00,0.6437,0.6583,-0.0147,-0.335,0.1941,0.1458,False,False,False,False,False,0,none,False,lower,,15,Friday
2010-07-02 16:00:00,1.1452,1.1551,-0.0098,0.4794,0.1602,0.4279,False,False,False,False,False,0,none,False,higher,,16,Friday
2010-07-02 17:00:00,0.5032,0.5392,-0.0359,-0.9203,0.1718,-1.0937,False,False,False,False,False,0,none,False,lower,,17,Friday
2010-07-02 18:00:00,0.6059,0.6091,-0.0032,-0.6942,0.1851,0.817,False,False,False,False,False,0,none,False,lower,,18,Friday
2010-07-02 19:00:00,1.4792,1.4595,0.0197,0.4826,0.1318,2.1528,False,False,False,False,False,0,none,False,higher,,19,Friday
2010-07-02 20:00:00,1.5087,1.5102,-0.0014,0.6413,0.1642,0.919,False,False,False,False,False,0,none,False,higher,,20,Friday
2010-07-02 21:00:00,1.1103,1.1353,-0.0251,-0.5096,0.1704,-0.459,False,False,False,False,False,0,none,False,lower,,21,Friday
2010-07-02 22:00:00,0.4078,0.428,-0.0203,-1.6482,0.1709,-0.1793,False,False,False,False,False,0,none,False,lower,,22,Friday
2010-07-02 23:00:00,0.3918,0.4104,-0.0186,-0.8443,0.203,-0.0814,False,False,False,False,False,0,none,False,lower,,23,Friday
2010-07-03 00:00:00,0.4521,0.451,0.0011,-0.4304,0.1449,1.0678,False,False,False,False,False,0,none,False,lower,,0,Saturday
2010-07-03 01:00:00,0.5863,0.5595,0.0268,0.2607,0.1452,2.5656,False,False,False,False,False,0,none,False,higher,,1,Saturday
2010-07-03 02:00:00,1.4909,1.4331,0.0578,3.8468,0.0713,4.3725,True,False,False,False,False,1,low,False,higher,rolling_z,2,Saturday
2010-07-03 03:00:00,0.7368,0.76,-0.0232,1.2566,0.103,-0.3531,False,False,False,False,False,0,none,False,higher,,3,Saturday
2010-07-03 04:00:00,0.3784,0.3793,-0.0009,-0.2175,0.1336,0.9471,False,False,False,False,False,0,none,False,lower,,4,Saturday
2010-07-03 05:00:00,0.4776,0.475,0.0026,0.2337,0.1429,1.1505,False,False,False,False,False,0,none,False,higher,,5,Saturday
2010-07-03 06:00:00,0.5013,0.5154,-0.0141,-0.3575,0.1487,0.1785,False,False,False,False,False,0,none,False,lower,,6,Saturday
2010-07-03 07:00:00,1.1276,1.126,0.0016,-0.0175,0.1016,1.0973,False,False,False,False,False,0,none,False,lower,,7,Saturday
2010-07-03 08:00:00,0.3893,0.3929,-0.0035,-1.559,0.1139,0.7965,False,False,False,False,False,0,none,False,lower,,8,Saturday
2010-07-03 09:00:00,0.4175,0.4255,-0.0079,-1.7976,0.1448,0.5381,False,False,False,False,False,0,none,False,lower,,9,Saturday
2010-07-03 10:00:00,0.4409,0.4498,-0.009,-1.5666,0.1415,0.4797,False,False,False,False,False,0,none,False,lower,,10,Saturday
2010-07-03 11:00:00,0.6992,0.6891,0.0101,-1.0506,0.1363,1.5903,False,False,False,False,False,0,none,False,lower,,11,Saturday
2010-07-03 12:00:00,0.7495,0.7579,-0.0085,-0.8648,0.1363,0.5075,False,False,False,False,False,0,none,False,lower,,12,Saturday
2010-07-03 13:00:00,0.5087,0.5252,-0.0164,-1.3518,0.1379,0.0429,False,False,False,False,False,0,none,False,lower,,13,Saturday
2010-07-03 14:00:00,0.4639,0.4754,-0.0114,-0.9225,0.1365,0.3351,False,False,False,False,False,0,none,False,lower,,14,Saturday
2010-07-03 15:00:00,0.407,0.4253,-0.0184,-0.7156,0.1357,-0.0682,False,False,False,False,False,0,none,False,lower,,15,Saturday
2010-07-03 16:00:00,0.3785,0.3968,-0.0182,-0.7114,0.1308,-0.0623,False,False,False,False,False,0,none,False,lower,,16,Saturday
2010-07-03 17:00:00,0.4646,0.479,-0.0144,-0.9553,0.1351,0.1647,False,False,False,False,False,0,none,False,lower,,17,Saturday
2010-07-03 18:00:00,1.0288,1.0116,0.0172,-0.0931,0.1042,2.0044,False,False,False,False,False,0,none,False,lower,,18,Saturday
2010-07-03 19:00:00,1.013,1.0356,-0.0226,-0.2063,0.115,-0.3185,False,False,False,False,False,0,none,False,lower,,19,Saturday
2010-07-03 20:00:00,1.2177,1.2139,0.0038,0.0404,0.1045,1.2235,False,False,False,False,False,0,none,False,higher,,20,Saturday
2010-07-03 21:00:00,1.1374,1.1409,-0.0035,-0.4372,0.1075,0.7966,False,False,False,False,False,0,none,False,lower,,21,Saturday
2010-07-03 22:00:00,1.7139,1.6769,0.037,0.2725,0.0766,3.1612,False,False,False,False,False,0,none,False,higher,,22,Saturday
2010-07-03 23:00:00,1.8869,1.887,-0.0001,1.4541,0.0757,0.9963,False,False,False,False,False,0,none,False,higher,,23,Saturday
2010-07-04 00:00:00,1.8255,1.7511,0.0744,1.5179,0.0877,5.3397,False,False,False,False,False,0,none,False,higher,,0,Sunday
2010-07-04 01:00:00,1.6225,1.5884,0.0341,4.2691,0.1007,2.9907,True,False,False,False,False,1,low,False,higher,rolling_z,1,Sunday
2010-07-04 02:00:00,1.809,1.7477,0.0613,3.9774,0.0953,4.5752,True,False,False,False,True,1,low,False,higher,rolling_z,2,Sunday
2010-07-04 03:00:00,1.7241,1.6809,0.0431,4.9244,0.1054,3.5152,True,False,False,False,True,1,low,False,higher,rolling_z,3,Sunday
2010-07-04 04:00:00,1.6307,1.5886,0.042,5.3153,0.1045,3.4523,True,False,False,True,True,1,low,False,higher,rolling_z,4,Sunday
2010-07-04 05:00:00,1.5546,1.5338,0.0208,5.4305,0.1108,2.2151,True,False,False,False,True,1,low,False,higher,rolling_z,5,Sunday
2010-07-04 06:00:00,1.5591,1.5325,0.0266,2.8253,0.1156,2.5525,False,False,False,True,True,0,none,False,higher,,6,Sunday
2010-07-04 07:00:00,2.2191,2.1755,0.0437,2.0129,0.0658,3.5477,False,False,False,False,False,0,none,False,higher,,7,Sunday
2010-07-04 08:00:00,1.3802,1.391,-0.0108,0.2108,0.0994,0.3718,False,False,False,False,False,0,none,False,higher,,8,Sunday
2010-07-04 09:00:00,1.2342,1.2214,0.0128,-0.059,0.1301,1.7471,False,False,False,False,False,0,none,False,lower,,9,Sunday
2010-07-04 10:00:00,1.5537,1.5477,0.006,0.3998,0.1101,1.3497,False,False,False,False,False,0,none,False,higher,,10,Sunday
2010-07-04 11:00:00,1.2278,1.2526,-0.0248,0.0297,0.1223,-0.4461,False,False,False,False,False,0,none,False,higher,,11,Sunday
2010-07-04 12:00:00,0.2969,0.3079,-0.011,-1.6217,0.0732,0.3608,False,False,False,False,False,0,none,False,lower,,12,Sunday
2010-07-04 13:00:00,0.3886,0.4011,-0.0125,-1.5095,0.1055,0.2744,False,False,False,False,False,0,none,False,lower,,13,Sunday
2010-07-04 14:00:00,0.3716,0.393,-0.0214,-1.0502,0.1073,-0.2447,False,False,False,False,False,0,none,False,lower,,14,Sunday
2010-07-04 15:00:00,0.3176,0.3278,-0.0102,-0.8253,0.1078,0.4051,False,False,False,False,False,0,none,False,lower,,15,Sunday
2010-07-04 16:00:00,0.3118,0.3268,-0.015,-0.776,0.1007,0.1299,False,False,False,False,False,0,none,False,lower,,16,Sunday
2010-07-04 17:00:00,0.373,0.3896,-0.0167,-1.0645,0.1102,0.0292,False,False,False,False,False,0,none,False,lower,,17,Sunday
2010-07-04 18:00:00,0.3919,0.4145,-0.0226,-0.9951,0.115,-0.3162,False,False,False,False,False,0,none,False,lower,,18,Sunday
2010-07-04 19:00:00,0.3048,0.3217,-0.0169,-1.1601,0.1077,0.0172,False,False,False,False,False,0,none,False,lower,,19,Sunday
2010-07-04 20:00:00,0.4308,0.4254,0.0054,-1.4323,0.1263,1.3157,False,False,False,False,False,0,none,False,lower,,20,Sunday
2010-07-04 21:00:00,1.3955,1.4216,-0.0261,-0.1036,0.0937,-0.5218,False,False,False,False,False,0,none,False,lower,,21,Sunday
2010-07-04 22:00:00,0.8329,0.8305,0.0024,-0.9599,0.1271,1.1435,False,False,False,False,False,0,none,False,lower,,22,Sunday
2010-07-04 23:00:00,0.8789,0.8715,0.0074,0.0183,0.1444,1.4324,False,False,False,False,False,0,none,False,higher,,23,Sunday
2010-07-05 00:00:00,0.411,0.4359,-0.0248,-0.435,0.191,-0.4469,False,False,False,False,False,0,none,False,lower,,0,Monday
2010-07-05 01:00:00,0.3941,0.3941,-0.0001,-0.3971,0.2096,0.9974,False,False,False,False,False,0,none,False,lower,,1,Monday
2010-07-05 02:00:00,0.3427,0.3508,-0.0081,-0.5477,0.213,0.5298,False,False,False,False,False,0,none,False,lower,,2,Monday
2010-07-05 03:00:00,0.3402,0.3422,-0.002,-0.3797,0.2094,0.8845,False,False,False,False,False,0,none,False,lower,,3,Monday
2010-07-05 04:00:00,0.3796,0.3925,-0.0129,-0.2908,0.2048,0.2497,False,False,False,False,False,0,none,False,lower,,4,Monday
2010-07-05 05:00:00,0.3541,0.3594,-0.0052,-0.4126,0.2002,0.6961,False,False,False,False,False,0,none,False,lower,,5,Monday
2010-07-05 06:00:00,0.3179,0.3274,-0.0095,-0.9132,0.1858,0.4496,False,False,False,False,False,0,none,False,lower,,6,Monday
2010-07-05 07:00:00,0.7785,0.7831,-0.0046,-0.7164,0.1514,0.7326,False,False,False,False,False,0,none,False,lower,,7,Monday
2010-07-05 08:00:00,1.076,1.0902,-0.0142,-0.3645,0.1464,0.1714,False,False,False,False,False,0,none,False,lower,,8,Monday
2010-07-05 09:00:00,0.3477,0.3634,-0.0156,-1.7642,0.143,0.0908,False,False,False,False,False,0,none,False,lower,,9,Monday
2010-07-05 10:00:00,0.299,0.3178,-0.0188,-1.7671,0.1634,-0.0929,False,False,False,False,False,0,none,False,lower,,10,Monday
2010-07-05 11:00:00,0.3344,0.3488,-0.0144,-1.8343,0.1655,0.1622,False,False,False,False,False,0,none,False,lower,,11,Monday
2010-07-05 12:00:00,0.6037,0.6007,0.003,-0.9936,0.1459,1.1766,False,False,False,False,False,0,none,False,lower,,12,Monday
2010-07-05 13:00:00,0.5895,0.6025,-0.0129,-1.0406,0.1627,0.2471,False,False,False,False,False,0,none,False,lower,,13,Monday
2010-07-05 14:00:00,1.271,1.265,0.006,0.9191,0.1192,1.3512,False,False,False,False,False,0,none,False,higher,,14,Monday
2010-07-05 15:00:00,1.4742,1.4612,0.013,1.3386,0.1305,1.7593,False,False,False,False,False,0,none,False,higher,,15,Monday
2010-07-05 16:00:00,1.2203,1.2377,-0.0174,1.2134,0.1373,-0.0112,False,False,False,False,False,0,none,False,higher,,16,Monday
2010-07-05 17:00:00,0.3057,0.3232,-0.0175,-1.1821,0.1347,-0.0201,False,False,False,False,False,0,none,False,lower,,17,Monday
2010-07-05 18:00:00,0.3174,0.3286,-0.0113,-1.092,0.1711,0.3444,False,False,False,False,False,0,none,False,lower,,18,Monday
2010-07-05 19:00:00,0.9814,0.9742,0.0071,-0.2075,0.1438,1.4174,False,False,False,False,False,0,none,False,lower,,19,Monday
2010-07-05 20:00:00,1.3027,1.3014,0.0013,0.2425,0.1498,1.0789,False,False,False,False,False,0,none,False,higher,,20,Monday
2010-07-05 21:00:00,1.8712,1.8258,0.0454,0.6225,0.1162,3.6503,False,False,False,False,False,0,none,False,higher,,21,Monday
2010-07-05 22:00:00,1.7087,1.7021,0.0066,0.4727,0.1355,1.3855,False,False,False,False,False,0,none,False,higher,,22,Monday
2010-07-05 23:00:00,1.5456,1.5716,-0.026,1.2814,0.1464,-0.5143,False,False,False,False,False,0,none,False,higher,,23,Monday
2010-07-06 00:00:00,0.6282,0.6296,-0.0014,-0.106,0.1662,0.9197,False,False,False,False,False,0,none,False,lower,,0,Tuesday
2010-07-06 01:00:00,0.3193,0.3428,-0.0235,-0.6553,0.1961,-0.3682,False,False,False,False,False,0,none,False,lower,,1,Tuesday
2010-07-06 02:00:00,0.367,0.3793,-0.0123,-0.4912,0.2094,0.2823,False,False,False,False,False,0,none,False,lower,,2,Tuesday
2010-07-06 03:00:00,0.3574,0.3675,-0.0101,-0.3288,0.207,0.4143,False,False,False,False,False,0,none,False,lower,,3,Tuesday
2010-07-06 04:00:00,0.2714,0.297,-0.0256,-0.6385,0.1977,-0.4921,False,False,False,False,False,0,none,False,lower,,4,Tuesday
2010-07-06 05:00:00,0.3137,0.3317,-0.018,-0.5612,0.203,-0.0501,False,False,False,False,False,0,none,False,lower,,5,Tuesday
2010-07-06 06:00:00,0.3586,0.3689,-0.0103,-0.7499,0.1932,0.4032,False,False,False,False,False,0,none,False,lower,,6,Tuesday
2010-07-06 07:00:00,1.2641,1.2483,0.0158,0.2045,0.145,1.9231,False,False,False,False,False,0,none,False,higher,,7,Tuesday
2010-07-06 08:00:00,1.3883,1.4027,-0.0143,0.2196,0.1725,0.1657,False,False,False,False,False,0,none,False,higher,,8,Tuesday
2010-07-06 09:00:00,1.3819,1.3888,-0.0069,0.33,0.1854,0.5972,False,False,False,False,False,0,none,False,higher,,9,Tuesday
2010-07-06 10:00:00,1.3678,1.3761,-0.0083,0.0712,0.1879,0.5196,False,False,False,False,False,0,none,False,higher,,10,Tuesday
2010-07-06 11:00:00,0.2816,0.3069,-0.0253,-1.9349,0.1289,-0.4721,False,False,False,False,False,0,none,False,lower,,11,Tuesday
2010-07-06 12:00:00,0.329,0.3529,-0.0239,-1.5515,0.1841,-0.3889,False,False,False,False,False,0,none,False,lower,,12,Tuesday
2010-07-06 13:00:00,0.6975,0.6898,0.0077,-0.8689,0.1866,1.4484,False,False,False,False,False,0,none,False,lower,,13,Tuesday
2010-07-06 14:00:00,0.7372,0.7332,0.004,-0.2854,0.1994,1.2321,False,False,False,False,False,0,none,False,lower,,14,Tuesday
2010-07-06 15:00:00,0.5567,0.5947,-0.038,-0.3957,0.195,-1.2158,False,False,False,False,False,0,none,False,lower,,15,Tuesday
2010-07-06 16:00:00,0.7088,0.7102,-0.0014,-0.0057,0.1922,0.9196,False,False,False,False,False,0,none,False,lower,,16,Tuesday
2010-07-06 17:00:00,0.5396,0.5552,-0.0156,-0.687,0.1935,0.0948,False,False,False,False,False,0,none,False,lower,,17,Tuesday
2010-07-06 18:00:00,0.5714,0.5888,-0.0174,-0.6897,0.1922,-0.013,False,False,False,False,False,0,none,False,lower,,18,Tuesday
2010-07-06 19:00:00,1.2738,1.2781,-0.0043,0.1971,0.1557,0.7484,False,False,False,False,False,0,none,False,higher,,19,Tuesday
2010-07-06 20:00:00,1.5308,1.5386,-0.0079,0.6608,0.1625,0.5437,False,False,False,False,False,0,none,False,higher,,20,Tuesday
2010-07-06 21:00:00,0.7395,0.7702,-0.0307,-1.0733,0.1645,-0.7855,False,False,False,False,False,0,none,False,lower,,21,Tuesday
2010-07-06 22:00:00,0.312,0.3282,-0.0162,-1.7903,0.1781,0.0576,False,False,False,False,False,0,none,False,lower,,22,Tuesday
2010-07-06 23:00:00,0.47,0.4669,0.0032,-0.8409,0.1881,1.1871,False,False,False,False,False,0,none,False,lower,,23,Tuesday
2010-07-07 00:00:00,0.383,0.4001,-0.0171,-0.4889,0.1956,0.0024,False,False,False,False,False,0,none,False,lower,,0,Wednesday
2010-07-07 01:00:00,0.6799,0.6715,0.0084,0.649,0.1783,1.4889,False,False,False,False,False,0,none,False,higher,,1,Wednesday
2010-07-07 02:00:00,0.314,0.3266,-0.0126,-0.637,0.1887,0.2656,False,False,False,False,False,0,none,False,lower,,2,Wednesday
2010-07-07 03:00:00,0.3838,0.3905,-0.0067,-0.2576,0.1943,0.6131,False,False,False,False,False,0,none,False,lower,,3,Wednesday
2010-07-07 04:00:00,0.2915,0.3132,-0.0217,-0.5695,0.1947,-0.2657,False,False,False,False,False,0,none,False,lower,,4,Wednesday
2010-07-07 05:00:00,0.2872,0.3088,-0.0215,-0.6467,0.1965,-0.2544,False,False,False,False,False,0,none,False,lower,,5,Wednesday
2010-07-07 06:00:00,0.9415,0.9433,-0.0018,0.7984,0.1477,0.8978,False,False,False,False,False,0,none,False,higher,,6,Wednesday
2010-07-07 07:00:00,0.3097,0.3306,-0.0209,-1.5061,0.1544,-0.2166,False,False,False,False,False,0,none,False,lower,,7,Wednesday
2010-07-07 08:00:00,1.0061,1.0252,-0.0191,-0.4178,0.1484,-0.1133,False,False,False,False,False,0,none,False,lower,,8,Wednesday
2010-07-07 09:00:00,0.3377,0.3592,-0.0215,-1.6633,0.1508,-0.2538,False,False,False,False,False,0,none,False,lower,,9,Wednesday
2010-07-07 10:00:00,0.3158,0.3271,-0.0114,-1.6375,0.1705,0.3391,False,False,False,False,False,0,none,False,lower,,10,Wednesday
2010-07-07 11:00:00,0.3384,0.3525,-0.0142,-1.6374,0.1743,0.1761,False,False,False,False,False,0,none,False,lower,,11,Wednesday
2010-07-07 12:00:00,0.5031,0.5246,-0.0216,-1.1027,0.1682,-0.2551,False,False,False,False,False,0,none,False,lower,,12,Wednesday
2010-07-07 13:00:00,0.5468,0.5564,-0.0095,-1.0886,0.1785,0.4454,False,False,False,False,False,0,none,False,lower,,13,Wednesday
2010-07-07 14:00:00,1.4144,1.4144,-0.0001,1.1586,0.1113,0.9977,False,False,False,False,False,0,none,False,higher,,14,Wednesday
2010-07-07 15:00:00,0.8498,0.8837,-0.0338,0.1201,0.146,-0.9701,False,False,False,False,False,0,none,False,higher,,15,Wednesday
2010-07-07 16:00:00,0.3259,0.3483,-0.0223,-0.8672,0.1568,-0.3011,False,False,False,False,False,0,none,False,lower,,16,Wednesday
2010-07-07 17:00:00,0.3728,0.3827,-0.0099,-0.9779,0.1813,0.4246,False,False,False,False,False,0,none,False,lower,,17,Wednesday
2010-07-07 18:00:00,0.3428,0.3594,-0.0167,-1.0111,0.1717,0.0306,False,False,False,False,False,0,none,False,lower,,18,Wednesday
2010-07-07 19:00:00,0.608,0.6201,-0.0121,-0.7234,0.1586,0.2952,False,False,False,False,False,0,none,False,lower,,19,Wednesday
2010-07-07 20:00:00,1.4614,1.4208,0.0405,0.4925,0.1092,3.3654,False,False,False,False,False,0,none,False,higher,,20,Wednesday
2010-07-07 21:00:00,0.6147,0.6494,-0.0347,-1.1956,0.1312,-1.0186,False,False,False,False,False,0,none,False,lower,,21,Wednesday
2010-07-07 22:00:00,0.9587,0.9696,-0.0109,-0.7311,0.1415,0.3684,False,False,False,False,False,0,none,False,lower,,22,Wednesday
2010-07-07 23:00:00,0.3262,0.3419,-0.0157,-1.0906,0.1614,0.0859,False,False,False,False,False,0,none,False,lower,,23,Wednesday
2010-07-08 00:00:00,0.4079,0.4049,0.003,-0.4521,0.1757,1.1744,False,False,False,False,False,0,none,False,lower,,0,Thursday
2010-07-08 01:00:00,0.5067,0.5079,-0.0012,0.0126,0.1699,0.9314,False,False,False,False,False,0,none,False,higher,,1,Thursday
2010-07-08 02:00:00,0.3347,0.3477,-0.013,-0.5922,0.176,0.2459,False,False,False,False,False,0,none,False,lower,,2,Thursday
2010-07-08 03:00:00,0.3299,0.3409,-0.011,-0.4089,0.1814,0.3604,False,False,False,False,False,0,none,False,lower,,3,Thursday
2010-07-08 04:00:00,0.3731,0.3781,-0.005,-0.3109,0.1768,0.7112,False,False,False,False,False,0,none,False,lower,,4,Thursday
2010-07-08 05:00:00,0.3253,0.3425,-0.0172,-0.5028,0.1798,-0.0002,False,False,False,False,False,0,none,False,lower,,5,Thursday
2010-07-08 06:00:00,0.5512,0.5551,-0.0039,-0.2305,0.154,0.7752,False,False,False,False,False,0,none,False,lower,,6,Thursday
2010-07-08 07:00:00,1.5392,1.5354,0.0038,0.8688,0.1029,1.2239,False,False,False,False,False,0,none,False,higher,,7,Thursday
2010-07-08 08:00:00,1.1992,1.2197,-0.0205,-0.0393,0.1412,-0.196,False,False,False,False,False,0,none,False,lower,,8,Thursday
2010-07-08 09:00:00,0.296,0.3185,-0.0225,-1.6001,0.1313,-0.3099,False,False,False,False,False,0,none,False,lower,,9,Thursday
2010-07-08 10:00:00,0.4992,0.5146,-0.0153,-1.2122,0.1676,0.1081,False,False,False,False,False,0,none,False,lower,,10,Thursday
2010-07-08 11:00:00,0.3647,0.3772,-0.0126,-1.4533,0.1751,0.269,False,False,False,False,False,0,none,False,lower,,11,Thursday
2010-07-08 12:00:00,0.3126,0.3336,-0.021,-1.4557,0.1748,-0.2248,False,False,False,False,False,0,none,False,lower,,12,Thursday
2010-07-08 13:00:00,1.0795,1.0802,-0.0007,0.0,0.1322,0.9613,False,False,False,False,False,0,none,False,higher,,13,Thursday
2010-07-08 14:00:00,1.8475,1.8518,-0.0042,2.0172,0.0984,0.7549,False,False,False,False,False,0,none,False,higher,,14,Thursday
2010-07-08 15:00:00,0.8857,0.8924,-0.0067,0.1906,0.1272,0.6127,False,False,False,False,False,0,none,False,higher,,15,Thursday
2010-07-08 16:00:00,1.6611,1.6592,0.0019,2.094,0.1238,1.1099,False,False,False,False,False,0,none,False,higher,,16,Thursday
2010-07-08 17:00:00,0.3451,0.3849,-0.0398,-0.9602,0.1245,-1.3194,False,False,False,False,False,0,none,False,lower,,17,Thursday
2010-07-08 18:00:00,0.5312,0.5374,-0.0062,-0.6695,0.181,0.6394,False,False,False,False,False,0,none,False,lower,,18,Thursday
2010-07-08 19:00:00,0.6069,0.6184,-0.0115,-0.6877,0.188,0.3286,False,False,False,False,False,0,none,False,lower,,19,Thursday
2010-07-08 20:00:00,1.9543,1.8942,0.0601,1.5021,0.0852,4.5075,False,False,False,False,False,0,none,False,higher,,20,Thursday
2010-07-08 21:00:00,1.2892,1.2781,0.0111,-0.1822,0.1446,1.6467,False,False,False,False,False,0,none,False,lower,,21,Thursday
2010-07-08 22:00:00,1.6951,1.6885,0.0066,0.4199,0.137,1.387,False,False,False,False,False,0,none,False,higher,,22,Thursday
2010-07-08 23:00:00,1.2756,1.282,-0.0064,0.6967,0.1652,0.6276,False,False,False,False,False,0,none,False,higher,,23,Thursday
2010-07-09 00:00:00,1.3634,1.3603,0.003,1.0406,0.1708,1.1787,False,False,False,False,True,0,none,False,higher,,0,Friday
2010-07-09 01:00:00,0.4203,0.4368,-0.0164,-0.3103,0.1709,0.044,False,False,False,False,False,0,none,False,lower,,1,Friday
2010-07-09 02:00:00,0.5332,0.5253,0.0079,-0.099,0.2051,1.4649,False,False,False,False,False,0,none,False,lower,,2,Friday
2010-07-09 03:00:00,0.4261,0.4467,-0.0206,-0.1415,0.207,-0.1978,False,False,False,False,False,0,none,False,lower,,3,Friday
2010-07-09 04:00:00,0.4677,0.4731,-0.0053,0.0265,0.2053,0.6901,False,False,False,False,False,0,none,False,higher,,4,Friday
2010-07-09 05:00:00,0.6376,0.6368,0.0008,0.5987,0.1944,1.0455,False,False,False,False,True,0,none,False,higher,,5,Friday
2010-07-09 06:00:00,0.9163,0.9444,-0.0281,0.7254,0.1831,-0.6345,False,False,False,False,False,0,none,False,higher,,6,Friday
2010-07-09 07:00:00,1.0593,1.0631,-0.0038,-0.0271,0.1846,0.7777,False,False,False,False,False,0,none,False,lower,,7,Friday
2010-07-09 08:00:00,0.6099,0.651,-0.0411,-1.1063,0.1809,-1.3923,False,False,False,False,False,0,none,False,lower,,8,Friday
2010-07-09 09:00:00,0.647,0.6442,0.0028,-0.8347,0.1938,1.1636,False,False,False,False,False,0,none,False,lower,,9,Friday
2010-07-09 10:00:00,0.8554,0.862,-0.0066,-0.5862,0.1892,0.6153,False,False,False,False,False,0,none,False,lower,,10,Friday
2010-07-09 11:00:00,0.4712,0.4973,-0.0261,-1.1519,0.1842,-0.5219,False,False,False,False,False,0,none,False,lower,,11,Friday
2010-07-09 12:00:00,0.5798,0.5894,-0.0096,-0.86,0.1873,0.4401,False,False,False,False,False,0,none,False,lower,,12,Friday
2010-07-09 13:00:00,1.2017,1.2074,-0.0058,0.2448,0.1704,0.666,False,False,False,False,False,0,none,False,higher,,13,Friday
2010-07-09 14:00:00,0.6756,0.6816,-0.0059,-0.5786,0.1878,0.6558,False,False,False,False,False,0,none,False,lower,,14,Friday
2010-07-09 15:00:00,0.605,0.6173,-0.0123,-0.3526,0.2013,0.2817,False,False,False,False,False,0,none,False,lower,,15,Friday
2010-07-09 16:00:00,0.6315,0.6409,-0.0094,-0.2699,0.1995,0.4518,False,False,False,False,False,0,none,False,lower,,16,Friday
2010-07-09 17:00:00,0.5037,0.5101,-0.0064,-0.6661,0.1964,0.6298,False,False,False,False,False,0,none,False,lower,,17,Friday
2010-07-09 18:00:00,0.5894,0.6066,-0.0172,-0.5748,0.1917,-0.0008,False,False,False,False,False,0,none,False,lower,,18,Friday
2010-07-09 19:00:00,0.5372,0.5414,-0.0042,-0.7555,0.1945,0.7575,False,False,False,False,False,0,none,False,lower,,19,Friday
2010-07-09 20:00:00,0.9611,0.9947,-0.0336,-0.443,0.1638,-0.9575,False,False,False,False,False,0,none,False,lower,,20,Friday
2010-07-09 21:00:00,0.6,0.5933,0.0067,-1.1577,0.1817,1.3924,False,False,False,False,False,0,none,False,lower,,21,Friday
2010-07-09 22:00:00,1.465,1.4359,0.0291,0.0006,0.13,2.6978,False,False,False,False,False,0,none,False,higher,,22,Friday
2010-07-09 23:00:00,1.3004,1.3282,-0.0277,0.6892,0.1584,-0.6159,False,False,False,False,False,0,none,False,higher,,23,Friday
2010-07-10 00:00:00,0.6413,0.6274,0.0138,-0.1429,0.1148,1.8075,False,False,False,False,False,0,none,False,lower,,0,Saturday
2010-07-10 01:00:00,0.4047,0.4058,-0.0012,-0.3707,0.1413,0.9341,False,False,False,False,False,0,none,False,lower,,1,Saturday
2010-07-10 02:00:00,0.4186,0.4146,0.004,-0.4075,0.1492,1.2344,False,False,False,False,False,0,none,False,lower,,2,Saturday
2010-07-10 03:00:00,1.1348,1.1373,-0.0024,1.8291,0.0911,0.8594,False,False,False,False,True,0,none,False,higher,,3,Saturday
2010-07-10 04:00:00,0.3836,0.383,0.0006,-0.2553,0.1123,1.0372,False,False,False,False,False,0,none,False,lower,,4,Saturday
2010-07-10 05:00:00,0.3547,0.3651,-0.0104,-0.4107,0.1523,0.3973,False,False,False,False,False,0,none,False,lower,,5,Saturday
2010-07-10 06:00:00,0.3516,0.3619,-0.0103,-0.7829,0.1525,0.4018,False,False,False,False,False,0,none,False,lower,,6,Saturday
2010-07-10 07:00:00,0.3391,0.3513,-0.0122,-1.3568,0.1444,0.2914,False,False,False,False,False,0,none,False,lower,,7,Saturday
2010-07-10 08:00:00,0.5166,0.5271,-0.0105,-1.2184,0.1304,0.3894,False,False,False,False,False,0,none,False,lower,,8,Saturday
2010-07-10 09:00:00,1.9883,1.9698,0.0185,1.7054,0.0243,2.0824,False,False,False,False,False,0,none,False,higher,,9,Saturday
2010-07-10 10:00:00,1.0447,1.0802,-0.0355,-0.2644,0.0834,-1.0677,False,False,False,False,False,0,none,False,lower,,10,Saturday
2010-07-10 11:00:00,0.4861,0.5054,-0.0193,-1.047,0.1306,-0.124,False,False,False,False,False,0,none,False,lower,,11,Saturday
2010-07-10 12:00:00,0.4169,0.4253,-0.0083,-1.0995,0.1354,0.5166,False,False,False,False,False,0,none,False,lower,,12,Saturday
2010-07-10 13:00:00,1.5451,1.5103,0.0348,0.9399,0.0734,3.0294,False,False,False,False,False,0,none,False,higher,,13,Saturday
2010-07-10 14:00:00,2.083,2.0609,0.0221,2.3218,0.0666,2.2883,False,False,False,False,False,0,none,False,higher,,14,Saturday
2010-07-10 15:00:00,1.4356,1.4689,-0.0332,1.1807,0.1002,-0.9359,False,False,False,False,False,0,none,False,higher,,15,Saturday
2010-07-10 16:00:00,0.8566,0.8524,0.0042,0.2361,0.1255,1.2493,False,False,False,False,False,0,none,False,higher,,16,Saturday
2010-07-10 17:00:00,0.8923,0.9224,-0.0301,0.0277,0.1406,-0.7537,False,False,False,False,False,0,none,False,higher,,17,Saturday
2010-07-10 18:00:00,0.4369,0.446,-0.0091,-0.8036,0.1258,0.4719,False,False,False,False,False,0,none,False,lower,,18,Saturday
2010-07-10 19:00:00,0.8882,0.8851,0.0031,-0.2164,0.1218,1.182,False,False,False,False,False,0,none,False,lower,,19,Saturday
2010-07-10 20:00:00,1.192,1.2104,-0.0184,-0.0275,0.1238,-0.0696,False,False,False,False,False,0,none,False,lower,,20,Saturday
2010-07-10 21:00:00,0.4308,0.4551,-0.0243,-1.337,0.1139,-0.4128,False,False,False,False,False,0,none,False,lower,,21,Saturday
2010-07-10 22:00:00,0.6332,0.6382,-0.0051,-1.3594,0.1367,0.7059,False,False,False,False,False,0,none,False,lower,,22,Saturday
2010-07-10 23:00:00,0.3667,0.3907,-0.0239,-1.0562,0.1374,-0.3934,False,False,False,False,False,0,none,False,lower,,23,Saturday
2010-07-11 00:00:00,0.348,0.3393,0.0087,-0.5785,0.1475,1.5075,False,False,False,False,False,0,none,False,lower,,0,Sunday
2010-07-11 01:00:00,0.4299,0.4353,-0.0055,-0.2802,0.1503,0.6826,False,False,False,False,False,0,none,False,lower,,1,Sunday
2010-07-11 02:00:00,0.4083,0.409,-0.0007,-0.4003,0.1553,0.9616,False,False,False,False,False,0,none,False,lower,,2,Sunday
2010-07-11 03:00:00,0.3612,0.3654,-0.0043,-0.3969,0.1545,0.753,False,False,False,False,False,0,none,False,lower,,3,Sunday
2010-07-11 04:00:00,0.3423,0.3559,-0.0136,-0.3915,0.154,0.2105,False,False,False,False,False,0,none,False,lower,,4,Sunday
2010-07-11 05:00:00,0.5,0.4939,0.0061,0.0811,0.1443,1.3592,False,False,False,False,False,0,none,False,higher,,5,Sunday
2010-07-11 06:00:00,0.7578,0.7795,-0.0218,0.4519,0.1344,-0.2668,False,False,False,False,False,0,none,False,higher,,6,Sunday
2010-07-11 07:00:00,0.3369,0.3529,-0.016,-1.2669,0.1271,0.0679,False,False,False,False,False,0,none,False,lower,,7,Sunday
2010-07-11 08:00:00,0.5107,0.5266,-0.016,-1.1452,0.1407,0.0704,False,False,False,False,False,0,none,False,lower,,8,Sunday
2010-07-11 09:00:00,0.4597,0.4646,-0.0049,-1.111,0.1427,0.7153,False,False,False,False,False,0,none,False,lower,,9,Sunday
2010-07-11 10:00:00,1.5354,1.5365,-0.0011,0.4996,0.0701,0.9401,False,False,False,False,False,0,none,False,higher,,10,Sunday
2010-07-11 11:00:00,1.4741,1.4788,-0.0047,0.6999,0.1111,0.7292,False,False,False,False,False,0,none,False,higher,,11,Sunday
2010-07-11 12:00:00,0.6862,0.6982,-0.012,-0.5244,0.1117,0.2997,False,False,False,False,False,0,none,False,lower,,12,Sunday
2010-07-11 13:00:00,0.7595,0.7917,-0.0322,-0.6283,0.1409,-0.8754,False,False,False,False,False,0,none,False,lower,,13,Sunday
2010-07-11 14:00:00,0.4771,0.4953,-0.0182,-1.0028,0.1312,-0.0604,False,False,False,False,False,0,none,False,lower,,14,Sunday
2010-07-11 15:00:00,0.5211,0.5387,-0.0176,-0.4741,0.1337,-0.0251,False,False,False,False,False,0,none,False,lower,,15,Sunday
2010-07-11 16:00:00,0.6413,0.656,-0.0147,-0.1666,0.1257,0.1472,False,False,False,False,False,0,none,False,lower,,16,Sunday
2010-07-11 17:00:00,0.6001,0.6037,-0.0037,-0.4606,0.1293,0.7869,False,False,False,False,False,0,none,False,lower,,17,Sunday
2010-07-11 18:00:00,0.7756,0.769,0.0066,-0.237,0.1181,1.3857,False,False,False,False,False,0,none,False,lower,,18,Sunday
2010-07-11 19:00:00,1.9487,1.9037,0.045,1.4467,0.0381,3.6249,False,False,False,False,False,0,none,False,higher,,19,Sunday
2010-07-11 20:00:00,0.6914,0.7361,-0.0447,-0.9898,0.0807,-1.6046,False,False,False,False,False,0,none,False,lower,,20,Sunday
2010-07-11 21:00:00,0.9414,0.9266,0.0148,-0.5559,0.1197,1.8642,False,False,False,False,False,0,none,False,lower,,21,Sunday
2010-07-11 22:00:00,1.7915,1.7529,0.0386,0.6087,0.0669,3.2504,False,False,False,False,False,0,none,False,higher,,22,Sunday
2010-07-11 23:00:00,2.5948,2.5572,0.0376,3.2541,0.0176,3.1925,True,False,False,False,False,1,low,False,higher,rolling_z,23,Sunday
2010-07-12 00:00:00,1.1005,1.1431,-0.0426,0.6365,0.1104,-1.4813,False,False,False,False,False,0,none,False,higher,,0,Monday
2010-07-12 01:00:00,0.3849,0.3845,0.0004,-0.4556,0.1845,1.0235,False,False,False,False,False,0,none,False,lower,,1,Monday
2010-07-12 02:00:00,0.4687,0.466,0.0028,-0.2294,0.21,1.1629,False,False,False,False,False,0,none,False,lower,,2,Monday
2010-07-12 03:00:00,0.3411,0.3546,-0.0135,-0.4371,0.2043,0.2117,False,False,False,False,False,0,none,False,lower,,3,Monday
2010-07-12 04:00:00,0.3625,0.3759,-0.0134,-0.2743,0.209,0.2224,False,False,False,False,False,0,none,False,lower,,4,Monday
2010-07-12 05:00:00,0.3721,0.3864,-0.0143,-0.387,0.2073,0.1694,False,False,False,False,False,0,none,False,lower,,5,Monday
2010-07-12 06:00:00,0.5445,0.5571,-0.0126,-0.2258,0.1873,0.2684,False,False,False,False,False,0,none,False,lower,,6,Monday
2010-07-12 07:00:00,0.8365,0.8246,0.012,-0.2882,0.1871,1.6985,False,False,False,False,False,0,none,False,lower,,7,Monday
2010-07-12 08:00:00,0.9442,0.9653,-0.0211,-0.3192,0.1875,-0.2267,False,False,False,False,False,0,none,False,lower,,8,Monday
2010-07-12 09:00:00,0.6024,0.6014,0.001,-0.8437,0.186,1.061,False,False,False,False,False,0,none,False,lower,,9,Monday
2010-07-12 10:00:00,0.7592,0.7637,-0.0045,-0.701,0.1902,0.738,False,False,False,False,False,0,none,False,lower,,10,Monday
2010-07-12 11:00:00,0.6285,0.6396,-0.011,-0.8029,0.1972,0.3574,False,False,False,False,False,0,none,False,lower,,11,Monday
2010-07-12 12:00:00,0.7223,0.7504,-0.0281,-0.432,0.1929,-0.6366,False,False,False,False,False,0,none,False,lower,,12,Monday
2010-07-12 13:00:00,0.6213,0.6405,-0.0193,-0.8839,0.2001,-0.122,False,False,False,False,False,0,none,False,lower,,13,Monday
2010-07-12 14:00:00,0.5216,0.5503,-0.0287,-0.8645,0.1931,-0.6706,False,False,False,False,False,0,none,False,lower,,14,Monday
2010-07-12 15:00:00,0.5429,0.5665,-0.0236,-0.4242,0.1989,-0.3738,False,False,False,False,False,0,none,False,lower,,15,Monday
2010-07-12 16:00:00,0.353,0.3753,-0.0222,-0.838,0.1852,-0.2943,False,False,False,False,False,0,none,False,lower,,16,Monday
2010-07-12 17:00:00,1.1607,1.1552,0.0055,0.6193,0.1536,1.32,False,False,False,False,False,0,none,False,higher,,17,Monday
2010-07-12 18:00:00,0.6884,0.7015,-0.0131,-0.3486,0.1789,0.2383,False,False,False,False,False,0,none,False,lower,,18,Monday
2010-07-12 19:00:00,0.5362,0.5824,-0.0462,-0.678,0.1872,-1.6891,False,False,False,False,False,0,none,False,lower,,19,Monday
2010-07-12 20:00:00,1.5041,1.4648,0.0392,0.6539,0.1338,3.2879,False,False,False,False,False,0,none,False,higher,,20,Monday
2010-07-12 21:00:00,1.9976,1.9688,0.0288,0.9796,0.1263,2.6796,False,False,False,False,False,0,none,False,higher,,21,Monday
2010-07-12 22:00:00,1.8636,1.8274,0.0362,0.7124,0.1384,3.1117,False,False,False,False,False,0,none,False,higher,,22,Monday
2010-07-12 23:00:00,0.6359,0.6676,-0.0316,-0.527,0.1503,-0.8436,False,False,False,False,False,0,none,False,lower,,23,Monday
2010-07-13 00:00:00,0.3786,0.3859,-0.0073,-0.5083,0.1953,0.5787,False,False,False,False,False,0,none,False,lower,,0,Tuesday
2010-07-13 01:00:00,0.4358,0.4367,-0.0009,-0.2825,0.1994,0.9489,False,False,False,False,False,0,none,False,lower,,1,Tuesday
2010-07-13 02:00:00,0.3302,0.3366,-0.0064,-0.5483,0.2059,0.6282,False,False,False,False,False,0,none,False,lower,,2,Tuesday
2010-07-13 03:00:00,0.3643,0.3786,-0.0143,-0.3764,0.2031,0.1652,False,False,False,False,False,0,none,False,lower,,3,Tuesday
2010-07-13 04:00:00,0.4013,0.4064,-0.0051,-0.1517,0.1989,0.702,False,False,False,False,False,0,none,False,lower,,4,Tuesday
2010-07-13 05:00:00,0.39,0.4075,-0.0175,-0.3374,0.2013,-0.0193,False,False,False,False,False,0,none,False,lower,,5,Tuesday
2010-07-13 06:00:00,0.3925,0.3965,-0.0041,-0.6748,0.1914,0.7639,False,False,False,False,False,0,none,False,lower,,6,Tuesday
2010-07-13 07:00:00,1.1433,1.1577,-0.0143,0.3438,0.1528,0.1664,False,False,False,False,False,0,none,False,higher,,7,Tuesday
2010-07-13 08:00:00,1.6144,1.5768,0.0377,1.0169,0.1458,3.1966,False,False,False,False,False,0,none,False,higher,,8,Tuesday
2010-07-13 09:00:00,1.7105,1.7334,-0.0229,1.1444,0.157,-0.3341,False,False,False,False,False,0,none,False,higher,,9,Tuesday
2010-07-13 10:00:00,0.6229,0.6735,-0.0506,-0.8969,0.1512,-1.9466,False,False,False,False,False,0,none,False,lower,,10,Tuesday
2010-07-13 11:00:00,0.6011,0.6348,-0.0337,-0.8036,0.1958,-0.9611,False,False,False,False,False,0,none,False,lower,,11,Tuesday
2010-07-13 12:00:00,0.5739,0.6039,-0.03,-0.6849,0.1921,-0.7475,False,False,False,False,False,0,none,False,lower,,12,Tuesday
2010-07-13 13:00:00,1.4215,1.4201,0.0014,0.9004,0.1468,1.0812,False,False,False,False,False,0,none,False,higher,,13,Tuesday
2010-07-13 14:00:00,1.7367,1.6986,0.038,1.6032,0.159,3.2196,False,False,False,False,False,0,none,False,higher,,14,Tuesday
2010-07-13 15:00:00,1.0986,1.1626,-0.064,0.5982,0.1682,-2.7295,False,False,False,False,False,0,none,False,higher,,15,Tuesday
2010-07-13 16:00:00,0.4931,0.5237,-0.0306,-0.5201,0.1817,-0.7833,False,False,False,False,False,0,none,False,lower,,16,Tuesday
2010-07-13 17:00:00,0.4899,0.5136,-0.0238,-0.7057,0.201,-0.3842,False,False,False,False,False,0,none,False,lower,,17,Tuesday
2010-07-13 18:00:00,1.069,1.0939,-0.0249,0.2122,0.1667,-0.4493,False,False,False,False,False,0,none,False,higher,,18,Tuesday
2010-07-13 19:00:00,1.3581,1.4456,-0.0876,0.5758,0.1744,-4.1033,False,False,False,False,False,0,none,False,higher,,19,Tuesday
2010-07-13 20:00:00,1.5689,1.5832,-0.0143,0.7936,0.1692,0.1696,False,False,False,False,False,0,none,False,higher,,20,Tuesday
2010-07-13 21:00:00,2.1143,2.0798,0.0346,1.093,0.1252,3.0177,False,False,False,False,False,0,none,False,higher,,21,Tuesday
2010-07-13 22:00:00,1.8495,1.8371,0.0123,0.636,0.1428,1.7197,False,False,False,False,False,0,none,False,higher,,22,Tuesday
2010-07-13 23:00:00,0.8769,0.9057,-0.0287,-0.1343,0.1686,-0.6745,False,False,False,False,False,0,none,False,lower,,23,Tuesday
2010-07-14 00:00:00,0.4972,0.4999,-0.0027,-0.3231,0.1946,0.8423,False,False,False,False,False,0,none,False,lower,,0,Wednesday
2010-07-14 01:00:00,0.6503,0.6267,0.0236,0.459,0.2005,2.3787,False,False,False,False,False,0,none,False,higher,,1,Wednesday
2010-07-14 02:00:00,0.4663,0.4949,-0.0286,-0.2055,0.2077,-0.6673,False,False,False,False,False,0,none,False,lower,,2,Wednesday
2010-07-14 03:00:00,0.3532,0.369,-0.0157,-0.4144,0.2057,0.0839,False,False,False,False,False,0,none,False,lower,,3,Wednesday
2010-07-14 04:00:00,0.3953,0.4133,-0.018,-0.133,0.2064,-0.0485,False,False,False,False,False,0,none,False,lower,,4,Wednesday
2010-07-14 05:00:00,0.3803,0.3863,-0.006,-0.34,0.2053,0.6492,False,False,False,False,False,0,none,False,lower,,5,Wednesday
2010-07-14 06:00:00,0.4553,0.4835,-0.0282,-0.4612,0.1922,-0.6429,False,False,False,False,False,0,none,False,lower,,6,Wednesday
2010-07-14 07:00:00,0.9361,0.9541,-0.018,-0.0787,0.1837,-0.0479,False,False,False,False,False,0,none,False,lower,,7,Wednesday
2010-07-14 08:00:00,0.6037,0.6216,-0.0179,-0.9556,0.1877,-0.0414,False,False,False,False,False,0,none,False,lower,,8,Wednesday
2010-07-14 09:00:00,0.5776,0.6057,-0.0281,-0.8362,0.1947,-0.6347,False,False,False,False,False,0,none,False,lower,,9,Wednesday
2010-07-14 10:00:00,0.4976,0.5141,-0.0164,-1.0987,0.1929,0.0427,False,False,False,False,False,0,none,False,lower,,10,Wednesday
2010-07-14 11:00:00,1.0361,1.0203,0.0158,0.1277,0.176,1.9226,False,False,False,False,False,0,none,False,higher,,11,Wednesday
2010-07-14 12:00:00,1.1338,1.1566,-0.0228,0.5251,0.188,-0.3257,False,False,False,False,False,0,none,False,higher,,12,Wednesday
2010-07-14 13:00:00,1.2403,1.2079,0.0324,0.5197,0.1913,2.8907,False,False,False,False,False,0,none,False,higher,,13,Wednesday
2010-07-14 14:00:00,1.4387,1.4653,-0.0267,0.9383,0.1771,-0.5527,False,False,False,False,False,0,none,False,higher,,14,Wednesday
2010-07-14 15:00:00,1.0748,1.104,-0.0292,0.5219,0.1813,-0.7017,False,False,False,False,False,0,none,False,higher,,15,Wednesday
2010-07-14 16:00:00,0.525,0.5571,-0.0321,-0.4694,0.1851,-0.8702,False,False,False,False,False,0,none,False,lower,,16,Wednesday
2010-07-14 17:00:00,0.4873,0.5139,-0.0265,-0.726,0.2002,-0.5445,False,False,False,False,False,0,none,False,lower,,17,Wednesday
2010-07-14 18:00:00,0.5254,0.5473,-0.0219,-0.6702,0.1942,-0.2762,False,False,False,False,False,0,none,False,lower,,18,Wednesday
2010-07-14 19:00:00,0.7666,0.7858,-0.0193,-0.3449,0.1886,-0.1221,False,False,False,False,False,0,none,False,lower,,19,Wednesday
2010-07-14 20:00:00,0.9316,0.9336,-0.002,-0.4578,0.1811,0.8848,False,False,False,False,False,0,none,False,lower,,20,Wednesday
2010-07-14 21:00:00,2.2807,2.2689,0.0119,1.254,0.068,1.6926,False,False,False,False,False,0,none,False,higher,,21,Wednesday
2010-07-14 22:00:00,3.1089,3.0401,0.0687,2.6417,0.016,5.0088,False,False,False,True,True,0,none,False,higher,,22,Wednesday
2010-07-14 23:00:00,3.1291,3.0771,0.052,3.5482,0.0327,4.0347,True,False,False,True,True,1,low,False,higher,rolling_z,23,Wednesday
2010-07-15 00:00:00,2.5532,2.521,0.0322,2.8732,0.0619,2.8783,False,False,False,True,True,0,none,False,higher,,0,Thursday
2010-07-15 01:00:00,1.3841,1.381,0.0031,3.1971,0.1189,1.1844,True,False,False,False,True,1,low,False,higher,rolling_z,1,Thursday
2010-07-15 02:00:00,1.2592,1.2672,-0.008,2.0465,0.1767,0.5372,False,False,False,True,True,0,none,False,higher,,2,Thursday
2010-07-15 03:00:00,0.8019,0.8048,-0.0029,0.829,0.1711,0.8336,False,False,False,False,True,0,none,False,higher,,3,Thursday
2010-07-15 04:00:00,0.8354,0.8356,-0.0002,1.4219,0.1881,0.9896,False,False,False,False,True,0,none,False,higher,,4,Thursday
2010-07-15 05:00:00,0.7728,0.7802,-0.0074,1.1041,0.1891,0.5682,False,False,False,False,True,0,none,False,higher,,5,Thursday
2010-07-15 06:00:00,0.8113,0.8167,-0.0053,0.6285,0.1837,0.6905,False,False,False,False,False,0,none,False,higher,,6,Thursday
2010-07-15 07:00:00,0.8101,0.8142,-0.0041,-0.3388,0.1852,0.7648,False,False,False,False,False,0,none,False,lower,,7,Thursday
2010-07-15 08:00:00,1.2322,1.2037,0.0284,0.3559,0.1639,2.6591,False,False,False,False,False,0,none,False,higher,,8,Thursday
2010-07-15 09:00:00,1.9921,2.0315,-0.0394,1.7304,0.1206,-1.2963,False,False,False,False,False,0,none,False,higher,,9,Thursday
2010-07-15 10:00:00,1.1027,1.0995,0.0032,0.0162,0.1435,1.1882,False,False,False,False,False,0,none,False,higher,,10,Thursday
2010-07-15 11:00:00,1.1862,1.2267,-0.0405,0.4619,0.1747,-1.3596,False,False,False,False,False,0,none,False,higher,,11,Thursday
2010-07-15 12:00:00,0.5488,0.5531,-0.0043,-0.6834,0.143,0.7487,False,False,False,False,False,0,none,False,lower,,12,Thursday
2010-07-15 13:00:00,0.5031,0.5278,-0.0247,-1.0968,0.1623,-0.4389,False,False,False,False,False,0,none,False,lower,,13,Thursday
2010-07-15 14:00:00,0.9093,0.9114,-0.0022,-0.1497,0.1561,0.8754,False,False,False,False,False,0,none,False,lower,,14,Thursday
2010-07-15 15:00:00,1.8799,1.8537,0.0262,2.1287,0.1214,2.5304,False,False,False,False,False,0,none,False,higher,,15,Thursday
2010-07-15 16:00:00,1.1059,1.1397,-0.0338,1.0128,0.1501,-0.9711,False,False,False,False,False,0,none,False,higher,,16,Thursday
2010-07-15 17:00:00,0.5337,0.5566,-0.0229,-0.5838,0.1418,-0.3315,False,False,False,False,False,0,none,False,lower,,17,Thursday
2010-07-15 18:00:00,0.5462,0.5676,-0.0214,-0.5919,0.1547,-0.2458,False,False,False,False,False,0,none,False,lower,,18,Thursday
2010-07-15 19:00:00,0.515,0.5348,-0.0198,-0.7569,0.1522,-0.1546,False,False,False,False,False,0,none,False,lower,,19,Thursday
2010-07-15 20:00:00,0.5238,0.5341,-0.0102,-1.2774,0.1554,0.4048,False,False,False,False,False,0,none,False,lower,,20,Thursday
2010-07-15 21:00:00,1.7314,1.7262,0.0052,0.5097,0.1124,1.3029,False,False,False,False,False,0,none,False,higher,,21,Thursday
2010-07-15 22:00:00,2.3951,2.3729,0.0223,1.2662,0.0936,2.2997,False,False,False,False,False,0,none,False,higher,,22,Thursday
2010-07-15 23:00:00,1.3302,1.3666,-0.0364,0.3944,0.1346,-1.1228,False,False,False,False,False,0,none,False,higher,,23,Thursday
2010-07-16 00:00:00,0.7512,0.7602,-0.009,-0.0254,0.1834,0.4775,False,False,False,False,False,0,none,False,lower,,0,Friday
2010-07-16 01:00:00,0.5985,0.6143,-0.0158,0.1561,0.205,0.0812,False,False,False,False,False,0,none,False,higher,,1,Friday
2010-07-16 02:00:00,0.397,0.4089,-0.0119,-0.3936,0.2083,0.3103,False,False,False,False,False,0,none,False,lower,,2,Friday
2010-07-16 03:00:00,0.4657,0.4834,-0.0177,-0.1224,0.2012,-0.0307,False,False,False,False,False,0,none,False,lower,,3,Friday
2010-07-16 04:00:00,0.3308,0.3494,-0.0186,-0.3594,0.2019,-0.084,False,False,False,False,False,0,none,False,lower,,4,Friday
2010-07-16 05:00:00,0.2789,0.2991,-0.0202,-0.7002,0.196,-0.1789,False,False,False,False,False,0,none,False,lower,,5,Friday
2010-07-16 06:00:00,0.3542,0.3705,-0.0163,-0.7428,0.1924,0.0519,False,False,False,False,False,0,none,False,lower,,6,Friday
2010-07-16 07:00:00,0.2784,0.302,-0.0236,-1.3617,0.1866,-0.377,False,False,False,False,False,0,none,False,lower,,7,Friday
2010-07-16 08:00:00,0.7949,0.7932,0.0017,-0.54,0.1753,1.1024,False,False,False,False,False,0,none,False,lower,,8,Friday
2010-07-16 09:00:00,0.7357,0.7718,-0.0361,-0.5934,0.1927,-1.1023,False,False,False,False,False,0,none,False,lower,,9,Friday
2010-07-16 10:00:00,0.5718,0.6237,-0.0519,-0.9156,0.1908,-2.0233,False,False,False,False,False,0,none,False,lower,,10,Friday
2010-07-16 11:00:00,0.3018,0.3219,-0.0201,-1.3482,0.1759,-0.1689,False,False,False,False,False,0,none,False,lower,,11,Friday
2010-07-16 12:00:00,0.3291,0.352,-0.0229,-1.1031,0.184,-0.3354,False,False,False,False,False,0,none,False,lower,,12,Friday
2010-07-16 13:00:00,0.632,0.64,-0.008,-0.731,0.1807,0.5373,False,False,False,False,False,0,none,False,lower,,13,Friday
2010-07-16 14:00:00,0.6921,0.7221,-0.03,-0.6011,0.1884,-0.7495,False,False,False,False,False,0,none,False,lower,,14,Friday
2010-07-16 15:00:00,1.3842,1.3976,-0.0134,1.0015,0.146,0.2203,False,False,False,False,False,0,none,False,higher,,15,Friday
2010-07-16 16:00:00,0.5669,0.5969,-0.0299,-0.3806,0.1625,-0.7426,False,False,False,False,False,0,none,False,lower,,16,Friday
2010-07-16 17:00:00,0.3145,0.3447,-0.0302,-1.0385,0.1773,-0.7611,False,False,False,False,False,0,none,False,lower,,17,Friday
2010-07-16 18:00:00,0.2937,0.3176,-0.0239,-1.0066,0.1749,-0.3904,False,False,False,False,False,0,none,False,lower,,18,Friday
2010-07-16 19:00:00,0.3466,0.3714,-0.0248,-1.0355,0.1825,-0.4461,False,False,False,False,False,0,none,False,lower,,19,Friday
2010-07-16 20:00:00,0.2785,0.3136,-0.0351,-1.6748,0.1746,-1.0423,False,False,False,False,False,0,none,False,lower,,20,Friday
2010-07-16 21:00:00,0.9086,0.9028,0.0058,-0.6449,0.142,1.3405,False,False,False,False,False,0,none,False,lower,,21,Friday
2010-07-16 22:00:00,1.1646,1.1764,-0.0118,-0.6076,0.1358,0.3149,False,False,False,False,False,0,none,False,lower,,22,Friday
2010-07-16 23:00:00,0.8979,0.9367,-0.0388,-0.2253,0.1484,-1.2631,False,False,False,False,False,0,none,False,lower,,23,Friday
2010-07-17 00:00:00,0.8313,0.8239,0.0074,0.0787,0.1082,1.4307,False,False,False,False,False,0,none,False,higher,,0,Saturday
2010-07-17 01:00:00,1.0189,1.0018,0.0172,1.5068,0.1,2.0023,False,False,False,False,False,0,none,False,higher,,1,Saturday
2010-07-17 02:00:00,1.0147,1.044,-0.0293,1.1985,0.1074,-0.7078,False,False,False,False,False,0,none,False,higher,,2,Saturday
2010-07-17 03:00:00,0.3171,0.3278,-0.0107,-0.5346,0.1013,0.3756,False,False,False,False,False,0,none,False,lower,,3,Saturday
2010-07-17 04:00:00,0.3345,0.347,-0.0125,-0.3595,0.1387,0.2744,False,False,False,False,False,0,none,False,lower,,4,Saturday
2010-07-17 05:00:00,0.3042,0.3161,-0.0119,-0.606,0.1377,0.3094,False,False,False,False,False,0,none,False,lower,,5,Saturday
2010-07-17 06:00:00,0.3211,0.3363,-0.0152,-0.8234,0.1398,0.117,False,False,False,False,False,0,none,False,lower,,6,Saturday
2010-07-17 07:00:00,0.3118,0.3269,-0.0151,-1.1983,0.1363,0.1213,False,False,False,False,False,0,none,False,lower,,7,Saturday
2010-07-17 08:00:00,0.4137,0.4212,-0.0075,-1.2885,0.127,0.567,False,False,False,False,False,0,none,False,lower,,8,Saturday
2010-07-17 09:00:00,1.3841,1.397,-0.0129,0.5902,0.0651,0.2496,False,False,False,False,False,0,none,False,higher,,9,Saturday
2010-07-17 10:00:00,1.3929,1.402,-0.0091,0.5856,0.0936,0.4687,False,False,False,False,False,0,none,False,higher,,10,Saturday
2010-07-17 11:00:00,0.3967,0.4331,-0.0364,-1.0655,0.0949,-1.1229,False,False,False,False,False,0,none,False,lower,,11,Saturday
2010-07-17 12:00:00,0.3141,0.3373,-0.0232,-1.0624,0.1241,-0.3524,False,False,False,False,False,0,none,False,lower,,12,Saturday
2010-07-17 13:00:00,0.2503,0.2648,-0.0145,-1.58,0.1165,0.1572,False,False,False,False,False,0,none,False,lower,,13,Saturday
2010-07-17 14:00:00,0.3024,0.3227,-0.0202,-1.3379,0.1203,-0.1788,False,False,False,False,False,0,none,False,lower,,14,Saturday
2010-07-17 15:00:00,0.2979,0.3161,-0.0182,-1.0486,0.121,-0.0596,False,False,False,False,False,0,none,False,lower,,15,Saturday
2010-07-17 16:00:00,0.3202,0.3393,-0.0191,-1.0022,0.1175,-0.1117,False,False,False,False,False,0,none,False,lower,,16,Saturday
2010-07-17 17:00:00,0.2941,0.3122,-0.0181,-1.0139,0.1187,-0.0552,False,False,False,False,False,0,none,False,lower,,17,Saturday
2010-07-17 18:00:00,0.304,0.3214,-0.0175,-0.9697,0.1171,-0.0159,False,False,False,False,False,0,none,False,lower,,18,Saturday
2010-07-17 19:00:00,0.3233,0.3538,-0.0305,-1.0414,0.1184,-0.7747,False,False,False,False,False,0,none,False,lower,,19,Saturday
2010-07-17 20:00:00,1.0123,1.0272,-0.0149,-0.1151,0.087,0.1307,False,False,False,False,False,0,none,False,lower,,20,Saturday
2010-07-17 21:00:00,0.6904,0.7087,-0.0182,-0.9329,0.1116,-0.0607,False,False,False,False,False,0,none,False,lower,,21,Saturday
2010-07-17 22:00:00,0.7294,0.7484,-0.019,-1.2597,0.1151,-0.1044,False,False,False,False,False,0,none,False,lower,,22,Saturday
2010-07-17 23:00:00,0.5599,0.5891,-0.0292,-0.7187,0.1179,-0.7024,False,False,False,False,False,0,none,False,lower,,23,Saturday
2010-07-18 00:00:00,0.4363,0.4502,-0.0139,-0.4703,0.1188,0.1897,False,False,False,False,False,0,none,False,lower,,0,Sunday
2010-07-18 01:00:00,0.4004,0.4113,-0.011,-0.4685,0.1221,0.3614,False,False,False,False,False,0,none,False,lower,,1,Sunday
2010-07-18 02:00:00,0.332,0.3491,-0.0171,-0.6116,0.1194,0.0039,False,False,False,False,False,0,none,False,lower,,2,Sunday
2010-07-18 03:00:00,0.5937,0.5872,0.0066,0.2113,0.1038,1.3845,False,False,False,False,False,0,none,False,higher,,3,Sunday
2010-07-18 04:00:00,0.2169,0.2412,-0.0243,-0.7616,0.0943,-0.4176,False,False,False,False,True,0,none,False,lower,,4,Sunday
2010-07-18 05:00:00,0.316,0.3298,-0.0138,-0.5561,0.1219,0.1996,False,False,False,False,False,0,none,False,lower,,5,Sunday
2010-07-18 06:00:00,0.2956,0.3109,-0.0153,-0.9034,0.1275,0.1097,False,False,False,False,False,0,none,False,lower,,6,Sunday
2010-07-18 07:00:00,1.162,1.1625,-0.0005,0.4076,0.0597,0.9713,False,False,False,False,False,0,none,False,higher,,7,Sunday
2010-07-18 08:00:00,0.3012,0.3357,-0.0345,-1.4543,0.0868,-1.0116,False,False,False,False,False,0,none,False,lower,,8,Sunday
2010-07-18 09:00:00,0.3122,0.331,-0.0189,-1.2907,0.1228,-0.0985,False,False,False,False,False,0,none,False,lower,,9,Sunday
2010-07-18 10:00:00,0.2396,0.2581,-0.0185,-1.4523,0.1038,-0.0751,False,False,False,False,False,0,none,False,lower,,10,Sunday
2010-07-18 11:00:00,0.2851,0.2994,-0.0142,-1.2635,0.1129,0.1713,False,False,False,False,False,0,none,False,lower,,11,Sunday
2010-07-18 12:00:00,0.3174,0.3393,-0.022,-1.0265,0.1118,-0.2785,False,False,False,False,False,0,none,False,lower,,12,Sunday
2010-07-18 13:00:00,0.2658,0.2841,-0.0183,-1.4472,0.1062,-0.0637,False,False,False,False,False,0,none,False,lower,,13,Sunday
2010-07-18 14:00:00,0.3264,0.3404,-0.014,-1.2126,0.1111,0.185,False,False,False,False,False,0,none,False,lower,,14,Sunday
2010-07-18 15:00:00,0.2299,0.2448,-0.0149,-1.1384,0.0989,0.1326,False,False,False,False,False,0,none,False,lower,,15,Sunday
2010-07-18 16:00:00,0.2945,0.3255,-0.031,-1.0645,0.1085,-0.8079,False,False,False,False,False,0,none,False,lower,,16,Sunday
2010-07-18 17:00:00,0.2893,0.3064,-0.0171,-0.9584,0.1102,0.0057,False,False,False,False,False,0,none,False,lower,,17,Sunday
2010-07-18 18:00:00,0.9191,0.9121,0.007,-0.0098,0.0665,1.4071,False,False,False,False,False,0,none,False,lower,,18,Sunday
2010-07-18 19:00:00,1.2331,1.2602,-0.0271,0.3429,0.0694,-0.5785,False,False,False,False,False,0,none,False,higher,,19,Sunday
2010-07-18 20:00:00,1.1449,1.1465,-0.0015,0.122,0.082,0.9115,False,False,False,False,False,0,none,False,higher,,20,Sunday
2010-07-18 21:00:00,1.0483,1.0666,-0.0183,-0.3779,0.0899,-0.064,False,False,False,False,False,0,none,False,lower,,21,Sunday
2010-07-18 22:00:00,1.0922,1.1013,-0.0091,-0.6422,0.0906,0.4694,False,False,False,False,False,0,none,False,lower,,22,Sunday
2010-07-18 23:00:00,1.4822,1.4946,-0.0123,0.5773,0.0666,0.2834,False,False,False,False,False,0,none,False,higher,,23,Sunday
2010-07-19 00:00:00,0.3711,0.4083,-0.0372,-0.5512,0.1189,-1.1657,False,False,False,False,False,0,none,False,lower,,0,Monday
2010-07-19 01:00:00,0.2752,0.2817,-0.0066,-0.859,0.1722,0.6182,False,False,False,False,False,0,none,False,lower,,1,Monday
2010-07-19 02:00:00,0.2829,0.3042,-0.0213,-0.7474,0.1758,-0.2405,False,False,False,False,False,0,none,False,lower,,2,Monday
2010-07-19 03:00:00,0.2887,0.311,-0.0223,-0.6283,0.1768,-0.2965,False,False,False,False,False,0,none,False,lower,,3,Monday
2010-07-19 04:00:00,0.3173,0.3346,-0.0173,-0.4227,0.1764,-0.0095,False,False,False,False,False,0,none,False,lower,,4,Monday
2010-07-19 05:00:00,0.3063,0.3284,-0.0222,-0.5842,0.176,-0.2912,False,False,False,False,False,0,none,False,lower,,5,Monday
2010-07-19 06:00:00,0.9815,0.9824,-0.0009,1.3531,0.1238,0.9499,False,False,False,False,False,0,none,False,higher,,6,Monday
2010-07-19 07:00:00,0.5999,0.6282,-0.0284,-0.7079,0.1438,-0.6523,False,False,False,False,False,0,none,False,lower,,7,Monday
2010-07-19 08:00:00,0.2998,0.3215,-0.0217,-1.3566,0.1584,-0.2625,False,False,False,False,False,0,none,False,lower,,8,Monday
2010-07-19 09:00:00,0.3009,0.3196,-0.0187,-1.2291,0.1696,-0.0885,False,False,False,False,False,0,none,False,lower,,9,Monday
2010-07-19 10:00:00,0.3493,0.3697,-0.0205,-1.1461,0.1683,-0.1921,False,False,False,False,False,0,none,False,lower,,10,Monday
2010-07-19 11:00:00,0.3242,0.35,-0.0258,-1.0973,0.1702,-0.5016,False,False,False,False,False,0,none,False,lower,,11,Monday
2010-07-19 12:00:00,0.21,0.2298,-0.0198,-1.237,0.151,-0.1503,False,False,False,False,False,0,none,False,lower,,12,Monday
2010-07-19 13:00:00,0.391,0.4071,-0.0161,-1.0504,0.1669,0.0653,False,False,False,False,False,0,none,False,lower,,13,Monday
2010-07-19 14:00:00,0.3464,0.3773,-0.031,-1.0891,0.1752,-0.803,False,False,False,False,False,0,none,False,lower,,14,Monday
2010-07-19 15:00:00,0.5119,0.5306,-0.0187,-0.6136,0.1725,-0.0907,False,False,False,False,False,0,none,False,lower,,15,Monday
2010-07-19 16:00:00,0.409,0.4361,-0.0271,-0.706,0.1731,-0.576,False,False,False,False,False,0,none,False,lower,,16,Monday
2010-07-19 17:00:00,1.0613,1.0668,-0.0055,0.664,0.1347,0.6794,False,False,False,False,False,0,none,False,higher,,17,Monday
2010-07-19 18:00:00,1.3475,1.3598,-0.0123,0.8659,0.1288,0.282,False,False,False,False,False,0,none,False,higher,,18,Monday
2010-07-19 19:00:00,1.403,1.4124,-0.0094,0.8751,0.1372,0.4541,False,False,False,False,False,0,none,False,higher,,19,Monday
2010-07-19 20:00:00,0.3713,0.4095,-0.0382,-1.4481,0.1284,-1.2228,False,False,False,False,False,0,none,False,lower,,20,Monday
2010-07-19 21:00:00,0.3825,0.3867,-0.0042,-1.2619,0.1752,0.7584,False,False,False,False,False,0,none,False,lower,,21,Monday
2010-07-19 22:00:00,1.2311,1.226,0.0051,-0.4032,0.1115,1.2983,False,False,False,False,False,0,none,False,lower,,22,Monday
2010-07-19 23:00:00,0.9907,1.0197,-0.029,-0.1063,0.1405,-0.6913,False,False,False,False,False,0,none,False,lower,,23,Monday
2010-07-20 00:00:00,0.4339,0.456,-0.0222,-0.4719,0.1564,-0.2911,False,False,False,False,False,0,none,False,lower,,0,Tuesday
2010-07-20 01:00:00,0.3684,0.3825,-0.014,-0.5583,0.1773,0.1833,False,False,False,False,False,0,none,False,lower,,1,Tuesday
2010-07-20 02:00:00,0.4648,0.4686,-0.0038,-0.2247,0.1736,0.778,False,False,False,False,False,0,none,False,lower,,2,Tuesday
2010-07-20 03:00:00,0.6963,0.7162,-0.0199,0.4689,0.1602,-0.1585,False,False,False,False,True,0,none,False,higher,,3,Tuesday
2010-07-20 04:00:00,0.347,0.3694,-0.0224,-0.3333,0.1655,-0.3022,False,False,False,False,False,0,none,False,lower,,4,Tuesday
2010-07-20 05:00:00,0.433,0.4398,-0.0067,-0.1367,0.1705,0.6097,False,False,False,False,False,0,none,False,lower,,5,Tuesday
2010-07-20 06:00:00,1.0626,1.0769,-0.0143,1.5195,0.1277,0.1654,False,False,False,False,False,0,none,False,higher,,6,Tuesday
2010-07-20 07:00:00,0.3312,0.3543,-0.0231,-1.1825,0.1381,-0.3472,False,False,False,False,False,0,none,False,lower,,7,Tuesday
2010-07-20 08:00:00,0.3331,0.3569,-0.0238,-1.1922,0.1766,-0.3842,False,False,False,False,False,0,none,False,lower,,8,Tuesday
2010-07-20 09:00:00,0.3536,0.3723,-0.0187,-1.0519,0.1756,-0.0899,False,False,False,False,False,0,none,False,lower,,9,Tuesday
2010-07-20 10:00:00,1.1478,1.1393,0.0085,0.3235,0.1295,1.4981,False,False,False,False,False,0,none,False,higher,,10,Tuesday
2010-07-20 11:00:00,0.7602,0.7929,-0.0327,-0.0168,0.1619,-0.9021,False,False,False,False,False,0,none,False,lower,,11,Tuesday
2010-07-20 12:00:00,0.3365,0.3594,-0.0229,-0.858,0.1664,-0.3333,False,False,False,False,False,0,none,False,lower,,12,Tuesday
2010-07-20 13:00:00,0.3437,0.3651,-0.0214,-1.123,0.1834,-0.2488,False,False,False,False,False,0,none,False,lower,,13,Tuesday
2010-07-20 14:00:00,0.3074,0.3293,-0.0219,-1.0891,0.1774,-0.2749,False,False,False,False,False,0,none,False,lower,,14,Tuesday
2010-07-20 15:00:00,0.3231,0.3509,-0.0278,-0.9993,0.1858,-0.6188,False,False,False,False,False,0,none,False,lower,,15,Tuesday
2010-07-20 16:00:00,0.2845,0.3065,-0.022,-1.0538,0.1752,-0.2783,False,False,False,False,False,0,none,False,lower,,16,Tuesday
2010-07-20 17:00:00,0.476,0.4733,0.0027,-0.5249,0.1771,1.159,False,False,False,False,False,0,none,False,lower,,17,Tuesday
2010-07-20 18:00:00,0.7254,0.7468,-0.0214,-0.2109,0.1505,-0.246,False,False,False,False,False,0,none,False,lower,,18,Tuesday
2010-07-20 19:00:00,0.6658,0.6858,-0.02,-0.515,0.1596,-0.1628,False,False,False,False,False,0,none,False,lower,,19,Tuesday
2010-07-20 20:00:00,1.6182,1.6167,0.0015,1.3577,0.1032,1.0871,False,False,False,False,False,0,none,False,higher,,20,Tuesday
2010-07-20 21:00:00,0.758,0.7798,-0.0218,-0.6784,0.1321,-0.2695,False,False,False,False,False,0,none,False,lower,,21,Tuesday
2010-07-20 22:00:00,0.7335,0.7546,-0.0211,-1.0987,0.1662,-0.2258,False,False,False,False,False,0,none,False,lower,,22,Tuesday
2010-07-20 23:00:00,0.9597,0.9781,-0.0184,-0.1621,0.1495,-0.0731,False,False,False,False,False,0,none,False,lower,,23,Tuesday
2010-07-21 00:00:00,0.7823,0.8016,-0.0194,-0.0008,0.165,-0.1275,False,False,False,False,False,0,none,False,lower,,0,Wednesday
2010-07-21 01:00:00,0.7374,0.7591,-0.0217,0.5695,0.1715,-0.2633,False,False,False,False,False,0,none,False,higher,,1,Wednesday
2010-07-21 02:00:00,0.336,0.3544,-0.0184,-0.577,0.1719,-0.0723,False,False,False,False,False,0,none,False,lower,,2,Wednesday
2010-07-21 03:00:00,0.3116,0.3295,-0.0178,-0.602,0.186,-0.0378,False,False,False,False,False,0,none,False,lower,,3,Wednesday
2010-07-21 04:00:00,0.352,0.3733,-0.0213,-0.3249,0.185,-0.2398,False,False,False,False,False,0,none,False,lower,,4,Wednesday
2010-07-21 05:00:00,0.307,0.322,-0.0149,-0.6008,0.1791,0.1313,False,False,False,False,False,0,none,False,lower,,5,Wednesday
2010-07-21 06:00:00,0.3785,0.3988,-0.0203,-0.7379,0.167,-0.1826,False,False,False,False,False,0,none,False,lower,,6,Wednesday
2010-07-21 07:00:00,0.6636,0.6634,0.0003,-0.4689,0.156,1.0168,False,False,False,False,False,0,none,False,lower,,7,Wednesday
2010-07-21 08:00:00,0.8515,0.8923,-0.0408,-0.0808,0.1535,-1.377,False,False,False,False,False,0,none,False,lower,,8,Wednesday
2010-07-21 09:00:00,0.355,0.3731,-0.0181,-0.9839,0.1581,-0.0549,False,False,False,False,False,0,none,False,lower,,9,Wednesday
2010-07-21 10:00:00,0.3054,0.3268,-0.0214,-1.1464,0.1652,-0.2482,False,False,False,False,False,0,none,False,lower,,10,Wednesday
2010-07-21 11:00:00,0.3334,0.3564,-0.0229,-0.9879,0.1698,-0.3355,False,False,False,False,False,0,none,False,lower,,11,Wednesday
2010-07-21 12:00:00,0.2865,0.3105,-0.0239,-0.9355,0.1653,-0.3938,False,False,False,False,False,0,none,False,lower,,12,Wednesday
2010-07-21 13:00:00,0.7761,0.7715,0.0046,-0.0062,0.1404,1.2709,False,False,False,False,False,0,none,False,lower,,13,Wednesday
2010-07-21 14:00:00,0.8655,0.8767,-0.0112,0.0055,0.1519,0.3495,False,False,False,False,False,0,none,False,higher,,14,Wednesday
2010-07-21 15:00:00,0.7488,0.7734,-0.0246,-0.0528,0.1642,-0.4317,False,False,False,False,False,0,none,False,lower,,15,Wednesday
2010-07-21 16:00:00,1.2842,1.2811,0.0031,1.6964,0.141,1.1845,False,False,False,False,False,0,none,False,higher,,16,Wednesday
2010-07-21 17:00:00,0.7409,0.7903,-0.0494,0.1815,0.1588,-1.8798,False,False,False,False,False,0,none,False,higher,,17,Wednesday
2010-07-21 18:00:00,0.3336,0.3545,-0.0209,-1.0428,0.1605,-0.2152,False,False,False,False,False,0,none,False,lower,,18,Wednesday
2010-07-21 19:00:00,0.7568,0.7606,-0.0038,-0.3013,0.1563,0.7779,False,False,False,False,False,0,none,False,lower,,19,Wednesday
2010-07-21 20:00:00,1.2741,1.2763,-0.0022,0.5467,0.1366,0.8733,False,False,False,False,False,0,none,False,higher,,20,Wednesday
2010-07-21 21:00:00,0.4762,0.5051,-0.0288,-1.0244,0.1481,-0.6791,False,False,False,False,False,0,none,False,lower,,21,Wednesday
2010-07-21 22:00:00,1.6014,1.5503,0.0511,0.2782,0.0958,3.98,False,False,False,False,False,0,none,False,higher,,22,Wednesday
2010-07-21 23:00:00,2.8781,2.8265,0.0517,2.4699,-0.0009,4.0131,False,True,False,True,True,1,low,False,higher,isolation_forest,23,Wednesday
2010-07-22 00:00:00,2.6749,2.6041,0.0708,2.5892,0.0513,5.1309,False,False,False,True,True,0,none,False,higher,,0,Thursday
2010-07-22 01:00:00,2.168,2.1607,0.0073,5.0055,0.0849,1.4292,True,False,False,True,True,1,low,False,higher,rolling_z,1,Thursday
2010-07-22 02:00:00,1.4625,1.4462,0.0163,2.3472,0.141,1.9495,False,False,False,True,True,0,none,False,higher,,2,Thursday
2010-07-22 03:00:00,1.4041,1.3995,0.0046,2.3327,0.1726,1.2709,False,False,False,True,True,0,none,False,higher,,3,Thursday
2010-07-22 04:00:00,1.3683,1.374,-0.0058,3.1102,0.1748,0.6661,True,False,False,True,True,1,low,False,higher,rolling_z,4,Thursday
2010-07-22 05:00:00,0.4356,0.4722,-0.0366,-0.1565,0.1522,-1.1305,False,False,False,False,False,0,none,False,lower,,5,Thursday
2010-07-22 06:00:00,0.3668,0.3916,-0.0248,-0.7527,0.1925,-0.4418,False,False,False,False,False,0,none,False,lower,,6,Thursday
2010-07-22 07:00:00,0.4712,0.4786,-0.0073,-0.8152,0.1897,0.5737,False,False,False,False,False,0,none,False,lower,,7,Thursday
2010-07-22 08:00:00,1.0183,1.0417,-0.0234,0.3001,0.1751,-0.36,False,False,False,False,False,0,none,False,higher,,8,Thursday
2010-07-22 09:00:00,0.3619,0.3871,-0.0252,-0.9039,0.1558,-0.4655,False,False,False,False,False,0,none,False,lower,,9,Thursday
2010-07-22 10:00:00,0.3594,0.3811,-0.0216,-0.9941,0.184,-0.2596,False,False,False,False,False,0,none,False,lower,,10,Thursday
2010-07-22 11:00:00,0.3411,0.3747,-0.0336,-0.9134,0.1803,-0.9554,False,False,False,False,False,0,none,False,lower,,11,Thursday
2010-07-22 12:00:00,0.3692,0.3965,-0.0273,-0.6807,0.1822,-0.5914,False,False,False,False,False,0,none,False,lower,,12,Thursday
2010-07-22 13:00:00,0.3661,0.3882,-0.0221,-1.0617,0.1901,-0.2844,False,False,False,False,False,0,none,False,lower,,13,Thursday
2010-07-22 14:00:00,1.3246,1.3199,0.0047,0.8393,0.1468,1.2754,False,False,False,False,False,0,none,False,higher,,14,Thursday
2010-07-22 15:00:00,0.3668,0.3928,-0.0259,-0.9056,0.1507,-0.5107,False,False,False,False,False,0,none,False,lower,,15,Thursday
2010-07-22 16:00:00,0.3763,0.3944,-0.0181,-0.8401,0.193,-0.0555,False,False,False,False,False,0,none,False,lower,,16,Thursday
2010-07-22 17:00:00,0.386,0.4129,-0.0269,-0.7288,0.1947,-0.5654,False,False,False,False,False,0,none,False,lower,,17,Thursday
2010-07-22 18:00:00,0.3725,0.3966,-0.0241,-0.9098,0.1867,-0.4026,False,False,False,False,False,0,none,False,lower,,18,Thursday
2010-07-22 19:00:00,0.3748,0.3997,-0.0248,-1.0751,0.1898,-0.4469,False,False,False,False,False,0,none,False,lower,,19,Thursday
2010-07-22 20:00:00,0.3956,0.4235,-0.028,-1.3125,0.193,-0.629,False,False,False,False,False,0,none,False,lower,,20,Thursday
2010-07-22 21:00:00,0.9666,0.9596,0.007,-0.2833,0.1754,1.4119,False,False,False,False,False,0,none,False,lower,,21,Thursday
2010-07-22 22:00:00,1.1484,1.1821,-0.0337,-0.4074,0.1843,-0.9654,False,False,False,False,False,0,none,False,lower,,22,Thursday
2010-07-22 23:00:00,0.5283,0.5587,-0.0304,-0.7968,0.1868,-0.7733,False,False,False,False,False,0,none,False,lower,,23,Thursday
2010-07-23 00:00:00,0.5345,0.5455,-0.011,-0.4353,0.1953,0.3604,False,False,False,False,False,0,none,False,lower,,0,Friday
2010-07-23 01:00:00,1.2643,1.2796,-0.0153,1.4416,0.1234,0.1123,False,False,False,False,True,0,none,False,higher,,1,Friday
2010-07-23 02:00:00,0.5917,0.5992,-0.0075,-0.0139,0.1579,0.5638,False,False,False,False,False,0,none,False,lower,,2,Friday
2010-07-23 03:00:00,1.245,1.2198,0.0252,1.6657,0.1285,2.4707,False,False,False,True,True,0,none,False,higher,,3,Friday
2010-07-23 04:00:00,1.1148,1.1526,-0.0378,1.8859,0.1408,-1.2035,False,False,False,False,True,0,none,False,higher,,4,Friday
2010-07-23 05:00:00,0.8448,0.8504,-0.0056,1.2765,0.1481,0.678,False,False,False,False,True,0,none,False,higher,,5,Friday
2010-07-23 06:00:00,0.3563,0.3795,-0.0232,-0.7757,0.1598,-0.3531,False,False,False,False,False,0,none,False,lower,,6,Friday
2010-07-23 07:00:00,0.3832,0.3994,-0.0162,-0.9404,0.1813,0.0552,False,False,False,False,False,0,none,False,lower,,7,Friday
2010-07-23 08:00:00,0.7163,0.72,-0.0037,-0.2858,0.1577,0.7882,False,False,False,False,False,0,none,False,lower,,8,Friday
2010-07-23 09:00:00,1.4134,1.4273,-0.0139,1.0009,0.1382,0.1888,False,False,False,False,False,0,none,False,higher,,9,Friday
2010-07-23 10:00:00,0.4327,0.4634,-0.0307,-0.8025,0.1436,-0.7859,False,False,False,False,False,0,none,False,lower,,10,Friday
2010-07-23 11:00:00,0.3619,0.3847,-0.0228,-0.8576,0.184,-0.3282,False,False,False,False,False,0,none,False,lower,,11,Friday
2010-07-23 12:00:00,0.5838,0.5938,-0.01,-0.186,0.1759,0.4165,False,False,False,False,False,0,none,False,lower,,12,Friday
2010-07-23 13:00:00,0.7843,0.7957,-0.0115,-0.0279,0.1746,0.3328,False,False,False,False,False,0,none,False,lower,,13,Friday
2010-07-23 14:00:00,0.458,0.4951,-0.0371,-0.8728,0.1788,-1.1623,False,False,False,False,False,0,none,False,lower,,14,Friday
2010-07-23 15:00:00,0.9314,0.9379,-0.0064,0.3112,0.1583,0.6271,False,False,False,False,False,0,none,False,higher,,15,Friday
2010-07-23 16:00:00,0.5397,0.5812,-0.0415,-0.4147,0.1767,-1.4176,False,False,False,False,False,0,none,False,lower,,16,Friday
2010-07-23 17:00:00,0.3581,0.3814,-0.0233,-0.7938,0.1832,-0.3562,False,False,False,False,False,0,none,False,lower,,17,Friday
2010-07-23 18:00:00,0.3793,0.4061,-0.0268,-0.8529,0.1824,-0.563,False,False,False,False,False,0,none,False,lower,,18,Friday
2010-07-23 19:00:00,1.4079,1.3927,0.0152,1.3134,0.1196,1.8851,False,False,False,False,False,0,none,False,higher,,19,Friday
2010-07-23 20:00:00,1.5016,1.5201,-0.0186,1.0642,0.1576,-0.08,False,False,False,False,False,0,none,False,higher,,20,Friday
2010-07-23 21:00:00,1.6511,1.6631,-0.0121,0.9988,0.1552,0.2978,False,False,False,False,False,0,none,False,higher,,21,Friday
2010-07-23 22:00:00,0.9489,0.9669,-0.018,-0.6732,0.1688,-0.0496,False,False,False,False,False,0,none,False,lower,,22,Friday
2010-07-23 23:00:00,0.7997,0.8278,-0.0281,-0.4637,0.1964,-0.6345,False,False,False,False,False,0,none,False,lower,,23,Friday
2010-07-24 00:00:00,0.7749,0.7708,0.004,-0.1464,0.1444,1.2369,False,False,False,False,False,0,none,False,lower,,0,Saturday
2010-07-24 01:00:00,0.7539,0.7505,0.0033,0.1872,0.1465,1.1966,False,False,False,False,False,0,none,False,higher,,1,Saturday
2010-07-24 02:00:00,0.4745,0.4814,-0.0069,-0.3231,0.1434,0.6013,False,False,False,False,False,0,none,False,lower,,2,Saturday
2010-07-24 03:00:00,0.3524,0.3661,-0.0137,-0.5865,0.1511,0.2052,False,False,False,False,False,0,none,False,lower,,3,Saturday
2010-07-24 04:00:00,0.3703,0.3838,-0.0135,-0.3678,0.1522,0.2147,False,False,False,False,False,0,none,False,lower,,4,Saturday
2010-07-24 05:00:00,0.3557,0.3663,-0.0106,-0.5048,0.1513,0.3824,False,False,False,False,False,0,none,False,lower,,5,Saturday
2010-07-24 06:00:00,0.3878,0.4018,-0.014,-0.6182,0.1524,0.1829,False,False,False,False,False,0,none,False,lower,,6,Saturday
2010-07-24 07:00:00,0.9122,0.9098,0.0024,0.2458,0.1093,1.142,False,False,False,False,False,0,none,False,higher,,7,Saturday
2010-07-24 08:00:00,0.5372,0.5677,-0.0304,-0.6456,0.1304,-0.7729,False,False,False,False,False,0,none,False,lower,,8,Saturday
2010-07-24 09:00:00,0.3776,0.3928,-0.0152,-0.8131,0.137,0.1178,False,False,False,False,False,0,none,False,lower,,9,Saturday
2010-07-24 10:00:00,0.3534,0.3646,-0.0113,-0.8956,0.1345,0.3441,False,False,False,False,False,0,none,False,lower,,10,Saturday
2010-07-24 11:00:00,0.3635,0.3775,-0.014,-0.8167,0.1383,0.1854,False,False,False,False,False,0,none,False,lower,,11,Saturday
2010-07-24 12:00:00,0.6535,0.6613,-0.0077,0.1088,0.1263,0.5508,False,False,False,False,False,0,none,False,higher,,12,Saturday
2010-07-24 13:00:00,0.7953,0.8113,-0.0159,0.0161,0.1311,0.0731,False,False,False,False,False,0,none,False,higher,,13,Saturday
2010-07-24 14:00:00,0.3424,0.3733,-0.0309,-1.1197,0.1179,-0.7995,False,False,False,False,False,0,none,False,lower,,14,Saturday
2010-07-24 15:00:00,0.361,0.3822,-0.0211,-0.9911,0.1332,-0.2295,False,False,False,False,False,0,none,False,lower,,15,Saturday
2010-07-24 16:00:00,0.3635,0.3854,-0.0219,-0.9159,0.1298,-0.2748,False,False,False,False,False,0,none,False,lower,,16,Saturday
2010-07-24 17:00:00,0.3763,0.3941,-0.0178,-0.7466,0.1325,-0.0358,False,False,False,False,False,0,none,False,lower,,17,Saturday
2010-07-24 18:00:00,0.758,0.7611,-0.003,0.0584,0.1128,0.8254,False,False,False,False,False,0,none,False,higher,,18,Saturday
2010-07-24 19:00:00,0.8835,0.9224,-0.039,0.0469,0.1132,-1.2706,False,False,False,False,False,0,none,False,higher,,19,Saturday
2010-07-24 20:00:00,0.6974,0.6749,0.0225,-0.6926,0.1183,2.3114,False,False,False,False,False,0,none,False,lower,,20,Saturday
2010-07-24 21:00:00,1.7543,1.7448,0.0095,1.1496,0.0521,1.5566,False,False,False,False,False,0,none,False,higher,,21,Saturday
2010-07-24 22:00:00,1.2303,1.2566,-0.0263,-0.219,0.0846,-0.5331,False,False,False,False,False,0,none,False,lower,,22,Saturday
2010-07-24 23:00:00,1.1322,1.1474,-0.0152,-0.0627,0.1007,0.117,False,False,False,False,False,0,none,False,lower,,23,Saturday
2010-07-25 00:00:00,1.092,1.0859,0.0061,0.236,0.1057,1.3598,False,False,False,False,False,0,none,False,higher,,0,Sunday
2010-07-25 01:00:00,0.9014,0.916,-0.0147,0.487,0.1141,0.1474,False,False,False,False,False,0,none,False,higher,,1,Sunday
2010-07-25 02:00:00,0.352,0.3573,-0.0053,-0.64,0.1209,0.6898,False,False,False,False,False,0,none,False,lower,,2,Sunday
2010-07-25 03:00:00,0.3241,0.3426,-0.0185,-0.6525,0.1443,-0.0776,False,False,False,False,False,0,none,False,lower,,3,Sunday
2010-07-25 04:00:00,0.385,0.3941,-0.0092,-0.3333,0.1434,0.4673,False,False,False,False,False,0,none,False,lower,,4,Sunday
2010-07-25 05:00:00,0.3683,0.382,-0.0137,-0.4095,0.1452,0.2025,False,False,False,False,False,0,none,False,lower,,5,Sunday
2010-07-25 06:00:00,0.8814,0.8808,0.0007,0.9603,0.1035,1.0414,False,False,False,False,False,0,none,False,higher,,6,Sunday
2010-07-25 07:00:00,0.8028,0.829,-0.0261,-0.0175,0.1256,-0.5212,False,False,False,False,False,0,none,False,lower,,7,Sunday
2010-07-25 08:00:00,0.3767,0.3964,-0.0197,-1.0302,0.1205,-0.1489,False,False,False,False,False,0,none,False,lower,,8,Sunday
2010-07-25 09:00:00,0.3549,0.37,-0.0151,-0.8114,0.1393,0.1199,False,False,False,False,False,0,none,False,lower,,9,Sunday
2010-07-25 10:00:00,1.3948,1.3874,0.0075,1.2685,0.0681,1.4361,False,False,False,False,False,0,none,False,higher,,10,Sunday
2010-07-25 11:00:00,1.6441,1.6478,-0.0036,2.6796,0.102,0.7903,False,False,False,False,False,0,none,False,higher,,11,Sunday
2010-07-25 12:00:00,1.5775,1.6022,-0.0247,3.1737,0.1083,-0.437,True,False,False,False,False,1,low,False,higher,rolling_z,12,Sunday
2010-07-25 13:00:00,0.853,0.8855,-0.0325,0.1846,0.117,-0.8911,False,False,False,False,False,0,none,False,higher,,13,Sunday
2010-07-25 14:00:00,0.3653,0.3909,-0.0255,-1.0622,0.1234,-0.4865,False,False,False,False,False,0,none,False,lower,,14,Sunday
2010-07-25 15:00:00,0.3648,0.3824,-0.0175,-0.9721,0.1373,-0.0202,False,False,False,False,False,0,none,False,lower,,15,Sunday
2010-07-25 16:00:00,0.3856,0.4135,-0.0279,-0.7998,0.1367,-0.6272,False,False,False,False,False,0,none,False,lower,,16,Sunday
2010-07-25 17:00:00,0.3613,0.3845,-0.0232,-0.7376,0.1393,-0.3491,False,False,False,False,False,0,none,False,lower,,17,Sunday
2010-07-25 18:00:00,0.3722,0.3958,-0.0237,-0.8762,0.1369,-0.378,False,False,False,False,False,0,none,False,lower,,18,Sunday
2010-07-25 19:00:00,0.8781,0.8929,-0.0148,-0.0076,0.1135,0.138,False,False,False,False,False,0,none,False,lower,,19,Sunday
2010-07-25 20:00:00,0.6795,0.7042,-0.0247,-0.7784,0.1376,-0.4378,False,False,False,False,False,0,none,False,lower,,20,Sunday
2010-07-25 21:00:00,0.6417,0.6533,-0.0116,-0.9692,0.1408,0.3262,False,False,False,False,False,0,none,False,lower,,21,Sunday
2010-07-25 22:00:00,0.6523,0.6654,-0.0131,-1.1823,0.1371,0.2365,False,False,False,False,False,0,none,False,lower,,22,Sunday
2010-07-25 23:00:00,2.8314,2.8164,0.015,2.1244,-0.0308,1.8768,False,True,False,False,False,1,low,False,higher,isolation_forest,23,Sunday
2010-07-26 00:00:00,0.3406,0.4067,-0.0661,-0.7568,0.082,-2.8527,False,False,False,False,False,0,none,False,lower,,0,Monday
2010-07-26 01:00:00,0.3388,0.3587,-0.0199,-0.8189,0.2031,-0.1599,False,False,False,False,False,0,none,False,lower,,1,Monday
2010-07-26 02:00:00,0.2788,0.3054,-0.0266,-0.7746,0.2009,-0.5494,False,False,False,False,False,0,none,False,lower,,2,Monday
2010-07-26 03:00:00,0.3626,0.3839,-0.0213,-0.5572,0.1982,-0.2403,False,False,False,False,False,0,none,False,lower,,3,Monday
2010-07-26 04:00:00,0.3076,0.3387,-0.0311,-0.5592,0.1979,-0.8108,False,False,False,False,False,0,none,False,lower,,4,Monday
2010-07-26 05:00:00,0.3338,0.3527,-0.0188,-0.5454,0.2008,-0.0956,False,False,False,False,False,0,none,False,lower,,5,Monday
2010-07-26 06:00:00,0.2578,0.2879,-0.0301,-1.077,0.1787,-0.7554,False,False,False,False,False,0,none,False,lower,,6,Monday
2010-07-26 07:00:00,0.3333,0.3596,-0.0263,-1.0538,0.1838,-0.5297,False,False,False,False,False,0,none,False,lower,,7,Monday
2010-07-26 08:00:00,1.7709,1.7381,0.0328,2.0836,0.0923,2.9125,False,False,False,False,False,0,none,False,higher,,8,Monday
2010-07-26 09:00:00,0.4124,0.4834,-0.071,-0.6503,0.1208,-3.1356,False,False,False,False,False,0,none,False,lower,,9,Monday
2010-07-26 10:00:00,0.7432,0.7538,-0.0105,-0.0798,0.1681,0.3875,False,False,False,False,False,0,none,False,lower,,10,Monday
2010-07-26 11:00:00,1.0832,1.1033,-0.0201,0.9526,0.1596,-0.1683,False,False,False,False,False,0,none,False,higher,,11,Monday
2010-07-26 12:00:00,0.5132,0.5406,-0.0274,-0.2616,0.1704,-0.5974,False,False,False,False,False,0,none,False,lower,,12,Monday
2010-07-26 13:00:00,0.33,0.3621,-0.0321,-1.1604,0.1742,-0.8709,False,False,False,False,False,0,none,False,lower,,13,Monday
2010-07-26 14:00:00,0.3255,0.3525,-0.0271,-1.0672,0.1763,-0.5756,False,False,False,False,False,0,none,False,lower,,14,Monday
2010-07-26 15:00:00,0.2957,0.3231,-0.0273,-1.0649,0.1784,-0.5921,False,False,False,False,False,0,none,False,lower,,15,Monday
2010-07-26 16:00:00,0.3364,0.363,-0.0266,-0.8787,0.1786,-0.5472,False,False,False,False,False,0,none,False,lower,,16,Monday
2010-07-26 17:00:00,0.2747,0.302,-0.0273,-0.9379,0.173,-0.5908,False,False,False,False,False,0,none,False,lower,,17,Monday
2010-07-26 18:00:00,0.3483,0.3751,-0.0268,-0.8896,0.1721,-0.5607,False,False,False,False,False,0,none,False,lower,,18,Monday
2010-07-26 19:00:00,0.295,0.333,-0.038,-1.4143,0.1692,-1.2116,False,False,False,False,False,0,none,False,lower,,19,Monday
2010-07-26 20:00:00,0.3242,0.3557,-0.0315,-1.6079,0.1721,-0.835,False,False,False,False,False,0,none,False,lower,,20,Monday
2010-07-26 21:00:00,1.1443,1.1408,0.0035,-0.0316,0.1231,1.2057,False,False,False,False,False,0,none,False,lower,,21,Monday
2010-07-26 22:00:00,2.0913,2.0717,0.0196,1.1431,0.0643,2.1419,False,False,False,False,False,0,none,False,higher,,22,Monday
2010-07-26 23:00:00,1.8942,1.9147,-0.0205,0.7581,0.0864,-0.196,False,False,False,False,True,0,none,False,higher,,23,Monday
2010-07-27 00:00:00,1.6456,1.6328,0.0128,0.9127,0.1148,1.7484,False,False,False,False,True,0,none,False,higher,,0,Tuesday
2010-07-27 01:00:00,1.6178,1.6253,-0.0075,2.0799,0.1268,0.5624,False,False,False,True,True,0,none,False,higher,,1,Tuesday
2010-07-27 02:00:00,0.8101,0.8282,-0.0181,0.5365,0.1543,-0.0527,False,False,False,False,True,0,none,False,higher,,2,Tuesday
2010-07-27 03:00:00,0.3568,0.3691,-0.0123,-0.5581,0.178,0.286,False,False,False,False,False,0,none,False,lower,,3,Tuesday
2010-07-27 04:00:00,0.2898,0.3168,-0.0271,-0.6057,0.1995,-0.5761,False,False,False,False,False,0,none,False,lower,,4,Tuesday
2010-07-27 05:00:00,0.3115,0.3344,-0.0228,-0.6255,0.2001,-0.3298,False,False,False,False,False,0,none,False,lower,,5,Tuesday
2010-07-27 06:00:00,0.3014,0.3269,-0.0255,-0.87,0.1886,-0.486,False,False,False,False,False,0,none,False,lower,,6,Tuesday
2010-07-27 07:00:00,0.3203,0.3424,-0.0221,-1.0121,0.1913,-0.2861,False,False,False,False,False,0,none,False,lower,,7,Tuesday
2010-07-27 08:00:00,0.2753,0.3053,-0.03,-1.2408,0.179,-0.7462,False,False,False,False,False,0,none,False,lower,,8,Tuesday
2010-07-27 09:00:00,1.1635,1.1543,0.0092,0.7201,0.1393,1.5382,False,False,False,False,False,0,none,False,higher,,9,Tuesday
2010-07-27 10:00:00,0.7449,0.7798,-0.0348,-0.1077,0.1693,-1.0298,False,False,False,False,False,0,none,False,lower,,10,Tuesday
2010-07-27 11:00:00,0.5314,0.5632,-0.0318,-0.3831,0.1821,-0.8544,False,False,False,False,False,0,none,False,lower,,11,Tuesday
2010-07-27 12:00:00,0.5818,0.5946,-0.0127,-0.053,0.1836,0.259,False,False,False,False,False,0,none,False,lower,,12,Tuesday
2010-07-27 13:00:00,0.4963,0.5305,-0.0341,-0.668,0.1893,-0.9891,False,False,False,False,False,0,none,False,lower,,13,Tuesday
2010-07-27 14:00:00,0.2895,0.3164,-0.0268,-1.0682,0.1746,-0.5632,False,False,False,False,False,0,none,False,lower,,14,Tuesday
2010-07-27 15:00:00,1.0976,1.1275,-0.0299,0.8196,0.1433,-0.743,False,False,False,False,False,0,none,False,higher,,15,Tuesday
2010-07-27 16:00:00,0.3031,0.3302,-0.0271,-0.9056,0.1516,-0.5788,False,False,False,False,False,0,none,False,lower,,16,Tuesday
2010-07-27 17:00:00,0.2902,0.3198,-0.0296,-0.8936,0.1849,-0.7255,False,False,False,False,False,0,none,False,lower,,17,Tuesday
2010-07-27 18:00:00,0.3433,0.3694,-0.0261,-0.912,0.182,-0.5182,False,False,False,False,False,0,none,False,lower,,18,Tuesday
2010-07-27 19:00:00,0.2758,0.3062,-0.0304,-1.3541,0.1783,-0.7715,False,False,False,False,False,0,none,False,lower,,19,Tuesday
2010-07-27 20:00:00,0.3293,0.3522,-0.023,-1.4787,0.1834,-0.3383,False,False,False,False,False,0,none,False,lower,,20,Tuesday
2010-07-27 21:00:00,0.8642,0.8735,-0.0093,-0.5416,0.1579,0.4609,False,False,False,False,False,0,none,False,lower,,21,Tuesday
2010-07-27 22:00:00,1.2083,1.2011,0.0072,-0.2478,0.1448,1.4241,False,False,False,False,False,0,none,False,lower,,22,Tuesday
2010-07-27 23:00:00,1.4248,1.4497,-0.0249,0.1994,0.135,-0.4505,False,False,False,False,False,0,none,False,higher,,23,Tuesday
2010-07-28 00:00:00,1.6896,1.6774,0.0122,0.9261,0.1114,1.7111,False,False,False,False,True,0,none,False,higher,,0,Wednesday
2010-07-28 01:00:00,1.4232,1.4467,-0.0235,1.4527,0.1247,-0.3694,False,False,False,False,True,0,none,False,higher,,1,Wednesday
2010-07-28 02:00:00,0.7068,0.7258,-0.0189,0.2481,0.1517,-0.1028,False,False,False,False,False,0,none,False,higher,,2,Wednesday
2010-07-28 03:00:00,0.3252,0.3491,-0.0239,-0.6358,0.1748,-0.3914,False,False,False,False,False,0,none,False,lower,,3,Wednesday
2010-07-28 04:00:00,0.3022,0.3287,-0.0265,-0.5571,0.1926,-0.5409,False,False,False,False,False,0,none,False,lower,,4,Wednesday
2010-07-28 05:00:00,0.3055,0.3305,-0.025,-0.6303,0.1894,-0.4547,False,False,False,False,False,0,none,False,lower,,5,Wednesday
2010-07-28 06:00:00,0.4513,0.4605,-0.0092,-0.3614,0.1729,0.4652,False,False,False,False,False,0,none,False,lower,,6,Wednesday
2010-07-28 07:00:00,1.5367,1.5526,-0.0159,1.6947,0.1176,0.073,False,False,False,False,False,0,none,False,higher,,7,Wednesday
2010-07-28 08:00:00,1.3219,1.3489,-0.027,1.2215,0.1653,-0.5702,False,False,False,False,False,0,none,False,higher,,8,Wednesday
2010-07-28 09:00:00,1.2512,1.2788,-0.0276,0.9339,0.1744,-0.6091,False,False,False,False,False,0,none,False,higher,,9,Wednesday
2010-07-28 10:00:00,0.2893,0.3177,-0.0284,-1.0498,0.1387,-0.6539,False,False,False,False,False,0,none,False,lower,,10,Wednesday
2010-07-28 11:00:00,0.3096,0.3388,-0.0292,-0.8859,0.1805,-0.7007,False,False,False,False,False,0,none,False,lower,,11,Wednesday
2010-07-28 12:00:00,0.3046,0.3317,-0.0271,-0.8433,0.1782,-0.576,False,False,False,False,False,0,none,False,lower,,12,Wednesday
2010-07-28 13:00:00,0.3202,0.3492,-0.029,-1.0981,0.1819,-0.6911,False,False,False,False,False,0,none,False,lower,,13,Wednesday
2010-07-28 14:00:00,0.2918,0.321,-0.0291,-0.9998,0.1787,-0.6967,False,False,False,False,False,0,none,False,lower,,14,Wednesday
2010-07-28 15:00:00,0.3211,0.3527,-0.0316,-1.0138,0.1876,-0.8425,False,False,False,False,False,0,none,False,lower,,15,Wednesday
2010-07-28 16:00:00,0.3161,0.3461,-0.03,-0.831,0.1829,-0.7474,False,False,False,False,False,0,none,False,lower,,16,Wednesday
2010-07-28 17:00:00,0.283,0.3133,-0.0303,-0.8775,0.1819,-0.7652,False,False,False,False,False,0,none,False,lower,,17,Wednesday
2010-07-28 18:00:00,0.3363,0.3664,-0.0301,-0.8773,0.1783,-0.7534,False,False,False,False,False,0,none,False,lower,,18,Wednesday
2010-07-28 19:00:00,0.6348,0.6463,-0.0115,-0.4532,0.176,0.3339,False,False,False,False,False,0,none,False,lower,,19,Wednesday
2010-07-28 20:00:00,0.7386,0.7821,-0.0435,-0.5369,0.1765,-1.5358,False,False,False,False,False,0,none,False,lower,,20,Wednesday
2010-07-28 21:00:00,0.2951,0.3254,-0.0303,-1.546,0.1634,-0.7645,False,False,False,False,False,0,none,False,lower,,21,Wednesday
2010-07-28 22:00:00,0.3436,0.3733,-0.0297,-1.5771,0.1823,-0.7324,False,False,False,False,False,0,none,False,lower,,22,Wednesday
2010-07-28 23:00:00,0.2799,0.3087,-0.0287,-1.2669,0.1796,-0.6742,False,False,False,False,False,0,none,False,lower,,23,Wednesday
2010-07-29 00:00:00,0.3317,0.3563,-0.0246,-0.8429,0.1734,-0.434,False,False,False,False,False,0,none,False,lower,,0,Thursday
2010-07-29 01:00:00,0.3174,0.3444,-0.027,-0.9248,0.1714,-0.575,False,False,False,False,False,0,none,False,lower,,1,Thursday
2010-07-29 02:00:00,0.2973,0.3238,-0.0265,-0.7419,0.1706,-0.5446,False,False,False,False,False,0,none,False,lower,,2,Thursday
2010-07-29 03:00:00,0.3265,0.3531,-0.0266,-0.6342,0.1717,-0.547,False,False,False,False,False,0,none,False,lower,,3,Thursday
2010-07-29 04:00:00,0.2993,0.3312,-0.0319,-0.5663,0.1678,-0.8561,False,False,False,False,False,0,none,False,lower,,4,Thursday
2010-07-29 05:00:00,0.3222,0.3485,-0.0263,-0.514,0.1661,-0.5304,False,False,False,False,False,0,none,False,lower,,5,Thursday
2010-07-29 06:00:00,0.2749,0.3042,-0.0293,-0.9179,0.1577,-0.7067,False,False,False,False,False,0,none,False,lower,,6,Thursday
2010-07-29 07:00:00,1.234,1.2365,-0.0025,0.96,0.0955,0.8573,False,False,False,False,False,0,none,False,higher,,7,Thursday
2010-07-29 08:00:00,0.2946,0.3431,-0.0485,-1.1494,0.1106,-1.825,False,False,False,False,False,0,none,False,lower,,8,Thursday
2010-07-29 09:00:00,0.3245,0.3521,-0.0276,-0.8153,0.16,-0.6063,False,False,False,False,False,0,none,False,lower,,9,Thursday
2010-07-29 10:00:00,0.2708,0.2934,-0.0226,-1.0879,0.1542,-0.3183,False,False,False,False,False,0,none,False,lower,,10,Thursday
2010-07-29 11:00:00,0.276,0.3132,-0.0372,-0.9207,0.1576,-1.1665,False,False,False,False,False,0,none,False,lower,,11,Thursday
2010-07-29 12:00:00,0.2987,0.3294,-0.0308,-0.8044,0.1586,-0.7914,False,False,False,False,False,0,none,False,lower,,12,Thursday
2010-07-29 13:00:00,0.3165,0.346,-0.0295,-1.0448,0.1626,-0.7208,False,False,False,False,False,0,none,False,lower,,13,Thursday
2010-07-29 14:00:00,0.3056,0.3391,-0.0335,-0.9052,0.1611,-0.9517,False,False,False,False,False,0,none,False,lower,,14,Thursday
2010-07-29 15:00:00,0.286,0.3161,-0.0301,-1.0253,0.1605,-0.7535,False,False,False,False,False,0,none,False,lower,,15,Thursday
2010-07-29 16:00:00,0.3367,0.367,-0.0303,-0.7376,0.1536,-0.7673,False,False,False,False,False,0,none,False,lower,,16,Thursday
2010-07-29 17:00:00,0.2716,0.3022,-0.0306,-0.9373,0.1559,-0.7814,False,False,False,False,False,0,none,False,lower,,17,Thursday
2010-07-29 18:00:00,0.45,0.4654,-0.0154,-0.466,0.1397,0.106,False,False,False,False,False,0,none,False,lower,,18,Thursday
2010-07-29 19:00:00,1.0929,1.1388,-0.046,0.6393,0.1024,-1.6782,False,False,False,False,False,0,none,False,higher,,19,Thursday
2010-07-29 20:00:00,0.3196,0.3544,-0.0347,-1.3581,0.1232,-1.0239,False,False,False,False,False,0,none,False,lower,,20,Thursday
2010-07-29 21:00:00,0.2858,0.3125,-0.0267,-1.4381,0.1602,-0.5545,False,False,False,False,False,0,none,False,lower,,21,Thursday
2010-07-29 22:00:00,0.3334,0.3636,-0.0303,-1.4639,0.1617,-0.7632,False,False,False,False,False,0,none,False,lower,,22,Thursday
2010-07-29 23:00:00,0.2858,0.3183,-0.0325,-1.1692,0.1662,-0.8959,False,False,False,False,False,0,none,False,lower,,23,Thursday
2010-07-30 00:00:00,0.3081,0.3299,-0.0218,-0.8878,0.1645,-0.2705,False,False,False,False,False,0,none,False,lower,,0,Friday
2010-07-30 01:00:00,0.3189,0.3475,-0.0286,-0.8691,0.1666,-0.6631,False,False,False,False,False,0,none,False,lower,,1,Friday
2010-07-30 02:00:00,0.291,0.322,-0.031,-0.7465,0.1673,-0.8039,False,False,False,False,False,0,none,False,lower,,2,Friday
2010-07-30 03:00:00,0.3068,0.3343,-0.0275,-0.6744,0.1665,-0.6012,False,False,False,False,False,0,none,False,lower,,3,Friday
2010-07-30 04:00:00,0.3015,0.3327,-0.0312,-0.5456,0.1655,-0.8186,False,False,False,False,False,0,none,False,lower,,4,Friday
2010-07-30 05:00:00,0.3123,0.3359,-0.0236,-0.5357,0.1653,-0.3719,False,False,False,False,False,0,none,False,lower,,5,Friday
2010-07-30 06:00:00,0.3609,0.3862,-0.0254,-0.6188,0.151,-0.4766,False,False,False,False,False,0,none,False,lower,,6,Friday
2010-07-30 07:00:00,1.1503,1.1897,-0.0394,0.7205,0.0944,-1.2978,False,False,False,False,False,0,none,False,higher,,7,Friday
2010-07-30 08:00:00,0.4764,0.4977,-0.0212,-0.7151,0.1141,-0.2357,False,False,False,False,False,0,none,False,lower,,8,Friday
2010-07-30 09:00:00,0.3247,0.3536,-0.029,-0.7999,0.1548,-0.6868,False,False,False,False,False,0,none,False,lower,,9,Friday
2010-07-30 10:00:00,0.2971,0.3288,-0.0317,-0.9629,0.1584,-0.8481,False,False,False,False,False,0,none,False,lower,,10,Friday
2010-07-30 11:00:00,0.3067,0.3407,-0.034,-0.7957,0.1609,-0.9802,False,False,False,False,False,0,none,False,lower,,11,Friday
2010-07-30 12:00:00,0.2814,0.306,-0.0246,-0.8578,0.1596,-0.4328,False,False,False,False,False,0,none,False,lower,,12,Friday
2010-07-30 13:00:00,0.2663,0.3022,-0.0359,-1.1155,0.1603,-1.091,False,False,False,False,False,0,none,False,lower,,13,Friday
2010-07-30 14:00:00,0.2795,0.3126,-0.0331,-0.8947,0.1605,-0.9259,False,False,False,False,False,0,none,False,lower,,14,Friday
2010-07-30 15:00:00,0.3027,0.3334,-0.0307,-0.9166,0.1634,-0.7873,False,False,False,False,False,0,none,False,lower,,15,Friday
2010-07-30 16:00:00,0.3172,0.3515,-0.0343,-0.7361,0.1569,-0.9996,False,False,False,False,False,0,none,False,lower,,16,Friday
2010-07-30 17:00:00,1.205,1.2403,-0.0353,3.1531,0.0925,-1.0559,True,False,False,False,False,1,low,False,higher,rolling_z,17,Friday
2010-07-30 18:00:00,0.3152,0.3479,-0.0327,-0.9125,0.1159,-0.9043,False,False,False,False,False,0,none,False,lower,,18,Friday
2010-07-30 19:00:00,0.2896,0.3143,-0.0247,-1.2532,0.1554,-0.4364,False,False,False,False,False,0,none,False,lower,,19,Friday
2010-07-30 20:00:00,0.2808,0.3218,-0.041,-1.4051,0.1567,-1.387,False,False,False,False,False,0,none,False,lower,,20,Friday
2010-07-30 21:00:00,0.2802,0.3105,-0.0303,-1.3799,0.1591,-0.7647,False,False,False,False,False,0,none,False,lower,,21,Friday
2010-07-30 22:00:00,0.3385,0.3742,-0.0357,-1.3681,0.1609,-1.078,False,False,False,False,False,0,none,False,lower,,22,Friday
2010-07-30 23:00:00,0.2766,0.3098,-0.0333,-1.1325,0.1649,-0.9383,False,False,False,False,False,0,none,False,lower,,23,Friday
2010-07-31 00:00:00,0.3157,0.3222,-0.0064,-0.8157,0.11,0.6275,False,False,False,False,False,0,none,False,lower,,0,Saturday
2010-07-31 01:00:00,0.3018,0.318,-0.0162,-0.875,0.1143,0.0577,False,False,False,False,False,0,none,False,lower,,1,Saturday
2010-07-31 02:00:00,0.3087,0.3226,-0.014,-0.6781,0.119,0.1882,False,False,False,False,False,0,none,False,lower,,2,Saturday
2010-07-31 03:00:00,0.2886,0.3067,-0.0182,-0.6825,0.1175,-0.0569,False,False,False,False,False,0,none,False,lower,,3,Saturday
2010-07-31 04:00:00,0.5587,0.5608,-0.0021,0.2601,0.088,0.8767,False,False,False,False,True,0,none,False,higher,,4,Saturday
2010-07-31 05:00:00,1.005,1.0463,-0.0413,2.1838,0.0658,-1.4065,False,False,False,False,True,0,none,False,higher,,5,Saturday
2010-07-31 06:00:00,0.314,0.3277,-0.0137,-0.7576,0.0913,0.2018,False,False,False,False,False,0,none,False,lower,,6,Saturday
2010-07-31 07:00:00,0.3315,0.3571,-0.0255,-1.0324,0.1143,-0.4864,False,False,False,False,False,0,none,False,lower,,7,Saturday
2010-07-31 08:00:00,0.2846,0.3099,-0.0252,-1.1557,0.1132,-0.4694,False,False,False,False,False,0,none,False,lower,,8,Saturday
2010-07-31 09:00:00,0.2969,0.3128,-0.016,-0.8435,0.1147,0.0708,False,False,False,False,False,0,none,False,lower,,9,Saturday
2010-07-31 10:00:00,0.2606,0.2831,-0.0225,-1.0223,0.1072,-0.308,False,False,False,False,False,0,none,False,lower,,10,Saturday
2010-07-31 11:00:00,0.3007,0.3338,-0.0331,-0.753,0.1133,-0.9267,False,False,False,False,False,0,none,False,lower,,11,Saturday
2010-07-31 12:00:00,0.284,0.3066,-0.0226,-0.795,0.1052,-0.3132,False,False,False,False,False,0,none,False,lower,,12,Saturday
2010-07-31 13:00:00,0.3337,0.3595,-0.0258,-0.886,0.1081,-0.5005,False,False,False,False,False,0,none,False,lower,,13,Saturday
2010-07-31 14:00:00,0.2824,0.309,-0.0266,-0.8424,0.1042,-0.5504,False,False,False,False,False,0,none,False,lower,,14,Saturday
2010-07-31 15:00:00,0.3185,0.3405,-0.022,-0.8409,0.1069,-0.2787,False,False,False,False,False,0,none,False,lower,,15,Saturday
2010-07-31 16:00:00,0.6856,0.6978,-0.0122,0.357,0.0795,0.2881,False,False,False,False,False,0,none,False,higher,,16,Saturday
2010-07-31 17:00:00,0.9024,0.9499,-0.0475,1.4899,0.0692,-1.7668,False,False,False,False,False,0,none,False,higher,,17,Saturday
2010-07-31 18:00:00,0.2889,0.3139,-0.025,-0.9582,0.0788,-0.4568,False,False,False,False,False,0,none,False,lower,,18,Saturday
2010-07-31 19:00:00,0.3428,0.3725,-0.0297,-1.0509,0.1048,-0.7316,False,False,False,False,False,0,none,False,lower,,19,Saturday
2010-07-31 20:00:00,0.311,0.3375,-0.0266,-1.242,0.1108,-0.5474,False,False,False,False,False,0,none,False,lower,,20,Saturday
2010-07-31 21:00:00,0.2979,0.3287,-0.0308,-1.256,0.1097,-0.7952,False,False,False,False,False,0,none,False,lower,,21,Saturday
2010-07-31 22:00:00,0.3373,0.3608,-0.0235,-1.3594,0.1088,-0.3688,False,False,False,False,False,0,none,False,lower,,22,Saturday
2010-07-31 23:00:00,0.2923,0.3252,-0.033,-1.1025,0.1088,-0.9212,False,False,False,False,False,0,none,False,lower,,23,Saturday
2010-08-01 00:00:00,0.3171,0.3121,0.005,-0.802,0.1095,1.2924,False,False,False,False,False,0,none,False,lower,,0,Sunday
2010-08-01 01:00:00,0.2928,0.2904,0.0024,-0.8623,0.1115,1.1433,False,False,False,False,False,0,none,False,lower,,1,Sunday
2010-08-01 02:00:00,0.3351,0.3333,0.0017,-0.5625,0.1146,1.1033,False,False,False,False,False,0,none,False,lower,,2,Sunday
2010-08-01 03:00:00,0.2642,0.2702,-0.006,-0.7024,0.1116,0.6506,False,False,False,False,False,0,none,False,lower,,3,Sunday
2010-08-01 04:00:00,0.6427,0.6204,0.0224,0.4871,0.0844,2.3051,False,False,False,False,True,0,none,False,higher,,4,Sunday
2010-08-01 05:00:00,0.9396,0.9713,-0.0317,1.7188,0.0693,-0.8451,False,False,False,False,True,0,none,False,higher,,5,Sunday
2010-08-01 06:00:00,0.3158,0.3142,0.0016,-0.7235,0.0887,1.0963,False,False,False,False,False,0,none,False,lower,,6,Sunday
2010-08-01 07:00:00,0.2658,0.272,-0.0062,-1.0982,0.1116,0.6384,False,False,False,False,False,0,none,False,lower,,7,Sunday
2010-08-01 08:00:00,0.3033,0.3183,-0.015,-1.095,0.1143,0.1281,False,False,False,False,False,0,none,False,lower,,8,Sunday
2010-08-01 09:00:00,0.3096,0.3176,-0.008,-0.808,0.1152,0.5378,False,False,False,False,False,0,none,False,lower,,9,Sunday
2010-08-01 10:00:00,0.2907,0.3019,-0.0112,-0.9273,0.1108,0.3459,False,False,False,False,False,0,none,False,lower,,10,Sunday
2010-08-01 11:00:00,0.3393,0.3472,-0.0079,-0.6141,0.1105,0.5398,False,False,False,False,False,0,none,False,lower,,11,Sunday
2010-08-01 12:00:00,0.2644,0.276,-0.0116,-0.807,0.1008,0.3227,False,False,False,False,False,0,none,False,lower,,12,Sunday
2010-08-01 13:00:00,0.331,0.3377,-0.0067,-0.8662,0.1078,0.6124,False,False,False,False,False,0,none,False,lower,,13,Sunday
2010-08-01 14:00:00,0.2915,0.3067,-0.0152,-0.8072,0.104,0.1135,False,False,False,False,False,0,none,False,lower,,14,Sunday
2010-08-01 15:00:00,0.3137,0.3257,-0.012,-0.8402,0.1082,0.3022,False,False,False,False,False,0,none,False,lower,,15,Sunday
2010-08-01 16:00:00,0.6569,0.6554,0.0015,0.2461,0.0799,1.088,False,False,False,False,False,0,none,False,higher,,16,Sunday
2010-08-01 17:00:00,0.9184,0.9543,-0.0358,1.4363,0.0683,-1.0882,False,False,False,False,False,0,none,False,higher,,17,Sunday
2010-08-01 18:00:00,0.3032,0.3172,-0.0139,-0.8475,0.0806,0.1887,False,False,False,False,False,0,none,False,lower,,18,Sunday
2010-08-01 19:00:00,0.3122,0.3265,-0.0144,-1.052,0.1077,0.1641,False,False,False,False,False,0,none,False,lower,,19,Sunday
2010-08-01 20:00:00,0.3284,0.3417,-0.0134,-1.1203,0.1114,0.2223,False,False,False,False,False,0,none,False,lower,,20,Sunday
2010-08-01 21:00:00,0.3055,0.3234,-0.0179,-1.1615,0.1094,-0.0445,False,False,False,False,False,0,none,False,lower,,21,Sunday
2010-08-01 22:00:00,0.3077,0.3244,-0.0167,-1.3009,0.1082,0.0289,False,False,False,False,False,0,none,False,lower,,22,Sunday
2010-08-01 23:00:00,0.3122,0.3326,-0.0203,-1.0022,0.1104,-0.1844,False,False,False,False,False,0,none,False,lower,,23,Sunday
2010-08-02 00:00:00,0.3015,0.3025,-0.001,-0.7688,0.1653,0.9427,False,False,False,False,False,0,none,False,lower,,0,Monday
2010-08-02 01:00:00,0.2525,0.2585,-0.006,-0.8922,0.1575,0.6544,False,False,False,False,False,0,none,False,lower,,1,Monday
2010-08-02 02:00:00,0.3168,0.3265,-0.0097,-0.6117,0.1656,0.4385,False,False,False,False,False,0,none,False,lower,,2,Monday
2010-08-02 03:00:00,0.2771,0.2884,-0.0113,-0.6669,0.1642,0.3418,False,False,False,False,False,0,none,False,lower,,3,Monday
2010-08-02 04:00:00,0.7077,0.7046,0.0031,1.028,0.1161,1.1838,False,False,False,False,False,0,none,False,higher,,4,Monday
2010-08-02 05:00:00,0.86,0.8776,-0.0176,2.0645,0.1185,-0.0246,False,False,False,False,True,0,none,False,higher,,5,Monday
2010-08-02 06:00:00,0.3291,0.3415,-0.0124,-0.686,0.1315,0.2786,False,False,False,False,False,0,none,False,lower,,6,Monday
2010-08-02 07:00:00,0.2859,0.2983,-0.0124,-1.0857,0.1603,0.2782,False,False,False,False,False,0,none,False,lower,,7,Monday
2010-08-02 08:00:00,0.3165,0.3273,-0.0108,-0.9932,0.1569,0.3722,False,False,False,False,False,0,none,False,lower,,8,Monday
2010-08-02 09:00:00,0.3228,0.3343,-0.0115,-0.7274,0.1602,0.3315,False,False,False,False,False,0,none,False,lower,,9,Monday
2010-08-02 10:00:00,0.2747,0.289,-0.0144,-0.9168,0.156,0.1637,False,False,False,False,False,0,none,False,lower,,10,Monday
2010-08-02 11:00:00,0.3393,0.3551,-0.0158,-0.5598,0.1581,0.08,False,False,False,False,False,0,none,False,lower,,11,Monday
2010-08-02 12:00:00,0.2793,0.2964,-0.017,-0.7491,0.1571,0.0089,False,False,False,False,False,0,none,False,lower,,12,Monday
2010-08-02 13:00:00,0.3226,0.3394,-0.0167,-0.8796,0.1615,0.0269,False,False,False,False,False,0,none,False,lower,,13,Monday
2010-08-02 14:00:00,0.2917,0.3074,-0.0157,-0.7985,0.1614,0.0854,False,False,False,False,False,0,none,False,lower,,14,Monday
2010-08-02 15:00:00,0.3312,0.3501,-0.0189,-0.8007,0.161,-0.1011,False,False,False,False,False,0,none,False,lower,,15,Monday
2010-08-02 16:00:00,0.754,0.753,0.0011,0.4902,0.1177,1.0644,False,False,False,False,False,0,none,False,higher,,16,Monday
2010-08-02 17:00:00,0.7425,0.7719,-0.0294,0.7148,0.1302,-0.7102,False,False,False,False,False,0,none,False,higher,,17,Monday
2010-08-02 18:00:00,0.3167,0.3382,-0.0215,-0.777,0.1322,-0.2526,False,False,False,False,False,0,none,False,lower,,18,Monday
2010-08-02 19:00:00,0.3082,0.3293,-0.0211,-1.0625,0.1583,-0.2303,False,False,False,False,False,0,none,False,lower,,19,Monday
2010-08-02 20:00:00,0.3232,0.3415,-0.0183,-1.1149,0.1612,-0.0628,False,False,False,False,False,0,none,False,lower,,20,Monday
2010-08-02 21:00:00,0.307,0.3251,-0.0181,-1.0785,0.1628,-0.055,False,False,False,False,False,0,none,False,lower,,21,Monday
2010-08-02 22:00:00,0.3078,0.3268,-0.019,-1.2423,0.1631,-0.1074,False,False,False,False,False,0,none,False,lower,,22,Monday
2010-08-02 23:00:00,0.2897,0.3099,-0.0203,-0.989,0.1666,-0.1794,False,False,False,False,False,0,none,False,lower,,23,Monday
2010-08-03 00:00:00,0.3219,0.3263,-0.0044,-0.7281,0.1652,0.7451,False,False,False,False,False,0,none,False,lower,,0,Tuesday
2010-08-03 01:00:00,0.2728,0.2822,-0.0094,-0.8329,0.1627,0.4541,False,False,False,False,False,0,none,False,lower,,1,Tuesday
2010-08-03 02:00:00,0.3207,0.3283,-0.0076,-0.5947,0.1676,0.5589,False,False,False,False,False,0,none,False,lower,,2,Tuesday
2010-08-03 03:00:00,0.2901,0.302,-0.0118,-0.6138,0.1658,0.3122,False,False,False,False,False,0,none,False,lower,,3,Tuesday
2010-08-03 04:00:00,0.9236,0.9084,0.0152,1.7832,0.1006,1.8883,False,False,False,False,True,0,none,False,higher,,4,Tuesday
2010-08-03 05:00:00,0.5683,0.599,-0.0307,0.5247,0.1223,-0.7903,False,False,False,False,False,0,none,False,higher,,5,Tuesday
2010-08-03 06:00:00,0.3189,0.3314,-0.0124,-0.7287,0.146,0.2764,False,False,False,False,False,0,none,False,lower,,6,Tuesday
2010-08-03 07:00:00,0.2827,0.2924,-0.0098,-1.0296,0.1604,0.4323,False,False,False,False,False,0,none,False,lower,,7,Tuesday
2010-08-03 08:00:00,0.3582,0.3702,-0.012,-0.8312,0.147,0.3044,False,False,False,False,False,0,none,False,lower,,8,Tuesday
2010-08-03 09:00:00,0.4188,0.4284,-0.0096,-0.5528,0.1487,0.4428,False,False,False,False,False,0,none,False,lower,,9,Tuesday
2010-08-03 10:00:00,0.3803,0.3953,-0.015,-0.659,0.1557,0.1263,False,False,False,False,False,0,none,False,lower,,10,Tuesday
2010-08-03 11:00:00,0.3908,0.3946,-0.0038,-0.4252,0.1575,0.7797,False,False,False,False,False,0,none,False,lower,,11,Tuesday
2010-08-03 12:00:00,0.3639,0.3861,-0.0222,-0.4153,0.1616,-0.2955,False,False,False,False,False,0,none,False,lower,,12,Tuesday
2010-08-03 13:00:00,0.4158,0.4298,-0.0139,-0.5913,0.1594,0.1902,False,False,False,False,False,0,none,False,lower,,13,Tuesday
2010-08-03 14:00:00,0.3883,0.4059,-0.0176,-0.5646,0.1594,-0.0262,False,False,False,False,False,0,none,False,lower,,14,Tuesday
2010-08-03 15:00:00,0.4289,0.4426,-0.0137,-0.5191,0.1585,0.202,False,False,False,False,False,0,none,False,lower,,15,Tuesday
2010-08-03 16:00:00,1.3614,1.3715,-0.0101,2.4136,0.0899,0.4111,False,False,False,False,False,0,none,False,higher,,16,Tuesday
2010-08-03 17:00:00,0.4335,0.4458,-0.0123,-0.4155,0.1142,0.2819,False,False,False,False,False,0,none,False,lower,,17,Tuesday
2010-08-03 18:00:00,0.3534,0.3635,-0.0101,-0.6373,0.155,0.4118,False,False,False,False,False,0,none,False,lower,,18,Tuesday
2010-08-03 19:00:00,0.3944,0.4141,-0.0196,-0.7965,0.1628,-0.1427,False,False,False,False,False,0,none,False,lower,,19,Tuesday
2010-08-03 20:00:00,0.3806,0.4005,-0.0199,-0.9278,0.1641,-0.1591,False,False,False,False,False,0,none,False,lower,,20,Tuesday
2010-08-03 21:00:00,0.2781,0.3007,-0.0226,-1.0575,0.1567,-0.3163,False,False,False,False,False,0,none,False,lower,,21,Tuesday
2010-08-03 22:00:00,0.322,0.3371,-0.0151,-1.1336,0.1649,0.1231,False,False,False,False,False,0,none,False,lower,,22,Tuesday
2010-08-03 23:00:00,0.2862,0.3061,-0.0199,-0.929,0.1657,-0.1575,False,False,False,False,False,0,none,False,lower,,23,Tuesday
2010-08-04 00:00:00,0.3229,0.3279,-0.005,-0.7037,0.1657,0.7105,False,False,False,False,False,0,none,False,lower,,0,Wednesday
2010-08-04 01:00:00,0.27,0.2795,-0.0095,-0.833,0.1602,0.4468,False,False,False,False,False,0,none,False,lower,,1,Wednesday
2010-08-04 02:00:00,0.3335,0.3434,-0.0099,-0.5446,0.1686,0.4232,False,False,False,False,False,0,none,False,lower,,2,Wednesday
2010-08-04 03:00:00,0.3364,0.3378,-0.0014,-0.4523,0.1709,0.9196,False,False,False,False,False,0,none,False,lower,,3,Wednesday
2010-08-04 04:00:00,1.1549,1.1726,-0.0177,2.4599,0.0905,-0.0297,False,False,False,False,True,0,none,False,higher,,4,Wednesday
2010-08-04 05:00:00,0.3244,0.3354,-0.011,-0.6247,0.1166,0.3613,False,False,False,False,False,0,none,False,lower,,5,Wednesday
2010-08-04 06:00:00,0.2804,0.2973,-0.0169,-0.8727,0.1553,0.0157,False,False,False,False,False,0,none,False,lower,,6,Wednesday
2010-08-04 07:00:00,0.3162,0.3316,-0.0154,-0.8797,0.162,0.1029,False,False,False,False,False,0,none,False,lower,,7,Wednesday
2010-08-04 08:00:00,0.3183,0.3324,-0.0141,-0.8669,0.1611,0.182,False,False,False,False,False,0,none,False,lower,,8,Wednesday
2010-08-04 09:00:00,0.3071,0.3226,-0.0155,-0.7071,0.1633,0.0972,False,False,False,False,False,0,none,False,lower,,9,Wednesday
2010-08-04 10:00:00,0.2807,0.2965,-0.0158,-0.8579,0.1586,0.0786,False,False,False,False,False,0,none,False,lower,,10,Wednesday
2010-08-04 11:00:00,0.3258,0.3414,-0.0156,-0.6101,0.1627,0.0941,False,False,False,False,False,0,none,False,lower,,11,Wednesday
2010-08-04 12:00:00,0.255,0.271,-0.0159,-0.7932,0.1541,0.0734,False,False,False,False,False,0,none,False,lower,,12,Wednesday
2010-08-04 13:00:00,0.2776,0.3036,-0.026,-0.9313,0.1629,-0.5158,False,False,False,False,False,0,none,False,lower,,13,Wednesday
2010-08-04 14:00:00,0.2946,0.3142,-0.0195,-0.709,0.1625,-0.1367,False,False,False,False,False,0,none,False,lower,,14,Wednesday
2010-08-04 15:00:00,0.5886,0.5926,-0.004,-0.1351,0.1369,0.7674,False,False,False,False,False,0,none,False,lower,,15,Wednesday
2010-08-04 16:00:00,0.9815,1.0105,-0.029,1.0856,0.11,-0.6911,False,False,False,False,False,0,none,False,higher,,16,Wednesday
2010-08-04 17:00:00,0.317,0.3403,-0.0233,-0.8066,0.1277,-0.3567,False,False,False,False,False,0,none,False,lower,,17,Wednesday
2010-08-04 18:00:00,0.3073,0.327,-0.0198,-0.7783,0.1534,-0.1516,False,False,False,False,False,0,none,False,lower,,18,Wednesday
2010-08-04 19:00:00,0.2921,0.311,-0.019,-0.975,0.1568,-0.1048,False,False,False,False,False,0,none,False,lower,,19,Wednesday
2010-08-04 20:00:00,0.3427,0.3623,-0.0196,-0.938,0.1567,-0.142,False,False,False,False,False,0,none,False,lower,,20,Wednesday
2010-08-04 21:00:00,0.2723,0.2934,-0.0211,-1.0211,0.1569,-0.2288,False,False,False,False,False,0,none,False,lower,,21,Wednesday
2010-08-04 22:00:00,0.3033,0.3201,-0.0169,-1.1609,0.1625,0.0187,False,False,False,False,False,0,none,False,lower,,22,Wednesday
2010-08-04 23:00:00,0.2534,0.2793,-0.0259,-0.9533,0.1591,-0.5081,False,False,False,False,False,0,none,False,lower,,23,Wednesday
2010-08-05 00:00:00,0.3087,0.3202,-0.0115,-0.7205,0.159,0.3296,False,False,False,False,False,0,none,False,lower,,0,Thursday
2010-08-05 01:00:00,0.2728,0.2826,-0.0098,-0.7874,0.1623,0.4301,False,False,False,False,False,0,none,False,lower,,1,Thursday
2010-08-05 02:00:00,0.3273,0.3378,-0.0105,-0.5685,0.1656,0.3889,False,False,False,False,False,0,none,False,lower,,2,Thursday
2010-08-05 03:00:00,0.6917,0.6871,0.0046,0.7131,0.1214,1.2701,False,False,False,False,True,0,none,False,higher,,3,Thursday
2010-08-05 04:00:00,0.8628,0.8878,-0.0249,1.1804,0.1204,-0.4523,False,False,False,False,True,0,none,False,higher,,4,Thursday
2010-08-05 05:00:00,0.3146,0.3276,-0.013,-0.6784,0.1349,0.245,False,False,False,False,False,0,none,False,lower,,5,Thursday
2010-08-05 06:00:00,0.2312,0.2511,-0.0199,-1.0226,0.1447,-0.1561,False,False,False,False,False,0,none,False,lower,,6,Thursday
2010-08-05 07:00:00,0.2998,0.3133,-0.0134,-0.9207,0.1537,0.218,False,False,False,False,False,0,none,False,lower,,7,Thursday
2010-08-05 08:00:00,0.2988,0.3164,-0.0176,-0.8533,0.1573,-0.0223,False,False,False,False,False,0,none,False,lower,,8,Thursday
2010-08-05 09:00:00,0.3189,0.3372,-0.0183,-0.6825,0.1592,-0.0662,False,False,False,False,False,0,none,False,lower,,9,Thursday
2010-08-05 10:00:00,0.2726,0.2924,-0.0199,-0.873,0.1554,-0.1573,False,False,False,False,False,0,none,False,lower,,10,Thursday
2010-08-05 11:00:00,0.2776,0.2959,-0.0183,-0.736,0.1574,-0.0664,False,False,False,False,False,0,none,False,lower,,11,Thursday
2010-08-05 12:00:00,0.2622,0.2865,-0.0243,-0.7303,0.156,-0.4177,False,False,False,False,False,0,none,False,lower,,12,Thursday
2010-08-05 13:00:00,0.3146,0.3327,-0.0182,-0.7948,0.1594,-0.0581,False,False,False,False,False,0,none,False,lower,,13,Thursday
2010-08-05 14:00:00,0.2877,0.3067,-0.019,-0.6665,0.1614,-0.1042,False,False,False,False,False,0,none,False,lower,,14,Thursday
2010-08-05 15:00:00,0.9669,0.9642,0.0026,0.7689,0.1069,1.1558,False,False,False,False,False,0,none,False,higher,,15,Thursday
2010-08-05 16:00:00,0.5365,0.5796,-0.0431,-0.207,0.1218,-1.5084,False,False,False,False,False,0,none,False,lower,,16,Thursday
2010-08-05 17:00:00,0.3036,0.3271,-0.0235,-0.8419,0.1497,-0.3696,False,False,False,False,False,0,none,False,lower,,17,Thursday
2010-08-05 18:00:00,0.3042,0.3271,-0.0229,-0.7824,0.1514,-0.3348,False,False,False,False,False,0,none,False,lower,,18,Thursday
2010-08-05 19:00:00,0.2854,0.3067,-0.0213,-0.9492,0.1543,-0.2427,False,False,False,False,False,0,none,False,lower,,19,Thursday
2010-08-05 20:00:00,0.3357,0.3553,-0.0196,-0.8876,0.155,-0.1413,False,False,False,False,False,0,none,False,lower,,20,Thursday
2010-08-05 21:00:00,0.2085,0.2389,-0.0303,-1.088,0.1428,-0.7668,False,False,False,False,False,0,none,False,lower,,21,Thursday
2010-08-05 22:00:00,0.3188,0.3402,-0.0214,-1.0819,0.1514,-0.2465,False,False,False,False,False,0,none,False,lower,,22,Thursday
2010-08-05 23:00:00,0.2904,0.3141,-0.0237,-0.9051,0.1653,-0.3819,False,False,False,False,False,0,none,False,lower,,23,Thursday
2010-08-06 00:00:00,0.2986,0.3087,-0.0101,-0.7279,0.1637,0.4103,False,False,False,False,False,0,none,False,lower,,0,Friday
2010-08-06 01:00:00,0.2807,0.2919,-0.0112,-0.7474,0.1624,0.3512,False,False,False,False,False,0,none,False,lower,,1,Friday
2010-08-06 02:00:00,0.2885,0.298,-0.0095,-0.6968,0.1652,0.4476,False,False,False,False,False,0,none,False,lower,,2,Friday
2010-08-06 03:00:00,1.2259,1.2434,-0.0175,2.4026,0.0748,-0.0171,False,False,False,True,True,0,none,False,higher,,3,Friday
2010-08-06 04:00:00,0.3069,0.3214,-0.0145,-0.7055,0.1083,0.1559,False,False,False,False,False,0,none,False,lower,,4,Friday
2010-08-06 05:00:00,0.2978,0.3158,-0.018,-0.7527,0.1618,-0.0469,False,False,False,False,False,0,none,False,lower,,5,Friday
2010-08-06 06:00:00,0.2818,0.2997,-0.0179,-0.7527,0.1566,-0.0401,False,False,False,False,False,0,none,False,lower,,6,Friday
2010-08-06 07:00:00,0.2632,0.2716,-0.0084,-0.975,0.1551,0.511,False,False,False,False,False,0,none,False,lower,,7,Friday
2010-08-06 08:00:00,0.275,0.3021,-0.0271,-0.8496,0.1513,-0.5764,False,False,False,False,False,0,none,False,lower,,8,Friday
2010-08-06 09:00:00,0.2968,0.3133,-0.0165,-0.7254,0.1543,0.0368,False,False,False,False,False,0,none,False,lower,,9,Friday
2010-08-06 10:00:00,0.2746,0.2956,-0.021,-0.8371,0.1531,-0.2218,False,False,False,False,False,0,none,False,lower,,10,Friday
2010-08-06 11:00:00,0.3009,0.3154,-0.0145,-0.6626,0.1555,0.154,False,False,False,False,False,0,none,False,lower,,11,Friday
2010-08-06 12:00:00,0.2164,0.2459,-0.0295,-0.8758,0.1427,-0.7186,False,False,False,False,False,0,none,False,lower,,12,Friday
2010-08-06 13:00:00,0.3241,0.3426,-0.0185,-0.7109,0.1519,-0.0752,False,False,False,False,False,0,none,False,lower,,13,Friday
2010-08-06 14:00:00,0.5979,0.6044,-0.0066,0.0176,0.1269,0.619,False,False,False,False,False,0,none,False,higher,,14,Friday
2010-08-06 15:00:00,0.9192,0.9487,-0.0294,0.648,0.1161,-0.7148,False,False,False,False,False,0,none,False,higher,,15,Friday
2010-08-06 16:00:00,0.267,0.296,-0.029,-1.0095,0.1209,-0.6866,False,False,False,False,False,0,none,False,lower,,16,Friday
2010-08-06 17:00:00,0.3033,0.3276,-0.0244,-0.8345,0.1564,-0.4195,False,False,False,False,False,0,none,False,lower,,17,Friday
2010-08-06 18:00:00,0.2873,0.3095,-0.0222,-0.8069,0.1483,-0.292,False,False,False,False,False,0,none,False,lower,,18,Friday
2010-08-06 19:00:00,0.2997,0.3195,-0.0198,-0.877,0.1535,-0.1555,False,False,False,False,False,0,none,False,lower,,19,Friday
2010-08-06 20:00:00,0.2709,0.2989,-0.028,-0.9965,0.1519,-0.6309,False,False,False,False,False,0,none,False,lower,,20,Friday
2010-08-06 21:00:00,0.2672,0.2909,-0.0237,-0.9218,0.1541,-0.3782,False,False,False,False,False,0,none,False,lower,,21,Friday
2010-08-06 22:00:00,0.3306,0.3523,-0.0217,-0.9913,0.1548,-0.2637,False,False,False,False,False,0,none,False,lower,,22,Friday
2010-08-06 23:00:00,0.2713,0.2961,-0.0248,-0.875,0.1616,-0.443,False,False,False,False,False,0,none,False,lower,,23,Friday
2010-08-07 00:00:00,0.2987,0.308,-0.0093,-0.6744,0.1092,0.4596,False,False,False,False,False,0,none,False,lower,,0,Saturday
2010-08-07 01:00:00,0.2338,0.2336,0.0001,-0.8266,0.1008,1.0099,False,False,False,False,False,0,none,False,lower,,1,Saturday
2010-08-07 02:00:00,0.9128,0.8988,0.014,1.4062,0.0559,1.815,False,False,False,False,False,0,none,False,higher,,2,Saturday
2010-08-07 03:00:00,0.6713,0.6968,-0.0255,0.464,0.0796,-0.4871,False,False,False,False,False,0,none,False,higher,,3,Saturday
2010-08-07 04:00:00,0.3227,0.3281,-0.0054,-0.6304,0.0992,0.6863,False,False,False,False,False,0,none,False,lower,,4,Saturday
2010-08-07 05:00:00,0.2813,0.2922,-0.0109,-0.7749,0.116,0.3638,False,False,False,False,False,0,none,False,lower,,5,Saturday
2010-08-07 06:00:00,0.2351,0.2465,-0.0114,-0.9035,0.1087,0.3389,False,False,False,False,False,0,none,False,lower,,6,Saturday
2010-08-07 07:00:00,0.306,0.314,-0.008,-0.7943,0.1106,0.5344,False,False,False,False,False,0,none,False,lower,,7,Saturday
2010-08-07 08:00:00,0.2949,0.3052,-0.0103,-0.7639,0.1118,0.4029,False,False,False,False,False,0,none,False,lower,,8,Saturday
2010-08-07 09:00:00,0.3062,0.312,-0.0058,-0.6788,0.1116,0.6635,False,False,False,False,False,0,none,False,lower,,9,Saturday
2010-08-07 10:00:00,0.2263,0.2434,-0.0171,-0.902,0.0959,0.0026,False,False,False,False,False,0,none,False,lower,,10,Saturday
2010-08-07 11:00:00,0.3065,0.323,-0.0165,-0.6275,0.1082,0.0372,False,False,False,False,False,0,none,False,lower,,11,Saturday
2010-08-07 12:00:00,0.2575,0.2714,-0.0139,-0.6859,0.0993,0.1907,False,False,False,False,False,0,none,False,lower,,12,Saturday
2010-08-07 13:00:00,0.3364,0.3537,-0.0173,-0.622,0.1046,-0.0053,False,False,False,False,False,0,none,False,lower,,13,Saturday
2010-08-07 14:00:00,0.8581,0.8521,0.0061,0.5601,0.0614,1.3558,False,False,False,False,False,0,none,False,higher,,14,Saturday
2010-08-07 15:00:00,0.6198,0.6605,-0.0407,-0.0731,0.0828,-1.3711,False,False,False,False,False,0,none,False,lower,,15,Saturday
2010-08-07 16:00:00,0.2899,0.3088,-0.0189,-0.8758,0.0914,-0.0991,False,False,False,False,False,0,none,False,lower,,16,Saturday
2010-08-07 17:00:00,0.2991,0.3166,-0.0175,-0.8143,0.1064,-0.0182,False,False,False,False,False,0,none,False,lower,,17,Saturday
2010-08-07 18:00:00,0.2804,0.2962,-0.0158,-0.7851,0.1005,0.0808,False,False,False,False,False,0,none,False,lower,,18,Saturday
2010-08-07 19:00:00,0.3394,0.364,-0.0246,-0.7601,0.1005,-0.4349,False,False,False,False,False,0,none,False,lower,,19,Saturday
2010-08-07 20:00:00,0.2285,0.2518,-0.0233,-1.023,0.0947,-0.3586,False,False,False,False,False,0,none,False,lower,,20,Saturday
2010-08-07 21:00:00,0.2993,0.3236,-0.0243,-0.8422,0.1038,-0.4157,False,False,False,False,False,0,none,False,lower,,21,Saturday
2010-08-07 22:00:00,0.3097,0.331,-0.0213,-0.9541,0.1069,-0.2419,False,False,False,False,False,0,none,False,lower,,22,Saturday
2010-08-07 23:00:00,0.2776,0.2989,-0.0213,-0.8166,0.1069,-0.2429,False,False,False,False,False,0,none,False,lower,,23,Saturday
2010-08-08 00:00:00,0.3173,0.3183,-0.0011,-0.6224,0.1091,0.9394,False,False,False,False,False,0,none,False,lower,,0,Sunday
2010-08-08 01:00:00,0.285,0.2955,-0.0105,-0.7063,0.1112,0.3873,False,False,False,False,False,0,none,False,lower,,1,Sunday
2010-08-08 02:00:00,1.1826,1.1721,0.0106,2.1696,0.0343,1.6174,False,False,False,False,False,0,none,False,higher,,2,Sunday
2010-08-08 03:00:00,0.32,0.3475,-0.0275,-0.5613,0.0727,-0.5997,False,False,False,False,False,0,none,False,lower,,3,Sunday
2010-08-08 04:00:00,0.3169,0.3315,-0.0146,-0.6396,0.1148,0.1493,False,False,False,False,False,0,none,False,lower,,4,Sunday
2010-08-08 05:00:00,0.2702,0.2818,-0.0117,-0.8079,0.1131,0.3206,False,False,False,False,False,0,none,False,lower,,5,Sunday
2010-08-08 06:00:00,0.3205,0.3314,-0.011,-0.5093,0.1147,0.3613,False,False,False,False,False,0,none,False,lower,,6,Sunday
2010-08-08 07:00:00,0.2682,0.2793,-0.0111,-0.8894,0.1109,0.3545,False,False,False,False,False,0,none,False,lower,,7,Sunday
2010-08-08 08:00:00,0.2649,0.2886,-0.0237,-0.8082,0.1104,-0.3793,False,False,False,False,False,0,none,False,lower,,8,Sunday
2010-08-08 09:00:00,0.2902,0.303,-0.0128,-0.6714,0.11,0.2578,False,False,False,False,False,0,none,False,lower,,9,Sunday
2010-08-08 10:00:00,0.3186,0.3358,-0.0171,-0.6065,0.1097,0.0029,False,False,False,False,False,0,none,False,lower,,10,Sunday
2010-08-08 11:00:00,0.2771,0.2897,-0.0126,-0.683,0.1094,0.2655,False,False,False,False,False,0,none,False,lower,,11,Sunday
2010-08-08 12:00:00,0.2422,0.2573,-0.015,-0.7121,0.0972,0.1255,False,False,False,False,False,0,none,False,lower,,12,Sunday
2010-08-08 13:00:00,0.5302,0.5321,-0.0019,0.0547,0.091,0.8904,False,False,False,False,False,0,none,False,higher,,13,Sunday
2010-08-08 14:00:00,1.0143,1.0527,-0.0384,1.2057,0.0601,-1.2375,False,False,False,False,False,0,none,False,higher,,14,Sunday
2010-08-08 15:00:00,0.3133,0.3285,-0.0152,-0.7624,0.0779,0.114,False,False,False,False,False,0,none,False,lower,,15,Sunday
2010-08-08 16:00:00,0.2301,0.2522,-0.0222,-1.0101,0.0936,-0.2906,False,False,False,False,False,0,none,False,lower,,16,Sunday
2010-08-08 17:00:00,0.293,0.3099,-0.0169,-0.7767,0.1026,0.0145,False,False,False,False,False,0,none,False,lower,,17,Sunday
2010-08-08 18:00:00,0.2939,0.3124,-0.0185,-0.7073,0.101,-0.0757,False,False,False,False,False,0,none,False,lower,,18,Sunday
2010-08-08 19:00:00,0.3342,0.3535,-0.0193,-0.7239,0.1033,-0.1223,False,False,False,False,False,0,none,False,lower,,19,Sunday
2010-08-08 20:00:00,0.2095,0.2303,-0.0208,-0.9938,0.0924,-0.2097,False,False,False,False,False,0,none,False,lower,,20,Sunday
2010-08-08 21:00:00,0.3331,0.3478,-0.0147,-0.7781,0.1019,0.147,False,False,False,False,False,0,none,False,lower,,21,Sunday
2010-08-08 22:00:00,0.2691,0.2959,-0.0268,-0.9814,0.101,-0.5595,False,False,False,False,False,0,none,False,lower,,22,Sunday
2010-08-08 23:00:00,0.3132,0.3369,-0.0236,-0.7709,0.1086,-0.3769,False,False,False,False,False,0,none,False,lower,,23,Sunday
2010-08-09 00:00:00,0.283,0.2986,-0.0157,-0.6721,0.1618,0.089,False,False,False,False,False,0,none,False,lower,,0,Monday
2010-08-09 01:00:00,0.8473,0.8355,0.0118,0.4151,0.1109,1.6869,False,False,False,False,False,0,none,False,higher,,1,Monday
2010-08-09 02:00:00,0.6602,0.6872,-0.027,0.3762,0.134,-0.5745,False,False,False,False,False,0,none,False,higher,,2,Monday
2010-08-09 03:00:00,0.3196,0.331,-0.0114,-0.5567,0.1501,0.3383,False,False,False,False,False,0,none,False,lower,,3,Monday
2010-08-09 04:00:00,0.2963,0.311,-0.0147,-0.7015,0.1626,0.1456,False,False,False,False,False,0,none,False,lower,,4,Monday
2010-08-09 05:00:00,0.2851,0.2963,-0.0111,-0.6954,0.161,0.3523,False,False,False,False,False,0,none,False,lower,,5,Monday
2010-08-09 06:00:00,0.3178,0.3327,-0.0149,-0.4692,0.154,0.1325,False,False,False,False,False,0,none,False,lower,,6,Monday
2010-08-09 07:00:00,0.2922,0.3107,-0.0185,-0.815,0.1585,-0.077,False,False,False,False,False,0,none,False,lower,,7,Monday
2010-08-09 08:00:00,0.2481,0.267,-0.0189,-0.818,0.1481,-0.101,False,False,False,False,False,0,none,False,lower,,8,Monday
2010-08-09 09:00:00,0.3048,0.3197,-0.0149,-0.6254,0.1538,0.1351,False,False,False,False,False,0,none,False,lower,,9,Monday
2010-08-09 10:00:00,0.2981,0.3163,-0.0182,-0.6222,0.1545,-0.0589,False,False,False,False,False,0,none,False,lower,,10,Monday
2010-08-09 11:00:00,0.2755,0.297,-0.0216,-0.6495,0.1546,-0.255,False,False,False,False,False,0,none,False,lower,,11,Monday
2010-08-09 12:00:00,0.333,0.3479,-0.0149,-0.3599,0.1541,0.1341,False,False,False,False,False,0,none,False,lower,,12,Monday
2010-08-09 13:00:00,1.0965,1.1117,-0.0152,2.0001,0.0981,0.1159,False,False,False,False,False,0,none,False,higher,,13,Monday
2010-08-09 14:00:00,0.3942,0.4265,-0.0322,-0.4186,0.1196,-0.8776,False,False,False,False,False,0,none,False,lower,,14,Monday
2010-08-09 15:00:00,0.2846,0.3053,-0.0207,-0.8072,0.1539,-0.2028,False,False,False,False,False,0,none,False,lower,,15,Monday
2010-08-09 16:00:00,0.3209,0.3397,-0.0189,-0.6548,0.1545,-0.0989,False,False,False,False,False,0,none,False,lower,,16,Monday
2010-08-09 17:00:00,0.2699,0.292,-0.0221,-0.8115,0.1548,-0.2861,False,False,False,False,False,0,none,False,lower,,17,Monday
2010-08-09 18:00:00,0.3022,0.3163,-0.014,-0.6222,0.1512,0.1835,False,False,False,False,False,0,none,False,lower,,18,Monday
2010-08-09 19:00:00,0.2678,0.2988,-0.031,-0.8847,0.1484,-0.8037,False,False,False,False,False,0,none,False,lower,,19,Monday
2010-08-09 20:00:00,0.3088,0.3345,-0.0257,-0.7287,0.1577,-0.4964,False,False,False,False,False,0,none,False,lower,,20,Monday
2010-08-09 21:00:00,0.3081,0.3273,-0.0192,-0.7753,0.1606,-0.1149,False,False,False,False,False,0,none,False,lower,,21,Monday
2010-08-09 22:00:00,0.3136,0.3362,-0.0226,-0.8549,0.1621,-0.3159,False,False,False,False,False,0,none,False,lower,,22,Monday
2010-08-09 23:00:00,0.2902,0.3094,-0.0192,-0.7453,0.1653,-0.1174,False,False,False,False,False,0,none,False,lower,,23,Monday
2010-08-10 00:00:00,0.3538,0.3502,0.0036,-0.5197,0.1544,1.2119,False,False,False,False,False,0,none,False,lower,,0,Tuesday
2010-08-10 01:00:00,1.249,1.2622,-0.0132,1.1759,0.0677,0.2339,False,False,False,False,True,0,none,False,higher,,1,Tuesday
2010-08-10 02:00:00,0.2904,0.3038,-0.0135,-0.7426,0.1164,0.216,False,False,False,False,False,0,none,False,lower,,2,Tuesday
2010-08-10 03:00:00,0.2619,0.2821,-0.0202,-0.7348,0.1601,-0.1743,False,False,False,False,False,0,none,False,lower,,3,Tuesday
2010-08-10 04:00:00,0.2945,0.3111,-0.0166,-0.6965,0.1621,0.0345,False,False,False,False,False,0,none,False,lower,,4,Tuesday
2010-08-10 05:00:00,0.3137,0.3284,-0.0147,-0.5488,0.1644,0.1447,False,False,False,False,False,0,none,False,lower,,5,Tuesday
2010-08-10 06:00:00,0.2842,0.3027,-0.0185,-0.5831,0.1558,-0.0758,False,False,False,False,False,0,none,False,lower,,6,Tuesday
2010-08-10 07:00:00,0.3332,0.3521,-0.0189,-0.6532,0.156,-0.1031,False,False,False,False,False,0,none,False,lower,,7,Tuesday
2010-08-10 08:00:00,0.258,0.2778,-0.0198,-0.7386,0.1502,-0.154,False,False,False,False,False,0,none,False,lower,,8,Tuesday
2010-08-10 09:00:00,0.339,0.3528,-0.0138,-0.531,0.151,0.1953,False,False,False,False,False,0,none,False,lower,,9,Tuesday
2010-08-10 10:00:00,0.2587,0.2785,-0.0197,-0.6896,0.1522,-0.1495,False,False,False,False,False,0,none,False,lower,,10,Tuesday
2010-08-10 11:00:00,0.2742,0.2999,-0.0257,-0.6136,0.1567,-0.4957,False,False,False,False,False,0,none,False,lower,,11,Tuesday
2010-08-10 12:00:00,0.4379,0.4418,-0.0039,0.0348,0.1423,0.7744,False,False,False,False,False,0,none,False,higher,,12,Tuesday
2010-08-10 13:00:00,1.1549,1.1779,-0.023,2.0055,0.0991,-0.3402,False,False,False,False,False,0,none,False,higher,,13,Tuesday
2010-08-10 14:00:00,0.2911,0.3151,-0.024,-0.6626,0.1235,-0.3973,False,False,False,False,False,0,none,False,lower,,14,Tuesday
2010-08-10 15:00:00,0.3004,0.3203,-0.0199,-0.7379,0.1628,-0.1613,False,False,False,False,False,0,none,False,lower,,15,Tuesday
2010-08-10 16:00:00,0.3249,0.344,-0.0191,-0.6366,0.1564,-0.1097,False,False,False,False,False,0,none,False,lower,,16,Tuesday
2010-08-10 17:00:00,0.2845,0.3068,-0.0223,-0.718,0.1602,-0.3004,False,False,False,False,False,0,none,False,lower,,17,Tuesday
2010-08-10 18:00:00,0.3223,0.3441,-0.0217,-0.4998,0.1537,-0.2658,False,False,False,False,False,0,none,False,lower,,18,Tuesday
2010-08-10 19:00:00,0.262,0.2752,-0.0131,-0.863,0.1487,0.2361,False,False,False,False,False,0,none,False,lower,,19,Tuesday
2010-08-10 20:00:00,0.2997,0.335,-0.0353,-0.6971,0.1601,-1.057,False,False,False,False,False,0,none,False,lower,,20,Tuesday
2010-08-10 21:00:00,0.2843,0.3054,-0.0211,-0.7615,0.1603,-0.2286,False,False,False,False,False,0,none,False,lower,,21,Tuesday
2010-08-10 22:00:00,0.3303,0.3536,-0.0233,-0.7718,0.1617,-0.3579,False,False,False,False,False,0,none,False,lower,,22,Tuesday
2010-08-10 23:00:00,0.2765,0.301,-0.0246,-0.7411,0.1641,-0.4306,False,False,False,False,False,0,none,False,lower,,23,Tuesday
2010-08-11 00:00:00,0.4366,0.4345,0.0022,-0.3926,0.1455,1.1288,False,False,False,False,False,0,none,False,lower,,0,Wednesday
2010-08-11 01:00:00,1.1349,1.154,-0.019,0.8758,0.0854,-0.1087,False,False,False,False,True,0,none,False,higher,,1,Wednesday
2010-08-11 02:00:00,0.3216,0.3364,-0.0148,-0.6437,0.1251,0.1371,False,False,False,False,False,0,none,False,lower,,2,Wednesday
2010-08-11 03:00:00,0.2758,0.2919,-0.0162,-0.6753,0.1645,0.0591,False,False,False,False,False,0,none,False,lower,,3,Wednesday
2010-08-11 04:00:00,0.327,0.3436,-0.0166,-0.5769,0.1619,0.0316,False,False,False,False,False,0,none,False,lower,,4,Wednesday
2010-08-11 05:00:00,0.2411,0.2616,-0.0204,-0.857,0.1508,-0.1903,False,False,False,False,False,0,none,False,lower,,5,Wednesday
2010-08-11 06:00:00,0.2839,0.3028,-0.0189,-0.564,0.1558,-0.1012,False,False,False,False,False,0,none,False,lower,,6,Wednesday
2010-08-11 07:00:00,0.3261,0.3427,-0.0166,-0.618,0.1583,0.0356,False,False,False,False,False,0,none,False,lower,,7,Wednesday
2010-08-11 08:00:00,0.2826,0.3057,-0.0231,-0.6391,0.1564,-0.3445,False,False,False,False,False,0,none,False,lower,,8,Wednesday
2010-08-11 09:00:00,0.3212,0.3373,-0.0161,-0.5181,0.1581,0.0633,False,False,False,False,False,0,none,False,lower,,9,Wednesday
2010-08-11 10:00:00,0.2798,0.3007,-0.0209,-0.5887,0.1574,-0.2194,False,False,False,False,False,0,none,False,lower,,10,Wednesday
2010-08-11 11:00:00,0.3235,0.348,-0.0245,-0.4342,0.1592,-0.426,False,False,False,False,False,0,none,False,lower,,11,Wednesday
2010-08-11 12:00:00,0.4844,0.4959,-0.0114,0.209,0.1381,0.3341,False,False,False,False,False,0,none,False,higher,,12,Wednesday
2010-08-11 13:00:00,1.0256,1.0554,-0.0299,1.7663,0.1109,-0.7392,False,False,False,False,False,0,none,False,higher,,13,Wednesday
2010-08-11 14:00:00,0.2878,0.3135,-0.0257,-0.6575,0.1286,-0.4993,False,False,False,False,False,0,none,False,lower,,14,Wednesday
2010-08-11 15:00:00,0.3008,0.3217,-0.021,-0.6809,0.1628,-0.2207,False,False,False,False,False,0,none,False,lower,,15,Wednesday
2010-08-11 16:00:00,0.2865,0.309,-0.0225,-0.7356,0.1561,-0.3119,False,False,False,False,False,0,none,False,lower,,16,Wednesday
2010-08-11 17:00:00,0.3285,0.3521,-0.0236,-0.5189,0.1608,-0.3752,False,False,False,False,False,0,none,False,lower,,17,Wednesday
2010-08-11 18:00:00,0.2832,0.3082,-0.025,-0.6087,0.15,-0.4559,False,False,False,False,False,0,none,False,lower,,18,Wednesday
2010-08-11 19:00:00,0.3189,0.334,-0.0151,-0.6578,0.1579,0.1215,False,False,False,False,False,0,none,False,lower,,19,Wednesday
2010-08-11 20:00:00,0.2577,0.2895,-0.0319,-0.7558,0.1502,-0.8556,False,False,False,False,False,0,none,False,lower,,20,Wednesday
2010-08-11 21:00:00,0.2955,0.3209,-0.0255,-0.6996,0.1614,-0.4835,False,False,False,False,False,0,none,False,lower,,21,Wednesday
2010-08-11 22:00:00,0.3142,0.3336,-0.0194,-0.7366,0.1626,-0.1313,False,False,False,False,False,0,none,False,lower,,22,Wednesday
2010-08-11 23:00:00,0.2963,0.3273,-0.0311,-0.686,0.1674,-0.8095,False,False,False,False,False,0,none,False,lower,,23,Wednesday
2010-08-12 00:00:00,0.6167,0.61,0.0067,-0.1165,0.1265,1.3928,False,False,False,False,False,0,none,False,lower,,0,Thursday
2010-08-12 01:00:00,0.9415,0.9686,-0.0271,0.4621,0.1107,-0.5805,False,False,False,False,False,0,none,False,higher,,1,Thursday
2010-08-12 02:00:00,0.2776,0.2931,-0.0154,-0.7535,0.1363,0.1014,False,False,False,False,False,0,none,False,lower,,2,Thursday
2010-08-12 03:00:00,0.2701,0.2908,-0.0207,-0.6809,0.1625,-0.2048,False,False,False,False,False,0,none,False,lower,,3,Thursday
2010-08-12 04:00:00,0.3089,0.3249,-0.016,-0.6242,0.1623,0.0688,False,False,False,False,False,0,none,False,lower,,4,Thursday
2010-08-12 05:00:00,0.2886,0.3074,-0.0188,-0.6163,0.1641,-0.0936,False,False,False,False,False,0,none,False,lower,,5,Thursday
2010-08-12 06:00:00,0.3115,0.3308,-0.0193,-0.413,0.1573,-0.122,False,False,False,False,False,0,none,False,lower,,6,Thursday
2010-08-12 07:00:00,0.2804,0.3012,-0.0208,-0.6937,0.1586,-0.2109,False,False,False,False,False,0,none,False,lower,,7,Thursday
2010-08-12 08:00:00,0.2599,0.2827,-0.0228,-0.6638,0.1527,-0.3287,False,False,False,False,False,0,none,False,lower,,8,Thursday
2010-08-12 09:00:00,0.3069,0.3298,-0.0229,-0.527,0.1557,-0.332,False,False,False,False,False,0,none,False,lower,,9,Thursday
2010-08-12 10:00:00,0.2762,0.2979,-0.0217,-0.5733,0.156,-0.2632,False,False,False,False,False,0,none,False,lower,,10,Thursday
2010-08-12 11:00:00,0.3204,0.342,-0.0216,-0.3888,0.1569,-0.2558,False,False,False,False,False,0,none,False,lower,,11,Thursday
2010-08-12 12:00:00,0.7539,0.757,-0.003,1.3581,0.119,0.824,False,False,False,False,False,0,none,False,higher,,12,Thursday
2010-08-12 13:00:00,0.7424,0.7844,-0.042,0.8696,0.1333,-1.445,False,False,False,False,False,0,none,False,higher,,13,Thursday
2010-08-12 14:00:00,0.2872,0.3095,-0.0223,-0.6367,0.1426,-0.2987,False,False,False,False,False,0,none,False,lower,,14,Thursday
2010-08-12 15:00:00,0.3151,0.3415,-0.0264,-0.5904,0.1602,-0.5389,False,False,False,False,False,0,none,False,lower,,15,Thursday
2010-08-12 16:00:00,0.2699,0.2952,-0.0253,-0.7541,0.1513,-0.4752,False,False,False,False,False,0,none,False,lower,,16,Thursday
2010-08-12 17:00:00,0.3038,0.3224,-0.0186,-0.5876,0.1599,-0.0817,False,False,False,False,False,0,none,False,lower,,17,Thursday
2010-08-12 18:00:00,0.2461,0.279,-0.0329,-0.7247,0.1416,-0.9188,False,False,False,False,False,0,none,False,lower,,18,Thursday
2010-08-12 19:00:00,0.311,0.3371,-0.0261,-0.6351,0.1513,-0.5207,False,False,False,False,False,0,none,False,lower,,19,Thursday
2010-08-12 20:00:00,0.3055,0.3295,-0.024,-0.5818,0.1576,-0.3981,False,False,False,False,False,0,none,False,lower,,20,Thursday
2010-08-12 21:00:00,0.3129,0.3392,-0.0263,-0.6457,0.1616,-0.5334,False,False,False,False,False,0,none,False,lower,,21,Thursday
2010-08-12 22:00:00,0.2614,0.2784,-0.0169,-0.8376,0.1538,0.0144,False,False,False,False,False,0,none,False,lower,,22,Thursday
2010-08-12 23:00:00,0.2604,0.2939,-0.0336,-0.7037,0.1593,-0.955,False,False,False,False,False,0,none,False,lower,,23,Thursday
2010-08-13 00:00:00,1.0249,1.019,0.0058,0.7251,0.0884,1.3414,False,False,False,False,False,0,none,False,higher,,0,Friday
2010-08-13 01:00:00,0.5478,0.5835,-0.0357,-0.2665,0.127,-1.0794,False,False,False,False,False,0,none,False,lower,,1,Friday
2010-08-13 02:00:00,0.3143,0.3295,-0.0152,-0.5915,0.1585,0.1159,False,False,False,False,False,0,none,False,lower,,2,Friday
2010-08-13 03:00:00,0.2271,0.2518,-0.0247,-0.7637,0.1522,-0.4383,False,False,False,False,False,0,none,False,lower,,3,Friday
2010-08-13 04:00:00,0.3107,0.3332,-0.0225,-0.5674,0.1545,-0.3111,False,False,False,False,False,0,none,False,lower,,4,Friday
2010-08-13 05:00:00,0.2627,0.2827,-0.0199,-0.6805,0.1563,-0.1614,False,False,False,False,False,0,none,False,lower,,5,Friday
2010-08-13 06:00:00,0.3305,0.3528,-0.0223,-0.2676,0.1501,-0.2959,False,False,False,False,False,0,none,False,lower,,6,Friday
2010-08-13 07:00:00,0.2692,0.2961,-0.0269,-0.6747,0.1545,-0.5677,False,False,False,False,False,0,none,False,lower,,7,Friday
2010-08-13 08:00:00,0.2538,0.2824,-0.0286,-0.628,0.1495,-0.6649,False,False,False,False,False,0,none,False,lower,,8,Friday
2010-08-13 09:00:00,0.3145,0.3378,-0.0233,-0.4822,0.1517,-0.3554,False,False,False,False,False,0,none,False,lower,,9,Friday
2010-08-13 10:00:00,0.276,0.3061,-0.0301,-0.5199,0.154,-0.7518,False,False,False,False,False,0,none,False,lower,,10,Friday
2010-08-13 11:00:00,0.3081,0.33,-0.0219,-0.3692,0.155,-0.2751,False,False,False,False,False,0,none,False,lower,,11,Friday
2010-08-13 12:00:00,1.1694,1.1706,-0.0012,2.8443,0.0885,0.933,False,False,False,False,False,0,none,False,higher,,12,Friday
2010-08-13 13:00:00,0.3408,0.3915,-0.0506,-0.6272,0.1173,-1.9512,False,False,False,False,False,0,none,False,lower,,13,Friday
2010-08-13 14:00:00,0.2553,0.281,-0.0256,-0.7021,0.1519,-0.4926,False,False,False,False,False,0,none,False,lower,,14,Friday
2010-08-13 15:00:00,0.3295,0.3508,-0.0213,-0.5443,0.153,-0.2422,False,False,False,False,False,0,none,False,lower,,15,Friday
2010-08-13 16:00:00,0.2618,0.2834,-0.0216,-0.7307,0.1479,-0.2574,False,False,False,False,False,0,none,False,lower,,16,Friday
2010-08-13 17:00:00,0.2516,0.2857,-0.0341,-0.7485,0.1504,-0.9878,False,False,False,False,False,0,none,False,lower,,17,Friday
2010-08-13 18:00:00,0.3005,0.3227,-0.0222,-0.4531,0.1468,-0.2941,False,False,False,False,False,0,none,False,lower,,18,Friday
2010-08-13 19:00:00,0.2965,0.3241,-0.0276,-0.6502,0.1527,-0.6072,False,False,False,False,False,0,none,False,lower,,19,Friday
2010-08-13 20:00:00,0.2919,0.3175,-0.0256,-0.5926,0.1549,-0.4898,False,False,False,False,False,0,none,False,lower,,20,Friday
2010-08-13 21:00:00,0.2528,0.2784,-0.0256,-0.7441,0.1505,-0.4906,False,False,False,False,False,0,none,False,lower,,21,Friday
2010-08-13 22:00:00,0.3019,0.3316,-0.0297,-0.7545,0.1567,-0.7275,False,False,False,False,False,0,none,False,lower,,22,Friday
2010-08-13 23:00:00,0.4131,0.4294,-0.0162,-0.4488,0.1485,0.056,False,False,False,False,False,0,none,False,lower,,23,Friday
2010-08-14 00:00:00,1.1578,1.1745,-0.0167,0.9402,0.0398,0.0285,False,False,False,False,False,0,none,False,higher,,0,Saturday
2010-08-14 01:00:00,0.2223,0.2337,-0.0114,-0.9014,0.0588,0.3391,False,False,False,False,False,0,none,False,lower,,1,Saturday
2010-08-14 02:00:00,0.2961,0.3053,-0.0092,-0.6375,0.1074,0.4645,False,False,False,False,False,0,none,False,lower,,2,Saturday
2010-08-14 03:00:00,0.283,0.2957,-0.0127,-0.5557,0.1151,0.2587,False,False,False,False,False,0,none,False,lower,,3,Saturday
2010-08-14 04:00:00,0.3174,0.3291,-0.0117,-0.5431,0.1129,0.3202,False,False,False,False,False,0,none,False,lower,,4,Saturday
2010-08-14 05:00:00,0.2003,0.218,-0.0177,-0.9613,0.0996,-0.0276,False,False,False,False,False,0,none,False,lower,,5,Saturday
2010-08-14 06:00:00,0.3201,0.3329,-0.0128,-0.312,0.1054,0.2547,False,False,False,False,False,0,none,False,lower,,6,Saturday
2010-08-14 07:00:00,0.2679,0.2862,-0.0183,-0.6768,0.1063,-0.0651,False,False,False,False,False,0,none,False,lower,,7,Saturday
2010-08-14 08:00:00,0.3123,0.327,-0.0147,-0.4185,0.1104,0.1443,False,False,False,False,False,0,none,False,lower,,8,Saturday
2010-08-14 09:00:00,0.2116,0.2267,-0.0151,-0.736,0.0963,0.1221,False,False,False,False,False,0,none,False,lower,,9,Saturday
2010-08-14 10:00:00,0.319,0.3393,-0.0202,-0.3585,0.0987,-0.1772,False,False,False,False,False,0,none,False,lower,,10,Saturday
2010-08-14 11:00:00,0.7287,0.7301,-0.0014,1.0589,0.0743,0.9185,False,False,False,False,False,0,none,False,higher,,11,Saturday
2010-08-14 12:00:00,0.7658,0.8024,-0.0366,1.0831,0.0769,-1.1305,False,False,False,False,False,0,none,False,higher,,12,Saturday
2010-08-14 13:00:00,0.2959,0.3158,-0.02,-0.75,0.0864,-0.1628,False,False,False,False,False,0,none,False,lower,,13,Saturday
2010-08-14 14:00:00,0.2793,0.2984,-0.0191,-0.5585,0.0971,-0.1099,False,False,False,False,False,0,none,False,lower,,14,Saturday
2010-08-14 15:00:00,0.2941,0.312,-0.0179,-0.6548,0.0987,-0.042,False,False,False,False,False,0,none,False,lower,,15,Saturday
2010-08-14 16:00:00,0.2379,0.2628,-0.0249,-0.7688,0.0955,-0.4478,False,False,False,False,False,0,none,False,lower,,16,Saturday
2010-08-14 17:00:00,0.2874,0.31,-0.0226,-0.6038,0.1019,-0.3153,False,False,False,False,False,0,none,False,lower,,17,Saturday
2010-08-14 18:00:00,0.2868,0.3061,-0.0193,-0.5109,0.0993,-0.1238,False,False,False,False,False,0,none,False,lower,,18,Saturday
2010-08-14 19:00:00,0.2719,0.2951,-0.0232,-0.7108,0.0999,-0.3489,False,False,False,False,False,0,none,False,lower,,19,Saturday
2010-08-14 20:00:00,0.2736,0.3013,-0.0277,-0.6396,0.1042,-0.6159,False,False,False,False,False,0,none,False,lower,,20,Saturday
2010-08-14 21:00:00,0.3038,0.3242,-0.0204,-0.5705,0.1022,-0.1865,False,False,False,False,False,0,none,False,lower,,21,Saturday
2010-08-14 22:00:00,0.2902,0.3123,-0.0221,-0.7229,0.0995,-0.2849,False,False,False,False,False,0,none,False,lower,,22,Saturday
2010-08-14 23:00:00,1.0144,1.0288,-0.0145,0.3803,0.0498,0.1578,False,False,False,False,False,0,none,False,higher,,23,Saturday
2010-08-15 00:00:00,0.4766,0.5026,-0.0261,-0.3004,0.0766,-0.519,False,False,False,False,False,0,none,False,lower,,0,Sunday
2010-08-15 01:00:00,0.3296,0.3396,-0.01,-0.6317,0.0982,0.4213,False,False,False,False,False,0,none,False,lower,,1,Sunday
2010-08-15 02:00:00,0.2583,0.2748,-0.0165,-0.7101,0.1053,0.0423,False,False,False,False,False,0,none,False,lower,,2,Sunday
2010-08-15 03:00:00,0.252,0.2678,-0.0158,-0.647,0.1067,0.082,False,False,False,False,False,0,none,False,lower,,3,Sunday
2010-08-15 04:00:00,0.2822,0.2986,-0.0163,-0.6529,0.1083,0.05,False,False,False,False,False,0,none,False,lower,,4,Sunday
2010-08-15 05:00:00,0.3091,0.3242,-0.0151,-0.4428,0.1115,0.1205,False,False,False,False,False,0,none,False,lower,,5,Sunday
2010-08-15 06:00:00,0.2649,0.2792,-0.0143,-0.5698,0.1091,0.1684,False,False,False,False,False,0,none,False,lower,,6,Sunday
2010-08-15 07:00:00,0.2644,0.2865,-0.022,-0.6803,0.1085,-0.2832,False,False,False,False,False,0,none,False,lower,,7,Sunday
2010-08-15 08:00:00,0.2803,0.3004,-0.0201,-0.4953,0.1068,-0.1727,False,False,False,False,False,0,none,False,lower,,8,Sunday
2010-08-15 09:00:00,0.294,0.3151,-0.0211,-0.4395,0.1046,-0.2274,False,False,False,False,False,0,none,False,lower,,9,Sunday
2010-08-15 10:00:00,0.3477,0.3504,-0.0027,-0.1902,0.1025,0.8448,False,False,False,False,False,0,none,False,lower,,10,Sunday
2010-08-15 11:00:00,1.2266,1.2594,-0.0328,2.658,0.0397,-0.9135,False,False,False,False,False,0,none,False,higher,,11,Sunday
2010-08-15 12:00:00,0.2901,0.317,-0.027,-0.5274,0.0601,-0.5703,False,False,False,False,False,0,none,False,lower,,12,Sunday
2010-08-15 13:00:00,0.3015,0.3135,-0.012,-0.7393,0.1054,0.3025,False,False,False,False,False,0,none,False,lower,,13,Sunday
2010-08-15 14:00:00,0.9983,1.0088,-0.0105,2.1627,0.0504,0.392,False,False,False,False,False,0,none,False,higher,,14,Sunday
2010-08-15 15:00:00,0.4085,0.4524,-0.0439,-0.1916,0.0865,-1.5589,False,False,False,False,False,0,none,False,lower,,15,Sunday
2010-08-15 16:00:00,1.8561,1.7791,0.077,4.6267,0.0068,5.4902,True,False,False,False,False,1,low,False,higher,rolling_z,16,Sunday
2010-08-15 17:00:00,1.9023,1.8823,0.02,5.3663,0.0483,2.1678,True,False,False,False,False,1,low,False,higher,rolling_z,17,Sunday
2010-08-15 18:00:00,2.1767,2.1881,-0.0114,7.2874,0.0339,0.3368,True,False,False,False,False,1,low,False,higher,rolling_z,18,Sunday
2010-08-15 19:00:00,0.9299,0.9366,-0.0068,1.0931,0.0651,0.6066,False,False,False,False,False,0,none,False,higher,,19,Sunday
2010-08-15 20:00:00,1.2045,1.2238,-0.0193,1.7723,0.1034,-0.1228,False,False,False,False,False,0,none,False,higher,,20,Sunday
2010-08-15 21:00:00,0.972,1.0099,-0.0379,1.039,0.1173,-1.2103,False,False,False,False,False,0,none,False,higher,,21,Sunday
2010-08-15 22:00:00,1.4499,1.472,-0.0221,1.6698,0.0951,-0.2881,False,False,False,False,False,0,none,False,higher,,22,Sunday
2010-08-15 23:00:00,0.5244,0.5896,-0.0652,-0.2968,0.112,-2.7967,False,False,False,False,False,0,none,False,lower,,23,Sunday
2010-08-16 00:00:00,0.2976,0.3353,-0.0376,-0.6206,0.1928,-1.1927,False,False,False,False,False,0,none,False,lower,,0,Monday
2010-08-16 01:00:00,0.3329,0.3648,-0.0318,-0.6185,0.2008,-0.8549,False,False,False,False,False,0,none,False,lower,,1,Monday
2010-08-16 02:00:00,0.2639,0.2983,-0.0344,-0.6792,0.1984,-1.0047,False,False,False,False,False,0,none,False,lower,,2,Monday
2010-08-16 03:00:00,0.3025,0.3527,-0.0503,-0.4509,0.1991,-1.9285,False,False,False,False,False,0,none,False,lower,,3,Monday
2010-08-16 04:00:00,0.3186,0.3551,-0.0366,-0.5475,0.2012,-1.1309,False,False,False,False,False,0,none,False,lower,,4,Monday
2010-08-16 05:00:00,0.3097,0.3482,-0.0385,-0.4386,0.2,-1.2414,False,False,False,False,False,0,none,False,lower,,5,Monday
2010-08-16 06:00:00,0.2612,0.3058,-0.0446,-0.5803,0.183,-1.5997,False,False,False,False,False,0,none,False,lower,,6,Monday
2010-08-16 07:00:00,0.9651,0.9734,-0.0083,1.4288,0.1585,0.5161,False,False,False,False,False,0,none,False,higher,,7,Monday
2010-08-16 08:00:00,1.5166,1.5292,-0.0126,2.8957,0.1544,0.266,False,False,False,False,False,0,none,False,higher,,8,Monday
2010-08-16 09:00:00,1.3763,1.398,-0.0217,3.122,0.1828,-0.2628,True,False,False,False,False,1,low,False,higher,rolling_z,9,Monday
2010-08-16 10:00:00,1.342,1.3755,-0.0335,3.3976,0.1877,-0.952,True,False,False,False,False,1,low,False,higher,rolling_z,10,Monday
2010-08-16 11:00:00,0.2498,0.2838,-0.034,-0.6365,0.1257,-0.9816,False,False,False,False,False,0,none,False,lower,,11,Monday
2010-08-16 12:00:00,0.4827,0.5079,-0.0252,0.0993,0.182,-0.4678,False,False,False,False,False,0,none,False,higher,,12,Monday
2010-08-16 13:00:00,0.7548,0.7603,-0.0055,0.9044,0.1898,0.6794,False,False,False,False,False,0,none,False,higher,,13,Monday
2010-08-16 14:00:00,0.8666,0.8653,0.0013,1.462,0.1929,1.0747,False,False,False,False,False,0,none,False,higher,,14,Monday
2010-08-16 15:00:00,0.3209,0.3492,-0.0283,-0.5803,0.1755,-0.6488,False,False,False,False,False,0,none,False,lower,,15,Monday
2010-08-16 16:00:00,0.8527,0.8632,-0.0104,0.8363,0.1743,0.3932,False,False,False,False,False,0,none,False,higher,,16,Monday
2010-08-16 17:00:00,0.6712,0.6952,-0.0239,0.4258,0.1944,-0.3928,False,False,False,False,False,0,none,False,higher,,17,Monday
2010-08-16 18:00:00,0.7438,0.7827,-0.0389,0.7165,0.1732,-1.2665,False,False,False,False,False,0,none,False,higher,,18,Monday
2010-08-16 19:00:00,1.0497,1.0972,-0.0474,1.5228,0.1618,-1.7646,False,False,False,False,False,0,none,False,higher,,19,Monday
2010-08-16 20:00:00,1.4753,1.4463,0.029,2.4303,0.1464,2.693,False,False,False,False,False,0,none,False,higher,,20,Monday
2010-08-16 21:00:00,1.2868,1.2958,-0.0089,1.8014,0.163,0.4815,False,False,False,False,False,0,none,False,higher,,21,Monday
2010-08-16 22:00:00,1.5522,1.5767,-0.0246,1.7904,0.1502,-0.4304,False,False,False,False,False,0,none,False,higher,,22,Monday
2010-08-16 23:00:00,1.2358,1.2684,-0.0326,0.7122,0.165,-0.9012,False,False,False,False,False,0,none,False,higher,,23,Monday
2010-08-17 00:00:00,1.0601,1.0464,0.0137,0.7344,0.1803,1.7977,False,False,False,False,False,0,none,False,higher,,0,Tuesday
2010-08-17 01:00:00,1.0796,1.0861,-0.0065,0.8332,0.1836,0.6244,False,False,False,False,False,0,none,False,higher,,1,Tuesday
2010-08-17 02:00:00,0.8247,0.8275,-0.0029,1.1908,0.1983,0.8352,False,False,False,False,True,0,none,False,higher,,2,Tuesday
2010-08-17 03:00:00,0.7447,0.761,-0.0163,0.9146,0.1969,0.051,False,False,False,False,True,0,none,False,higher,,3,Tuesday
2010-08-17 04:00:00,0.8128,0.8254,-0.0127,1.041,0.1925,0.2631,False,False,False,False,True,0,none,False,higher,,4,Tuesday
2010-08-17 05:00:00,0.8006,0.81,-0.0094,1.7723,0.1947,0.4507,False,False,False,False,True,0,none,False,higher,,5,Tuesday
2010-08-17 06:00:00,0.7531,0.7698,-0.0167,2.1697,0.1946,0.0281,False,False,False,False,False,0,none,False,higher,,6,Tuesday
2010-08-17 07:00:00,1.0799,1.0859,-0.006,1.6705,0.1824,0.6514,False,False,False,False,False,0,none,False,higher,,7,Tuesday
2010-08-17 08:00:00,1.141,1.1642,-0.0232,1.5391,0.188,-0.3538,False,False,False,False,False,0,none,False,higher,,8,Tuesday
2010-08-17 09:00:00,1.8965,1.8649,0.0316,4.0684,0.1347,2.8448,True,False,False,False,False,1,low,False,higher,rolling_z,9,Tuesday
2010-08-17 10:00:00,1.3446,1.3885,-0.0439,2.7621,0.1701,-1.5563,False,False,False,False,False,0,none,False,higher,,10,Tuesday
2010-08-17 11:00:00,0.7785,0.7868,-0.0083,0.9495,0.1808,0.5167,False,False,False,False,False,0,none,False,higher,,11,Tuesday
2010-08-17 12:00:00,0.2911,0.3006,-0.0095,-0.5582,0.164,0.4453,False,False,False,False,False,0,none,False,lower,,12,Tuesday
2010-08-17 13:00:00,0.4182,0.4764,-0.0582,-0.365,0.1871,-2.3904,False,False,False,False,False,0,none,False,lower,,13,Tuesday
2010-08-17 14:00:00,0.3372,0.3736,-0.0364,-0.4461,0.1847,-1.1212,False,False,False,False,False,0,none,False,lower,,14,Tuesday
2010-08-17 15:00:00,0.3582,0.3838,-0.0256,-0.3974,0.1955,-0.4901,False,False,False,False,False,0,none,False,lower,,15,Tuesday
2010-08-17 16:00:00,0.7672,0.8091,-0.0419,0.5751,0.182,-1.4388,False,False,False,False,False,0,none,False,higher,,16,Tuesday
2010-08-17 17:00:00,0.3181,0.347,-0.0289,-0.4768,0.1746,-0.6856,False,False,False,False,False,0,none,False,lower,,17,Tuesday
2010-08-17 18:00:00,0.2352,0.273,-0.0378,-0.5375,0.1706,-1.2026,False,False,False,False,False,0,none,False,lower,,18,Tuesday
2010-08-17 19:00:00,0.3628,0.3906,-0.0278,-0.4467,0.1901,-0.6163,False,False,False,False,False,0,none,False,lower,,19,Tuesday
2010-08-17 20:00:00,0.8699,0.8807,-0.0109,0.7394,0.1752,0.3678,False,False,False,False,False,0,none,False,higher,,20,Tuesday
2010-08-17 21:00:00,0.888,0.8855,0.0025,0.7378,0.1892,1.1457,False,False,False,False,False,0,none,False,higher,,21,Tuesday
2010-08-23 00:00:00,0.3833,0.4065,-0.0232,-0.4991,0.1899,-0.3519,False,False,False,False,False,0,none,False,lower,,0,Monday
2010-08-23 01:00:00,0.3359,0.3616,-0.0257,-0.6642,0.203,-0.4973,False,False,False,False,False,0,none,False,lower,,1,Monday
2010-08-23 02:00:00,0.3663,0.3915,-0.0252,-0.3685,0.2035,-0.4691,False,False,False,False,False,0,none,False,lower,,2,Monday
2010-08-23 03:00:00,0.7253,0.73,-0.0047,0.8455,0.1689,0.725,False,False,False,False,True,0,none,False,higher,,3,Monday
2010-08-23 04:00:00,0.7054,0.7423,-0.0369,0.633,0.1796,-1.1501,False,False,False,False,False,0,none,False,higher,,4,Monday
2010-08-23 05:00:00,0.3244,0.3514,-0.027,-0.4099,0.1758,-0.5729,False,False,False,False,False,0,none,False,lower,,5,Monday
2010-08-23 06:00:00,0.3664,0.3919,-0.0255,0.1229,0.1847,-0.4845,False,False,False,False,False,0,none,False,higher,,6,Monday
2010-08-23 07:00:00,1.3093,1.3126,-0.0034,2.1512,0.1282,0.8058,False,False,False,False,False,0,none,False,higher,,7,Monday
2010-08-23 08:00:00,1.4589,1.4591,-0.0002,2.1561,0.1538,0.9883,False,False,False,False,False,0,none,False,higher,,8,Monday
2010-08-23 09:00:00,0.6014,0.6418,-0.0404,0.1829,0.1468,-1.3547,False,False,False,False,False,0,none,False,higher,,9,Monday
2010-08-23 10:00:00,0.3687,0.3996,-0.0309,-0.2266,0.1757,-0.797,False,False,False,False,False,0,none,False,lower,,10,Monday
2010-08-23 11:00:00,0.34,0.3766,-0.0366,-0.3584,0.175,-1.1314,False,False,False,False,False,0,none,False,lower,,11,Monday
2010-08-23 12:00:00,0.3449,0.3775,-0.0326,-0.3758,0.1705,-0.9001,False,False,False,False,False,0,none,False,lower,,12,Monday
2010-08-23 13:00:00,0.3479,0.3824,-0.0344,-0.6312,0.1748,-1.0064,False,False,False,False,False,0,none,False,lower,,13,Monday
2010-08-23 14:00:00,0.3177,0.3392,-0.0215,-0.5168,0.1715,-0.2531,False,False,False,False,False,0,none,False,lower,,14,Monday
2010-08-23 15:00:00,0.3702,0.406,-0.0358,-0.3541,0.1777,-1.0853,False,False,False,False,False,0,none,False,lower,,15,Monday
2010-08-23 16:00:00,0.3078,0.3486,-0.0408,-0.6133,0.1676,-1.3752,False,False,False,False,False,0,none,False,lower,,16,Monday
2010-08-23 17:00:00,0.3748,0.4031,-0.0283,-0.3066,0.1731,-0.6479,False,False,False,False,False,0,none,False,lower,,17,Monday
2010-08-23 18:00:00,0.9787,1.008,-0.0293,1.5391,0.1229,-0.7094,False,False,False,False,False,0,none,False,higher,,18,Monday
2010-08-23 19:00:00,0.4583,0.4859,-0.0276,-0.1154,0.1508,-0.6064,False,False,False,False,False,0,none,False,lower,,19,Monday
2010-08-23 20:00:00,0.562,0.5762,-0.0142,0.108,0.1654,0.1738,False,False,False,False,False,0,none,False,higher,,20,Monday
2010-08-23 21:00:00,0.6539,0.6861,-0.0322,0.1983,0.1648,-0.8766,False,False,False,False,False,0,none,False,higher,,21,Monday
2010-08-23 22:00:00,0.4662,0.4944,-0.0282,-0.3525,0.1719,-0.641,False,False,False,False,False,0,none,False,lower,,22,Monday
2010-08-23 23:00:00,0.3279,0.3632,-0.0353,-0.5313,0.1727,-1.056,False,False,False,False,False,0,none,False,lower,,23,Monday
2010-08-24 00:00:00,0.3574,0.3768,-0.0194,-0.5177,0.1741,-0.129,False,False,False,False,False,0,none,False,lower,,0,Tuesday
2010-08-24 01:00:00,0.3172,0.3417,-0.0245,-0.6675,0.1726,-0.4272,False,False,False,False,False,0,none,False,lower,,1,Tuesday
2010-08-24 02:00:00,0.3533,0.3778,-0.0245,-0.415,0.1765,-0.4268,False,False,False,False,False,0,none,False,lower,,2,Tuesday
2010-08-24 03:00:00,0.3015,0.3346,-0.0331,-0.5001,0.1726,-0.9274,False,False,False,False,False,0,none,False,lower,,3,Tuesday
2010-08-24 04:00:00,0.3601,0.388,-0.0279,-0.4998,0.1673,-0.6272,False,False,False,False,False,0,none,False,lower,,4,Tuesday
2010-08-24 05:00:00,0.6707,0.6718,-0.0011,1.0682,0.1423,0.9378,False,False,False,False,True,0,none,False,higher,,5,Tuesday
2010-08-24 06:00:00,0.716,0.7584,-0.0424,2.5914,0.1449,-1.4711,False,False,False,False,False,0,none,False,higher,,6,Tuesday
2010-08-24 07:00:00,0.996,0.9987,-0.0027,1.1476,0.134,0.8468,False,False,False,False,False,0,none,False,higher,,7,Tuesday
2010-08-24 08:00:00,1.4222,1.4376,-0.0154,1.8847,0.1102,0.1043,False,False,False,False,False,0,none,False,higher,,8,Tuesday
2010-08-24 09:00:00,0.7737,0.8333,-0.0596,0.5535,0.1249,-2.4739,False,False,False,False,False,0,none,False,higher,,9,Tuesday
2010-08-24 10:00:00,0.346,0.3909,-0.0449,-0.2996,0.152,-1.6134,False,False,False,False,False,0,none,False,lower,,10,Tuesday
2010-08-24 11:00:00,0.3499,0.3938,-0.0439,-0.3298,0.1698,-1.5577,False,False,False,False,False,0,none,False,lower,,11,Tuesday
2010-08-24 12:00:00,0.3288,0.38,-0.0512,-0.4367,0.1702,-1.9825,False,False,False,False,False,0,none,False,lower,,12,Tuesday
2010-08-24 13:00:00,0.3661,0.4084,-0.0422,-0.515,0.1733,-1.4609,False,False,False,False,False,0,none,False,lower,,13,Tuesday
2010-08-24 14:00:00,0.3101,0.3631,-0.053,-0.4915,0.1682,-2.0867,False,False,False,False,False,0,none,False,lower,,14,Tuesday
2010-08-24 15:00:00,0.3254,0.3624,-0.037,-0.4951,0.1742,-1.155,False,False,False,False,False,0,none,False,lower,,15,Tuesday
2010-08-24 16:00:00,0.3031,0.3657,-0.0627,-0.5727,0.1659,-2.6513,False,False,False,False,False,0,none,False,lower,,16,Tuesday
2010-08-24 17:00:00,0.3684,0.4123,-0.0439,-0.2908,0.1718,-1.5586,False,False,False,False,False,0,none,False,lower,,17,Tuesday
2010-08-24 18:00:00,0.9464,0.9853,-0.0389,1.3344,0.1206,-1.2664,False,False,False,False,False,0,none,False,higher,,18,Tuesday
2010-08-24 19:00:00,0.3782,0.426,-0.0478,-0.3364,0.1456,-1.7847,False,False,False,False,False,0,none,False,lower,,19,Tuesday
2010-08-24 20:00:00,0.347,0.3945,-0.0475,-0.409,0.1657,-1.7695,False,False,False,False,False,0,none,False,lower,,20,Tuesday
2010-08-24 21:00:00,0.3744,0.4182,-0.0438,-0.4423,0.1688,-1.5519,False,False,False,False,False,0,none,False,lower,,21,Tuesday
2010-08-24 22:00:00,0.6837,0.716,-0.0323,0.0786,0.1413,-0.8834,False,False,False,False,False,0,none,False,higher,,22,Tuesday
2010-08-24 23:00:00,0.3535,0.4037,-0.0503,-0.4649,0.1598,-1.9288,False,False,False,False,False,0,none,False,lower,,23,Tuesday
2010-08-25 00:00:00,0.3427,0.382,-0.0393,-0.5506,0.1703,-1.2882,False,False,False,False,False,0,none,False,lower,,0,Wednesday
2010-08-25 01:00:00,0.3298,0.3751,-0.0453,-0.6218,0.1729,-1.6391,False,False,False,False,False,0,none,False,lower,,1,Wednesday
2010-08-25 02:00:00,0.3563,0.397,-0.0407,-0.3534,0.1739,-1.3739,False,False,False,False,False,0,none,False,lower,,2,Wednesday
2010-08-25 03:00:00,0.3104,0.3599,-0.0495,-0.4246,0.1719,-1.8838,False,False,False,False,False,0,none,False,lower,,3,Wednesday
2010-08-25 04:00:00,0.8391,0.8452,-0.0061,1.3221,0.1278,0.6448,False,False,False,False,True,0,none,False,higher,,4,Wednesday
2010-08-25 05:00:00,0.5518,0.6192,-0.0674,0.5134,0.1425,-2.9285,False,False,False,False,False,0,none,False,higher,,5,Wednesday
2010-08-25 06:00:00,0.3572,0.402,-0.0448,-0.0241,0.1534,-1.6122,False,False,False,False,False,0,none,False,lower,,6,Wednesday
2010-08-25 07:00:00,1.1821,1.1963,-0.0142,1.5355,0.1118,0.1764,False,False,False,False,False,0,none,False,higher,,7,Wednesday
2010-08-25 08:00:00,1.8391,1.8261,0.013,2.6385,0.0752,1.7605,False,False,False,False,False,0,none,False,higher,,8,Wednesday
2010-08-25 09:00:00,1.5417,1.55,-0.0083,2.253,0.1144,0.5186,False,False,False,False,False,0,none,False,higher,,9,Wednesday
2010-08-25 10:00:00,0.3368,0.3679,-0.0311,-0.3249,0.1157,-0.8128,False,False,False,False,False,0,none,False,lower,,10,Wednesday
2010-08-25 11:00:00,0.2714,0.2987,-0.0273,-0.5644,0.162,-0.5893,False,False,False,False,False,0,none,False,lower,,11,Wednesday
2010-08-25 12:00:00,0.3105,0.3528,-0.0423,-0.491,0.1676,-1.4663,False,False,False,False,False,0,none,False,lower,,12,Wednesday
2010-08-25 13:00:00,0.3194,0.3539,-0.0344,-0.6858,0.1732,-1.0053,False,False,False,False,False,0,none,False,lower,,13,Wednesday
2010-08-25 14:00:00,0.3118,0.3514,-0.0396,-0.4466,0.1717,-1.3046,False,False,False,False,False,0,none,False,lower,,14,Wednesday
2010-08-25 15:00:00,0.3368,0.373,-0.0362,-0.4401,0.1781,-1.111,False,False,False,False,False,0,none,False,lower,,15,Wednesday
2010-08-25 16:00:00,0.2395,0.2801,-0.0406,-0.7322,0.1617,-1.3653,False,False,False,False,False,0,none,False,lower,,16,Wednesday
2010-08-25 17:00:00,0.3452,0.3771,-0.0319,-0.352,0.1731,-0.8576,False,False,False,False,False,0,none,False,lower,,17,Wednesday
2010-08-25 18:00:00,0.9426,0.9796,-0.037,1.233,0.1247,-1.1579,False,False,False,False,False,0,none,False,higher,,18,Wednesday
2010-08-25 19:00:00,0.3535,0.3848,-0.0314,-0.4152,0.1466,-0.8275,False,False,False,False,False,0,none,False,lower,,19,Wednesday
2010-08-25 20:00:00,1.0539,1.0458,0.0081,1.5536,0.1285,1.4766,False,False,False,False,False,0,none,False,higher,,20,Wednesday
2010-08-25 21:00:00,1.5824,1.6258,-0.0434,2.3406,0.1254,-1.5257,False,False,False,False,False,0,none,False,higher,,21,Wednesday
2010-08-25 22:00:00,1.4607,1.4736,-0.0129,1.7271,0.1384,0.248,False,False,False,False,False,0,none,False,higher,,22,Wednesday
2010-08-25 23:00:00,0.8256,0.8803,-0.0547,0.357,0.1608,-2.1874,False,False,False,False,False,0,none,False,higher,,23,Wednesday
2010-08-26 00:00:00,0.5392,0.5582,-0.019,-0.0583,0.18,-0.1064,False,False,False,False,False,0,none,False,lower,,0,Thursday
2010-08-26 01:00:00,0.2716,0.3002,-0.0286,-0.7086,0.1812,-0.666,False,False,False,False,False,0,none,False,lower,,1,Thursday
2010-08-26 02:00:00,0.3238,0.3573,-0.0335,-0.456,0.1982,-0.9504,False,False,False,False,False,0,none,False,lower,,2,Thursday
2010-08-26 03:00:00,0.3173,0.3493,-0.0321,-0.3416,0.1963,-0.8675,False,False,False,False,False,0,none,False,lower,,3,Thursday
2010-08-26 04:00:00,0.3436,0.3744,-0.0308,-0.5144,0.1948,-0.7946,False,False,False,False,False,0,none,False,lower,,4,Thursday
2010-08-26 05:00:00,0.3034,0.3356,-0.0322,-0.5118,0.1905,-0.8772,False,False,False,False,False,0,none,False,lower,,5,Thursday
2010-08-26 06:00:00,0.3379,0.3747,-0.0368,-0.1467,0.1846,-1.1466,False,False,False,False,False,0,none,False,lower,,6,Thursday
2010-08-26 07:00:00,1.3136,1.3052,0.0084,1.7259,0.1234,1.4913,False,False,False,False,False,0,none,False,higher,,7,Thursday
2010-08-26 08:00:00,1.4059,1.4373,-0.0314,1.4826,0.145,-0.8261,False,False,False,False,False,0,none,False,higher,,8,Thursday
2010-08-26 09:00:00,0.7121,0.751,-0.0388,0.3614,0.1431,-1.2633,False,False,False,False,False,0,none,False,higher,,9,Thursday
2010-08-26 10:00:00,0.3294,0.3773,-0.0479,-0.3357,0.1616,-1.7914,False,False,False,False,False,0,none,False,lower,,10,Thursday
2010-08-26 11:00:00,0.332,0.3704,-0.0384,-0.3729,0.1751,-1.2377,False,False,False,False,False,0,none,False,lower,,11,Thursday
2010-08-26 12:00:00,0.5291,0.5547,-0.0256,0.2549,0.1691,-0.4895,False,False,False,False,False,0,none,False,higher,,12,Thursday
2010-08-26 13:00:00,0.3368,0.3786,-0.0418,-0.5687,0.1756,-1.4368,False,False,False,False,False,0,none,False,lower,,13,Thursday
2010-08-26 14:00:00,0.3382,0.3731,-0.0349,-0.3075,0.1781,-1.0303,False,False,False,False,False,0,none,False,lower,,14,Thursday
2010-08-26 15:00:00,0.326,0.3674,-0.0414,-0.4315,0.1824,-1.4127,False,False,False,False,False,0,none,False,lower,,15,Thursday
2010-08-26 16:00:00,0.3312,0.3692,-0.038,-0.4567,0.1788,-1.2136,False,False,False,False,False,0,none,False,lower,,16,Thursday
2010-08-26 17:00:00,0.3519,0.3915,-0.0395,-0.3323,0.1827,-1.3037,False,False,False,False,False,0,none,False,lower,,17,Thursday
2010-08-26 18:00:00,0.973,1.0128,-0.0398,1.2276,0.1335,-1.3196,False,False,False,False,False,0,none,False,higher,,18,Thursday
2010-08-26 19:00:00,0.4751,0.4989,-0.0238,0.1077,0.1599,-0.3886,False,False,False,False,False,0,none,False,higher,,19,Thursday
2010-08-26 20:00:00,0.3966,0.4462,-0.0497,-0.2485,0.1757,-1.8935,False,False,False,False,False,0,none,False,lower,,20,Thursday
2010-08-26 21:00:00,0.6557,0.6933,-0.0376,0.2474,0.1599,-1.1919,False,False,False,False,False,0,none,False,higher,,21,Thursday
2010-08-26 22:00:00,0.3233,0.3603,-0.037,-0.5843,0.1576,-1.154,False,False,False,False,False,0,none,False,lower,,22,Thursday
2010-08-26 23:00:00,1.0544,1.0478,0.0066,0.7139,0.1087,1.387,False,False,False,False,False,0,none,False,higher,,23,Thursday
2010-08-27 00:00:00,0.5064,0.5536,-0.0472,-0.1175,0.1495,-1.7519,False,False,False,False,False,0,none,False,lower,,0,Friday
2010-08-27 01:00:00,0.4092,0.4437,-0.0346,-0.3324,0.1721,-1.0135,False,False,False,False,False,0,none,False,lower,,1,Friday
2010-08-27 02:00:00,0.3347,0.3669,-0.0322,-0.3869,0.1758,-0.8752,False,False,False,False,False,0,none,False,lower,,2,Friday
2010-08-27 03:00:00,0.3498,0.3831,-0.0333,-0.188,0.1775,-0.9385,False,False,False,False,False,0,none,False,lower,,3,Friday
2010-08-27 04:00:00,1.1094,1.1324,-0.023,2.5441,0.1116,-0.3373,False,False,False,False,True,0,none,False,higher,,4,Friday
2010-08-27 05:00:00,0.3244,0.3615,-0.0371,-0.4091,0.1309,-1.1622,False,False,False,False,False,0,none,False,lower,,5,Friday
2010-08-27 06:00:00,0.3486,0.3857,-0.0371,-0.0675,0.1705,-1.1614,False,False,False,False,False,0,none,False,lower,,6,Friday
2010-08-27 07:00:00,0.5213,0.5528,-0.0314,-0.1857,0.1564,-0.83,False,False,False,False,False,0,none,False,lower,,7,Friday
2010-08-27 08:00:00,1.2256,1.2301,-0.0045,1.0498,0.1209,0.7385,False,False,False,False,False,0,none,False,higher,,8,Friday
2010-08-27 09:00:00,1.6963,1.7376,-0.0413,2.5104,0.104,-1.4054,False,False,False,False,False,0,none,False,higher,,9,Friday
2010-08-27 10:00:00,1.506,1.5204,-0.0145,3.0746,0.132,0.159,True,False,False,False,False,1,low,False,higher,rolling_z,10,Friday
2010-08-27 11:00:00,1.5641,1.5591,0.005,3.2777,0.1419,1.2917,True,False,False,False,False,1,low,False,higher,rolling_z,11,Friday
2010-08-27 12:00:00,2.1425,2.1204,0.0221,5.5742,0.0883,2.2897,True,False,False,False,False,1,low,False,higher,rolling_z,12,Friday
2010-08-27 13:00:00,1.7725,1.7559,0.0166,4.9079,0.1362,1.9676,True,False,False,False,False,1,low,False,higher,rolling_z,13,Friday
2010-08-27 14:00:00,2.9966,2.9055,0.0911,11.2914,0.0209,6.3111,True,False,True,True,True,2,medium,True,higher,"rolling_z,residual",14,Friday
2010-08-27 15:00:00,2.4771,2.4231,0.0541,9.3802,0.0876,4.153,True,False,False,False,False,1,low,False,higher,rolling_z,15,Friday
2010-08-27 16:00:00,0.7748,0.91,-0.1351,0.7089,0.1211,-6.8757,False,False,True,False,False,1,low,False,higher,residual,16,Friday
2010-08-27 17:00:00,1.7782,1.7314,0.0468,3.5407,0.1277,3.7297,True,False,False,False,False,1,low,False,higher,rolling_z,17,Friday
2010-08-27 18:00:00,2.8016,2.7215,0.0801,5.6514,0.0569,5.6734,True,False,False,False,True,1,low,False,higher,rolling_z,18,Friday
2010-08-27 19:00:00,3.0527,3.0164,0.0363,10.6664,0.0538,3.115,True,False,False,False,False,1,low,False,higher,rolling_z,19,Friday
2010-08-27 20:00:00,2.0805,2.0947,-0.0143,5.0427,0.0916,0.1696,True,False,False,False,False,1,low,False,higher,rolling_z,20,Friday
2010-08-27 21:00:00,2.3304,2.338,-0.0076,4.9789,0.0969,0.5601,True,False,False,False,False,1,low,False,higher,rolling_z,21,Friday
2010-08-27 22:00:00,1.1624,1.1925,-0.0301,1.1113,0.1012,-0.7556,False,False,False,False,False,0,none,False,higher,,22,Friday
2010-08-27 23:00:00,0.5791,0.6149,-0.0358,-0.0796,0.1268,-1.0857,False,False,False,False,False,0,none,False,lower,,23,Friday
2010-08-28 00:00:00,0.4565,0.4721,-0.0156,-0.1939,0.1041,0.0921,False,False,False,False,False,0,none,False,lower,,0,Saturday
2010-08-28 01:00:00,0.3438,0.3642,-0.0204,-0.4531,0.1026,-0.1898,False,False,False,False,False,0,none,False,lower,,1,Saturday
2010-08-28 02:00:00,0.3684,0.3908,-0.0224,-0.2435,0.1105,-0.3053,False,False,False,False,False,0,none,False,lower,,2,Saturday
2010-08-28 03:00:00,0.3543,0.3804,-0.026,-0.172,0.1139,-0.5157,False,False,False,False,False,0,none,False,lower,,3,Saturday
2010-08-28 04:00:00,0.3337,0.3603,-0.0266,-0.5894,0.1126,-0.5476,False,False,False,False,False,0,none,False,lower,,4,Saturday
2010-08-28 05:00:00,0.9637,0.9822,-0.0185,2.4157,0.0907,-0.0741,False,False,False,False,True,0,none,False,higher,,5,Saturday
2010-08-28 06:00:00,0.3224,0.3513,-0.0289,-0.1483,0.0783,-0.6814,False,False,False,False,False,0,none,False,lower,,6,Saturday
2010-08-28 07:00:00,0.3315,0.354,-0.0226,-0.5982,0.1013,-0.3141,False,False,False,False,False,0,none,False,lower,,7,Saturday
2010-08-28 08:00:00,0.4172,0.4728,-0.0556,-0.4462,0.1059,-2.2392,False,False,False,False,False,0,none,False,lower,,8,Saturday
2010-08-28 09:00:00,0.6422,0.6738,-0.0316,0.0679,0.1099,-0.8431,False,False,False,False,False,0,none,False,higher,,9,Saturday
2010-08-28 10:00:00,0.6089,0.6381,-0.0293,0.4496,0.1197,-0.7046,False,False,False,False,False,0,none,False,higher,,10,Saturday
2010-08-28 11:00:00,1.4583,1.4705,-0.0122,3.0658,0.0939,0.2897,True,False,False,False,False,1,low,False,higher,rolling_z,11,Saturday
2010-08-28 12:00:00,2.5922,2.5645,0.0278,5.4642,0.0347,2.6209,True,False,False,False,False,1,low,False,higher,rolling_z,12,Saturday
2010-08-28 13:00:00,2.349,2.3836,-0.0346,5.1894,0.0715,-1.0152,True,False,False,False,False,1,low,False,higher,rolling_z,13,Saturday
2010-08-28 14:00:00,2.0538,2.0525,0.0014,2.8739,0.0917,1.0812,False,False,False,False,False,0,none,False,higher,,14,Saturday
2010-08-28 15:00:00,2.0253,2.019,0.0063,3.4315,0.1051,1.3689,True,False,False,False,False,1,low,False,higher,rolling_z,15,Saturday
2010-08-28 16:00:00,2.0053,1.9546,0.0507,3.869,0.0977,3.9597,True,False,False,False,False,1,low,False,higher,rolling_z,16,Saturday
2010-08-28 17:00:00,1.7953,1.85,-0.0547,2.8735,0.1009,-2.1857,False,False,False,False,False,0,none,False,higher,,17,Saturday
2010-08-28 18:00:00,1.4537,1.4786,-0.0249,1.4709,0.1039,-0.4509,False,False,False,False,False,0,none,False,higher,,18,Saturday
2010-08-28 19:00:00,1.4209,1.4463,-0.0255,1.6599,0.1203,-0.4826,False,False,False,False,False,0,none,False,higher,,19,Saturday
2010-08-28 20:00:00,0.7807,0.8317,-0.051,0.5998,0.1174,-1.972,False,False,False,False,False,0,none,False,higher,,20,Saturday
2010-08-28 21:00:00,0.3334,0.3652,-0.0318,-0.4696,0.1166,-0.8523,False,False,False,False,False,0,none,False,lower,,21,Saturday
2010-08-28 22:00:00,0.3026,0.3418,-0.0392,-0.5812,0.1313,-1.2851,False,False,False,False,False,0,none,False,lower,,22,Saturday
2010-08-28 23:00:00,0.3344,0.3631,-0.0287,-0.4513,0.143,-0.6715,False,False,False,False,False,0,none,False,lower,,23,Saturday
2010-08-29 00:00:00,0.6911,0.6947,-0.0036,0.3837,0.137,0.7918,False,False,False,False,False,0,none,False,higher,,0,Sunday
2010-08-29 01:00:00,0.3606,0.38,-0.0194,-0.4127,0.1412,-0.1283,False,False,False,False,False,0,none,False,lower,,1,Sunday
2010-08-29 02:00:00,0.3186,0.3451,-0.0265,-0.4669,0.1538,-0.5417,False,False,False,False,False,0,none,False,lower,,2,Sunday
2010-08-29 03:00:00,0.36,0.3819,-0.0218,-0.1448,0.1574,-0.2717,False,False,False,False,False,0,none,False,lower,,3,Sunday
2010-08-29 04:00:00,0.2748,0.3002,-0.0254,-0.807,0.1434,-0.4808,False,False,False,False,False,0,none,False,lower,,4,Sunday
2010-08-29 05:00:00,1.1189,1.1512,-0.0324,2.7375,0.0999,-0.8859,False,False,False,False,True,0,none,False,higher,,5,Sunday
2010-08-29 06:00:00,0.2983,0.3322,-0.0339,-0.3711,0.1051,-0.975,False,False,False,False,False,0,none,False,lower,,6,Sunday
2010-08-29 07:00:00,0.3422,0.3725,-0.0303,-0.5734,0.1446,-0.7623,False,False,False,False,False,0,none,False,lower,,7,Sunday
2010-08-29 08:00:00,0.4917,0.5298,-0.0381,-0.2472,0.1406,-1.2171,False,False,False,False,False,0,none,False,lower,,8,Sunday
2010-08-29 09:00:00,0.3921,0.4335,-0.0414,-0.4515,0.1418,-1.4095,False,False,False,False,False,0,none,False,lower,,9,Sunday
2010-08-29 10:00:00,0.6475,0.6516,-0.0041,0.5764,0.1366,0.7616,False,False,False,False,False,0,none,False,higher,,10,Sunday
2010-08-29 11:00:00,1.5473,1.5699,-0.0226,2.9974,0.1004,-0.3137,False,False,False,False,False,0,none,False,higher,,11,Sunday
2010-08-29 12:00:00,2.5704,2.5348,0.0356,3.6284,0.034,3.0768,True,False,False,False,False,1,low,False,higher,rolling_z,12,Sunday
2010-08-29 13:00:00,2.1139,2.1516,-0.0377,3.1002,0.0729,-1.1958,True,False,False,False,False,1,low,False,higher,rolling_z,13,Sunday
2010-08-29 14:00:00,1.5021,1.535,-0.0328,1.5308,0.1097,-0.913,False,False,False,False,False,0,none,False,higher,,14,Sunday
2010-08-29 15:00:00,1.4194,1.4483,-0.029,1.6298,0.1268,-0.6866,False,False,False,False,False,0,none,False,higher,,15,Sunday
2010-08-29 16:00:00,0.3742,0.4248,-0.0506,-0.4293,0.1026,-1.9485,False,False,False,False,False,0,none,False,lower,,16,Sunday
2010-08-29 17:00:00,1.4338,1.4394,-0.0056,1.71,0.0824,0.6734,False,False,False,False,False,0,none,False,higher,,17,Sunday
2010-08-29 18:00:00,1.1072,1.0979,0.0093,0.798,0.1175,1.5432,False,False,False,False,False,0,none,False,higher,,18,Sunday
2010-08-29 19:00:00,1.7451,1.7744,-0.0293,2.085,0.0943,-0.7085,False,False,False,False,False,0,none,False,higher,,19,Sunday
2010-08-29 20:00:00,2.1989,2.1977,0.0013,3.7672,0.072,1.0757,True,False,False,False,False,1,low,False,higher,rolling_z,20,Sunday
2010-08-29 21:00:00,3.2345,3.2248,0.0097,5.4854,0.0027,1.5654,True,False,False,False,False,1,low,False,higher,rolling_z,21,Sunday
2010-08-29 22:00:00,2.316,2.3184,-0.0025,3.4141,0.049,0.8578,True,False,False,False,False,1,low,False,higher,rolling_z,22,Sunday
2010-08-29 23:00:00,0.9495,0.9951,-0.0457,1.0158,0.0836,-1.6611,False,False,False,False,False,0,none,False,higher,,23,Sunday
2010-08-30 00:00:00,0.5507,0.5705,-0.0198,0.1387,0.1833,-0.1505,False,False,False,False,False,0,none,False,higher,,0,Monday
2010-08-30 01:00:00,0.4832,0.5168,-0.0336,-0.0045,0.1951,-0.957,False,False,False,False,False,0,none,False,lower,,1,Monday
2010-08-30 02:00:00,0.3411,0.3723,-0.0312,-0.3137,0.1895,-0.8163,False,False,False,False,False,0,none,False,lower,,2,Monday
2010-08-30 03:00:00,0.2874,0.3237,-0.0363,-0.4745,0.1768,-1.1152,False,False,False,False,False,0,none,False,lower,,3,Monday
2010-08-30 04:00:00,0.2851,0.3198,-0.0347,-0.7665,0.1808,-1.0231,False,False,False,False,False,0,none,False,lower,,4,Monday
2010-08-30 05:00:00,0.2867,0.323,-0.0363,-0.6463,0.1797,-1.1148,False,False,False,False,False,0,none,False,lower,,5,Monday
2010-08-30 06:00:00,0.3368,0.3706,-0.0338,-0.0474,0.1772,-0.9702,False,False,False,False,False,0,none,False,lower,,6,Monday
2010-08-30 07:00:00,0.8906,0.9185,-0.0279,0.6814,0.1702,-0.6266,False,False,False,False,False,0,none,False,higher,,7,Monday
2010-08-30 08:00:00,1.4085,1.4337,-0.0252,1.4942,0.1669,-0.4661,False,False,False,False,False,0,none,False,higher,,8,Monday
2010-08-30 09:00:00,1.0479,1.0903,-0.0424,0.9424,0.1784,-1.4707,False,False,False,False,False,0,none,False,higher,,9,Monday
2010-08-30 10:00:00,0.8793,0.9029,-0.0236,1.2505,0.1739,-0.3749,False,False,False,False,False,0,none,False,higher,,10,Monday
2010-08-30 11:00:00,1.5097,1.523,-0.0133,2.4294,0.1566,0.2264,False,False,False,False,False,0,none,False,higher,,11,Monday
2010-08-30 12:00:00,1.7421,1.7372,0.005,1.6661,0.1665,1.2912,False,False,False,False,False,0,none,False,higher,,12,Monday
2010-08-30 13:00:00,2.2182,2.2074,0.0108,2.7585,0.1184,1.6327,False,False,False,False,False,0,none,False,higher,,13,Monday
2010-08-30 14:00:00,2.4171,2.3736,0.0436,2.8497,0.1113,3.5408,False,False,False,False,False,0,none,False,higher,,14,Monday
2010-08-30 15:00:00,1.8369,1.8548,-0.0179,2.3288,0.1319,-0.0416,False,False,False,False,False,0,none,False,higher,,15,Monday
2010-08-30 16:00:00,1.6936,1.7204,-0.0269,2.3549,0.1546,-0.5644,False,False,False,False,False,0,none,False,higher,,16,Monday
2010-08-30 17:00:00,0.3625,0.4104,-0.0479,-0.4917,0.0912,-1.7936,False,False,False,False,False,0,none,False,lower,,17,Monday
2010-08-30 18:00:00,0.3312,0.3634,-0.0322,-0.4963,0.1478,-0.8753,False,False,False,False,False,0,none,False,lower,,18,Monday
2010-08-30 19:00:00,1.1589,1.1736,-0.0147,0.9074,0.1452,0.1433,False,False,False,False,False,0,none,False,higher,,19,Monday
2010-08-30 20:00:00,0.8696,0.9038,-0.0341,0.5002,0.1761,-0.9893,False,False,False,False,False,0,none,False,higher,,20,Monday
2010-08-30 21:00:00,2.2422,2.2118,0.0305,2.29,0.0913,2.7783,False,False,False,False,False,0,none,False,higher,,21,Monday
2010-08-30 22:00:00,1.1638,1.2268,-0.063,1.0732,0.1488,-2.6738,False,False,False,False,False,0,none,False,higher,,22,Monday
2010-08-30 23:00:00,0.5701,0.6173,-0.0472,0.2498,0.1847,-1.7526,False,False,False,False,False,0,none,False,higher,,23,Monday
2010-08-31 00:00:00,0.4018,0.4371,-0.0354,-0.2534,0.2016,-1.0601,False,False,False,False,False,0,none,False,lower,,0,Tuesday
2010-08-31 01:00:00,0.3664,0.4018,-0.0354,-0.2841,0.2081,-1.0636,False,False,False,False,False,0,none,False,lower,,1,Tuesday
2010-08-31 02:00:00,0.3196,0.3562,-0.0365,-0.3622,0.209,-1.1276,False,False,False,False,False,0,none,False,lower,,2,Tuesday
2010-08-31 03:00:00,0.2955,0.3328,-0.0373,-0.4304,0.2014,-1.171,False,False,False,False,False,0,none,False,lower,,3,Tuesday
2010-08-31 04:00:00,1.0354,1.0662,-0.0308,1.9382,0.1581,-0.7938,False,False,False,False,True,0,none,False,higher,,4,Tuesday
2010-08-31 05:00:00,0.3288,0.3671,-0.0383,-0.4922,0.1623,-1.2316,False,False,False,False,False,0,none,False,lower,,5,Tuesday
2010-08-31 06:00:00,0.2446,0.2838,-0.0392,-0.7987,0.1708,-1.2819,False,False,False,False,False,0,none,False,lower,,6,Tuesday
2010-08-31 07:00:00,0.5892,0.6215,-0.0323,0.0472,0.1787,-0.8808,False,False,False,False,False,0,none,False,higher,,7,Tuesday
2010-08-31 08:00:00,1.5328,1.5518,-0.0191,1.7117,0.1492,-0.1108,False,False,False,False,False,0,none,False,higher,,8,Tuesday
2010-08-31 09:00:00,1.4824,1.5166,-0.0342,1.8836,0.187,-0.9939,False,False,False,False,False,0,none,False,higher,,9,Tuesday
2010-08-31 10:00:00,1.1666,1.1559,0.0107,1.9628,0.1863,1.6246,False,False,False,False,False,0,none,False,higher,,10,Tuesday
2010-08-31 11:00:00,1.5807,1.6014,-0.0208,2.2803,0.1743,-0.2088,False,False,False,False,False,0,none,False,higher,,11,Tuesday
2010-08-31 12:00:00,1.2885,1.3166,-0.0282,0.883,0.1834,-0.6414,False,False,False,False,False,0,none,False,higher,,12,Tuesday
2010-08-31 13:00:00,1.0536,1.079,-0.0254,0.5434,0.1962,-0.4797,False,False,False,False,False,0,none,False,higher,,13,Tuesday
2010-08-31 14:00:00,0.8699,0.9394,-0.0695,0.2599,0.194,-3.0484,False,False,False,False,False,0,none,False,higher,,14,Tuesday
2010-08-31 15:00:00,0.613,0.6494,-0.0364,-0.0152,0.1966,-1.1206,False,False,False,False,False,0,none,False,lower,,15,Tuesday
2010-08-31 16:00:00,0.7542,0.7755,-0.0213,0.2427,0.1954,-0.2404,False,False,False,False,False,0,none,False,higher,,16,Tuesday
2010-08-31 17:00:00,1.4517,1.4856,-0.0339,1.5945,0.1577,-0.9728,False,False,False,False,False,0,none,False,higher,,17,Tuesday
2010-08-31 18:00:00,1.7887,1.888,-0.0993,1.8418,0.1467,-4.785,False,False,False,False,False,0,none,False,higher,,18,Tuesday
2010-08-31 19:00:00,1.3791,1.4754,-0.0963,1.2184,0.1624,-4.6118,False,False,False,False,False,0,none,False,higher,,19,Tuesday
2010-08-31 20:00:00,1.8194,1.8178,0.0016,2.2403,0.1532,1.0949,False,False,False,False,False,0,none,False,higher,,20,Tuesday
2010-08-31 21:00:00,1.1396,1.1841,-0.0445,0.5811,0.1664,-1.5956,False,False,False,False,False,0,none,False,higher,,21,Tuesday
2010-08-31 22:00:00,0.688,0.731,-0.043,0.1848,0.1875,-1.5048,False,False,False,False,False,0,none,False,higher,,22,Tuesday
2010-08-31 23:00:00,0.5623,0.5825,-0.0202,0.3758,0.2033,-0.1756,False,False,False,False,False,0,none,False,higher,,23,Tuesday
2010-09-01 00:00:00,0.3771,0.4015,-0.0244,-0.3666,0.2059,-0.4201,False,False,False,False,False,0,none,False,lower,,0,Wednesday
2010-09-01 01:00:00,0.2891,0.3068,-0.0177,-0.5497,0.1998,-0.031,False,False,False,False,False,0,none,False,lower,,1,Wednesday
2010-09-01 02:00:00,0.3402,0.3562,-0.0161,-0.273,0.2102,0.0646,False,False,False,False,False,0,none,False,lower,,2,Wednesday
2010-09-01 03:00:00,0.3021,0.3178,-0.0156,-0.3948,0.2039,0.0907,False,False,False,False,False,0,none,False,lower,,3,Wednesday
2010-09-01 04:00:00,0.8032,0.8316,-0.0284,0.9557,0.1771,-0.6548,False,False,False,False,True,0,none,False,higher,,4,Wednesday
2010-09-01 05:00:00,0.3105,0.3283,-0.0177,-0.5587,0.1765,-0.0319,False,False,False,False,False,0,none,False,lower,,5,Wednesday
2010-09-01 06:00:00,0.4614,0.4842,-0.0228,1.0516,0.19,-0.3277,False,False,False,False,False,0,none,False,higher,,6,Wednesday
2010-09-01 07:00:00,0.984,0.9916,-0.0076,1.1544,0.1809,0.5612,False,False,False,False,False,0,none,False,higher,,7,Wednesday
2010-09-01 08:00:00,1.4571,1.4685,-0.0114,1.4238,0.1742,0.3367,False,False,False,False,False,0,none,False,higher,,8,Wednesday
2010-09-01 09:00:00,0.8424,0.8773,-0.035,0.4347,0.1755,-1.0371,False,False,False,False,False,0,none,False,higher,,9,Wednesday
2010-09-01 10:00:00,1.9099,1.8788,0.0311,3.7178,0.1182,2.8164,True,False,False,False,False,1,low,False,higher,rolling_z,10,Wednesday
2010-09-01 11:00:00,2.1177,2.0628,0.0549,3.1098,0.1268,4.2035,True,False,False,False,False,1,low,False,higher,rolling_z,11,Wednesday
2010-09-01 12:00:00,1.6747,1.6835,-0.0088,1.3675,0.1597,0.4881,False,False,False,False,False,0,none,False,higher,,12,Wednesday
2010-09-01 13:00:00,1.6333,1.6153,0.018,1.4076,0.1789,2.0538,False,False,False,False,False,0,none,False,higher,,13,Wednesday
2010-09-01 14:00:00,1.7136,1.7613,-0.0477,1.4137,0.1687,-1.7791,False,False,False,False,False,0,none,False,higher,,14,Wednesday
2010-09-01 15:00:00,1.4292,1.4311,-0.0019,1.3505,0.1743,0.8903,False,False,False,False,False,0,none,False,higher,,15,Wednesday
2010-09-01 16:00:00,1.3892,1.4053,-0.0161,1.4565,0.179,0.0628,False,False,False,False,False,0,none,False,higher,,16,Wednesday
2010-09-01 17:00:00,1.4856,1.4936,-0.008,1.5257,0.1753,0.5364,False,False,False,False,False,0,none,False,higher,,17,Wednesday
2010-09-01 18:00:00,0.5392,0.5854,-0.0462,-0.2262,0.1465,-1.6922,False,False,False,False,False,0,none,False,lower,,18,Wednesday
2010-09-01 19:00:00,0.5494,0.5565,-0.0071,-0.1303,0.1889,0.5889,False,False,False,False,False,0,none,False,lower,,19,Wednesday
2010-09-01 20:00:00,1.8614,1.7878,0.0736,2.0554,0.1172,5.2934,False,False,False,False,False,0,none,False,higher,,20,Wednesday
2010-09-01 21:00:00,2.5369,2.5218,0.0151,2.3654,0.0887,1.8841,False,False,False,False,False,0,none,False,higher,,21,Wednesday
2010-09-01 22:00:00,1.1801,1.1853,-0.0051,1.0915,0.1272,0.7018,False,False,False,False,False,0,none,False,higher,,22,Wednesday
2010-09-01 23:00:00,0.3677,0.398,-0.0303,-0.3414,0.1625,-0.7644,False,False,False,False,False,0,none,False,lower,,23,Wednesday
2010-09-02 00:00:00,0.3331,0.3504,-0.0173,-0.5615,0.1903,-0.0072,False,False,False,False,False,0,none,False,lower,,0,Thursday
2010-09-02 01:00:00,0.3055,0.3205,-0.015,-0.4903,0.1867,0.1281,False,False,False,False,False,0,none,False,lower,,1,Thursday
2010-09-02 02:00:00,0.3466,0.3624,-0.0158,-0.2526,0.201,0.0824,False,False,False,False,False,0,none,False,lower,,2,Thursday
2010-09-02 03:00:00,0.2548,0.2761,-0.0213,-0.6074,0.1789,-0.2377,False,False,False,False,False,0,none,False,lower,,3,Thursday
2010-09-02 04:00:00,0.3398,0.3573,-0.0174,-0.685,0.1952,-0.0154,False,False,False,False,False,0,none,False,lower,,4,Thursday
2010-09-02 05:00:00,0.3009,0.32,-0.0191,-0.5928,0.187,-0.1108,False,False,False,False,False,0,none,False,lower,,5,Thursday
2010-09-02 06:00:00,1.0379,1.049,-0.0111,5.7935,0.1569,0.3523,True,False,False,False,False,1,low,False,higher,rolling_z,6,Thursday
2010-09-02 07:00:00,0.7744,0.7771,-0.0027,0.6304,0.1798,0.8459,False,False,False,False,False,0,none,False,higher,,7,Thursday
2010-09-02 08:00:00,1.5999,1.6044,-0.0044,1.5697,0.1506,0.7439,False,False,False,False,False,0,none,False,higher,,8,Thursday
2010-09-02 09:00:00,1.6337,1.6423,-0.0086,1.9742,0.1778,0.4998,False,False,False,False,False,0,none,False,higher,,9,Thursday
2010-09-02 10:00:00,1.7061,1.7037,0.0024,2.4934,0.173,1.1436,False,False,False,False,False,0,none,False,higher,,10,Thursday
2010-09-02 11:00:00,1.6545,1.6551,-0.0006,1.7647,0.1776,0.9679,False,False,False,False,False,0,none,False,higher,,11,Thursday
2010-09-02 12:00:00,1.5188,1.5329,-0.0141,1.0525,0.1824,0.1774,False,False,False,False,False,0,none,False,higher,,12,Thursday
2010-09-02 13:00:00,1.36,1.379,-0.019,0.8843,0.1844,-0.1085,False,False,False,False,False,0,none,False,higher,,13,Thursday
2010-09-02 14:00:00,1.4055,1.4074,-0.0019,0.8865,0.1837,0.8918,False,False,False,False,False,0,none,False,higher,,14,Thursday
2010-09-02 15:00:00,0.8876,0.9343,-0.0466,0.3538,0.1819,-1.7166,False,False,False,False,False,0,none,False,higher,,15,Thursday
2010-09-02 16:00:00,0.3391,0.3678,-0.0287,-0.6533,0.1722,-0.6711,False,False,False,False,False,0,none,False,lower,,16,Thursday
2010-09-02 17:00:00,0.4942,0.5067,-0.0125,-0.3265,0.1947,0.2741,False,False,False,False,False,0,none,False,lower,,17,Thursday
2010-09-02 18:00:00,0.7262,0.7411,-0.015,0.0457,0.1882,0.1283,False,False,False,False,False,0,none,False,higher,,18,Thursday
2010-09-02 19:00:00,0.6809,0.6832,-0.0023,0.0633,0.1966,0.8683,False,False,False,False,False,0,none,False,higher,,19,Thursday
2010-09-02 20:00:00,2.4065,2.3518,0.0547,2.7164,0.0602,4.1879,False,False,False,False,False,0,none,False,higher,,20,Thursday
2010-09-02 21:00:00,1.5888,1.5888,0.0,0.94,0.143,1.0031,False,False,False,False,False,0,none,False,higher,,21,Thursday
2010-09-02 22:00:00,0.9164,0.93,-0.0135,0.5283,0.1757,0.2127,False,False,False,False,False,0,none,False,higher,,22,Thursday
2010-09-02 23:00:00,0.5969,0.6276,-0.0308,0.4559,0.197,-0.7921,False,False,False,False,False,0,none,False,higher,,23,Thursday
2010-09-03 00:00:00,0.3902,0.4089,-0.0188,-0.3277,0.2044,-0.093,False,False,False,False,False,0,none,False,lower,,0,Friday
2010-09-03 01:00:00,0.345,0.3545,-0.0095,-0.3586,0.2077,0.4479,False,False,False,False,False,0,none,False,lower,,1,Friday
2010-09-03 02:00:00,0.3455,0.3599,-0.0144,-0.2645,0.211,0.1628,False,False,False,False,False,0,none,False,lower,,2,Friday
2010-09-03 03:00:00,0.4543,0.4613,-0.007,0.2969,0.2006,0.592,False,False,False,False,False,0,none,False,higher,,3,Friday
2010-09-03 04:00:00,0.6939,0.6841,0.0098,0.5413,0.1881,1.572,False,False,False,False,False,0,none,False,higher,,4,Friday
2010-09-03 05:00:00,0.9556,0.9729,-0.0173,1.982,0.1838,-0.0043,False,False,False,False,True,0,none,False,higher,,5,Friday
2010-09-03 06:00:00,0.9328,0.9395,-0.0067,3.1769,0.1898,0.6113,True,False,False,False,False,1,low,False,higher,rolling_z,6,Friday
2010-09-03 07:00:00,1.1415,1.1436,-0.0022,1.5796,0.1804,0.8756,False,False,False,False,False,0,none,False,higher,,7,Friday
2010-09-03 08:00:00,1.5048,1.5212,-0.0164,1.2789,0.1748,0.0447,False,False,False,False,False,0,none,False,higher,,8,Friday
2010-09-03 09:00:00,1.4632,1.4746,-0.0114,1.4566,0.1876,0.3373,False,False,False,False,False,0,none,False,higher,,9,Friday
2010-09-03 10:00:00,1.3639,1.3839,-0.0199,1.4986,0.1891,-0.161,False,False,False,False,False,0,none,False,higher,,10,Friday
2010-09-03 11:00:00,1.4092,1.4169,-0.0077,1.1907,0.1889,0.5534,False,False,False,False,False,0,none,False,higher,,11,Friday
2010-09-03 12:00:00,1.6445,1.6413,0.0032,1.1512,0.1739,1.1883,False,False,False,False,False,0,none,False,higher,,12,Friday
2010-09-03 13:00:00,0.7314,0.7777,-0.0463,-0.1287,0.1633,-1.6994,False,False,False,False,False,0,none,False,lower,,13,Friday
2010-09-03 14:00:00,0.3552,0.3931,-0.0379,-0.5958,0.1785,-1.2071,False,False,False,False,False,0,none,False,lower,,14,Friday
2010-09-03 15:00:00,0.4102,0.441,-0.0307,-0.4727,0.1985,-0.7906,False,False,False,False,False,0,none,False,lower,,15,Friday
2010-09-03 16:00:00,0.3091,0.3394,-0.0303,-0.6815,0.1858,-0.763,False,False,False,False,False,0,none,False,lower,,16,Friday
2010-09-03 17:00:00,0.344,0.3745,-0.0305,-0.5735,0.194,-0.7782,False,False,False,False,False,0,none,False,lower,,17,Friday
2010-09-03 18:00:00,0.3648,0.3845,-0.0197,-0.5335,0.1906,-0.145,False,False,False,False,False,0,none,False,lower,,18,Friday
2010-09-03 19:00:00,0.531,0.5459,-0.0149,-0.1951,0.1932,0.1336,False,False,False,False,False,0,none,False,lower,,19,Friday
2010-09-03 20:00:00,2.3059,2.2578,0.048,2.184,0.0583,3.8019,False,False,False,False,False,0,none,False,higher,,20,Friday
2010-09-03 21:00:00,1.8044,1.8137,-0.0092,1.1345,0.1379,0.4638,False,False,False,False,False,0,none,False,higher,,21,Friday
2010-09-03 22:00:00,1.677,1.667,0.0101,1.9064,0.1601,1.5884,False,False,False,False,False,0,none,False,higher,,22,Friday
2010-09-03 23:00:00,0.9628,0.9877,-0.0249,1.7173,0.1768,-0.4525,False,False,False,False,False,0,none,False,higher,,23,Friday
2010-09-04 00:00:00,0.4687,0.4815,-0.0128,-0.0124,0.1321,0.2527,False,False,False,False,False,0,none,False,lower,,0,Saturday
2010-09-04 01:00:00,0.3333,0.3463,-0.013,-0.4053,0.1467,0.2432,False,False,False,False,False,0,none,False,lower,,1,Saturday
2010-09-04 02:00:00,0.2753,0.2829,-0.0077,-0.5874,0.1494,0.5542,False,False,False,False,False,0,none,False,lower,,2,Saturday
2010-09-04 03:00:00,0.3138,0.3286,-0.0148,-0.3673,0.1533,0.1374,False,False,False,False,False,0,none,False,lower,,3,Saturday
2010-09-04 04:00:00,1.063,1.0692,-0.0062,1.7747,0.1001,0.639,False,False,False,False,True,0,none,False,higher,,4,Saturday
2010-09-04 05:00:00,0.3229,0.3382,-0.0153,-0.4556,0.1131,0.1068,False,False,False,False,False,0,none,False,lower,,5,Saturday
2010-09-04 06:00:00,0.6717,0.6596,0.0121,1.3645,0.1372,1.7084,False,False,False,False,False,0,none,False,higher,,6,Saturday
2010-09-04 07:00:00,1.957,1.9583,-0.0012,3.5902,0.0536,0.93,True,False,False,False,False,1,low,False,higher,rolling_z,7,Saturday
2010-09-04 08:00:00,1.446,1.4558,-0.0098,1.0871,0.1082,0.4298,False,False,False,False,False,0,none,False,higher,,8,Saturday
2010-09-04 09:00:00,0.779,0.8141,-0.0351,0.0889,0.1211,-1.0459,False,False,False,False,False,0,none,False,higher,,9,Saturday
2010-09-04 10:00:00,0.9024,0.8823,0.0201,0.4994,0.1397,2.1709,False,False,False,False,False,0,none,False,higher,,10,Saturday
2010-09-04 11:00:00,1.6402,1.669,-0.0287,1.4921,0.1019,-0.6745,False,False,False,False,False,0,none,False,higher,,11,Saturday
2010-09-04 12:00:00,1.3256,1.3785,-0.053,0.6454,0.1127,-2.0854,False,False,False,False,False,0,none,False,higher,,12,Saturday
2010-09-04 13:00:00,1.1752,1.1471,0.0281,0.5281,0.1281,2.637,False,False,False,False,False,0,none,False,higher,,13,Saturday
2010-09-04 14:00:00,2.1476,2.1776,-0.03,1.8337,0.068,-0.7499,False,False,False,False,False,0,none,False,higher,,14,Saturday
2010-09-04 15:00:00,1.7487,1.7616,-0.0129,1.7544,0.1118,0.2489,False,False,False,False,False,0,none,False,higher,,15,Saturday
2010-09-04 16:00:00,0.7705,0.7649,0.0055,0.2108,0.1089,1.3243,False,False,False,False,False,0,none,False,higher,,16,Saturday
2010-09-04 17:00:00,0.5642,0.6132,-0.049,-0.1358,0.1358,-1.8526,False,False,False,False,False,0,none,False,lower,,17,Saturday
2010-09-04 18:00:00,1.6102,1.588,0.0222,1.3806,0.0844,2.2986,False,False,False,False,False,0,none,False,higher,,18,Saturday
2010-09-04 19:00:00,1.6162,1.6136,0.0027,1.5333,0.1218,1.1568,False,False,False,False,False,0,none,False,higher,,19,Saturday
2010-09-04 20:00:00,2.2788,2.2695,0.0094,1.9058,0.0788,1.548,False,False,False,False,False,0,none,False,higher,,20,Saturday
2010-09-04 21:00:00,2.519,2.5225,-0.0036,1.8954,0.064,0.7929,False,False,False,False,False,0,none,False,higher,,21,Saturday
2010-09-04 22:00:00,2.1734,2.203,-0.0297,2.5978,0.0802,-0.7271,False,False,False,False,False,0,none,False,higher,,22,Saturday
2010-09-04 23:00:00,0.9615,0.9846,-0.0231,1.5624,0.0894,-0.3466,False,False,False,False,False,0,none,False,higher,,23,Saturday
2010-09-05 00:00:00,0.5581,0.5865,-0.0284,0.3396,0.1176,-0.6556,False,False,False,False,False,0,none,False,higher,,0,Sunday
2010-09-05 01:00:00,0.483,0.4746,0.0084,0.0886,0.133,1.491,False,False,False,False,False,0,none,False,higher,,1,Sunday
2010-09-05 02:00:00,0.5433,0.5617,-0.0184,0.6431,0.1367,-0.0711,False,False,False,False,False,0,none,False,higher,,2,Sunday
2010-09-05 03:00:00,0.3478,0.3596,-0.0118,-0.2201,0.1268,0.3117,False,False,False,False,False,0,none,False,lower,,3,Sunday
2010-09-05 04:00:00,0.308,0.3301,-0.0221,-0.7685,0.1316,-0.284,False,False,False,False,False,0,none,False,lower,,4,Sunday
2010-09-05 05:00:00,0.3382,0.3532,-0.0149,-0.3394,0.1352,0.1317,False,False,False,False,False,0,none,False,lower,,5,Sunday
2010-09-05 06:00:00,0.2695,0.2843,-0.0147,-0.6148,0.1186,0.1424,False,False,False,False,False,0,none,False,lower,,6,Sunday
2010-09-05 07:00:00,0.31,0.3375,-0.0276,-0.7421,0.1314,-0.6048,False,False,False,False,False,0,none,False,lower,,7,Sunday
2010-09-05 08:00:00,1.3496,1.3597,-0.0101,0.8504,0.0883,0.411,False,False,False,False,False,0,none,False,higher,,8,Sunday
2010-09-05 09:00:00,0.432,0.4537,-0.0218,-0.5837,0.1035,-0.2666,False,False,False,False,False,0,none,False,lower,,9,Sunday
2010-09-05 10:00:00,1.256,1.2672,-0.0112,1.1375,0.0948,0.3494,False,False,False,False,False,0,none,False,higher,,10,Sunday
2010-09-05 11:00:00,1.6126,1.6296,-0.017,1.3298,0.1206,0.011,False,False,False,False,False,0,none,False,higher,,11,Sunday
2010-09-05 12:00:00,0.9832,1.0168,-0.0336,0.1393,0.1229,-0.9585,False,False,False,False,False,0,none,False,higher,,12,Sunday
2010-09-05 13:00:00,0.7989,0.8132,-0.0143,-0.0958,0.1377,0.1696,False,False,False,False,False,0,none,False,lower,,13,Sunday
2010-09-05 14:00:00,1.2335,1.2356,-0.0022,0.4793,0.1194,0.8757,False,False,False,False,False,0,none,False,higher,,14,Sunday
2010-09-05 15:00:00,2.2218,2.1981,0.0237,2.3531,0.0657,2.3826,False,False,False,False,False,0,none,False,higher,,15,Sunday
2010-09-05 16:00:00,1.0086,1.0749,-0.0663,0.6554,0.0965,-2.864,False,False,False,False,False,0,none,False,higher,,16,Sunday
2010-09-05 17:00:00,0.5999,0.676,-0.0761,-0.0595,0.1278,-3.4345,False,False,False,False,False,0,none,False,lower,,17,Sunday
2010-09-05 18:00:00,0.8549,0.8662,-0.0113,0.1422,0.1325,0.3434,False,False,False,False,False,0,none,False,higher,,18,Sunday
2010-09-05 19:00:00,1.3829,1.4152,-0.0323,1.048,0.1137,-0.8829,False,False,False,False,False,0,none,False,higher,,19,Sunday
2010-09-05 20:00:00,1.0964,1.1032,-0.0068,0.2135,0.1343,0.6027,False,False,False,False,False,0,none,False,higher,,20,Sunday
2010-09-05 21:00:00,2.119,2.1122,0.0068,1.2675,0.0668,1.3974,False,False,False,False,False,0,none,False,higher,,21,Sunday
2010-09-05 22:00:00,1.5342,1.5752,-0.0409,1.2258,0.1067,-1.3857,False,False,False,False,False,0,none,False,higher,,22,Sunday
2010-09-05 23:00:00,0.4088,0.4475,-0.0387,-0.3878,0.1035,-1.2535,False,False,False,False,False,0,none,False,lower,,23,Sunday
2010-09-06 00:00:00,0.3615,0.3806,-0.0191,-0.5291,0.2084,-0.1118,False,False,False,False,False,0,none,False,lower,,0,Monday
2010-09-06 01:00:00,0.3339,0.352,-0.0181,-0.4436,0.2086,-0.0543,False,False,False,False,False,0,none,False,lower,,1,Monday
2010-09-06 02:00:00,0.3426,0.3563,-0.0138,-0.3068,0.2129,0.1984,False,False,False,False,False,0,none,False,lower,,2,Monday
2010-09-06 03:00:00,0.2824,0.3059,-0.0235,-0.5273,0.2035,-0.3666,False,False,False,False,False,0,none,False,lower,,3,Monday
2010-09-06 04:00:00,0.351,0.37,-0.019,-0.5711,0.2057,-0.1055,False,False,False,False,False,0,none,False,lower,,4,Monday
2010-09-06 05:00:00,0.2231,0.2492,-0.0261,-0.7738,0.1852,-0.5178,False,False,False,False,False,0,none,False,lower,,5,Monday
2010-09-06 06:00:00,1.5419,1.5095,0.0325,5.3231,0.1167,2.8949,True,False,False,False,False,1,low,False,higher,rolling_z,6,Monday
2010-09-06 07:00:00,1.8616,1.8509,0.0107,2.6658,0.1494,1.6266,False,False,False,False,False,0,none,False,higher,,7,Monday
2010-09-06 08:00:00,1.5826,1.586,-0.0034,1.1821,0.1719,0.8045,False,False,False,False,False,0,none,False,higher,,8,Monday
2010-09-06 09:00:00,1.4338,1.4341,-0.0003,1.2733,0.1875,0.9869,False,False,False,False,False,0,none,False,higher,,9,Monday
2010-09-06 10:00:00,0.5484,0.5913,-0.0429,-0.2756,0.1578,-1.4986,False,False,False,False,False,0,none,False,lower,,10,Monday
2010-09-06 11:00:00,0.3156,0.3403,-0.0247,-0.821,0.1742,-0.4357,False,False,False,False,False,0,none,False,lower,,11,Monday
2010-09-06 12:00:00,1.2418,1.2141,0.0277,0.4602,0.1493,2.6173,False,False,False,False,False,0,none,False,higher,,12,Monday
2010-09-06 13:00:00,1.3418,1.3488,-0.007,0.7275,0.1906,0.5932,False,False,False,False,False,0,none,False,higher,,13,Monday
2010-09-06 14:00:00,0.3654,0.3989,-0.0335,-0.6867,0.1497,-0.9505,False,False,False,False,False,0,none,False,lower,,14,Monday
2010-09-06 15:00:00,0.9582,0.964,-0.0058,0.2139,0.1748,0.6613,False,False,False,False,False,0,none,False,higher,,15,Monday
2010-09-06 16:00:00,1.4072,1.4287,-0.0214,1.4609,0.1718,-0.2473,False,False,False,False,False,0,none,False,higher,,16,Monday
2010-09-06 17:00:00,2.4977,2.4068,0.0908,3.3824,0.075,6.2962,True,False,True,False,True,2,medium,True,higher,"rolling_z,residual",17,Monday
2010-09-06 18:00:00,0.8907,0.9424,-0.0517,0.1703,0.1152,-2.0134,False,False,False,False,False,0,none,False,higher,,18,Monday
2010-09-06 19:00:00,1.2747,1.2891,-0.0143,0.8137,0.1723,0.1658,False,False,False,False,False,0,none,False,higher,,19,Monday
2010-09-06 20:00:00,1.1889,1.1988,-0.0099,0.3016,0.1824,0.4252,False,False,False,False,False,0,none,False,higher,,20,Monday
2010-09-06 21:00:00,1.7182,1.7032,0.015,0.7351,0.155,1.8743,False,False,False,False,False,0,none,False,higher,,21,Monday
2010-09-06 22:00:00,1.2335,1.2476,-0.0141,0.6649,0.177,0.1822,False,False,False,False,False,0,none,False,higher,,22,Monday
2010-09-06 23:00:00,0.4181,0.4493,-0.0312,-0.3745,0.1709,-0.8189,False,False,False,False,False,0,none,False,lower,,23,Monday
2010-09-07 00:00:00,0.6621,0.6528,0.0092,0.7445,0.1934,1.5395,False,False,False,False,False,0,none,False,higher,,0,Tuesday
2010-09-07 01:00:00,0.6508,0.6831,-0.0322,0.6297,0.2057,-0.8779,False,False,False,False,False,0,none,False,higher,,1,Tuesday
2010-09-07 02:00:00,0.2722,0.2933,-0.0211,-0.6279,0.1876,-0.2283,False,False,False,False,False,0,none,False,lower,,2,Tuesday
2010-09-07 03:00:00,0.3153,0.3352,-0.02,-0.368,0.2022,-0.1624,False,False,False,False,False,0,none,False,lower,,3,Tuesday
2010-09-07 04:00:00,0.305,0.3305,-0.0255,-0.6819,0.2035,-0.4842,False,False,False,False,False,0,none,False,lower,,4,Tuesday
2010-09-07 05:00:00,0.3269,0.3487,-0.0219,-0.3363,0.2022,-0.2734,False,False,False,False,False,0,none,False,lower,,5,Tuesday
2010-09-07 06:00:00,0.6378,0.6404,-0.0026,0.6387,0.1812,0.8504,False,False,False,False,False,0,none,False,higher,,6,Tuesday
2010-09-07 07:00:00,1.8521,1.8534,-0.0012,2.2772,0.1212,0.9297,False,False,False,False,False,0,none,False,higher,,7,Tuesday
2010-09-07 08:00:00,1.4305,1.4505,-0.0199,0.8459,0.1702,-0.16,False,False,False,False,False,0,none,False,higher,,8,Tuesday
2010-09-07 09:00:00,1.432,1.4419,-0.0099,1.1781,0.1889,0.4262,False,False,False,False,False,0,none,False,higher,,9,Tuesday
2010-09-07 10:00:00,0.615,0.6495,-0.0344,-0.1695,0.162,-1.0062,False,False,False,False,False,0,none,False,lower,,10,Tuesday
2010-09-07 11:00:00,1.0951,1.0864,0.0087,0.4131,0.1808,1.5072,False,False,False,False,False,0,none,False,higher,,11,Tuesday
2010-09-07 12:00:00,0.4865,0.5473,-0.0609,-0.6155,0.1729,-2.5464,False,False,False,False,False,0,none,False,lower,,12,Tuesday
2010-09-07 13:00:00,0.4364,0.4719,-0.0356,-0.7477,0.1941,-1.071,False,False,False,False,False,0,none,False,lower,,13,Tuesday
2010-09-07 14:00:00,0.3362,0.3716,-0.0354,-0.7299,0.1838,-1.065,False,False,False,False,False,0,none,False,lower,,14,Tuesday
2010-09-07 15:00:00,0.3363,0.3607,-0.0243,-0.7189,0.195,-0.4175,False,False,False,False,False,0,none,False,lower,,15,Tuesday
2010-09-07 16:00:00,0.9365,0.9667,-0.0302,0.5127,0.1709,-0.7566,False,False,False,False,False,0,none,False,higher,,16,Tuesday
2010-09-07 17:00:00,0.3335,0.3629,-0.0294,-0.5911,0.1698,-0.7153,False,False,False,False,False,0,none,False,lower,,17,Tuesday
2010-09-07 18:00:00,1.0713,1.0613,0.01,0.4158,0.1454,1.5849,False,False,False,False,False,0,none,False,higher,,18,Tuesday
2010-09-07 19:00:00,2.7609,2.6956,0.0654,3.0285,0.0213,4.8132,True,False,False,False,False,1,low,False,higher,rolling_z,19,Tuesday
2010-09-07 20:00:00,2.1508,2.149,0.0018,1.5177,0.1056,1.1085,False,False,False,False,False,0,none,False,higher,,20,Tuesday
2010-09-07 21:00:00,2.2494,2.2524,-0.0029,1.2693,0.1155,0.8309,False,False,False,False,False,0,none,False,higher,,21,Tuesday
2010-09-07 22:00:00,2.4008,2.3926,0.0082,2.4621,0.1012,1.4772,False,False,False,False,False,0,none,False,higher,,22,Tuesday
2010-09-07 23:00:00,1.1041,1.1164,-0.0122,1.9113,0.1371,0.2875,False,False,False,False,False,0,none,False,higher,,23,Tuesday
2010-09-08 00:00:00,0.366,0.3862,-0.0202,-0.5727,0.1728,-0.178,False,False,False,False,False,0,none,False,lower,,0,Wednesday
2010-09-08 01:00:00,0.3498,0.3598,-0.01,-0.4463,0.2086,0.4186,False,False,False,False,False,0,none,False,lower,,1,Wednesday
2010-09-08 02:00:00,0.4579,0.4767,-0.0188,0.2232,0.2072,-0.094,False,False,False,False,False,0,none,False,higher,,2,Wednesday
2010-09-08 03:00:00,0.3013,0.3253,-0.024,-0.3828,0.1981,-0.3968,False,False,False,False,False,0,none,False,lower,,3,Wednesday
2010-09-08 04:00:00,0.346,0.3653,-0.0193,-0.478,0.207,-0.1217,False,False,False,False,False,0,none,False,lower,,4,Wednesday
2010-09-08 05:00:00,0.3224,0.3428,-0.0204,-0.3561,0.2019,-0.185,False,False,False,False,False,0,none,False,lower,,5,Wednesday
2010-09-08 06:00:00,0.7884,0.7719,0.0165,1.0909,0.1796,1.9641,False,False,False,False,False,0,none,False,higher,,6,Wednesday
2010-09-08 07:00:00,1.9181,1.9181,-0.0,2.1377,0.1229,0.9997,False,False,False,False,False,0,none,False,higher,,7,Wednesday
2010-09-08 08:00:00,1.6187,1.6236,-0.0049,1.1019,0.1674,0.7172,False,False,False,False,False,0,none,False,higher,,8,Wednesday
2010-09-08 09:00:00,1.4468,1.4687,-0.0218,1.122,0.1846,-0.2706,False,False,False,False,False,0,none,False,higher,,9,Wednesday
2010-09-08 10:00:00,0.4639,0.5049,-0.041,-0.4871,0.1479,-1.3907,False,False,False,False,False,0,none,False,lower,,10,Wednesday
2010-09-08 11:00:00,0.3372,0.3473,-0.0101,-0.8425,0.1802,0.4147,False,False,False,False,False,0,none,False,lower,,11,Wednesday
2010-09-08 12:00:00,0.6728,0.6944,-0.0217,-0.375,0.1784,-0.2619,False,False,False,False,False,0,none,False,lower,,12,Wednesday
2010-09-08 13:00:00,0.4571,0.4944,-0.0372,-0.7263,0.1893,-1.1701,False,False,False,False,False,0,none,False,lower,,13,Wednesday
2010-09-08 14:00:00,0.5007,0.5376,-0.0369,-0.5186,0.1931,-1.1499,False,False,False,False,False,0,none,False,lower,,14,Wednesday
2010-09-08 15:00:00,0.4572,0.4796,-0.0224,-0.5041,0.1999,-0.3052,False,False,False,False,False,0,none,False,lower,,15,Wednesday
2010-09-08 16:00:00,0.5627,0.615,-0.0523,-0.2088,0.1956,-2.0463,False,False,False,False,False,0,none,False,lower,,16,Wednesday
2010-09-08 17:00:00,0.9294,0.9195,0.0099,0.3271,0.1869,1.5765,False,False,False,False,False,0,none,False,higher,,17,Wednesday
2010-09-08 18:00:00,1.634,1.6493,-0.0152,1.2439,0.1425,0.1134,False,False,False,False,False,0,none,False,higher,,18,Wednesday
2010-09-08 19:00:00,0.7245,0.7591,-0.0346,-0.1902,0.158,-1.0165,False,False,False,False,False,0,none,False,lower,,19,Wednesday
2010-09-08 20:00:00,1.853,1.7577,0.0953,1.0197,0.1202,6.555,False,False,True,False,False,1,low,False,higher,residual,20,Wednesday
2010-09-08 21:00:00,2.8006,2.7831,0.0175,1.7833,0.0483,2.0226,False,False,False,False,False,0,none,False,higher,,21,Wednesday
2010-09-08 22:00:00,1.4298,1.4638,-0.034,0.7431,0.112,-0.9796,False,False,False,False,False,0,none,False,higher,,22,Wednesday
2010-09-08 23:00:00,0.9917,1.0183,-0.0266,1.3703,0.186,-0.5467,False,False,False,False,False,0,none,False,higher,,23,Wednesday
2010-09-09 00:00:00,0.905,0.9082,-0.0033,1.7328,0.2002,0.8111,False,False,False,False,False,0,none,False,higher,,0,Thursday
2010-09-09 01:00:00,0.4725,0.5132,-0.0408,-0.0347,0.1933,-1.3741,False,False,False,False,False,0,none,False,lower,,1,Thursday
2010-09-09 02:00:00,0.3279,0.3478,-0.0198,-0.3935,0.2073,-0.155,False,False,False,False,False,0,none,False,lower,,2,Thursday
2010-09-09 03:00:00,0.2828,0.3067,-0.0239,-0.4959,0.2013,-0.3907,False,False,False,False,False,0,none,False,lower,,3,Thursday
2010-09-09 04:00:00,0.2496,0.278,-0.0284,-0.8363,0.1992,-0.6512,False,False,False,False,False,0,none,False,lower,,4,Thursday
2010-09-09 05:00:00,0.7349,0.7419,-0.007,1.2988,0.1829,0.5938,False,False,False,False,True,0,none,False,higher,,5,Thursday
2010-09-09 06:00:00,0.8783,0.8858,-0.0076,1.3104,0.1881,0.5597,False,False,False,False,False,0,none,False,higher,,6,Thursday
2010-09-09 07:00:00,1.9046,1.9072,-0.0026,1.8884,0.1254,0.8479,False,False,False,False,False,0,none,False,higher,,7,Thursday
2010-09-09 08:00:00,1.4102,1.4311,-0.0209,0.6748,0.1672,-0.2147,False,False,False,False,False,0,none,False,higher,,8,Thursday
2010-09-09 09:00:00,0.9943,1.04,-0.0458,0.2273,0.1808,-1.6669,False,False,False,False,False,0,none,False,higher,,9,Thursday
2010-09-09 10:00:00,0.4268,0.4547,-0.028,-0.577,0.1736,-0.6294,False,False,False,False,False,0,none,False,lower,,10,Thursday
2010-09-09 11:00:00,0.8446,0.8569,-0.0123,-0.0319,0.1818,0.2839,False,False,False,False,False,0,none,False,lower,,11,Thursday
2010-09-09 12:00:00,0.8245,0.8387,-0.0142,-0.1914,0.1944,0.1729,False,False,False,False,False,0,none,False,lower,,12,Thursday
2010-09-09 13:00:00,0.958,0.9881,-0.0301,0.0576,0.197,-0.7553,False,False,False,False,False,0,none,False,higher,,13,Thursday
2010-09-09 14:00:00,0.421,0.4538,-0.0329,-0.6169,0.1747,-0.9148,False,False,False,False,False,0,none,False,lower,,14,Thursday
2010-09-09 15:00:00,0.7772,0.7816,-0.0044,-0.0136,0.1852,0.7477,False,False,False,False,False,0,none,False,lower,,15,Thursday
2010-09-09 16:00:00,0.3004,0.3348,-0.0345,-0.7223,0.169,-1.008,False,False,False,False,False,0,none,False,lower,,16,Thursday
2010-09-09 17:00:00,0.7165,0.7412,-0.0248,-0.0366,0.1836,-0.4418,False,False,False,False,False,0,none,False,lower,,17,Thursday
2010-09-09 18:00:00,0.47,0.5076,-0.0376,-0.615,0.1851,-1.1879,False,False,False,False,False,0,none,False,lower,,18,Thursday
2010-09-09 19:00:00,1.5421,1.4855,0.0565,0.8939,0.1353,4.2983,False,False,False,False,False,0,none,False,higher,,19,Thursday
2010-09-09 20:00:00,2.6474,2.6091,0.0383,1.9594,0.0646,3.2371,False,False,False,False,False,0,none,False,higher,,20,Thursday
2010-09-09 21:00:00,1.2952,1.2995,-0.0043,0.032,0.1172,0.7516,False,False,False,False,False,0,none,False,higher,,21,Thursday
2010-09-09 22:00:00,0.8265,0.8833,-0.0568,-0.1928,0.1899,-2.3098,False,False,False,False,False,0,none,False,lower,,22,Thursday
2010-09-09 23:00:00,0.4352,0.4676,-0.0324,-0.4922,0.1985,-0.8867,False,False,False,False,False,0,none,False,lower,,23,Thursday
2010-09-10 00:00:00,0.3246,0.3497,-0.0251,-0.8288,0.2048,-0.4619,False,False,False,False,False,0,none,False,lower,,0,Friday
2010-09-10 01:00:00,0.8063,0.8108,-0.0045,1.1002,0.1791,0.7385,False,False,False,False,False,0,none,False,higher,,1,Friday
2010-09-10 02:00:00,0.4391,0.4818,-0.0427,0.2297,0.2023,-1.4899,False,False,False,False,False,0,none,False,higher,,2,Friday
2010-09-10 03:00:00,0.3362,0.3604,-0.0242,-0.0001,0.2064,-0.4103,False,False,False,False,False,0,none,False,lower,,3,Friday
2010-09-10 04:00:00,0.2793,0.3129,-0.0335,-0.7134,0.2024,-0.9525,False,False,False,False,False,0,none,False,lower,,4,Friday
2010-09-10 05:00:00,0.2613,0.2933,-0.0321,-0.6558,0.1967,-0.868,False,False,False,False,False,0,none,False,lower,,5,Friday
2010-09-10 06:00:00,0.9107,0.881,0.0296,1.3185,0.1639,2.7293,False,False,False,False,False,0,none,False,higher,,6,Friday
2010-09-10 07:00:00,1.698,1.7325,-0.0345,1.368,0.1404,-1.0072,False,False,False,False,False,0,none,False,higher,,7,Friday
2010-09-10 08:00:00,0.3198,0.3571,-0.0372,-1.2617,0.1179,-1.17,False,False,False,False,False,0,none,False,lower,,8,Friday
2010-09-10 09:00:00,0.307,0.3337,-0.0267,-1.0784,0.1836,-0.5576,False,False,False,False,False,0,none,False,lower,,9,Friday
2010-09-10 10:00:00,0.3499,0.3873,-0.0374,-0.7492,0.185,-1.1785,False,False,False,False,False,0,none,False,lower,,10,Friday
2010-09-10 11:00:00,0.4699,0.5006,-0.0307,-0.6744,0.184,-0.7892,False,False,False,False,False,0,none,False,lower,,11,Friday
2010-09-10 12:00:00,0.2324,0.2711,-0.0387,-1.0695,0.1649,-1.2535,False,False,False,False,False,0,none,False,lower,,12,Friday
2010-09-10 13:00:00,0.3743,0.4003,-0.026,-0.921,0.181,-0.5138,False,False,False,False,False,0,none,False,lower,,13,Friday
2010-09-10 14:00:00,0.427,0.453,-0.0259,-0.5847,0.1865,-0.51,False,False,False,False,False,0,none,False,lower,,14,Friday
2010-09-10 15:00:00,0.3281,0.3585,-0.0304,-0.6745,0.185,-0.773,False,False,False,False,False,0,none,False,lower,,15,Friday
2010-09-10 16:00:00,0.9026,0.9403,-0.0377,0.4056,0.1506,-1.1944,False,False,False,False,False,0,none,False,higher,,16,Friday
2010-09-10 17:00:00,1.0888,1.0785,0.0103,0.5238,0.1626,1.6041,False,False,False,False,False,0,none,False,higher,,17,Friday
2010-09-10 18:00:00,2.1483,2.1231,0.0252,1.9424,0.0755,2.4735,False,False,False,False,False,0,none,False,higher,,18,Friday
2010-09-10 19:00:00,1.8013,1.7645,0.0368,1.183,0.1249,3.1455,False,False,False,False,False,0,none,False,higher,,19,Friday
2010-09-10 20:00:00,2.3795,2.3723,0.0072,1.4496,0.0822,1.4228,False,False,False,False,False,0,none,False,higher,,20,Friday
2010-09-10 21:00:00,2.0765,2.0897,-0.0132,0.8394,0.1101,0.2307,False,False,False,False,False,0,none,False,higher,,21,Friday
2010-09-10 22:00:00,2.3522,2.3429,0.0093,2.0435,0.094,1.541,False,False,False,False,False,0,none,False,higher,,22,Friday
2010-09-10 23:00:00,1.522,1.5218,0.0002,2.9713,0.1343,1.0123,False,False,False,False,False,0,none,False,higher,,23,Friday
2010-09-11 00:00:00,1.0361,1.023,0.0131,2.1282,0.1264,1.7681,False,False,False,False,False,0,none,False,higher,,0,Saturday
2010-09-11 01:00:00,0.461,0.4777,-0.0167,-0.1682,0.1339,0.0255,False,False,False,False,False,0,none,False,lower,,1,Saturday
2010-09-11 02:00:00,0.345,0.354,-0.009,-0.1783,0.1537,0.4751,False,False,False,False,False,0,none,False,lower,,2,Saturday
2010-09-11 03:00:00,0.2741,0.2956,-0.0215,-0.5201,0.1472,-0.2516,False,False,False,False,False,0,none,False,lower,,3,Saturday
2010-09-11 04:00:00,0.3428,0.3577,-0.0149,-0.4769,0.1537,0.132,False,False,False,False,False,0,none,False,lower,,4,Saturday
2010-09-11 05:00:00,0.3026,0.3185,-0.0159,-0.4919,0.15,0.0733,False,False,False,False,False,0,none,False,lower,,5,Saturday
2010-09-11 06:00:00,0.7188,0.7013,0.0175,0.6204,0.1309,2.0206,False,False,False,False,False,0,none,False,higher,,6,Saturday
2010-09-11 07:00:00,1.6514,1.6646,-0.0132,1.1913,0.091,0.2332,False,False,False,False,False,0,none,False,higher,,7,Saturday
2010-09-11 08:00:00,1.4151,1.4325,-0.0174,0.6286,0.1177,-0.0101,False,False,False,False,False,0,none,False,higher,,8,Saturday
2010-09-11 09:00:00,0.8931,0.9134,-0.0203,-0.0008,0.1278,-0.1843,False,False,False,False,False,0,none,False,lower,,9,Saturday
2010-09-11 10:00:00,1.3423,1.3672,-0.0249,1.2065,0.1162,-0.4492,False,False,False,False,False,0,none,False,higher,,10,Saturday
2010-09-11 11:00:00,0.4277,0.4478,-0.0201,-0.762,0.1044,-0.1702,False,False,False,False,False,0,none,False,lower,,11,Saturday
2010-09-11 12:00:00,1.058,1.0801,-0.0221,0.1103,0.1168,-0.2868,False,False,False,False,False,0,none,False,higher,,12,Saturday
2010-09-11 13:00:00,1.7219,1.6923,0.0296,1.2576,0.1025,2.7259,False,False,False,False,False,0,none,False,higher,,13,Saturday
2010-09-11 14:00:00,1.8109,1.7827,0.0282,1.2268,0.1191,2.6475,False,False,False,False,False,0,none,False,higher,,14,Saturday
2010-09-11 15:00:00,0.9681,1.0167,-0.0486,0.2549,0.11,-1.8329,False,False,False,False,False,0,none,False,higher,,15,Saturday
2010-09-11 16:00:00,0.4591,0.4873,-0.0283,-0.4764,0.1126,-0.6465,False,False,False,False,False,0,none,False,lower,,16,Saturday
2010-09-11 17:00:00,1.2209,1.2246,-0.0036,0.6904,0.1012,0.7888,False,False,False,False,False,0,none,False,higher,,17,Saturday
2010-09-11 18:00:00,0.7318,0.7754,-0.0435,-0.3153,0.12,-1.5364,False,False,False,False,False,0,none,False,lower,,18,Saturday
2010-09-11 19:00:00,0.3818,0.4117,-0.0299,-0.7941,0.119,-0.7431,False,False,False,False,False,0,none,False,lower,,19,Saturday
2010-09-11 20:00:00,1.0723,1.0308,0.0415,-0.2398,0.1184,3.423,False,False,False,False,False,0,none,False,lower,,20,Saturday
2010-09-11 21:00:00,1.8524,1.8521,0.0003,0.5348,0.1001,1.0174,False,False,False,False,False,0,none,False,higher,,21,Saturday
2010-09-11 22:00:00,1.9503,1.929,0.0213,1.2725,0.1007,2.2462,False,False,False,False,False,0,none,False,higher,,22,Saturday
2010-09-11 23:00:00,1.9511,1.9432,0.0078,3.7369,0.0988,1.4578,True,False,False,False,False,1,low,False,higher,rolling_z,23,Saturday
2010-09-12 00:00:00,1.9163,1.88,0.0363,5.3699,0.097,3.1192,True,False,False,False,False,1,low,False,higher,rolling_z,0,Sunday
2010-09-12 01:00:00,1.7626,1.7443,0.0183,4.4931,0.1036,2.0676,True,False,False,False,True,1,low,False,higher,rolling_z,1,Sunday
2010-09-12 02:00:00,2.2741,2.2444,0.0297,17.4362,0.0593,2.7346,True,False,False,True,True,1,low,False,higher,rolling_z,2,Sunday
2010-09-12 03:00:00,2.236,2.2053,0.0306,15.702,0.0727,2.7867,True,False,False,True,True,1,low,False,higher,rolling_z,3,Sunday
2010-09-12 04:00:00,1.4288,1.4316,-0.0028,3.4536,0.0789,0.8409,True,False,False,False,True,1,low,False,higher,rolling_z,4,Sunday
2010-09-12 05:00:00,0.2998,0.3364,-0.0366,-0.5059,0.061,-1.1323,False,False,False,False,False,0,none,False,lower,,5,Sunday
2010-09-12 06:00:00,0.2696,0.3001,-0.0305,-0.8342,0.1046,-0.7757,False,False,False,False,False,0,none,False,lower,,6,Sunday
2010-09-12 07:00:00,0.3461,0.3916,-0.0455,-1.0322,0.1192,-1.6504,False,False,False,False,False,0,none,False,lower,,7,Sunday
2010-09-12 08:00:00,0.3628,0.4005,-0.0377,-1.3106,0.1259,-1.1938,False,False,False,False,False,0,none,False,lower,,8,Sunday
2010-09-12 09:00:00,0.4345,0.4637,-0.0292,-0.9053,0.1312,-0.6994,False,False,False,False,False,0,none,False,lower,,9,Sunday
2010-09-12 10:00:00,0.2619,0.2881,-0.0262,-0.9898,0.1098,-0.5281,False,False,False,False,False,0,none,False,lower,,10,Sunday
2010-09-12 11:00:00,0.8206,0.7871,0.0335,-0.1251,0.1154,2.9571,False,False,False,False,False,0,none,False,lower,,11,Sunday
2010-09-12 12:00:00,1.1534,1.242,-0.0886,0.213,0.1277,-4.1621,False,False,False,False,False,0,none,False,higher,,12,Sunday
2010-09-12 13:00:00,2.1095,2.0894,0.0201,1.7953,0.0734,2.1756,False,False,False,False,False,0,none,False,higher,,13,Sunday
2010-09-12 14:00:00,1.6432,1.6655,-0.0223,0.9282,0.117,-0.2978,False,False,False,False,False,0,none,False,higher,,14,Sunday
2010-09-12 15:00:00,1.5487,1.5766,-0.0279,1.0742,0.1315,-0.6239,False,False,False,False,False,0,none,False,higher,,15,Sunday
2010-09-12 16:00:00,1.0166,1.0624,-0.0458,0.575,0.1183,-1.671,False,False,False,False,False,0,none,False,higher,,16,Sunday
2010-09-12 17:00:00,0.4826,0.5142,-0.0316,-0.5306,0.1108,-0.8382,False,False,False,False,False,0,none,False,lower,,17,Sunday
2010-09-12 18:00:00,0.4252,0.4608,-0.0356,-0.7982,0.1228,-1.0754,False,False,False,False,False,0,none,False,lower,,18,Sunday
2010-09-12 19:00:00,0.3077,0.3427,-0.0351,-0.9028,0.1075,-1.0437,False,False,False,False,False,0,none,False,lower,,19,Sunday
2010-09-12 20:00:00,1.3974,1.3701,0.0273,0.1243,0.0884,2.5959,False,False,False,False,False,0,none,False,higher,,20,Sunday
2010-09-12 21:00:00,1.5438,1.5772,-0.0334,0.1405,0.1233,-0.9453,False,False,False,False,False,0,none,False,higher,,21,Sunday
2010-09-12 22:00:00,1.5374,1.505,0.0325,0.6025,0.1208,2.8946,False,False,False,False,False,0,none,False,higher,,22,Sunday
2010-09-12 23:00:00,1.2895,1.3479,-0.0584,1.3947,0.1225,-2.4027,False,False,False,False,False,0,none,False,higher,,23,Sunday
2010-09-13 00:00:00,0.7721,0.78,-0.0078,0.4597,0.1846,0.5445,False,False,False,False,False,0,none,False,higher,,0,Monday
2010-09-13 01:00:00,0.3366,0.3566,-0.02,-0.5181,0.19,-0.1668,False,False,False,False,False,0,none,False,lower,,1,Monday
2010-09-13 02:00:00,0.9683,0.9579,0.0104,1.4322,0.1721,1.6101,False,False,False,False,True,0,none,False,higher,,2,Monday
2010-09-13 03:00:00,0.3107,0.3501,-0.0395,-0.251,0.1717,-1.2993,False,False,False,False,False,0,none,False,lower,,3,Monday
2010-09-13 04:00:00,0.2142,0.2355,-0.0213,-0.9268,0.1938,-0.2398,False,False,False,False,False,0,none,False,lower,,4,Monday
2010-09-13 05:00:00,0.2632,0.2843,-0.0211,-0.6472,0.1958,-0.2298,False,False,False,False,False,0,none,False,lower,,5,Monday
2010-09-13 06:00:00,0.6192,0.5981,0.0211,0.265,0.1808,2.2341,False,False,False,False,False,0,none,False,higher,,6,Monday
2010-09-13 07:00:00,1.9086,1.9215,-0.013,1.5306,0.107,0.2463,False,False,False,False,False,0,none,False,higher,,7,Monday
2010-09-13 08:00:00,1.4396,1.4476,-0.0081,0.6179,0.1664,0.5315,False,False,False,False,False,0,none,False,higher,,8,Monday
2010-09-13 09:00:00,0.5902,0.6264,-0.0361,-0.6222,0.1531,-1.1053,False,False,False,False,False,0,none,False,lower,,9,Monday
2010-09-13 10:00:00,0.3598,0.3802,-0.0204,-0.7989,0.1814,-0.1885,False,False,False,False,False,0,none,False,lower,,10,Monday
2010-09-13 11:00:00,0.3376,0.365,-0.0274,-0.9791,0.1838,-0.5961,False,False,False,False,False,0,none,False,lower,,11,Monday
2010-09-13 12:00:00,0.2679,0.2986,-0.0307,-1.1236,0.1737,-0.7877,False,False,False,False,False,0,none,False,lower,,12,Monday
2010-09-13 13:00:00,1.2969,1.3167,-0.0198,0.4475,0.1386,-0.1555,False,False,False,False,False,0,none,False,higher,,13,Monday
2010-09-13 14:00:00,0.35,0.3814,-0.0314,-0.7645,0.1484,-0.8311,False,False,False,False,False,0,none,False,lower,,14,Monday
2010-09-13 15:00:00,0.2418,0.2756,-0.0338,-0.9026,0.1782,-0.9687,False,False,False,False,False,0,none,False,lower,,15,Monday
2010-09-13 16:00:00,0.3481,0.3769,-0.0288,-0.7516,0.1856,-0.6772,False,False,False,False,False,0,none,False,lower,,16,Monday
2010-09-13 17:00:00,0.3459,0.3761,-0.0302,-0.7647,0.1902,-0.7569,False,False,False,False,False,0,none,False,lower,,17,Monday
2010-09-13 18:00:00,0.7103,0.7307,-0.0204,-0.3823,0.1699,-0.1898,False,False,False,False,False,0,none,False,lower,,18,Monday
2010-09-13 19:00:00,1.2278,1.2913,-0.0635,0.3293,0.1546,-2.6978,False,False,False,False,False,0,none,False,higher,,19,Monday
2010-09-13 20:00:00,1.4991,1.496,0.0031,0.2082,0.1532,1.1795,False,False,False,False,False,0,none,False,higher,,20,Monday
2010-09-13 21:00:00,1.7951,1.8029,-0.0078,0.3826,0.1412,0.5452,False,False,False,False,False,0,none,False,higher,,21,Monday
2010-09-13 22:00:00,1.4222,1.4727,-0.0505,0.3861,0.154,-1.9426,False,False,False,False,False,0,none,False,higher,,22,Monday
2010-09-13 23:00:00,0.3136,0.3616,-0.048,-0.9823,0.1466,-1.7986,False,False,False,False,False,0,none,False,lower,,23,Monday
2010-09-14 00:00:00,0.3368,0.3589,-0.0221,-0.7865,0.2005,-0.2867,False,False,False,False,False,0,none,False,lower,,0,Tuesday
2010-09-14 01:00:00,0.3358,0.3552,-0.0194,-0.4658,0.2024,-0.1279,False,False,False,False,False,0,none,False,lower,,1,Tuesday
2010-09-14 02:00:00,0.3402,0.3613,-0.0211,-0.2803,0.2035,-0.2281,False,False,False,False,False,0,none,False,lower,,2,Tuesday
2010-09-14 03:00:00,0.2792,0.3057,-0.0265,-0.3377,0.1961,-0.5405,False,False,False,False,False,0,none,False,lower,,3,Tuesday
2010-09-14 04:00:00,0.2567,0.2779,-0.0213,-0.777,0.1938,-0.238,False,False,False,False,False,0,none,False,lower,,4,Tuesday
2010-09-14 05:00:00,0.2604,0.2831,-0.0227,-0.6628,0.1926,-0.3205,False,False,False,False,False,0,none,False,lower,,5,Tuesday
2010-09-14 06:00:00,0.6287,0.6207,0.008,0.26,0.166,1.4676,False,False,False,False,False,0,none,False,higher,,6,Tuesday
2010-09-14 07:00:00,1.7493,1.7585,-0.0092,1.156,0.1032,0.4664,False,False,False,False,False,0,none,False,higher,,7,Tuesday
2010-09-14 08:00:00,1.4405,1.4568,-0.0163,0.5657,0.1488,0.0488,False,False,False,False,False,0,none,False,higher,,8,Tuesday
2010-09-14 09:00:00,2.1934,2.132,0.0614,2.4448,0.0803,4.5833,False,False,False,False,False,0,none,False,higher,,9,Tuesday
2010-09-14 10:00:00,0.9705,0.9829,-0.0124,0.3909,0.1328,0.2766,False,False,False,False,False,0,none,False,higher,,10,Tuesday
2010-09-14 11:00:00,1.7899,1.7978,-0.0079,1.4818,0.1366,0.5412,False,False,False,False,False,0,none,False,higher,,11,Tuesday
2010-09-14 12:00:00,0.5668,0.5824,-0.0156,-0.6654,0.1422,0.0921,False,False,False,False,False,0,none,False,lower,,12,Tuesday
2010-09-14 13:00:00,0.5092,0.5484,-0.0392,-0.7311,0.2002,-1.283,False,False,False,False,False,0,none,False,lower,,13,Tuesday
2010-09-14 14:00:00,0.9452,0.9938,-0.0486,-0.0174,0.1727,-1.8343,False,False,False,False,False,0,none,False,lower,,14,Tuesday
2010-09-14 15:00:00,0.329,0.368,-0.039,-0.7705,0.1747,-1.2716,False,False,False,False,False,0,none,False,lower,,15,Tuesday
2010-09-14 16:00:00,0.387,0.4223,-0.0353,-0.6836,0.1973,-1.0571,False,False,False,False,False,0,none,False,lower,,16,Tuesday
2010-09-14 17:00:00,0.5252,0.5566,-0.0315,-0.4795,0.1998,-0.8331,False,False,False,False,False,0,none,False,lower,,17,Tuesday
2010-09-14 18:00:00,1.5987,1.5912,0.0075,0.9364,0.1233,1.4374,False,False,False,False,False,0,none,False,higher,,18,Tuesday
2010-09-14 19:00:00,1.9842,1.9701,0.0141,1.3202,0.1325,1.8265,False,False,False,False,False,0,none,False,higher,,19,Tuesday
2010-09-14 20:00:00,2.0944,2.1158,-0.0213,0.9495,0.1353,-0.2424,False,False,False,False,False,0,none,False,higher,,20,Tuesday
2010-09-14 21:00:00,2.1403,2.1645,-0.0242,0.7433,0.134,-0.4109,False,False,False,False,False,0,none,False,higher,,21,Tuesday
2010-09-14 22:00:00,1.3248,1.3161,0.0088,0.1955,0.1564,1.5135,False,False,False,False,False,0,none,False,higher,,22,Tuesday
2010-09-14 23:00:00,0.8585,0.8708,-0.0123,0.285,0.1918,0.2871,False,False,False,False,False,0,none,False,higher,,23,Tuesday
2010-09-15 00:00:00,0.3932,0.4098,-0.0166,-0.5951,0.1898,0.0362,False,False,False,False,False,0,none,False,lower,,0,Wednesday
2010-09-15 01:00:00,0.4084,0.4149,-0.0066,-0.1797,0.2093,0.619,False,False,False,False,False,0,none,False,lower,,1,Wednesday
2010-09-15 02:00:00,0.3807,0.4102,-0.0294,-0.1828,0.2122,-0.7152,False,False,False,False,False,0,none,False,lower,,2,Wednesday
2010-09-15 03:00:00,0.351,0.3713,-0.0203,-0.1487,0.2083,-0.1822,False,False,False,False,False,0,none,False,lower,,3,Wednesday
2010-09-15 04:00:00,0.2393,0.2691,-0.0297,-0.8206,0.1898,-0.7321,False,False,False,False,False,0,none,False,lower,,4,Wednesday
2010-09-15 05:00:00,0.305,0.334,-0.029,-0.4821,0.1961,-0.6903,False,False,False,False,False,0,none,False,lower,,5,Wednesday
2010-09-15 06:00:00,0.8123,0.8044,0.0078,0.8141,0.1811,1.4574,False,False,False,False,False,0,none,False,higher,,6,Wednesday
2010-09-15 07:00:00,2.0184,2.0112,0.0072,1.5148,0.1105,1.4223,False,False,False,False,False,0,none,False,higher,,7,Wednesday
2010-09-15 08:00:00,1.5054,1.515,-0.0097,0.6397,0.1664,0.4372,False,False,False,False,False,0,none,False,higher,,8,Wednesday
2010-09-15 09:00:00,1.1082,1.1375,-0.0292,0.204,0.1818,-0.7021,False,False,False,False,False,0,none,False,higher,,9,Wednesday
2010-09-15 10:00:00,0.3106,0.3329,-0.0223,-0.9695,0.1461,-0.2976,False,False,False,False,False,0,none,False,lower,,10,Wednesday
2010-09-15 11:00:00,0.229,0.265,-0.036,-1.2324,0.1666,-1.1001,False,False,False,False,False,0,none,False,lower,,11,Wednesday
2010-09-15 12:00:00,0.3729,0.4029,-0.0301,-0.9326,0.1832,-0.7506,False,False,False,False,False,0,none,False,lower,,12,Wednesday
2010-09-15 13:00:00,0.2738,0.3055,-0.0317,-1.0588,0.1829,-0.8489,False,False,False,False,False,0,none,False,lower,,13,Wednesday
2010-09-15 14:00:00,0.3443,0.3769,-0.0325,-0.8172,0.1887,-0.8943,False,False,False,False,False,0,none,False,lower,,14,Wednesday
2010-09-15 15:00:00,0.3589,0.4038,-0.0449,-0.7283,0.1986,-1.6176,False,False,False,False,False,0,none,False,lower,,15,Wednesday
2010-09-15 16:00:00,0.4031,0.4448,-0.0416,-0.665,0.1965,-1.4249,False,False,False,False,False,0,none,False,lower,,16,Wednesday
2010-09-15 17:00:00,0.3624,0.3958,-0.0334,-0.7591,0.197,-0.9428,False,False,False,False,False,0,none,False,lower,,17,Wednesday
2010-09-15 18:00:00,0.983,1.0119,-0.0288,-0.0721,0.1551,-0.6795,False,False,False,False,False,0,none,False,lower,,18,Wednesday
2010-09-15 19:00:00,0.208,0.2378,-0.0298,-1.1673,0.1423,-0.7343,False,False,False,False,False,0,none,False,lower,,19,Wednesday
2010-09-15 20:00:00,0.7553,0.735,0.0203,-0.9414,0.1583,2.1844,False,False,False,False,False,0,none,False,lower,,20,Wednesday
2010-09-15 21:00:00,1.5867,1.5964,-0.0098,0.006,0.121,0.4313,False,False,False,False,False,0,none,False,higher,,21,Wednesday
2010-09-15 22:00:00,1.7084,1.6922,0.0162,0.7296,0.1248,1.9456,False,False,False,False,False,0,none,False,higher,,22,Wednesday
2010-09-15 23:00:00,1.0167,1.0548,-0.0381,0.6198,0.1489,-1.2223,False,False,False,False,False,0,none,False,higher,,23,Wednesday
2010-09-16 00:00:00,0.4186,0.4447,-0.0262,-0.4724,0.1749,-0.5234,False,False,False,False,False,0,none,False,lower,,0,Thursday
2010-09-16 01:00:00,0.3141,0.3359,-0.0218,-0.4677,0.1932,-0.269,False,False,False,False,False,0,none,False,lower,,1,Thursday
2010-09-16 02:00:00,0.2649,0.2858,-0.021,-0.4866,0.1918,-0.2198,False,False,False,False,False,0,none,False,lower,,2,Thursday
2010-09-16 03:00:00,0.9835,1.0092,-0.0257,1.5195,0.1441,-0.4942,False,False,False,False,True,0,none,False,higher,,3,Thursday
2010-09-16 04:00:00,0.2645,0.2894,-0.0249,-0.7328,0.1567,-0.4509,False,False,False,False,False,0,none,False,lower,,4,Thursday
2010-09-16 05:00:00,0.3104,0.3381,-0.0277,-0.4684,0.1954,-0.614,False,False,False,False,False,0,none,False,lower,,5,Thursday
2010-09-16 06:00:00,0.6316,0.6163,0.0153,0.1802,0.1676,1.8918,False,False,False,False,False,0,none,False,higher,,6,Thursday
2010-09-16 07:00:00,1.9141,1.9118,0.0022,1.2383,0.0809,1.1317,False,False,False,False,False,0,none,False,higher,,7,Thursday
2010-09-16 08:00:00,1.449,1.4697,-0.0207,0.4685,0.1403,-0.2052,False,False,False,False,False,0,none,False,higher,,8,Thursday
2010-09-16 09:00:00,0.5515,0.5915,-0.04,-0.8747,0.145,-1.3325,False,False,False,False,False,0,none,False,lower,,9,Thursday
2010-09-16 10:00:00,0.5208,0.5433,-0.0225,-0.5537,0.1833,-0.3097,False,False,False,False,False,0,none,False,lower,,10,Thursday
2010-09-16 11:00:00,1.34,1.3619,-0.0219,0.6203,0.1387,-0.2742,False,False,False,False,False,0,none,False,higher,,11,Thursday
2010-09-16 12:00:00,1.4147,1.4186,-0.004,0.6064,0.1659,0.771,False,False,False,False,False,0,none,False,higher,,12,Thursday
2010-09-16 13:00:00,1.4808,1.4993,-0.0185,0.7113,0.171,-0.077,False,False,False,False,False,0,none,False,higher,,13,Thursday
2010-09-16 14:00:00,0.5959,0.6448,-0.0489,-0.501,0.1675,-1.851,False,False,False,False,False,0,none,False,lower,,14,Thursday
2010-09-16 15:00:00,0.2753,0.3063,-0.031,-0.8523,0.1783,-0.8064,False,False,False,False,False,0,none,False,lower,,15,Thursday
2010-09-16 16:00:00,0.2105,0.243,-0.0325,-1.0568,0.175,-0.892,False,False,False,False,False,0,none,False,lower,,16,Thursday
2010-09-16 17:00:00,0.2618,0.2962,-0.0344,-0.9331,0.184,-1.0017,False,False,False,False,False,0,none,False,lower,,17,Thursday
2010-09-16 18:00:00,0.7915,0.791,0.0006,-0.4129,0.1637,1.0352,False,False,False,False,False,0,none,False,lower,,18,Thursday
2010-09-16 19:00:00,1.397,1.3954,0.0016,0.4359,0.1582,1.0967,False,False,False,False,False,0,none,False,higher,,19,Thursday
2010-09-16 20:00:00,2.9843,2.908,0.0763,2.144,0.0147,5.4507,False,False,False,False,False,0,none,False,higher,,20,Thursday
2010-09-16 21:00:00,1.7319,1.7353,-0.0034,0.1332,0.1051,0.8048,False,False,False,False,False,0,none,False,higher,,21,Thursday
2010-09-16 22:00:00,1.4389,1.4413,-0.0024,0.2504,0.1679,0.8607,False,False,False,False,False,0,none,False,higher,,22,Thursday
2010-09-16 23:00:00,0.7834,0.8142,-0.0308,-0.0007,0.1859,-0.7958,False,False,False,False,False,0,none,False,lower,,23,Thursday
2010-09-17 00:00:00,0.4766,0.5099,-0.0333,-0.2467,0.1977,-0.939,False,False,False,False,False,0,none,False,lower,,0,Friday
2010-09-17 01:00:00,0.2953,0.3268,-0.0315,-0.5428,0.1992,-0.8359,False,False,False,False,False,0,none,False,lower,,1,Friday
2010-09-17 02:00:00,0.5791,0.5855,-0.0064,0.3225,0.1926,0.627,False,False,False,False,False,0,none,False,higher,,2,Friday
2010-09-17 03:00:00,0.6627,0.701,-0.0383,0.579,0.1981,-1.2304,False,False,False,False,True,0,none,False,higher,,3,Friday
2010-09-17 04:00:00,0.1995,0.2298,-0.0303,-0.9188,0.1673,-0.763,False,False,False,False,False,0,none,False,lower,,4,Friday
2010-09-17 05:00:00,0.2624,0.2904,-0.0281,-0.6808,0.1934,-0.6341,False,False,False,False,False,0,none,False,lower,,5,Friday
2010-09-17 06:00:00,0.6324,0.6141,0.0183,0.1493,0.1805,2.0688,False,False,False,False,False,0,none,False,higher,,6,Friday
2010-09-17 07:00:00,1.9198,1.9302,-0.0104,1.1687,0.1095,0.3935,False,False,False,False,False,0,none,False,higher,,7,Friday
2010-09-17 08:00:00,1.3943,1.4252,-0.0309,0.2883,0.1656,-0.7991,False,False,False,False,False,0,none,False,higher,,8,Friday
2010-09-17 09:00:00,0.8596,0.8985,-0.0389,-0.3355,0.1798,-1.2663,False,False,False,False,False,0,none,False,lower,,9,Friday
2010-09-17 10:00:00,0.1999,0.2282,-0.0283,-1.2245,0.1443,-0.6459,False,False,False,False,False,0,none,False,lower,,10,Friday
2010-09-17 11:00:00,0.2872,0.3161,-0.0289,-1.1562,0.1771,-0.6832,False,False,False,False,False,0,none,False,lower,,11,Friday
2010-09-17 12:00:00,0.5262,0.5532,-0.0271,-0.6904,0.1838,-0.5768,False,False,False,False,False,0,none,False,lower,,12,Friday
2010-09-17 13:00:00,0.3563,0.3996,-0.0433,-1.0047,0.1875,-1.5252,False,False,False,False,False,0,none,False,lower,,13,Friday
2010-09-17 14:00:00,0.7946,0.7801,0.0144,-0.263,0.1674,1.8436,False,False,False,False,False,0,none,False,lower,,14,Friday
2010-09-17 15:00:00,1.6732,1.7165,-0.0433,1.1812,0.1404,-1.5234,False,False,False,False,False,0,none,False,higher,,15,Friday
2010-09-17 16:00:00,2.9642,2.9316,0.0326,4.317,0.0263,2.9016,True,False,False,True,True,1,low,False,higher,rolling_z,16,Friday
2010-09-17 17:00:00,1.5465,1.5851,-0.0386,1.1514,0.112,-1.2509,False,False,False,False,False,0,none,False,higher,,17,Friday
2010-09-17 18:00:00,1.9456,1.7983,0.1473,1.4056,0.1356,9.5905,False,False,True,False,False,1,low,False,higher,residual,18,Friday
2010-09-17 19:00:00,2.9272,2.9252,0.002,2.4807,0.0517,1.1201,False,False,False,False,False,0,none,False,higher,,19,Friday
2010-09-17 20:00:00,2.8731,2.8016,0.0715,1.8088,0.0676,5.1719,False,False,False,False,False,0,none,False,higher,,20,Friday
2010-09-17 21:00:00,0.5738,0.6057,-0.0319,-1.5266,0.076,-0.8591,False,False,False,False,False,0,none,False,lower,,21,Friday
2010-09-17 22:00:00,0.5266,0.5558,-0.0291,-1.3069,0.1911,-0.6973,False,False,False,False,False,0,none,False,lower,,22,Friday
2010-09-17 23:00:00,0.484,0.535,-0.051,-0.774,0.2004,-1.9745,False,False,False,False,False,0,none,False,lower,,23,Friday
2010-09-18 00:00:00,0.2914,0.3179,-0.0265,-0.7936,0.1296,-0.541,False,False,False,False,False,0,none,False,lower,,0,Saturday
2010-09-18 01:00:00,0.2674,0.2862,-0.0188,-0.6283,0.1387,-0.0944,False,False,False,False,False,0,none,False,lower,,1,Saturday
2010-09-18 02:00:00,0.8252,0.8392,-0.014,0.9269,0.1243,0.1838,False,False,False,False,False,0,none,False,higher,,2,Saturday
2010-09-18 03:00:00,0.355,0.3788,-0.0237,-0.2462,0.1316,-0.3827,False,False,False,False,False,0,none,False,lower,,3,Saturday
2010-09-18 04:00:00,0.331,0.3534,-0.0224,-0.5128,0.1515,-0.3064,False,False,False,False,False,0,none,False,lower,,4,Saturday
2010-09-18 05:00:00,0.2082,0.2313,-0.0231,-0.8863,0.1287,-0.3431,False,False,False,False,False,0,none,False,lower,,5,Saturday
2010-09-18 06:00:00,0.6109,0.5952,0.0157,0.0377,0.1358,1.9158,False,False,False,False,False,0,none,False,higher,,6,Saturday
2010-09-18 07:00:00,1.804,1.8274,-0.0234,0.9038,0.0731,-0.3622,False,False,False,False,False,0,none,False,higher,,7,Saturday
2010-09-18 08:00:00,1.3786,1.3923,-0.0137,0.1809,0.1183,0.2039,False,False,False,False,False,0,none,False,higher,,8,Saturday
2010-09-18 09:00:00,0.8287,0.8609,-0.0322,-0.4493,0.1281,-0.8775,False,False,False,False,False,0,none,False,lower,,9,Saturday
2010-09-18 10:00:00,0.5166,0.5474,-0.0308,-0.5658,0.1329,-0.7941,False,False,False,False,False,0,none,False,lower,,10,Saturday
2010-09-18 11:00:00,0.3649,0.4016,-0.0367,-0.9535,0.1315,-1.1384,False,False,False,False,False,0,none,False,lower,,11,Saturday
2010-09-18 12:00:00,0.3004,0.3201,-0.0197,-1.034,0.1223,-0.1467,False,False,False,False,False,0,none,False,lower,,12,Saturday
2010-09-18 13:00:00,0.8346,0.8691,-0.0345,-0.3016,0.122,-1.0102,False,False,False,False,False,0,none,False,lower,,13,Saturday
2010-09-18 14:00:00,1.0549,1.0758,-0.0208,0.0847,0.1339,-0.2125,False,False,False,False,False,0,none,False,higher,,14,Saturday
2010-09-18 15:00:00,0.8409,0.8454,-0.0045,-0.0927,0.1426,0.7393,False,False,False,False,False,0,none,False,lower,,15,Saturday
2010-09-18 16:00:00,0.9073,0.9218,-0.0145,0.1861,0.1421,0.1536,False,False,False,False,False,0,none,False,higher,,16,Saturday
2010-09-18 17:00:00,1.3214,1.3527,-0.0313,0.8334,0.115,-0.8239,False,False,False,False,False,0,none,False,higher,,17,Saturday
2010-09-18 18:00:00,0.7356,0.7707,-0.035,-0.541,0.1245,-1.0414,False,False,False,False,False,0,none,False,lower,,18,Saturday
2010-09-18 19:00:00,1.5119,1.5216,-0.0097,0.4073,0.0903,0.4385,False,False,False,False,False,0,none,False,higher,,19,Saturday
2010-09-18 20:00:00,1.7385,1.7747,-0.0363,0.1579,0.099,-1.1122,False,False,False,False,False,0,none,False,higher,,20,Saturday
2010-09-18 21:00:00,1.5982,1.6315,-0.0333,-0.0915,0.107,-0.9388,False,False,False,False,False,0,none,False,lower,,21,Saturday
2010-09-18 22:00:00,1.6708,1.6935,-0.0227,0.5762,0.1117,-0.3195,False,False,False,False,False,0,none,False,higher,,22,Saturday
2010-09-18 23:00:00,0.5027,0.5468,-0.0441,-0.6778,0.1055,-1.5679,False,False,False,False,False,0,none,False,lower,,23,Saturday
2010-09-19 00:00:00,0.3826,0.3936,-0.011,-0.5233,0.1467,0.3606,False,False,False,False,False,0,none,False,lower,,0,Sunday
2010-09-19 01:00:00,0.404,0.414,-0.01,-0.1772,0.1556,0.4172,False,False,False,False,False,0,none,False,lower,,1,Sunday
2010-09-19 02:00:00,0.414,0.4228,-0.0088,-0.1804,0.1567,0.4906,False,False,False,False,False,0,none,False,lower,,2,Sunday
2010-09-19 03:00:00,0.4857,0.5027,-0.017,0.0833,0.154,0.0114,False,False,False,False,False,0,none,False,higher,,3,Sunday
2010-09-19 04:00:00,0.2816,0.3079,-0.0262,-0.6613,0.1378,-0.5283,False,False,False,False,False,0,none,False,lower,,4,Sunday
2010-09-19 05:00:00,0.1971,0.2172,-0.0201,-0.9069,0.1348,-0.1726,False,False,False,False,False,0,none,False,lower,,5,Sunday
2010-09-19 06:00:00,0.2371,0.2596,-0.0225,-1.2714,0.1406,-0.3117,False,False,False,False,False,0,none,False,lower,,6,Sunday
2010-09-19 07:00:00,0.5294,0.5415,-0.0121,-1.2735,0.1386,0.2976,False,False,False,False,False,0,none,False,lower,,7,Sunday
2010-09-19 08:00:00,0.9478,0.9769,-0.029,-0.8937,0.1116,-0.6916,False,False,False,False,False,0,none,False,lower,,8,Sunday
2010-09-19 09:00:00,0.8191,0.8302,-0.0111,-0.4316,0.1328,0.3549,False,False,False,False,False,0,none,False,lower,,9,Sunday
2010-09-19 10:00:00,0.5698,0.612,-0.0421,-0.4077,0.1378,-1.4548,False,False,False,False,False,0,none,False,lower,,10,Sunday
2010-09-19 11:00:00,0.2659,0.2961,-0.0302,-1.1285,0.1229,-0.7564,False,False,False,False,False,0,none,False,lower,,11,Sunday
2010-09-19 12:00:00,0.2129,0.2451,-0.0322,-1.1403,0.1182,-0.8766,False,False,False,False,False,0,none,False,lower,,12,Sunday
2010-09-19 13:00:00,0.4809,0.5101,-0.0291,-0.8315,0.1277,-0.6966,False,False,False,False,False,0,none,False,lower,,13,Sunday
2010-09-19 14:00:00,0.3187,0.3587,-0.04,-0.8798,0.1263,-1.3305,False,False,False,False,False,0,none,False,lower,,14,Sunday
2010-09-19 15:00:00,0.2951,0.3328,-0.0377,-0.9125,0.1279,-1.1967,False,False,False,False,False,0,none,False,lower,,15,Sunday
2010-09-19 16:00:00,0.2528,0.2871,-0.0343,-0.8546,0.1197,-0.9958,False,False,False,False,False,0,none,False,lower,,16,Sunday
2010-09-19 17:00:00,0.3328,0.3751,-0.0423,-0.8502,0.1267,-1.4629,False,False,False,False,False,0,none,False,lower,,17,Sunday
2010-09-19 18:00:00,1.6387,1.6414,-0.0027,0.9461,0.0518,0.8458,False,False,False,False,False,0,none,False,higher,,18,Sunday
2010-09-19 19:00:00,1.0945,1.1481,-0.0537,-0.1302,0.0868,-2.1271,False,False,False,False,False,0,none,False,lower,,19,Sunday
2010-09-19 20:00:00,2.3436,2.3042,0.0394,0.9375,0.019,3.2977,False,False,False,False,False,0,none,False,higher,,20,Sunday
2010-09-19 21:00:00,1.8976,1.9519,-0.0543,0.2979,0.062,-2.1665,False,False,False,False,False,0,none,False,higher,,21,Sunday
2010-09-19 22:00:00,0.7172,0.7643,-0.047,-1.0374,0.0802,-1.7402,False,False,False,False,False,0,none,False,lower,,22,Sunday
2010-09-19 23:00:00,0.2077,0.2439,-0.0363,-1.4007,0.1027,-1.1129,False,False,False,False,False,0,none,False,lower,,23,Sunday
2010-09-20 00:00:00,0.3578,0.383,-0.0252,-0.5464,0.1799,-0.4688,False,False,False,False,False,0,none,False,lower,,0,Monday
2010-09-20 01:00:00,0.3307,0.3582,-0.0275,-0.3649,0.1897,-0.6005,False,False,False,False,False,0,none,False,lower,,1,Monday
2010-09-20 02:00:00,0.8505,0.8716,-0.0212,0.9827,0.1532,-0.2333,False,False,False,False,True,0,none,False,higher,,2,Monday
2010-09-20 03:00:00,0.2719,0.3004,-0.0285,-0.4454,0.1578,-0.6618,False,False,False,False,False,0,none,False,lower,,3,Monday
2010-09-20 04:00:00,0.1951,0.2272,-0.0321,-0.8701,0.1809,-0.8688,False,False,False,False,False,0,none,False,lower,,4,Monday
2010-09-20 05:00:00,0.2795,0.3068,-0.0273,-0.513,0.1829,-0.5885,False,False,False,False,False,0,none,False,lower,,5,Monday
2010-09-20 06:00:00,0.6302,0.6224,0.0078,0.1215,0.1646,1.4544,False,False,False,False,False,0,none,False,higher,,6,Monday
2010-09-20 07:00:00,2.117,2.0895,0.0275,1.3625,0.062,2.6041,False,False,False,False,False,0,none,False,higher,,7,Monday
2010-09-20 08:00:00,1.4034,1.4248,-0.0213,0.2712,0.1415,-0.2429,False,False,False,False,False,0,none,False,higher,,8,Monday
2010-09-20 09:00:00,1.3785,1.3993,-0.0208,0.8021,0.1735,-0.2118,False,False,False,False,False,0,none,False,higher,,9,Monday
2010-09-20 10:00:00,1.4203,1.4442,-0.0239,1.4157,0.1748,-0.3923,False,False,False,False,False,0,none,False,higher,,10,Monday
2010-09-20 11:00:00,0.8689,0.8957,-0.0268,-0.1131,0.1783,-0.5596,False,False,False,False,False,0,none,False,lower,,11,Monday
2010-09-20 12:00:00,2.1723,2.1324,0.0399,1.6439,0.0843,3.3272,False,False,False,False,False,0,none,False,higher,,12,Monday
2010-09-20 13:00:00,1.1653,1.1707,-0.0054,0.1819,0.1499,0.6848,False,False,False,False,False,0,none,False,higher,,13,Monday
2010-09-20 14:00:00,0.9749,1.0604,-0.0855,-0.027,0.19,-3.9821,False,False,False,False,False,0,none,False,lower,,14,Monday
2010-09-20 15:00:00,1.3373,1.3551,-0.0178,0.6007,0.18,-0.0371,False,False,False,False,False,0,none,False,higher,,15,Monday
2010-09-20 16:00:00,1.3559,1.3792,-0.0233,0.9114,0.1832,-0.3581,False,False,False,False,False,0,none,False,higher,,16,Monday
2010-09-20 17:00:00,1.4825,1.5018,-0.0193,1.0528,0.1759,-0.1214,False,False,False,False,False,0,none,False,higher,,17,Monday
2010-09-20 18:00:00,1.1809,1.1934,-0.0126,0.1124,0.1693,0.2689,False,False,False,False,False,0,none,False,higher,,18,Monday
2010-09-20 19:00:00,1.3009,1.3514,-0.0505,0.0946,0.1747,-1.9406,False,False,False,False,False,0,none,False,higher,,19,Monday
2010-09-20 20:00:00,2.0631,1.9635,0.0996,0.5037,0.1289,6.809,False,False,True,False,False,1,low,False,higher,residual,20,Monday
2010-09-20 21:00:00,2.5984,2.5995,-0.0011,1.2225,0.0899,0.9353,False,False,False,False,False,0,none,False,higher,,21,Monday
2010-09-20 22:00:00,1.6894,1.7023,-0.013,0.6309,0.1283,0.2448,False,False,False,False,False,0,none,False,higher,,22,Monday
2010-09-20 23:00:00,0.6227,0.644,-0.0213,-0.2871,0.1495,-0.242,False,False,False,False,False,0,none,False,lower,,23,Monday
2010-09-21 00:00:00,0.472,0.503,-0.0309,-0.1924,0.1885,-0.8022,False,False,False,False,False,0,none,False,lower,,0,Tuesday
2010-09-21 01:00:00,0.3028,0.3335,-0.0307,-0.4621,0.1708,-0.7871,False,False,False,False,False,0,none,False,lower,,1,Tuesday
2010-09-21 02:00:00,0.2045,0.2339,-0.0295,-0.7201,0.1691,-0.7162,False,False,False,False,False,0,none,False,lower,,2,Tuesday
2010-09-21 03:00:00,0.2689,0.2954,-0.0265,-0.4141,0.1719,-0.5426,False,False,False,False,False,0,none,False,lower,,3,Tuesday
2010-09-21 04:00:00,0.2723,0.3004,-0.0281,-0.5813,0.1802,-0.6372,False,False,False,False,False,0,none,False,lower,,4,Tuesday
2010-09-21 05:00:00,0.9105,0.9279,-0.0174,2.0397,0.1643,-0.0134,False,False,False,False,True,0,none,False,higher,,5,Tuesday
2010-09-21 06:00:00,0.6152,0.6021,0.0131,0.0409,0.1709,1.7653,False,False,False,False,False,0,none,False,higher,,6,Tuesday
2010-09-21 07:00:00,1.8787,1.8945,-0.0157,0.9005,0.1122,0.0838,False,False,False,False,False,0,none,False,higher,,7,Tuesday
2010-09-21 08:00:00,1.334,1.364,-0.0301,0.1029,0.1647,-0.7516,False,False,False,False,False,0,none,False,higher,,8,Tuesday
2010-09-21 09:00:00,1.3715,1.3867,-0.0152,0.7309,0.1875,0.1162,False,False,False,False,False,0,none,False,higher,,9,Tuesday
2010-09-21 10:00:00,1.0264,1.0516,-0.0252,0.5036,0.1839,-0.4694,False,False,False,False,False,0,none,False,higher,,10,Tuesday
2010-09-21 11:00:00,0.7342,0.7409,-0.0066,-0.3646,0.1797,0.6142,False,False,False,False,False,0,none,False,lower,,11,Tuesday
2010-09-21 12:00:00,0.8324,0.8568,-0.0245,-0.3367,0.1847,-0.4258,False,False,False,False,False,0,none,False,lower,,12,Tuesday
2010-09-21 13:00:00,0.5929,0.645,-0.0521,-0.7291,0.1892,-2.0364,False,False,False,False,False,0,none,False,lower,,13,Tuesday
2010-09-21 14:00:00,0.3046,0.3426,-0.0379,-0.9411,0.1707,-1.2103,False,False,False,False,False,0,none,False,lower,,14,Tuesday
2010-09-21 15:00:00,0.4209,0.4671,-0.0462,-0.7796,0.1943,-1.6895,False,False,False,False,False,0,none,False,lower,,15,Tuesday
2010-09-21 16:00:00,0.4111,0.4519,-0.0408,-0.6233,0.1958,-1.3752,False,False,False,False,False,0,none,False,lower,,16,Tuesday
2010-09-21 17:00:00,0.2477,0.2974,-0.0497,-1.0508,0.1772,-1.8943,False,False,False,False,False,0,none,False,lower,,17,Tuesday
2010-09-21 18:00:00,0.3106,0.3557,-0.0451,-1.3649,0.1841,-1.6267,False,False,False,False,False,0,none,False,lower,,18,Tuesday
2010-09-21 19:00:00,0.5628,0.5847,-0.0219,-0.8911,0.1872,-0.2743,False,False,False,False,False,0,none,False,lower,,19,Tuesday
2010-09-21 20:00:00,2.071,2.0306,0.0404,0.4616,0.0815,3.3565,False,False,False,False,False,0,none,False,higher,,20,Tuesday
2010-09-21 21:00:00,2.0068,2.0229,-0.0161,0.3147,0.1258,0.0602,False,False,False,False,False,0,none,False,higher,,21,Tuesday
2010-09-21 22:00:00,1.0307,1.0778,-0.0471,-0.5441,0.1485,-1.7461,False,False,False,False,False,0,none,False,lower,,22,Tuesday
2010-09-21 23:00:00,0.3404,0.3786,-0.0382,-1.0193,0.1809,-1.2252,False,False,False,False,False,0,none,False,lower,,23,Tuesday
2010-09-22 00:00:00,0.2854,0.298,-0.0126,-0.781,0.2001,0.2669,False,False,False,False,False,0,none,False,lower,,0,Wednesday
2010-09-22 01:00:00,0.3054,0.3441,-0.0387,-0.4511,0.2015,-1.2539,False,False,False,False,False,0,none,False,lower,,1,Wednesday
2010-09-22 02:00:00,0.3271,0.3537,-0.0266,-0.3917,0.2095,-0.5511,False,False,False,False,False,0,none,False,lower,,2,Wednesday
2010-09-22 03:00:00,0.2604,0.295,-0.0346,-0.4327,0.1984,-1.0148,False,False,False,False,False,0,none,False,lower,,3,Wednesday
2010-09-22 04:00:00,0.7687,0.7825,-0.0138,0.9068,0.1697,0.1991,False,False,False,False,True,0,none,False,higher,,4,Wednesday
2010-09-22 05:00:00,0.394,0.4368,-0.0428,-0.0742,0.1833,-1.4941,False,False,False,False,False,0,none,False,lower,,5,Wednesday
2010-09-22 06:00:00,0.5784,0.572,0.0064,-0.0704,0.1816,1.3753,False,False,False,False,False,0,none,False,lower,,6,Wednesday
2010-09-22 07:00:00,2.0355,2.0294,0.0061,1.0868,0.0765,1.3578,False,False,False,False,False,0,none,False,higher,,7,Wednesday
2010-09-22 08:00:00,1.8892,1.8996,-0.0104,1.5022,0.1314,0.3948,False,False,False,False,False,0,none,False,higher,,8,Wednesday
2010-09-22 09:00:00,1.8499,1.8367,0.0132,1.69,0.1445,1.7732,False,False,False,False,False,0,none,False,higher,,9,Wednesday
2010-09-22 10:00:00,1.5564,1.5773,-0.0209,1.5537,0.1653,-0.2151,False,False,False,False,False,0,none,False,higher,,10,Wednesday
2010-09-22 11:00:00,0.3938,0.4173,-0.0235,-0.9552,0.1393,-0.3663,False,False,False,False,False,0,none,False,lower,,11,Wednesday
2010-09-22 12:00:00,0.7273,0.7244,0.0029,-0.5155,0.1803,1.1685,False,False,False,False,False,0,none,False,lower,,12,Wednesday
2010-09-22 13:00:00,1.4375,1.4748,-0.0374,0.5493,0.1584,-1.1777,False,False,False,False,False,0,none,False,higher,,13,Wednesday
2010-09-22 14:00:00,0.3046,0.3526,-0.048,-0.9406,0.1344,-1.7944,False,False,False,False,False,0,none,False,lower,,14,Wednesday
2010-09-22 15:00:00,0.9953,1.0121,-0.0168,0.0517,0.1665,0.0245,False,False,False,False,False,0,none,False,higher,,15,Wednesday
2010-09-22 16:00:00,1.389,1.4088,-0.0197,0.8993,0.1737,-0.1486,False,False,False,False,False,0,none,False,higher,,16,Wednesday
2010-09-22 17:00:00,1.4524,1.4724,-0.02,0.9315,0.1803,-0.1618,False,False,False,False,False,0,none,False,higher,,17,Wednesday
2010-09-22 18:00:00,1.643,1.6551,-0.0121,0.8886,0.1585,0.298,False,False,False,False,False,0,none,False,higher,,18,Wednesday
2010-09-22 19:00:00,1.6807,1.6708,0.0099,0.5423,0.1619,1.5789,False,False,False,False,False,0,none,False,higher,,19,Wednesday
2010-09-22 20:00:00,2.1387,2.1655,-0.0268,0.5045,0.1309,-0.558,False,False,False,False,False,0,none,False,higher,,20,Wednesday
2010-09-22 21:00:00,1.5796,1.6116,-0.032,-0.3982,0.1544,-0.8643,False,False,False,False,False,0,none,False,lower,,21,Wednesday
2010-09-22 22:00:00,0.8024,0.8482,-0.0458,-0.972,0.1677,-1.6707,False,False,False,False,False,0,none,False,lower,,22,Wednesday
2010-09-22 23:00:00,0.3785,0.4333,-0.0548,-0.9226,0.1912,-2.1944,False,False,False,False,False,0,none,False,lower,,23,Wednesday
2010-09-23 00:00:00,0.3321,0.3589,-0.0268,-0.6281,0.1981,-0.561,False,False,False,False,False,0,none,False,lower,,0,Thursday
2010-09-23 01:00:00,0.4959,0.5102,-0.0143,0.2197,0.1951,0.1665,False,False,False,False,False,0,none,False,higher,,1,Thursday
2010-09-23 02:00:00,0.7034,0.7357,-0.0323,0.5611,0.1936,-0.8796,False,False,False,False,False,0,none,False,higher,,2,Thursday
2010-09-23 03:00:00,0.2988,0.3258,-0.0269,-0.3275,0.1719,-0.5684,False,False,False,False,False,0,none,False,lower,,3,Thursday
2010-09-23 04:00:00,0.2033,0.2353,-0.032,-0.7732,0.1786,-0.8618,False,False,False,False,False,0,none,False,lower,,4,Thursday
2010-09-23 05:00:00,0.2656,0.2917,-0.0261,-0.5469,0.1857,-0.5174,False,False,False,False,False,0,none,False,lower,,5,Thursday
2010-09-23 06:00:00,0.7314,0.6906,0.0407,0.4222,0.1779,3.3754,False,False,False,False,False,0,none,False,higher,,6,Thursday
2010-09-23 07:00:00,2.5547,2.5444,0.0103,1.8109,0.05,1.6012,False,False,False,False,False,0,none,False,higher,,7,Thursday
2010-09-23 08:00:00,1.9102,1.9094,0.0008,1.5401,0.1322,1.0495,False,False,False,False,False,0,none,False,higher,,8,Thursday
2010-09-23 09:00:00,1.4232,1.4281,-0.005,0.7451,0.1722,0.7123,False,False,False,False,False,0,none,False,higher,,9,Thursday
2010-09-23 10:00:00,1.8185,1.8017,0.0168,1.9599,0.1577,1.9783,False,False,False,False,False,0,none,False,higher,,10,Thursday
2010-09-23 11:00:00,0.8201,0.8472,-0.0272,-0.2608,0.149,-0.5825,False,False,False,False,False,0,none,False,lower,,11,Thursday
2010-09-23 12:00:00,1.5701,1.5807,-0.0106,0.6572,0.1595,0.3858,False,False,False,False,False,0,none,False,higher,,12,Thursday
2010-09-23 13:00:00,1.4991,1.5241,-0.025,0.5958,0.1835,-0.4564,False,False,False,False,False,0,none,False,higher,,13,Thursday
2010-09-23 14:00:00,1.4012,1.4224,-0.0212,0.5033,0.1816,-0.2356,False,False,False,False,False,0,none,False,higher,,14,Thursday
2010-09-23 15:00:00,0.6157,0.6703,-0.0547,-0.5465,0.158,-2.1854,False,False,False,False,False,0,none,False,lower,,15,Thursday
2010-09-23 16:00:00,0.3339,0.3758,-0.0419,-0.8192,0.1638,-1.4387,False,False,False,False,False,0,none,False,lower,,16,Thursday
2010-09-23 17:00:00,0.3684,0.4013,-0.0328,-0.9043,0.1827,-0.9125,False,False,False,False,False,0,none,False,lower,,17,Thursday
2010-09-23 18:00:00,0.6257,0.6609,-0.0352,-0.8025,0.1812,-1.0495,False,False,False,False,False,0,none,False,lower,,18,Thursday
2010-09-23 19:00:00,1.201,1.1996,0.0015,-0.1446,0.1696,1.0874,False,False,False,False,False,0,none,False,lower,,19,Thursday
2010-09-23 20:00:00,0.9679,0.9939,-0.0259,-1.2957,0.1865,-0.5098,False,False,False,False,False,0,none,False,lower,,20,Thursday
2010-09-23 21:00:00,2.0422,2.07,-0.0277,0.3064,0.1136,-0.615,False,False,False,False,False,0,none,False,higher,,21,Thursday
2010-09-23 22:00:00,1.0331,1.0556,-0.0225,-0.5227,0.1595,-0.3119,False,False,False,False,False,0,none,False,lower,,22,Thursday
2010-09-23 23:00:00,0.9488,0.9783,-0.0294,0.524,0.1988,-0.7145,False,False,False,False,False,0,none,False,higher,,23,Thursday
2010-09-24 00:00:00,0.4999,0.5369,-0.037,-0.0898,0.1886,-1.1541,False,False,False,False,False,0,none,False,lower,,0,Friday
2010-09-24 01:00:00,0.3203,0.354,-0.0337,-0.4255,0.2009,-0.9643,False,False,False,False,False,0,none,False,lower,,1,Friday
2010-09-24 02:00:00,0.3142,0.3401,-0.0259,-0.4544,0.2087,-0.5077,False,False,False,False,False,0,none,False,lower,,2,Friday
2010-09-24 03:00:00,0.2668,0.2934,-0.0266,-0.4087,0.1991,-0.5472,False,False,False,False,False,0,none,False,lower,,3,Friday
2010-09-24 04:00:00,0.2029,0.2336,-0.0307,-0.753,0.1874,-0.7864,False,False,False,False,False,0,none,False,lower,,4,Friday
2010-09-24 05:00:00,0.7953,0.813,-0.0177,1.4929,0.1767,-0.0332,False,False,False,False,True,0,none,False,higher,,5,Friday
2010-09-24 06:00:00,0.7828,0.8075,-0.0248,0.5568,0.1934,-0.4427,False,False,False,False,False,0,none,False,higher,,6,Friday
2010-09-24 07:00:00,2.1367,2.111,0.0257,1.0469,0.0972,2.4986,False,False,False,False,False,0,none,False,higher,,7,Friday
2010-09-24 08:00:00,1.4683,1.4998,-0.0315,0.38,0.157,-0.8351,False,False,False,False,False,0,none,False,higher,,8,Friday
2010-09-24 09:00:00,1.3575,1.3878,-0.0302,0.5597,0.1893,-0.7608,False,False,False,False,False,0,none,False,higher,,9,Friday
2010-09-24 10:00:00,1.2882,1.3251,-0.0369,0.7491,0.1895,-1.152,False,False,False,False,False,0,none,False,higher,,10,Friday
2010-09-24 11:00:00,0.3958,0.4387,-0.0429,-1.017,0.1514,-1.5009,False,False,False,False,False,0,none,False,lower,,11,Friday
2010-09-24 12:00:00,0.5887,0.6254,-0.0367,-0.8021,0.1862,-1.1395,False,False,False,False,False,0,none,False,lower,,12,Friday
2010-09-24 13:00:00,0.8107,0.8312,-0.0205,-0.566,0.1952,-0.196,False,False,False,False,False,0,none,False,lower,,13,Friday
2010-09-24 14:00:00,0.9828,0.9899,-0.007,-0.0984,0.1846,0.5915,False,False,False,False,False,0,none,False,lower,,14,Friday
2010-09-24 15:00:00,0.2649,0.306,-0.0411,-1.0966,0.1619,-1.394,False,False,False,False,False,0,none,False,lower,,15,Friday
2010-09-24 16:00:00,0.6632,0.6825,-0.0193,-0.3026,0.1853,-0.1243,False,False,False,False,False,0,none,False,lower,,16,Friday
2010-09-24 17:00:00,0.7355,0.7948,-0.0593,-0.3056,0.1984,-2.4547,False,False,False,False,False,0,none,False,lower,,17,Friday
2010-09-24 18:00:00,0.8365,0.823,0.0135,-0.4382,0.1898,1.7887,False,False,False,False,False,0,none,False,lower,,18,Friday
2010-09-24 19:00:00,2.0984,2.0697,0.0287,1.0358,0.0919,2.6769,False,False,False,False,False,0,none,False,higher,,19,Friday
2010-09-24 20:00:00,2.2476,2.2799,-0.0323,0.6241,0.1194,-0.8822,False,False,False,False,False,0,none,False,higher,,20,Friday
2010-09-24 21:00:00,1.5724,1.6007,-0.0284,-0.5173,0.1459,-0.6515,False,False,False,False,False,0,none,False,lower,,21,Friday
2010-09-24 22:00:00,1.0882,1.1373,-0.0491,-0.4984,0.182,-1.8601,False,False,False,False,False,0,none,False,lower,,22,Friday
2010-09-24 23:00:00,0.4157,0.4703,-0.0546,-0.7751,0.1833,-2.1822,False,False,False,False,False,0,none,False,lower,,23,Friday
2010-09-25 00:00:00,0.3555,0.3702,-0.0147,-0.5291,0.147,0.1471,False,False,False,False,False,0,none,False,lower,,0,Saturday
2010-09-25 01:00:00,0.9487,0.9724,-0.0237,1.7928,0.1217,-0.3802,False,False,False,False,False,0,none,False,higher,,1,Saturday
2010-09-25 02:00:00,0.238,0.251,-0.013,-0.6439,0.117,0.2438,False,False,False,False,False,0,none,False,lower,,2,Saturday
2010-09-25 03:00:00,0.2406,0.2664,-0.0258,-0.468,0.1454,-0.5045,False,False,False,False,False,0,none,False,lower,,3,Saturday
2010-09-28 22:00:00,1.0706,1.1214,-0.0508,-0.5241,0.1616,-1.9599,False,False,False,False,False,0,none,False,lower,,22,Tuesday
2010-09-28 23:00:00,0.9712,1.0054,-0.0341,0.601,0.1982,-0.988,False,False,False,False,False,0,none,False,higher,,23,Tuesday
2010-09-29 00:00:00,0.906,0.9232,-0.0172,1.1541,0.2022,0.0014,False,False,False,False,False,0,none,False,higher,,0,Wednesday
2010-09-29 01:00:00,0.7262,0.7634,-0.0372,0.8885,0.2023,-1.1671,False,False,False,False,False,0,none,False,higher,,1,Wednesday
2010-09-29 02:00:00,0.8464,0.8531,-0.0067,0.8935,0.2003,0.6117,False,False,False,False,True,0,none,False,higher,,2,Wednesday
2010-09-29 03:00:00,0.5398,0.58,-0.0402,0.317,0.1912,-1.3409,False,False,False,False,False,0,none,False,higher,,3,Wednesday
2010-09-29 04:00:00,0.3546,0.3845,-0.03,-0.2206,0.201,-0.7446,False,False,False,False,False,0,none,False,lower,,4,Wednesday
2010-09-29 05:00:00,0.3658,0.3945,-0.0287,-0.2126,0.208,-0.6744,False,False,False,False,False,0,none,False,lower,,5,Wednesday
2010-09-29 06:00:00,0.7652,0.7615,0.0038,0.4483,0.1792,1.2205,False,False,False,False,False,0,none,False,higher,,6,Wednesday
2010-09-29 07:00:00,2.4926,2.4803,0.0123,1.4979,0.0468,1.7183,False,False,False,False,False,0,none,False,higher,,7,Wednesday
2010-09-29 08:00:00,1.5999,1.634,-0.0341,0.6727,0.1367,-0.9862,False,False,False,False,False,0,none,False,higher,,8,Wednesday
2010-09-29 09:00:00,1.5773,1.6031,-0.0258,1.0576,0.179,-0.5031,False,False,False,False,False,0,none,False,higher,,9,Wednesday
2010-09-29 10:00:00,1.4527,1.4739,-0.0212,1.099,0.1856,-0.2325,False,False,False,False,False,0,none,False,higher,,10,Wednesday
2010-09-29 11:00:00,1.4237,1.4908,-0.0671,0.8016,0.1899,-2.9115,False,False,False,False,False,0,none,False,higher,,11,Wednesday
2010-09-29 12:00:00,1.052,1.0985,-0.0466,-0.0585,0.1908,-1.7137,False,False,False,False,False,0,none,False,lower,,12,Wednesday
2010-09-29 13:00:00,0.396,0.4442,-0.0483,-1.1956,0.171,-1.8127,False,False,False,False,False,0,none,False,lower,,13,Wednesday
2010-09-29 14:00:00,1.1739,1.1808,-0.0069,0.292,0.1565,0.5993,False,False,False,False,False,0,none,False,higher,,14,Wednesday
2010-09-29 15:00:00,1.6014,1.6326,-0.0312,1.1234,0.1646,-0.8163,False,False,False,False,False,0,none,False,higher,,15,Wednesday
2010-09-29 16:00:00,1.4675,1.4872,-0.0197,0.9649,0.1765,-0.1474,False,False,False,False,False,0,none,False,higher,,16,Wednesday
2010-09-29 17:00:00,1.418,1.4526,-0.0346,0.9053,0.1768,-1.0147,False,False,False,False,False,0,none,False,higher,,17,Wednesday
2010-09-29 18:00:00,1.231,1.2781,-0.0471,0.356,0.1727,-1.7426,False,False,False,False,False,0,none,False,higher,,18,Wednesday
2010-09-29 19:00:00,0.9261,0.938,-0.0119,-0.5583,0.1812,0.3071,False,False,False,False,False,0,none,False,lower,,19,Wednesday
2010-09-29 20:00:00,1.7861,1.7738,0.0122,-0.1169,0.1387,1.7139,False,False,False,False,False,0,none,False,lower,,20,Wednesday
2010-09-29 21:00:00,1.5103,1.5367,-0.0264,-0.5774,0.1645,-0.5399,False,False,False,False,False,0,none,False,lower,,21,Wednesday
2010-09-29 22:00:00,1.3882,1.3717,0.0165,-0.0023,0.1741,1.9654,False,False,False,False,False,0,none,False,lower,,22,Wednesday
2010-09-29 23:00:00,1.0733,1.1249,-0.0516,0.8039,0.1802,-2.0066,False,False,False,False,False,0,none,False,higher,,23,Wednesday
2010-09-30 00:00:00,0.4951,0.5264,-0.0313,-0.1135,0.1758,-0.8232,False,False,False,False,False,0,none,False,lower,,0,Thursday
2010-09-30 01:00:00,0.6156,0.6378,-0.0222,0.4709,0.1916,-0.2946,False,False,False,False,False,0,none,False,higher,,1,Thursday
2010-09-30 02:00:00,0.6082,0.6273,-0.0191,0.2479,0.2013,-0.1106,False,False,False,False,False,0,none,False,higher,,2,Thursday
2010-09-30 03:00:00,0.4978,0.5355,-0.0377,0.1916,0.1951,-1.1976,False,False,False,False,False,0,none,False,higher,,3,Thursday
2010-09-30 04:00:00,0.5483,0.5796,-0.0313,0.3939,0.1932,-0.822,False,False,False,False,False,0,none,False,higher,,4,Thursday
2010-09-30 05:00:00,0.4808,0.5146,-0.0338,0.3178,0.19,-0.9673,False,False,False,False,False,0,none,False,higher,,5,Thursday
2010-09-30 06:00:00,0.9968,0.9828,0.0141,1.2266,0.1667,1.8212,False,False,False,False,False,0,none,False,higher,,6,Thursday
2010-09-30 07:00:00,2.6384,2.6125,0.0258,1.6248,0.0459,2.5079,False,False,False,False,False,0,none,False,higher,,7,Thursday
2010-09-30 08:00:00,1.6083,1.6584,-0.0501,0.648,0.1322,-1.9177,False,False,False,False,False,0,none,False,higher,,8,Thursday
2010-09-30 09:00:00,1.3473,1.3861,-0.0388,0.5058,0.1836,-1.261,False,False,False,False,False,0,none,False,higher,,9,Thursday
2010-09-30 10:00:00,1.4476,1.4663,-0.0187,1.015,0.1836,-0.0864,False,False,False,False,False,0,none,False,higher,,10,Thursday
2010-09-30 11:00:00,1.148,1.1965,-0.0485,0.3354,0.1884,-1.8237,False,False,False,False,False,0,none,False,higher,,11,Thursday
2010-09-30 12:00:00,0.5352,0.5592,-0.024,-0.8245,0.1631,-0.3988,False,False,False,False,False,0,none,False,lower,,12,Thursday
2010-09-30 13:00:00,0.5711,0.6018,-0.0307,-0.8421,0.1834,-0.788,False,False,False,False,False,0,none,False,lower,,13,Thursday
2010-09-30 14:00:00,0.6651,0.6956,-0.0306,-0.4693,0.1843,-0.7808,False,False,False,False,False,0,none,False,lower,,14,Thursday
2010-09-30 15:00:00,0.6374,0.6845,-0.0471,-0.4464,0.1949,-1.7429,False,False,False,False,False,0,none,False,lower,,15,Thursday
2010-09-30 16:00:00,0.4539,0.4898,-0.0359,-0.6217,0.1915,-1.094,False,False,False,False,False,0,none,False,lower,,16,Thursday
2010-09-30 17:00:00,0.6844,0.7165,-0.0321,-0.3279,0.1947,-0.8712,False,False,False,False,False,0,none,False,lower,,17,Thursday
2010-09-30 18:00:00,2.0233,2.0119,0.0115,1.8721,0.0973,1.6701,False,False,False,False,False,0,none,False,higher,,18,Thursday
2010-09-30 19:00:00,0.7304,0.7979,-0.0675,-0.8187,0.1346,-2.9341,False,False,False,False,False,0,none,False,lower,,19,Thursday
2010-09-30 20:00:00,0.4445,0.4862,-0.0416,-2.4297,0.1829,-1.4265,False,False,False,False,False,0,none,False,lower,,20,Thursday
2010-09-30 21:00:00,0.3502,0.3892,-0.0391,-2.8869,0.1921,-1.2756,False,False,False,False,False,0,none,False,lower,,21,Thursday
2010-09-30 22:00:00,0.4572,0.4718,-0.0147,-1.8475,0.1949,0.1467,False,False,False,False,False,0,none,False,lower,,22,Thursday
2010-09-30 23:00:00,0.8196,0.8712,-0.0515,0.1655,0.1878,-2.0035,False,False,False,False,False,0,none,False,higher,,23,Thursday
2010-10-01 00:00:00,0.4665,0.4806,-0.014,-0.1926,0.1998,0.1828,False,False,False,False,False,0,none,False,lower,,0,Friday
2010-10-01 01:00:00,0.4645,0.4602,0.0043,-0.0423,0.2117,1.2496,False,False,False,False,False,0,none,False,lower,,1,Friday
2010-10-01 02:00:00,0.3935,0.408,-0.0145,-0.308,0.2162,0.1575,False,False,False,False,False,0,none,False,lower,,2,Friday
2010-10-01 03:00:00,1.154,1.1615,-0.0075,1.8683,0.1544,0.563,False,False,False,True,True,0,none,False,higher,,3,Friday
2010-10-01 04:00:00,0.2984,0.3137,-0.0152,-0.4338,0.1547,0.1127,False,False,False,False,False,0,none,False,lower,,4,Friday
2010-10-01 05:00:00,0.3477,0.3648,-0.0171,-0.1522,0.2032,0.0022,False,False,False,False,False,0,none,False,lower,,5,Friday
2010-10-01 06:00:00,0.7349,0.7127,0.0222,0.2053,0.1793,2.2931,False,False,False,False,False,0,none,False,higher,,6,Friday
2010-10-01 07:00:00,2.3709,2.3354,0.0355,1.1258,0.0536,3.0721,False,False,False,False,False,0,none,False,higher,,7,Friday
2010-10-01 08:00:00,1.4534,1.4707,-0.0173,0.154,0.1393,-0.006,False,False,False,False,False,0,none,False,higher,,8,Friday
2010-10-01 09:00:00,0.4616,0.4917,-0.0301,-1.4671,0.1453,-0.7535,False,False,False,False,False,0,none,False,lower,,9,Friday
2010-10-01 10:00:00,0.4331,0.4335,-0.0005,-0.9919,0.186,0.9752,False,False,False,False,False,0,none,False,lower,,10,Friday
2010-10-01 11:00:00,1.5201,1.5192,0.0009,1.0114,0.1242,1.0526,False,False,False,False,False,0,none,False,higher,,11,Friday
2010-10-01 12:00:00,2.4494,2.4117,0.0376,2.7762,0.0728,3.1949,False,False,False,False,False,0,none,False,higher,,12,Friday
2010-10-01 13:00:00,1.7682,1.751,0.0171,1.4017,0.1365,2.0006,False,False,False,False,False,0,none,False,higher,,13,Friday
2010-10-01 14:00:00,1.4743,1.4763,-0.002,0.9073,0.1698,0.8821,False,False,False,False,False,0,none,False,higher,,14,Friday
2010-10-01 15:00:00,1.0448,1.0401,0.0046,0.2981,0.1838,1.2725,False,False,False,False,False,0,none,False,higher,,15,Friday
2010-10-01 16:00:00,1.7118,1.7399,-0.0281,1.4426,0.1485,-0.6369,False,False,False,False,False,0,none,False,higher,,16,Friday
2010-10-01 17:00:00,0.3544,0.3761,-0.0217,-0.8739,0.124,-0.2641,False,False,False,False,False,0,none,False,lower,,17,Friday
2010-10-01 18:00:00,0.5629,0.5662,-0.0033,-0.8962,0.1879,0.8121,False,False,False,False,False,0,none,False,lower,,18,Friday
2010-10-01 19:00:00,1.1308,1.1395,-0.0086,-0.1727,0.1702,0.4976,False,False,False,False,False,0,none,False,lower,,19,Friday
2010-10-01 20:00:00,0.7975,0.8161,-0.0186,-1.5844,0.1851,-0.0835,False,False,False,False,False,0,none,False,lower,,20,Friday
2010-10-01 21:00:00,2.1828,2.1538,0.029,0.6905,0.0923,2.693,False,False,False,False,False,0,none,False,higher,,21,Friday
2010-10-01 22:00:00,0.6092,0.6292,-0.02,-1.4029,0.1192,-0.1621,False,False,False,False,False,0,none,False,lower,,22,Friday
2010-10-01 23:00:00,0.8958,0.8857,0.0101,0.3315,0.187,1.5877,False,False,False,False,False,0,none,False,higher,,23,Friday
2010-10-02 00:00:00,0.3652,0.3608,0.0044,-0.502,0.1257,1.2603,False,False,False,False,False,0,none,False,lower,,0,Saturday
2010-10-02 01:00:00,0.899,0.8467,0.0522,1.3756,0.1241,4.0477,False,False,False,False,False,0,none,False,higher,,1,Saturday
2010-10-02 02:00:00,0.3085,0.3245,-0.016,-0.527,0.1246,0.0688,False,False,False,False,False,0,none,False,lower,,2,Saturday
2010-10-02 03:00:00,0.9448,0.9467,-0.0019,1.1807,0.1136,0.8925,False,False,False,False,True,0,none,False,higher,,3,Saturday
2010-10-02 04:00:00,0.3614,0.3534,0.0079,-0.2347,0.1269,1.4644,False,False,False,False,False,0,none,False,lower,,4,Saturday
2010-10-02 05:00:00,0.4222,0.4288,-0.0066,0.1999,0.153,0.618,False,False,False,False,False,0,none,False,higher,,5,Saturday
2010-10-02 06:00:00,0.8282,0.7954,0.0328,0.5032,0.1317,2.9126,False,False,False,False,False,0,none,False,higher,,6,Saturday
2010-10-02 07:00:00,2.1752,2.1658,0.0094,0.7514,0.0444,1.5471,False,False,False,False,False,0,none,False,higher,,7,Saturday
2010-10-02 08:00:00,1.8115,1.826,-0.0145,1.1865,0.1054,0.1548,False,False,False,False,False,0,none,False,higher,,8,Saturday
2010-10-02 09:00:00,0.4921,0.5235,-0.0314,-1.3067,0.0855,-0.83,False,False,False,False,False,0,none,False,lower,,9,Saturday
2010-10-02 10:00:00,0.417,0.4298,-0.0128,-0.9754,0.1348,0.2576,False,False,False,False,False,0,none,False,lower,,10,Saturday
2010-10-02 11:00:00,0.8097,0.8033,0.0064,-0.2212,0.1315,1.3747,False,False,False,False,False,0,none,False,lower,,11,Saturday
2010-10-02 12:00:00,0.5983,0.6259,-0.0276,-0.6653,0.132,-0.6096,False,False,False,False,False,0,none,False,lower,,12,Saturday
2010-10-02 13:00:00,0.7486,0.7511,-0.0025,-0.4623,0.1455,0.858,False,False,False,False,False,0,none,False,lower,,13,Saturday
2010-10-02 14:00:00,1.8701,1.8549,0.0152,1.802,0.078,1.8848,False,False,False,False,False,0,none,False,higher,,14,Saturday
2010-10-02 15:00:00,2.1852,2.1608,0.0244,2.4391,0.0797,2.4238,False,False,False,False,False,0,none,False,higher,,15,Saturday
2010-10-02 16:00:00,1.9976,1.9849,0.0127,1.909,0.0917,1.7414,False,False,False,False,False,0,none,False,higher,,16,Saturday
2010-10-02 17:00:00,1.5548,1.562,-0.0072,1.2648,0.1112,0.5815,False,False,False,False,False,0,none,False,higher,,17,Saturday
2010-10-02 18:00:00,0.7697,0.7926,-0.0229,-0.5519,0.1147,-0.3331,False,False,False,False,False,0,none,False,lower,,18,Saturday
2010-10-02 19:00:00,1.5143,1.5039,0.0103,0.3942,0.1038,1.6044,False,False,False,False,False,0,none,False,higher,,19,Saturday
2010-10-02 20:00:00,3.9403,3.6688,0.2715,3.2066,-0.0449,16.8313,True,True,True,False,False,3,high,True,higher,"rolling_z,isolation_forest,residual",20,Saturday
2010-10-02 21:00:00,3.7497,3.5772,0.1725,3.5496,0.0013,11.0597,True,False,True,False,False,2,medium,True,higher,"rolling_z,residual",21,Saturday
2010-10-02 22:00:00,1.6859,1.7098,-0.0239,0.69,0.0463,-0.3921,False,False,False,False,False,0,none,False,higher,,22,Saturday
2010-10-02 23:00:00,1.6051,1.6271,-0.022,2.0526,0.1016,-0.2807,False,False,False,False,False,0,none,False,higher,,23,Saturday
2010-10-03 00:00:00,0.3721,0.3866,-0.0145,-0.4798,0.0651,0.1563,False,False,False,False,False,0,none,False,lower,,0,Sunday
2010-10-03 01:00:00,0.3647,0.3678,-0.0031,-0.443,0.1203,0.8199,False,False,False,False,False,0,none,False,lower,,1,Sunday
2010-10-03 02:00:00,0.4497,0.4551,-0.0055,-0.1727,0.1255,0.6825,False,False,False,False,False,0,none,False,lower,,2,Sunday
2010-10-03 03:00:00,0.4408,0.4469,-0.0061,-0.105,0.1329,0.6465,False,False,False,False,False,0,none,False,lower,,3,Sunday
2010-10-03 04:00:00,0.3455,0.3494,-0.0038,-0.2248,0.1239,0.7781,False,False,False,False,False,0,none,False,lower,,4,Sunday
2010-10-03 05:00:00,0.3833,0.3894,-0.0061,-0.0062,0.126,0.6441,False,False,False,False,False,0,none,False,lower,,5,Sunday
2010-10-03 06:00:00,0.3012,0.3128,-0.0116,-1.598,0.1135,0.3274,False,False,False,False,False,0,none,False,lower,,6,Sunday
2010-10-03 07:00:00,0.6125,0.6156,-0.003,-1.7898,0.1254,0.8249,False,False,False,False,False,0,none,False,lower,,7,Sunday
2010-10-03 08:00:00,1.1061,1.1149,-0.0088,-0.8658,0.1142,0.4898,False,False,False,False,False,0,none,False,lower,,8,Sunday
2010-10-03 09:00:00,2.2386,2.1359,0.1027,2.3736,0.0569,6.9908,False,False,True,False,False,1,low,False,higher,residual,9,Sunday
2010-10-03 10:00:00,2.414,2.3962,0.0179,2.7934,0.0542,2.0438,False,False,False,False,False,0,none,False,higher,,10,Sunday
2010-10-03 11:00:00,3.395,3.3602,0.0348,4.4117,-0.0154,3.0293,True,True,False,False,False,2,medium,True,higher,"rolling_z,isolation_forest",11,Sunday
2010-10-03 12:00:00,0.9116,0.951,-0.0394,-0.0897,0.0308,-1.2966,False,False,False,False,False,0,none,False,lower,,12,Sunday
2010-10-03 13:00:00,0.4968,0.5211,-0.0243,-0.9272,0.0831,-0.4132,False,False,False,False,False,0,none,False,lower,,13,Sunday
2010-10-03 14:00:00,1.9401,1.9049,0.0352,1.7657,0.0484,3.0539,False,False,False,False,False,0,none,False,higher,,14,Sunday
2010-10-03 15:00:00,1.2538,1.239,0.0148,0.587,0.1018,1.8656,False,False,False,False,False,0,none,False,higher,,15,Sunday
2010-10-03 16:00:00,0.9991,1.0293,-0.0302,0.1832,0.114,-0.7615,False,False,False,False,False,0,none,False,higher,,16,Sunday
2010-10-03 17:00:00,0.4816,0.5024,-0.0209,-0.648,0.0941,-0.2158,False,False,False,False,False,0,none,False,lower,,17,Sunday
2010-10-03 18:00:00,0.6803,0.6793,0.001,-0.6666,0.1058,1.0609,False,False,False,False,False,0,none,False,lower,,18,Sunday
2010-10-03 19:00:00,2.3236,2.2692,0.0544,1.5772,0.0388,4.1732,False,False,False,False,False,0,none,False,higher,,19,Sunday
2010-10-03 20:00:00,3.3895,3.2825,0.107,1.928,-0.0032,7.2411,False,True,True,False,False,2,medium,True,higher,"isolation_forest,residual",20,Sunday
2010-10-03 21:00:00,2.5302,2.4899,0.0403,0.9856,0.0426,3.3495,False,False,False,False,False,0,none,False,higher,,21,Sunday
2010-10-03 22:00:00,1.6654,1.6792,-0.0138,0.6116,0.0928,0.1982,False,False,False,False,False,0,none,False,higher,,22,Sunday
2010-10-03 23:00:00,1.4159,1.4223,-0.0064,1.404,0.1106,0.6296,False,False,False,False,False,0,none,False,higher,,23,Sunday
2010-10-04 00:00:00,0.9609,0.9791,-0.0182,1.2733,0.1644,-0.0596,False,False,False,False,False,0,none,False,higher,,0,Monday
2010-10-04 01:00:00,0.8806,0.8765,0.0041,1.2114,0.1744,1.2431,False,False,False,False,False,0,none,False,higher,,1,Monday
2010-10-04 02:00:00,0.8617,0.8585,0.0032,0.8447,0.1795,1.1906,False,False,False,False,True,0,none,False,higher,,2,Monday
2010-10-04 03:00:00,0.9168,0.9076,0.0092,1.0241,0.1637,1.5384,False,False,False,False,True,0,none,False,higher,,3,Monday
2010-10-04 04:00:00,0.8581,0.8588,-0.0007,1.6548,0.1653,0.9593,False,False,False,False,True,0,none,False,higher,,4,Monday
2010-10-04 05:00:00,0.8383,0.8479,-0.0096,2.2052,0.1599,0.4438,False,False,False,False,True,0,none,False,higher,,5,Monday
2010-10-04 06:00:00,1.1787,1.148,0.0307,1.7808,0.1332,2.7904,False,False,False,False,False,0,none,False,higher,,6,Monday
2010-10-04 07:00:00,2.6861,2.6283,0.0578,1.4837,0.0337,4.3691,False,False,False,False,False,0,none,False,higher,,7,Monday
2010-10-04 08:00:00,2.0933,2.0791,0.0142,1.9407,0.0863,1.8295,False,False,False,False,False,0,none,False,higher,,8,Monday
2010-10-04 09:00:00,2.0266,2.0057,0.0209,1.684,0.1097,2.2176,False,False,False,False,False,0,none,False,higher,,9,Monday
2010-10-04 10:00:00,1.3339,1.3579,-0.024,0.7011,0.1226,-0.395,False,False,False,False,False,0,none,False,higher,,10,Monday
2010-10-04 11:00:00,0.7102,0.6933,0.0168,-0.3504,0.1284,1.9826,False,False,False,False,False,0,none,False,lower,,11,Monday
2010-10-04 12:00:00,2.3163,2.2867,0.0296,2.4105,0.0562,2.7265,False,False,False,False,False,0,none,False,higher,,12,Monday
2010-10-04 13:00:00,0.7096,0.7339,-0.0243,-0.4444,0.0608,-0.4179,False,False,False,False,False,0,none,False,lower,,13,Monday
2010-10-04 14:00:00,0.5258,0.5426,-0.0167,-0.694,0.1335,0.0252,False,False,False,False,False,0,none,False,lower,,14,Monday
2010-10-04 15:00:00,0.3916,0.4237,-0.0321,-0.8382,0.1395,-0.8683,False,False,False,False,False,0,none,False,lower,,15,Monday
2010-10-04 16:00:00,0.3993,0.4218,-0.0225,-0.7314,0.1417,-0.3118,False,False,False,False,False,0,none,False,lower,,16,Monday
2010-10-04 17:00:00,0.4111,0.4327,-0.0216,-0.7221,0.1422,-0.2566,False,False,False,False,False,0,none,False,lower,,17,Monday
2010-10-04 18:00:00,1.7182,1.6664,0.0518,1.2703,0.0928,4.0232,False,False,False,False,False,0,none,False,higher,,18,Monday
2010-10-04 19:00:00,1.9817,1.9437,0.038,0.9602,0.1256,3.2165,False,False,False,False,False,0,none,False,higher,,19,Monday
2010-10-04 20:00:00,3.0398,2.9514,0.0885,1.3179,0.0344,6.159,False,False,True,False,False,1,low,False,higher,residual,20,Monday
2010-10-04 21:00:00,1.7197,1.7042,0.0155,-0.269,0.0936,1.9041,False,False,False,False,False,0,none,False,lower,,21,Monday
2010-10-04 22:00:00,0.5482,0.5807,-0.0325,-1.5918,0.1224,-0.8933,False,False,False,False,False,0,none,False,lower,,22,Monday
2010-10-04 23:00:00,0.493,0.5078,-0.0148,-0.8055,0.177,0.1378,False,False,False,False,False,0,none,False,lower,,23,Monday
2010-10-05 00:00:00,0.8594,0.8497,0.0097,0.8877,0.167,1.5674,False,False,False,False,False,0,none,False,higher,,0,Tuesday
2010-10-05 01:00:00,0.5624,0.5815,-0.0191,0.1217,0.181,-0.1102,False,False,False,False,False,0,none,False,higher,,1,Tuesday
2010-10-05 02:00:00,0.358,0.37,-0.012,-0.453,0.1855,0.2999,False,False,False,False,False,0,none,False,lower,,2,Tuesday
2010-10-05 03:00:00,0.3088,0.3191,-0.0103,-0.4703,0.1791,0.4029,False,False,False,False,False,0,none,False,lower,,3,Tuesday
2010-10-05 04:00:00,0.3718,0.3836,-0.0118,-0.1404,0.189,0.3124,False,False,False,False,False,0,none,False,lower,,4,Tuesday
2010-10-05 05:00:00,0.4307,0.4379,-0.0073,0.1102,0.1918,0.5781,False,False,False,False,False,0,none,False,higher,,5,Tuesday
2010-10-05 06:00:00,0.742,0.7119,0.0301,0.1103,0.1765,2.7565,False,False,False,False,False,0,none,False,higher,,6,Tuesday
2010-10-05 07:00:00,2.0004,1.9996,0.0008,0.3225,0.107,1.0508,False,False,False,False,False,0,none,False,higher,,7,Tuesday
2010-10-05 08:00:00,1.517,1.5254,-0.0084,0.2639,0.1662,0.5107,False,False,False,False,False,0,none,False,higher,,8,Tuesday
2010-10-05 09:00:00,1.8257,1.8083,0.0174,1.2361,0.1596,2.0175,False,False,False,False,False,0,none,False,higher,,9,Tuesday
2010-10-05 10:00:00,1.846,1.832,0.014,1.6475,0.1618,1.8182,False,False,False,False,False,0,none,False,higher,,10,Tuesday
2010-10-05 11:00:00,1.7279,1.7419,-0.014,1.1725,0.1727,0.1863,False,False,False,False,False,0,none,False,higher,,11,Tuesday
2010-10-05 12:00:00,1.7134,1.7369,-0.0236,1.206,0.1723,-0.3731,False,False,False,False,False,0,none,False,higher,,12,Tuesday
2010-10-05 13:00:00,1.4543,1.4559,-0.0017,1.0801,0.1817,0.9044,False,False,False,False,False,0,none,False,higher,,13,Tuesday
2010-10-05 14:00:00,2.0899,2.1196,-0.0297,2.0306,0.1259,-0.7277,False,False,False,False,False,0,none,False,higher,,14,Tuesday
2010-10-05 15:00:00,1.9053,1.8468,0.0585,1.6991,0.1451,4.4129,False,False,False,False,False,0,none,False,higher,,15,Tuesday
2010-10-05 16:00:00,1.0109,1.0622,-0.0513,0.2228,0.1411,-1.989,False,False,False,False,False,0,none,False,higher,,16,Tuesday
2010-10-05 17:00:00,0.6084,0.6203,-0.0119,-0.3605,0.1537,0.3064,False,False,False,False,False,0,none,False,lower,,17,Tuesday
2010-10-05 18:00:00,0.7722,0.7782,-0.006,-0.5636,0.1682,0.6493,False,False,False,False,False,0,none,False,lower,,18,Tuesday
2010-10-05 19:00:00,1.6627,1.636,0.0267,0.4341,0.1305,2.5592,False,False,False,False,False,0,none,False,higher,,19,Tuesday
2010-10-05 20:00:00,2.6547,2.5804,0.0743,0.799,0.0743,5.3349,False,False,False,False,False,0,none,False,higher,,20,Tuesday
2010-10-05 21:00:00,2.0592,2.0423,0.0169,0.2503,0.1154,1.9876,False,False,False,False,False,0,none,False,higher,,21,Tuesday
2010-10-05 22:00:00,1.4242,1.4439,-0.0197,0.1703,0.1508,-0.1455,False,False,False,False,False,0,none,False,higher,,22,Tuesday
2010-10-05 23:00:00,1.0051,1.0204,-0.0153,0.3961,0.1665,0.1113,False,False,False,False,False,0,none,False,higher,,23,Tuesday
2010-10-06 00:00:00,0.8751,0.882,-0.0069,0.8816,0.179,0.597,False,False,False,False,False,0,none,False,higher,,0,Wednesday
2010-10-06 01:00:00,0.6806,0.6828,-0.0023,0.4724,0.1771,0.8697,False,False,False,False,False,0,none,False,higher,,1,Wednesday
2010-10-06 02:00:00,0.9842,0.9697,0.0145,1.0922,0.1594,1.8488,False,False,False,False,True,0,none,False,higher,,2,Wednesday
2010-10-06 03:00:00,0.4594,0.4888,-0.0294,-0.114,0.1373,-0.7109,False,False,False,False,False,0,none,False,lower,,3,Wednesday
2010-10-06 04:00:00,0.3728,0.3869,-0.0141,-0.0995,0.1644,0.1797,False,False,False,False,False,0,none,False,lower,,4,Wednesday
2010-10-06 05:00:00,0.3991,0.4097,-0.0106,0.0597,0.1617,0.3852,False,False,False,False,False,0,none,False,higher,,5,Wednesday
2010-10-06 06:00:00,0.7513,0.7275,0.0238,0.1716,0.1479,2.3887,False,False,False,False,False,0,none,False,higher,,6,Wednesday
2010-10-06 07:00:00,2.5971,2.5424,0.0547,1.2217,0.0357,4.1914,False,False,False,False,False,0,none,False,higher,,7,Wednesday
2010-10-06 08:00:00,1.6357,1.6589,-0.0231,0.5756,0.1148,-0.3474,False,False,False,False,False,0,none,False,higher,,8,Wednesday
2010-10-06 09:00:00,1.5241,1.5348,-0.0107,0.65,0.1615,0.3792,False,False,False,False,False,0,none,False,higher,,9,Wednesday
2010-10-06 10:00:00,1.1807,1.2002,-0.0195,0.4254,0.1675,-0.1349,False,False,False,False,False,0,none,False,higher,,10,Wednesday
2010-10-06 11:00:00,0.5537,0.5679,-0.0141,-0.543,0.1457,0.1767,False,False,False,False,False,0,none,False,lower,,11,Wednesday
2010-10-06 12:00:00,0.8957,0.9059,-0.0102,-0.1162,0.1584,0.4086,False,False,False,False,False,0,none,False,lower,,12,Wednesday
2010-10-06 13:00:00,0.5153,0.5039,0.0114,-0.8265,0.1666,1.6655,False,False,False,False,False,0,none,False,lower,,13,Wednesday
2010-10-06 14:00:00,0.8987,0.9227,-0.0241,-0.1063,0.1688,-0.4015,False,False,False,False,False,0,none,False,lower,,14,Wednesday
2010-10-06 15:00:00,0.3355,0.3609,-0.0254,-0.9436,0.1647,-0.4808,False,False,False,False,False,0,none,False,lower,,15,Wednesday
2010-10-06 16:00:00,1.0197,1.0231,-0.0034,0.2001,0.162,0.8041,False,False,False,False,False,0,none,False,higher,,16,Wednesday
2010-10-06 17:00:00,0.6263,0.6632,-0.0369,-0.349,0.1797,-1.148,False,False,False,False,False,0,none,False,lower,,17,Wednesday
2010-10-06 18:00:00,0.8465,0.8293,0.0171,-0.466,0.1818,2.0,False,False,False,False,False,0,none,False,lower,,18,Wednesday
2010-10-06 19:00:00,0.5906,0.64,-0.0494,-1.1998,0.1829,-1.8803,False,False,False,False,False,0,none,False,lower,,19,Wednesday
2010-10-06 20:00:00,0.3264,0.3479,-0.0215,-1.9709,0.1791,-0.2522,False,False,False,False,False,0,none,False,lower,,20,Wednesday
2010-10-06 21:00:00,0.6318,0.6121,0.0197,-1.9795,0.187,2.1497,False,False,False,False,False,0,none,False,lower,,21,Wednesday
2010-10-06 22:00:00,2.0092,2.002,0.0072,1.374,0.0863,1.4233,False,False,False,False,False,0,none,False,higher,,22,Wednesday
2010-10-06 23:00:00,1.2147,1.2343,-0.0196,0.8647,0.1579,-0.1411,False,False,False,False,False,0,none,False,higher,,23,Wednesday
2010-10-07 00:00:00,1.0244,1.0486,-0.0243,1.2615,0.1938,-0.4128,False,False,False,False,False,0,none,False,higher,,0,Thursday
2010-10-07 01:00:00,0.3856,0.4029,-0.0173,-0.4867,0.1865,-0.0046,False,False,False,False,False,0,none,False,lower,,1,Thursday
2010-10-07 02:00:00,0.3897,0.4098,-0.0201,-0.414,0.216,-0.1724,False,False,False,False,False,0,none,False,lower,,2,Thursday
2010-10-07 03:00:00,0.3555,0.3684,-0.0129,-0.3698,0.2087,0.2499,False,False,False,False,False,0,none,False,lower,,3,Thursday
2010-10-07 04:00:00,0.3215,0.3403,-0.0188,-0.215,0.2065,-0.0964,False,False,False,False,False,0,none,False,lower,,4,Thursday
2010-10-07 05:00:00,0.4098,0.4205,-0.0107,0.1013,0.2032,0.378,False,False,False,False,False,0,none,False,higher,,5,Thursday
2010-10-07 06:00:00,1.0832,1.0489,0.0343,1.393,0.16,2.9999,False,False,False,False,False,0,none,False,higher,,6,Thursday
2010-10-07 07:00:00,1.9995,1.9939,0.0057,0.2366,0.1154,1.3315,False,False,False,False,False,0,none,False,higher,,7,Thursday
2010-10-07 08:00:00,1.6685,1.6802,-0.0117,0.6404,0.1583,0.3199,False,False,False,False,False,0,none,False,higher,,8,Thursday
2010-10-07 09:00:00,1.3728,1.3963,-0.0235,0.3339,0.1776,-0.3676,False,False,False,False,False,0,none,False,higher,,9,Thursday
2010-10-07 10:00:00,0.3074,0.3286,-0.0212,-1.0759,0.1368,-0.2342,False,False,False,False,False,0,none,False,lower,,10,Thursday
2010-10-07 11:00:00,2.0635,1.9614,0.102,1.6997,0.0699,6.9503,False,False,True,False,False,1,low,False,higher,residual,11,Thursday
2010-10-07 12:00:00,2.7403,2.7131,0.0273,2.8875,0.0579,2.5917,False,False,False,False,False,0,none,False,higher,,12,Thursday
2010-10-07 13:00:00,1.7775,1.7932,-0.0157,1.6768,0.1301,0.0858,False,False,False,False,False,0,none,False,higher,,13,Thursday
2010-10-07 14:00:00,1.4842,1.5028,-0.0185,0.9897,0.175,-0.0791,False,False,False,False,False,0,none,False,higher,,14,Thursday
2010-10-07 15:00:00,1.5586,1.5685,-0.0099,1.1016,0.1811,0.4233,False,False,False,False,False,0,none,False,higher,,15,Thursday
2010-10-07 16:00:00,0.8323,0.8753,-0.043,-0.1122,0.1692,-1.5025,False,False,False,False,False,0,none,False,lower,,16,Thursday
2010-10-07 17:00:00,0.3585,0.3948,-0.0363,-0.8398,0.1669,-1.1142,False,False,False,False,False,0,none,False,lower,,17,Thursday
2010-10-07 18:00:00,1.3071,1.2646,0.0425,0.4647,0.1372,3.4791,False,False,False,False,False,0,none,False,higher,,18,Thursday
2010-10-07 19:00:00,1.5182,1.4973,0.0209,0.2209,0.1686,2.2216,False,False,False,False,False,0,none,False,higher,,19,Thursday
2010-10-07 20:00:00,2.6653,2.6389,0.0264,0.8194,0.0703,2.5414,False,False,False,False,False,0,none,False,higher,,20,Thursday
2010-10-07 21:00:00,2.6906,2.7044,-0.0138,1.259,0.0801,0.1941,False,False,False,False,False,0,none,False,higher,,21,Thursday
2010-10-07 22:00:00,1.0739,1.0983,-0.0244,-0.4722,0.0962,-0.4193,False,False,False,False,False,0,none,False,lower,,22,Thursday
2010-10-07 23:00:00,0.7778,0.7966,-0.0188,-0.1862,0.1797,-0.0943,False,False,False,False,False,0,none,False,lower,,23,Thursday
2010-10-08 00:00:00,0.6089,0.626,-0.017,0.0141,0.1823,0.0095,False,False,False,False,False,0,none,False,higher,,0,Friday
2010-10-08 01:00:00,0.3701,0.3864,-0.0163,-0.5438,0.1718,0.052,False,False,False,False,False,0,none,False,lower,,1,Friday
2010-10-08 02:00:00,0.3442,0.3575,-0.0133,-0.5297,0.1838,0.2235,False,False,False,False,False,0,none,False,lower,,2,Friday
2010-10-08 03:00:00,0.3934,0.4089,-0.0155,-0.287,0.1776,0.0973,False,False,False,False,False,0,none,False,lower,,3,Friday
2010-10-08 04:00:00,0.3693,0.3847,-0.0154,-0.0312,0.1811,0.1019,False,False,False,False,False,0,none,False,lower,,4,Friday
2010-10-08 05:00:00,0.9103,0.9327,-0.0224,2.6913,0.1583,-0.3021,False,False,False,False,True,0,none,False,higher,,5,Friday
2010-10-08 06:00:00,1.2194,1.1754,0.044,1.8264,0.1545,3.5679,False,False,False,False,False,0,none,False,higher,,6,Friday
2010-10-08 07:00:00,2.5051,2.4917,0.0135,1.0392,0.0723,1.7868,False,False,False,False,False,0,none,False,higher,,7,Friday
2010-10-08 08:00:00,1.4522,1.4746,-0.0224,0.0434,0.1277,-0.3035,False,False,False,False,False,0,none,False,higher,,8,Friday
2010-10-08 09:00:00,1.4495,1.4603,-0.0108,0.4251,0.1727,0.3716,False,False,False,False,False,0,none,False,higher,,9,Friday
2010-10-08 10:00:00,1.1779,1.2089,-0.031,0.4534,0.1677,-0.8062,False,False,False,False,False,0,none,False,higher,,10,Friday
2010-10-08 11:00:00,0.8396,0.8512,-0.0116,-0.0997,0.1712,0.3257,False,False,False,False,False,0,none,False,lower,,11,Friday
2010-10-08 12:00:00,1.4639,1.4805,-0.0166,0.6357,0.1555,0.0316,False,False,False,False,False,0,none,False,higher,,12,Friday
2010-10-08 13:00:00,0.8123,0.853,-0.0407,-0.2535,0.1668,-1.3688,False,False,False,False,False,0,none,False,lower,,13,Friday
2010-10-08 14:00:00,0.5837,0.5997,-0.016,-0.5969,0.1791,0.0687,False,False,False,False,False,0,none,False,lower,,14,Friday
2010-10-08 15:00:00,0.538,0.5646,-0.0266,-0.5509,0.1916,-0.5521,False,False,False,False,False,0,none,False,lower,,15,Friday
2010-10-08 16:00:00,0.4584,0.4802,-0.0218,-0.6977,0.1875,-0.2686,False,False,False,False,False,0,none,False,lower,,16,Friday
2010-10-08 17:00:00,1.0036,1.027,-0.0234,0.3436,0.1759,-0.3617,False,False,False,False,False,0,none,False,higher,,17,Friday
2010-10-08 18:00:00,1.0515,1.0507,0.0008,-0.0576,0.1816,1.049,False,False,False,False,False,0,none,False,lower,,18,Friday
2010-10-08 19:00:00,1.6871,1.6389,0.0481,0.4576,0.148,3.8081,False,False,False,False,False,0,none,False,higher,,19,Friday
2010-10-08 20:00:00,2.4364,2.3845,0.0519,0.5061,0.101,4.0283,False,False,False,False,False,0,none,False,higher,,20,Friday
2010-10-08 21:00:00,2.3099,2.277,0.033,0.6491,0.1199,2.9244,False,False,False,False,False,0,none,False,higher,,21,Friday
2010-10-08 22:00:00,0.6566,0.7039,-0.0473,-1.2483,0.1116,-1.7538,False,False,False,False,False,0,none,False,lower,,22,Friday
2010-10-08 23:00:00,0.5327,0.5553,-0.0225,-0.785,0.1979,-0.3121,False,False,False,False,False,0,none,False,lower,,23,Friday
2010-10-09 00:00:00,0.5206,0.5244,-0.0038,-0.2267,0.1482,0.7827,False,False,False,False,False,0,none,False,lower,,0,Saturday
2010-10-09 01:00:00,0.462,0.467,-0.005,-0.2188,0.1537,0.7108,False,False,False,False,False,0,none,False,lower,,1,Saturday
2010-10-09 02:00:00,0.4481,0.4542,-0.0062,-0.2841,0.1558,0.6413,False,False,False,False,False,0,none,False,lower,,2,Saturday
2010-10-09 03:00:00,0.4321,0.4351,-0.003,-0.2023,0.156,0.8255,False,False,False,False,False,0,none,False,lower,,3,Saturday
2010-10-09 04:00:00,0.3717,0.3789,-0.0072,-0.0244,0.1543,0.5812,False,False,False,False,False,0,none,False,lower,,4,Saturday
2010-10-09 05:00:00,0.435,0.4405,-0.0055,0.0826,0.1528,0.6818,False,False,False,False,False,0,none,False,higher,,5,Saturday
2010-10-09 06:00:00,0.9831,0.9462,0.0369,1.106,0.1222,3.1553,False,False,False,False,False,0,none,False,higher,,6,Saturday
2010-10-09 07:00:00,2.27,2.265,0.0049,0.5804,0.0373,1.289,False,False,False,False,False,0,none,False,higher,,7,Saturday
2010-10-09 08:00:00,1.6212,1.626,-0.0049,0.4969,0.1019,0.7177,False,False,False,False,False,0,none,False,higher,,8,Saturday
2010-10-09 09:00:00,1.1514,1.1926,-0.0413,-0.1263,0.1207,-1.4043,False,False,False,False,False,0,none,False,lower,,9,Saturday
2010-10-09 10:00:00,0.4325,0.4431,-0.0106,-0.8352,0.1148,0.386,False,False,False,False,False,0,none,False,lower,,10,Saturday
2010-10-09 11:00:00,0.6497,0.694,-0.0443,-0.3986,0.1404,-1.5828,False,False,False,False,False,0,none,False,lower,,11,Saturday
2010-10-09 12:00:00,0.457,0.4662,-0.0092,-0.7987,0.13,0.4677,False,False,False,False,False,0,none,False,lower,,12,Saturday
2010-10-09 13:00:00,1.6798,1.6399,0.0399,1.4029,0.0748,3.3303,False,False,False,False,False,0,none,False,higher,,13,Saturday
2010-10-09 14:00:00,1.091,1.1044,-0.0134,0.2709,0.1255,0.2217,False,False,False,False,False,0,none,False,higher,,14,Saturday
2010-10-09 15:00:00,1.7416,1.7053,0.0362,1.5605,0.1067,3.1135,False,False,False,False,False,0,none,False,higher,,15,Saturday
2010-10-09 16:00:00,2.0009,1.9988,0.0021,1.8211,0.0977,1.1257,False,False,False,False,False,0,none,False,higher,,16,Saturday
2010-10-09 17:00:00,1.1673,1.1635,0.0038,0.9066,0.1093,1.2214,False,False,False,False,False,0,none,False,higher,,17,Saturday
2010-10-09 18:00:00,1.4581,1.4483,0.0098,0.7142,0.1171,1.571,False,False,False,False,False,0,none,False,higher,,18,Saturday
2010-10-09 19:00:00,1.998,2.0279,-0.0299,0.8825,0.0918,-0.7426,False,False,False,False,False,0,none,False,higher,,19,Saturday
2010-10-09 20:00:00,1.6389,1.6562,-0.0172,-0.4376,0.1151,-0.0038,False,False,False,False,False,0,none,False,lower,,20,Saturday
2010-10-09 21:00:00,1.7665,1.7808,-0.0143,-0.1646,0.1185,0.1661,False,False,False,False,False,0,none,False,lower,,21,Saturday
2010-10-09 22:00:00,1.3904,1.4255,-0.035,0.2718,0.1169,-1.0416,False,False,False,False,False,0,none,False,higher,,22,Saturday
2010-10-09 23:00:00,0.6962,0.7111,-0.0148,-0.3587,0.1274,0.1369,False,False,False,False,False,0,none,False,lower,,23,Saturday
2010-10-10 00:00:00,0.8864,0.8471,0.0393,0.7828,0.1315,3.2947,False,False,False,False,False,0,none,False,higher,,0,Sunday
2010-10-10 01:00:00,0.467,0.4827,-0.0157,-0.2169,0.1319,0.0836,False,False,False,False,False,0,none,False,lower,,1,Sunday
2010-10-10 02:00:00,0.5641,0.5624,0.0018,0.0007,0.147,1.1052,False,False,False,False,False,0,none,False,higher,,2,Sunday
2010-10-10 03:00:00,0.4411,0.4446,-0.0035,-0.1928,0.1468,0.795,False,False,False,False,False,0,none,False,lower,,3,Sunday
2010-10-10 04:00:00,0.6177,0.6142,0.0035,0.9246,0.1382,1.2039,False,False,False,False,True,0,none,False,higher,,4,Sunday
2010-10-10 05:00:00,0.4274,0.4345,-0.0071,0.0288,0.1349,0.585,False,False,False,False,False,0,none,False,higher,,5,Sunday
2010-10-10 06:00:00,0.4358,0.4393,-0.0035,-1.2735,0.1455,0.7984,False,False,False,False,False,0,none,False,lower,,6,Sunday
2010-10-10 07:00:00,0.7049,0.7026,0.0023,-2.0982,0.1377,1.1353,False,False,False,False,False,0,none,False,lower,,7,Sunday
2010-10-10 08:00:00,0.9307,0.93,0.0007,-1.3176,0.1342,1.0417,False,False,False,False,False,0,none,False,lower,,8,Sunday
2010-10-10 09:00:00,0.9249,0.954,-0.029,-0.5271,0.1435,-0.6901,False,False,False,False,False,0,none,False,lower,,9,Sunday
2010-10-10 10:00:00,0.8739,0.8718,0.0021,-0.082,0.1452,1.1246,False,False,False,False,False,0,none,False,lower,,10,Sunday
2010-10-10 11:00:00,2.3829,2.3441,0.0387,2.0936,0.0277,3.2594,False,False,False,False,False,0,none,False,higher,,11,Sunday
2010-10-10 12:00:00,2.1923,2.2054,-0.0131,1.6476,0.0792,0.2373,False,False,False,False,False,0,none,False,higher,,12,Sunday
2010-10-10 13:00:00,1.5574,1.562,-0.0046,1.0724,0.1123,0.7334,False,False,False,False,False,0,none,False,higher,,13,Sunday
2010-10-10 14:00:00,1.1002,1.1377,-0.0375,0.2448,0.1278,-1.182,False,False,False,False,False,0,none,False,higher,,14,Sunday
2010-10-10 15:00:00,0.5263,0.5325,-0.0062,-0.613,0.122,0.6372,False,False,False,False,False,0,none,False,lower,,15,Sunday
2010-10-10 16:00:00,0.997,1.0005,-0.0035,0.1458,0.1197,0.7977,False,False,False,False,False,0,none,False,higher,,16,Sunday
2010-10-10 17:00:00,1.6079,1.578,0.0299,1.8257,0.1095,2.7425,False,False,False,False,False,0,none,False,higher,,17,Sunday
2010-10-10 18:00:00,1.8291,1.7645,0.0646,1.3897,0.1078,4.766,False,False,False,False,False,0,none,False,higher,,18,Sunday
2010-10-10 19:00:00,3.4918,3.4687,0.0231,3.2711,-0.0169,2.3474,True,True,False,False,False,2,medium,True,higher,"rolling_z,isolation_forest",19,Sunday
2010-10-10 20:00:00,3.3115,3.2092,0.1023,1.4643,0.016,6.9684,False,False,True,False,False,1,low,False,higher,residual,20,Sunday
2010-10-10 21:00:00,3.9013,3.8509,0.0504,2.9355,-0.016,3.938,False,True,False,False,False,1,low,False,higher,isolation_forest,21,Sunday
2010-10-10 22:00:00,1.9866,2.005,-0.0184,1.4714,0.0372,-0.0692,False,False,False,False,False,0,none,False,higher,,22,Sunday
2010-10-10 23:00:00,1.1571,1.1691,-0.0121,0.724,0.0972,0.2979,False,False,False,False,False,0,none,False,higher,,23,Sunday
2010-10-11 00:00:00,0.5145,0.5321,-0.0176,-0.2595,0.1289,-0.0246,False,False,False,False,False,0,none,False,lower,,0,Monday
2010-10-11 01:00:00,0.4487,0.4514,-0.0027,-0.2744,0.1549,0.8444,False,False,False,False,False,0,none,False,lower,,1,Monday
2010-10-11 02:00:00,0.5647,0.5578,0.0069,-0.0188,0.1582,1.4021,False,False,False,False,False,0,none,False,lower,,2,Monday
2010-10-11 03:00:00,0.4429,0.4493,-0.0064,-0.2031,0.1559,0.6261,False,False,False,False,False,0,none,False,lower,,3,Monday
2010-10-11 04:00:00,0.5549,0.5538,0.0011,0.6329,0.1561,1.0662,False,False,False,False,False,0,none,False,higher,,4,Monday
2010-10-11 05:00:00,0.8807,0.867,0.0137,2.1599,0.1467,1.7995,False,False,False,False,True,0,none,False,higher,,5,Monday
2010-10-11 06:00:00,0.9417,0.9228,0.0189,0.8883,0.1536,2.1043,False,False,False,False,False,0,none,False,higher,,6,Monday
2010-10-11 07:00:00,2.3788,2.3199,0.0589,0.7526,0.0583,4.4369,False,False,False,False,False,0,none,False,higher,,7,Monday
2010-10-11 08:00:00,1.6553,1.6548,0.0005,0.6139,0.1075,1.0308,False,False,False,False,False,0,none,False,higher,,8,Monday
2010-10-11 09:00:00,1.632,1.6213,0.0107,0.8149,0.1319,1.6254,False,False,False,False,False,0,none,False,higher,,9,Monday
2010-10-11 10:00:00,1.0574,1.0809,-0.0235,0.2019,0.1157,-0.367,False,False,False,False,False,0,none,False,higher,,10,Monday
2010-10-11 11:00:00,0.4408,0.4536,-0.0127,-0.7321,0.0968,0.2598,False,False,False,False,False,0,none,False,lower,,11,Monday
2010-10-11 12:00:00,0.658,0.6766,-0.0187,-0.5659,0.1317,-0.0868,False,False,False,False,False,0,none,False,lower,,12,Monday
2010-10-11 13:00:00,0.5452,0.5768,-0.0316,-0.8609,0.1451,-0.8378,False,False,False,False,False,0,none,False,lower,,13,Monday
2010-10-11 14:00:00,1.0427,1.0681,-0.0254,0.105,0.1396,-0.482,False,False,False,False,False,0,none,False,higher,,14,Monday
2010-10-11 15:00:00,0.6157,0.6423,-0.0266,-0.4679,0.139,-0.5516,False,False,False,False,False,0,none,False,lower,,15,Monday
2010-10-11 16:00:00,0.4349,0.4642,-0.0293,-0.7316,0.1412,-0.7075,False,False,False,False,False,0,none,False,lower,,16,Monday
2010-10-11 17:00:00,0.9639,0.9879,-0.024,0.318,0.1486,-0.3985,False,False,False,False,False,0,none,False,higher,,17,Monday
2010-10-11 18:00:00,0.7316,0.7294,0.0022,-0.7071,0.1605,1.1297,False,False,False,False,False,0,none,False,lower,,18,Monday
2010-10-11 19:00:00,3.0932,2.9801,0.113,2.169,-0.0028,7.5904,False,True,True,False,False,2,medium,True,higher,"isolation_forest,residual",19,Monday
2010-10-11 20:00:00,2.2856,2.2673,0.0182,0.2436,0.094,2.0636,False,False,False,False,False,0,none,False,higher,,20,Monday
2010-10-11 21:00:00,3.043,2.9709,0.0721,1.4698,0.0446,5.205,False,False,False,False,False,0,none,False,higher,,21,Monday
2010-10-11 22:00:00,1.514,1.5084,0.0056,0.4299,0.1031,1.3282,False,False,False,False,False,0,none,False,higher,,22,Monday
2010-10-11 23:00:00,0.603,0.6458,-0.0428,-0.6127,0.1643,-1.493,False,False,False,False,False,0,none,False,lower,,23,Monday
2010-10-12 00:00:00,0.3945,0.4101,-0.0156,-0.6226,0.1933,0.0934,False,False,False,False,False,0,none,False,lower,,0,Tuesday
2010-10-12 01:00:00,0.3976,0.4205,-0.0229,-0.4021,0.1988,-0.3321,False,False,False,False,False,0,none,False,lower,,1,Tuesday
2010-10-12 02:00:00,0.4686,0.4833,-0.0146,-0.2667,0.2016,0.1484,False,False,False,False,False,0,none,False,lower,,2,Tuesday
2010-10-12 03:00:00,0.3375,0.3596,-0.0221,-0.4674,0.1909,-0.2882,False,False,False,False,False,0,none,False,lower,,3,Tuesday
2010-10-12 04:00:00,0.3338,0.3612,-0.0273,-0.2573,0.1987,-0.5926,False,False,False,False,False,0,none,False,lower,,4,Tuesday
2010-10-12 05:00:00,0.4511,0.4671,-0.0159,0.0948,0.1927,0.0726,False,False,False,False,False,0,none,False,higher,,5,Tuesday
2010-10-12 06:00:00,1.1302,1.125,0.0051,1.6404,0.1594,1.3009,False,False,False,False,False,0,none,False,higher,,6,Tuesday
2010-10-12 07:00:00,2.5199,2.4731,0.0468,0.9384,0.0681,3.7289,False,False,False,False,False,0,none,False,higher,,7,Tuesday
2010-10-12 08:00:00,1.7209,1.7449,-0.024,0.753,0.1385,-0.3983,False,False,False,False,False,0,none,False,higher,,8,Tuesday
2010-10-12 09:00:00,1.7519,1.7396,0.0123,0.9858,0.1716,1.7188,False,False,False,False,False,0,none,False,higher,,9,Tuesday
2010-10-12 10:00:00,1.8286,1.8832,-0.0546,1.4849,0.1635,-2.1841,False,False,False,False,False,0,none,False,higher,,10,Tuesday
2010-10-12 11:00:00,0.9489,0.9543,-0.0054,-0.0305,0.1564,0.6856,False,False,False,False,False,0,none,False,lower,,11,Tuesday
2010-10-12 12:00:00,1.8454,1.8696,-0.0242,1.0433,0.1305,-0.4104,False,False,False,False,False,0,none,False,higher,,12,Tuesday
2010-10-12 13:00:00,0.8567,0.8936,-0.0369,-0.2583,0.1448,-1.1523,False,False,False,False,False,0,none,False,lower,,13,Tuesday
2010-10-12 14:00:00,0.4581,0.4848,-0.0268,-1.0137,0.1614,-0.5582,False,False,False,False,False,0,none,False,lower,,14,Tuesday
2010-10-12 15:00:00,0.5882,0.6158,-0.0276,-0.5029,0.1791,-0.6078,False,False,False,False,False,0,none,False,lower,,15,Tuesday
2010-10-12 16:00:00,0.416,0.4494,-0.0334,-0.7725,0.166,-0.9449,False,False,False,False,False,0,none,False,lower,,16,Tuesday
2010-10-12 17:00:00,0.4103,0.4435,-0.0333,-0.8677,0.1697,-0.9386,False,False,False,False,False,0,none,False,lower,,17,Tuesday
2010-10-12 18:00:00,2.1127,2.0191,0.0936,1.9031,0.0729,6.4609,False,False,True,False,False,1,low,False,higher,residual,18,Tuesday
2010-10-12 19:00:00,2.1565,2.1811,-0.0247,0.7903,0.129,-0.436,False,False,False,False,False,0,none,False,higher,,19,Tuesday
2010-10-12 20:00:00,1.9102,1.9019,0.0083,-0.1503,0.142,1.487,False,False,False,False,False,0,none,False,lower,,20,Tuesday
2010-10-12 21:00:00,1.3086,1.3522,-0.0436,-0.8269,0.163,-1.5418,False,False,False,False,False,0,none,False,lower,,21,Tuesday
2010-10-12 22:00:00,1.2893,1.2942,-0.0049,0.0519,0.1822,0.7166,False,False,False,False,False,0,none,False,higher,,22,Tuesday
2010-10-12 23:00:00,0.6927,0.7349,-0.0422,-0.3425,0.1844,-1.4615,False,False,False,False,False,0,none,False,lower,,23,Tuesday
2010-10-13 00:00:00,0.3838,0.41,-0.0263,-0.6012,0.19,-0.5295,False,False,False,False,False,0,none,False,lower,,0,Wednesday
2010-10-13 01:00:00,0.4586,0.4768,-0.0182,-0.1972,0.1978,-0.0567,False,False,False,False,False,0,none,False,lower,,1,Wednesday
2010-10-13 02:00:00,0.317,0.3345,-0.0175,-0.6548,0.1944,-0.0193,False,False,False,False,False,0,none,False,lower,,2,Wednesday
2010-10-13 03:00:00,0.3647,0.3852,-0.0205,-0.4085,0.2011,-0.1951,False,False,False,False,False,0,none,False,lower,,3,Wednesday
2010-10-13 04:00:00,0.9848,0.9993,-0.0145,2.2381,0.1598,0.1548,False,False,False,False,True,0,none,False,higher,,4,Wednesday
2010-10-13 05:00:00,0.4641,0.4815,-0.0174,0.1243,0.1716,-0.0143,False,False,False,False,False,0,none,False,higher,,5,Wednesday
2010-10-13 06:00:00,0.9301,0.8768,0.0534,0.7643,0.1729,4.1131,False,False,False,False,False,0,none,False,higher,,6,Wednesday
2010-10-13 07:00:00,2.8443,2.7822,0.0621,1.3803,0.0229,4.6204,False,False,False,False,False,0,none,False,higher,,7,Wednesday
2010-10-13 08:00:00,2.3647,2.3668,-0.0021,2.6496,0.0964,0.8765,False,False,False,False,False,0,none,False,higher,,8,Wednesday
2010-10-13 09:00:00,1.6671,1.6639,0.0032,0.7652,0.1456,1.189,False,False,False,False,False,0,none,False,higher,,9,Wednesday
2010-10-13 10:00:00,2.0779,2.0261,0.0518,1.7917,0.126,4.0212,False,False,False,False,False,0,none,False,higher,,10,Wednesday
2010-10-13 11:00:00,1.5266,1.5449,-0.0183,0.7215,0.1656,-0.0652,False,False,False,False,False,0,none,False,higher,,11,Wednesday
2010-10-13 12:00:00,1.6008,1.6152,-0.0144,0.6405,0.1776,0.1613,False,False,False,False,False,0,none,False,higher,,12,Wednesday
2010-10-13 13:00:00,1.5732,1.5849,-0.0118,1.0337,0.177,0.3155,False,False,False,False,False,0,none,False,higher,,13,Wednesday
2010-10-13 14:00:00,1.9105,1.8875,0.023,1.6707,0.1452,2.3412,False,False,False,False,False,0,none,False,higher,,14,Wednesday
2010-10-13 15:00:00,1.9113,1.8688,0.0425,1.7312,0.1437,3.4773,False,False,False,False,False,0,none,False,higher,,15,Wednesday
2010-10-13 16:00:00,1.6611,1.6752,-0.0141,1.1466,0.1431,0.1801,False,False,False,False,False,0,none,False,higher,,16,Wednesday
2010-10-13 17:00:00,1.5491,1.5626,-0.0135,1.573,0.1425,0.2133,False,False,False,False,False,0,none,False,higher,,17,Wednesday
2010-10-13 18:00:00,0.9846,0.9881,-0.0035,-0.2528,0.135,0.7984,False,False,False,False,False,0,none,False,lower,,18,Wednesday
2010-10-13 19:00:00,2.0344,2.0192,0.0152,0.6195,0.1004,1.8886,False,False,False,False,False,0,none,False,higher,,19,Wednesday
2010-10-13 20:00:00,2.377,2.3724,0.0046,0.3782,0.0974,1.2682,False,False,False,False,False,0,none,False,higher,,20,Wednesday
2010-10-13 21:00:00,2.1649,2.1251,0.0398,0.2818,0.1047,3.3221,False,False,False,False,False,0,none,False,higher,,21,Wednesday
2010-10-13 22:00:00,2.0436,2.0757,-0.0321,1.7889,0.1075,-0.8718,False,False,False,False,False,0,none,False,higher,,22,Wednesday
2010-10-13 23:00:00,0.3709,0.4163,-0.0454,-1.1871,0.0462,-1.6477,False,False,False,False,False,0,none,False,lower,,23,Wednesday
2010-10-14 00:00:00,0.3704,0.401,-0.0306,-0.7269,0.1305,-0.78,False,False,False,False,False,0,none,False,lower,,0,Thursday
2010-10-14 01:00:00,0.4776,0.5009,-0.0233,0.0233,0.133,-0.3575,False,False,False,False,False,0,none,False,higher,,1,Thursday
2010-10-14 02:00:00,0.3412,0.3728,-0.0316,-0.7304,0.1359,-0.841,False,False,False,False,False,0,none,False,lower,,2,Thursday
2010-10-14 03:00:00,0.3867,0.4092,-0.0224,-0.3268,0.1391,-0.3062,False,False,False,False,False,0,none,False,lower,,3,Thursday
2010-10-14 04:00:00,0.378,0.4052,-0.0271,-0.1695,0.1462,-0.5805,False,False,False,False,False,0,none,False,lower,,4,Thursday
2010-10-14 05:00:00,0.4393,0.4649,-0.0256,-0.0159,0.1437,-0.4891,False,False,False,False,False,0,none,False,lower,,5,Thursday
2010-10-14 06:00:00,1.1876,1.1901,-0.0025,1.7272,0.1191,0.8581,False,False,False,False,False,0,none,False,higher,,6,Thursday
2010-10-14 07:00:00,2.9721,2.8788,0.0933,1.4691,0.0157,6.4415,False,False,True,False,False,1,low,False,higher,residual,7,Thursday
2010-10-14 08:00:00,1.7274,1.754,-0.0266,0.5886,0.0991,-0.5499,False,False,False,False,False,0,none,False,higher,,8,Thursday
2010-10-14 09:00:00,3.2096,3.1194,0.0902,3.6517,-0.0,6.2599,True,True,True,True,True,3,high,True,higher,"rolling_z,isolation_forest,residual",9,Thursday
2010-10-14 10:00:00,1.8473,1.8685,-0.0213,1.293,0.0872,-0.2383,False,False,False,False,False,0,none,False,higher,,10,Thursday
2010-10-14 11:00:00,0.9929,1.0169,-0.024,-0.0474,0.1166,-0.3954,False,False,False,False,False,0,none,False,lower,,11,Thursday
2010-10-14 12:00:00,0.9461,0.9488,-0.0027,-0.2714,0.1556,0.8434,False,False,False,False,False,0,none,False,lower,,12,Thursday
2010-10-14 13:00:00,1.2268,1.2268,-0.0,0.4054,0.1574,1.0003,False,False,False,False,False,0,none,False,higher,,13,Thursday
2010-10-14 14:00:00,1.9145,1.8892,0.0253,1.6538,0.1196,2.4743,False,False,False,False,False,0,none,False,higher,,14,Thursday
2010-10-14 15:00:00,0.9038,0.9249,-0.0211,-0.042,0.1262,-0.2285,False,False,False,False,False,0,none,False,lower,,15,Thursday
2010-10-14 16:00:00,0.957,1.0001,-0.043,0.0157,0.1657,-1.5067,False,False,False,False,False,0,none,False,higher,,16,Thursday
2010-10-14 17:00:00,0.4178,0.4455,-0.0277,-0.7956,0.1301,-0.614,False,False,False,False,False,0,none,False,lower,,17,Thursday
2010-10-14 18:00:00,1.7473,1.6455,0.1019,1.2064,0.0981,6.9398,False,False,True,False,False,1,low,False,higher,residual,18,Thursday
2010-10-14 19:00:00,4.1178,3.9905,0.1272,3.1805,-0.0498,8.4198,True,True,True,True,True,3,high,True,higher,"rolling_z,isolation_forest,residual",19,Thursday
2010-10-14 20:00:00,2.9113,2.8508,0.0605,0.9296,0.0245,4.5272,False,False,False,False,False,0,none,False,higher,,20,Thursday
2010-10-14 21:00:00,3.2242,3.1774,0.0468,1.5837,0.0262,3.7311,False,False,False,False,False,0,none,False,higher,,21,Thursday
2010-10-14 22:00:00,2.3347,2.3106,0.0242,2.2855,0.0606,2.4109,False,False,False,False,False,0,none,False,higher,,22,Thursday
2010-10-14 23:00:00,0.5538,0.601,-0.0473,-0.5851,0.0442,-1.7547,False,False,False,False,False,0,none,False,lower,,23,Thursday
2010-10-15 00:00:00,0.4012,0.4297,-0.0284,-0.5352,0.1219,-0.656,False,False,False,False,False,0,none,False,lower,,0,Friday
2010-10-15 01:00:00,0.413,0.4283,-0.0153,-0.3436,0.1287,0.1099,False,False,False,False,False,0,none,False,lower,,1,Friday
2010-10-15 02:00:00,0.441,0.4734,-0.0324,-0.221,0.1333,-0.8902,False,False,False,False,False,0,none,False,lower,,2,Friday
2010-10-15 03:00:00,0.3288,0.3611,-0.0323,-0.5782,0.1254,-0.8839,False,False,False,False,False,0,none,False,lower,,3,Friday
2010-10-15 04:00:00,0.3322,0.3638,-0.0316,-0.2773,0.1303,-0.8393,False,False,False,False,False,0,none,False,lower,,4,Friday
2010-10-15 05:00:00,0.4363,0.4551,-0.0188,-0.0535,0.1264,-0.0942,False,False,False,False,False,0,none,False,lower,,5,Friday
2010-10-15 06:00:00,1.1135,1.0766,0.0368,1.3331,0.1147,3.1496,False,False,False,False,False,0,none,False,higher,,6,Friday
2010-10-15 07:00:00,2.0124,2.0201,-0.0077,-0.116,0.1004,0.5518,False,False,False,False,False,0,none,False,lower,,7,Friday
2010-10-15 08:00:00,1.8972,1.9029,-0.0057,1.1254,0.1309,0.6719,False,False,False,False,False,0,none,False,higher,,8,Friday
2010-10-15 09:00:00,1.584,1.6134,-0.0294,0.3135,0.1508,-0.7115,False,False,False,False,False,0,none,False,higher,,9,Friday
2010-10-15 10:00:00,1.6329,1.6325,0.0004,0.8611,0.1567,1.0269,False,False,False,False,False,0,none,False,higher,,10,Friday
2010-10-15 11:00:00,1.8261,1.8161,0.01,1.0664,0.1441,1.5865,False,False,False,False,False,0,none,False,higher,,11,Friday
2010-10-15 12:00:00,2.0657,2.0738,-0.0081,1.2441,0.1153,0.5273,False,False,False,False,False,0,none,False,higher,,12,Friday
2010-10-15 13:00:00,1.5738,1.5699,0.0039,1.2151,0.1276,1.2296,False,False,False,False,False,0,none,False,higher,,13,Friday
2010-10-15 14:00:00,1.4675,1.4829,-0.0154,0.7972,0.1415,0.1054,False,False,False,False,False,0,none,False,higher,,14,Friday
2010-10-15 15:00:00,0.5949,0.6337,-0.0388,-0.5154,0.1054,-1.2598,False,False,False,False,False,0,none,False,lower,,15,Friday
2010-10-15 16:00:00,0.5592,0.573,-0.0138,-0.5753,0.1338,0.1948,False,False,False,False,False,0,none,False,lower,,16,Friday
2010-10-15 17:00:00,0.5644,0.5923,-0.0279,-0.4913,0.1329,-0.6226,False,False,False,False,False,0,none,False,lower,,17,Friday
2010-10-15 18:00:00,1.4325,1.3979,0.0346,0.5102,0.1138,3.017,False,False,False,False,False,0,none,False,higher,,18,Friday
2010-10-15 19:00:00,1.8232,1.8483,-0.0251,0.1162,0.1373,-0.4624,False,False,False,False,False,0,none,False,higher,,19,Friday
2010-10-15 20:00:00,1.4465,1.472,-0.0255,-0.7617,0.1499,-0.4839,False,False,False,False,False,0,none,False,lower,,20,Friday
2010-10-15 21:00:00,1.1575,1.1668,-0.0093,-1.0196,0.1748,0.4581,False,False,False,False,False,0,none,False,lower,,21,Friday
2010-10-15 22:00:00,1.0036,1.0521,-0.0485,-0.5634,0.1863,-1.8243,False,False,False,False,False,0,none,False,lower,,22,Friday
2010-10-15 23:00:00,0.4981,0.5267,-0.0286,-0.7893,0.1855,-0.6665,False,False,False,False,False,0,none,False,lower,,23,Friday
2010-10-16 00:00:00,0.3274,0.3402,-0.0129,-0.8802,0.129,0.2518,False,False,False,False,False,0,none,False,lower,,0,Saturday
2010-10-16 01:00:00,0.3091,0.3227,-0.0135,-0.9126,0.1385,0.2132,False,False,False,False,False,0,none,False,lower,,1,Saturday
2010-10-16 02:00:00,0.4312,0.4419,-0.0107,-0.285,0.1482,0.3784,False,False,False,False,False,0,none,False,lower,,2,Saturday
2010-10-16 03:00:00,0.3812,0.3976,-0.0164,-0.3718,0.1529,0.0479,False,False,False,False,False,0,none,False,lower,,3,Saturday
2010-10-16 04:00:00,0.3765,0.4006,-0.0241,-0.0801,0.1511,-0.4033,False,False,False,False,False,0,none,False,lower,,4,Saturday
2010-10-16 05:00:00,0.3412,0.3614,-0.0202,-0.5329,0.1454,-0.1764,False,False,False,False,False,0,none,False,lower,,5,Saturday
2010-10-16 06:00:00,0.7945,0.7725,0.022,0.0046,0.1282,2.2839,False,False,False,False,False,0,none,False,higher,,6,Saturday
2010-10-16 07:00:00,2.1444,2.1475,-0.0031,0.0939,0.0468,0.8233,False,False,False,False,False,0,none,False,higher,,7,Saturday
2010-10-16 08:00:00,1.9714,1.9733,-0.0018,1.2908,0.1007,0.8946,False,False,False,False,False,0,none,False,higher,,8,Saturday
2010-10-16 09:00:00,0.9704,1.0027,-0.0323,-0.7729,0.1009,-0.8833,False,False,False,False,False,0,none,False,lower,,9,Saturday
2010-10-16 10:00:00,1.8662,1.8744,-0.0081,1.1799,0.0842,0.5268,False,False,False,False,False,0,none,False,higher,,10,Saturday
2010-10-16 11:00:00,1.3444,1.3726,-0.0282,0.3453,0.119,-0.6434,False,False,False,False,False,0,none,False,higher,,11,Saturday
2010-10-16 12:00:00,0.7357,0.7752,-0.0395,-0.6306,0.1246,-1.3039,False,False,False,False,False,0,none,False,lower,,12,Saturday
2010-10-16 13:00:00,0.3585,0.3809,-0.0224,-1.2659,0.1191,-0.3041,False,False,False,False,False,0,none,False,lower,,13,Saturday
2010-10-16 14:00:00,0.4908,0.5162,-0.0254,-1.0371,0.1324,-0.4813,False,False,False,False,False,0,none,False,lower,,14,Saturday
2010-10-16 15:00:00,0.3716,0.3995,-0.0279,-0.9217,0.1372,-0.6277,False,False,False,False,False,0,none,False,lower,,15,Saturday
2010-10-16 16:00:00,0.317,0.3391,-0.0221,-0.9566,0.1338,-0.2876,False,False,False,False,False,0,none,False,lower,,16,Saturday
2010-10-16 17:00:00,0.418,0.4382,-0.0202,-0.8131,0.1425,-0.176,False,False,False,False,False,0,none,False,lower,,17,Saturday
2010-10-16 18:00:00,0.3341,0.3584,-0.0243,-1.7152,0.1323,-0.4149,False,False,False,False,False,0,none,False,lower,,18,Saturday
2010-10-16 19:00:00,0.373,0.4029,-0.0299,-1.5448,0.1386,-0.7387,False,False,False,False,False,0,none,False,lower,,19,Saturday
2010-10-16 20:00:00,0.8722,0.8891,-0.0168,-1.3957,0.1169,0.0199,False,False,False,False,False,0,none,False,lower,,20,Saturday
2010-10-16 21:00:00,0.383,0.4191,-0.0361,-1.8862,0.1213,-1.1029,False,False,False,False,False,0,none,False,lower,,21,Saturday
2010-10-16 22:00:00,0.4102,0.4409,-0.0306,-1.6908,0.1359,-0.7844,False,False,False,False,False,0,none,False,lower,,22,Saturday
2010-10-16 23:00:00,0.3448,0.3699,-0.0251,-1.1926,0.1374,-0.4613,False,False,False,False,False,0,none,False,lower,,23,Saturday
2010-10-17 00:00:00,0.3717,0.3887,-0.0169,-0.6657,0.1415,0.0149,False,False,False,False,False,0,none,False,lower,,0,Sunday
2010-10-17 01:00:00,0.3329,0.3464,-0.0135,-0.7581,0.1438,0.2154,False,False,False,False,False,0,none,False,lower,,1,Sunday
2010-10-17 02:00:00,0.4126,0.4251,-0.0125,-0.381,0.1463,0.2702,False,False,False,False,False,0,none,False,lower,,2,Sunday
2010-10-17 03:00:00,0.3131,0.3323,-0.0192,-0.6593,0.1459,-0.1173,False,False,False,False,False,0,none,False,lower,,3,Sunday
2010-10-17 04:00:00,0.3628,0.3809,-0.0182,-0.1719,0.1496,-0.058,False,False,False,False,False,0,none,False,lower,,4,Sunday
2010-10-17 05:00:00,0.3623,0.388,-0.0257,-0.4512,0.151,-0.4974,False,False,False,False,False,0,none,False,lower,,5,Sunday
2010-10-17 06:00:00,1.0407,1.0403,0.0004,0.9388,0.0982,1.025,False,False,False,False,False,0,none,False,higher,,6,Sunday
2010-10-17 07:00:00,0.3727,0.4037,-0.031,-2.8468,0.1019,-0.8046,False,False,False,False,False,0,none,False,lower,,7,Sunday
2010-10-17 08:00:00,0.3803,0.4051,-0.0248,-3.8012,0.1301,-0.4437,True,False,False,False,False,1,low,False,lower,rolling_z,8,Sunday
2010-10-17 09:00:00,0.3763,0.405,-0.0287,-1.7432,0.1308,-0.6695,False,False,False,False,False,0,none,False,lower,,9,Sunday
2010-10-17 10:00:00,0.329,0.3539,-0.0249,-1.344,0.1154,-0.4514,False,False,False,False,False,0,none,False,lower,,10,Sunday
2010-10-17 11:00:00,0.3001,0.3209,-0.0208,-1.0523,0.1169,-0.2109,False,False,False,False,False,0,none,False,lower,,11,Sunday
2010-10-17 12:00:00,0.3132,0.3364,-0.0232,-1.2148,0.1106,-0.3513,False,False,False,False,False,0,none,False,lower,,12,Sunday
2010-10-17 13:00:00,0.3652,0.3901,-0.0249,-1.2266,0.1128,-0.4525,False,False,False,False,False,0,none,False,lower,,13,Sunday
2010-10-17 14:00:00,0.4966,0.5236,-0.027,-0.9789,0.1006,-0.57,False,False,False,False,False,0,none,False,lower,,14,Sunday
2010-10-17 15:00:00,0.3766,0.3986,-0.0221,-0.9182,0.1084,-0.2841,False,False,False,False,False,0,none,False,lower,,15,Sunday
2010-10-17 16:00:00,1.1914,1.197,-0.0056,0.3633,0.0492,0.6746,False,False,False,False,False,0,none,False,higher,,16,Sunday
2010-10-17 17:00:00,0.4926,0.5338,-0.0412,-0.6489,0.0788,-1.4026,False,False,False,False,False,0,none,False,lower,,17,Sunday
2010-10-17 18:00:00,0.5668,0.5856,-0.0188,-1.1212,0.1049,-0.0923,False,False,False,False,False,0,none,False,lower,,18,Sunday
2010-10-17 19:00:00,2.0301,1.9745,0.0556,0.3765,0.0092,4.2438,False,False,False,False,False,0,none,False,higher,,19,Sunday
2010-10-17 20:00:00,2.454,2.3441,0.1099,0.3945,0.0207,7.4109,False,False,True,False,False,1,low,False,higher,residual,20,Sunday
2010-10-17 21:00:00,2.1381,2.2054,-0.0673,0.2374,0.0446,-2.9222,False,False,False,False,False,0,none,False,higher,,21,Sunday
2010-10-17 22:00:00,0.9011,0.9258,-0.0247,-0.6251,0.0761,-0.4358,False,False,False,False,False,0,none,False,lower,,22,Sunday
2010-10-17 23:00:00,1.1761,1.1863,-0.0101,1.2915,0.1054,0.4102,False,False,False,False,False,0,none,False,higher,,23,Sunday
2010-10-18 00:00:00,0.5301,0.5691,-0.0389,0.0452,0.1756,-1.2682,False,False,False,False,False,0,none,False,higher,,0,Monday
2010-10-18 01:00:00,0.3841,0.4022,-0.0181,-0.4945,0.2008,-0.0549,False,False,False,False,False,0,none,False,lower,,1,Monday
2010-10-18 02:00:00,0.3214,0.3407,-0.0194,-0.8472,0.2048,-0.1274,False,False,False,False,False,0,none,False,lower,,2,Monday
2010-10-18 03:00:00,0.3314,0.3546,-0.0232,-0.5283,0.2032,-0.3489,False,False,False,False,False,0,none,False,lower,,3,Monday
2010-10-18 04:00:00,0.4344,0.4531,-0.0187,0.1701,0.1893,-0.0889,False,False,False,False,False,0,none,False,higher,,4,Monday
2010-10-18 05:00:00,0.3197,0.346,-0.0263,-0.6686,0.1945,-0.531,False,False,False,False,False,0,none,False,lower,,5,Monday
2010-10-18 06:00:00,0.7896,0.7716,0.018,-0.0683,0.16,2.0496,False,False,False,False,False,0,none,False,lower,,6,Monday
2010-10-18 07:00:00,2.4543,2.389,0.0653,0.5974,0.0446,4.8102,False,False,False,False,False,0,none,False,higher,,7,Monday
2010-10-18 08:00:00,2.4651,2.4482,0.0169,2.3367,0.0937,1.9849,False,False,False,False,False,0,none,False,higher,,8,Monday
2010-10-18 09:00:00,3.6571,3.5336,0.1235,3.7883,-0.0015,8.2,True,True,True,True,True,3,high,True,higher,"rolling_z,isolation_forest,residual",9,Monday
2010-10-18 10:00:00,2.6036,2.5778,0.0258,2.2788,0.0621,2.5047,False,False,False,False,False,0,none,False,higher,,10,Monday
2010-10-18 11:00:00,2.809,2.7075,0.1015,2.3759,0.0728,6.9185,False,False,True,False,False,1,low,False,higher,residual,11,Monday
2010-10-18 12:00:00,3.8364,3.6953,0.1411,3.5455,-0.0159,9.2282,True,True,True,True,True,3,high,True,higher,"rolling_z,isolation_forest,residual",12,Monday
2010-10-18 13:00:00,3.2431,3.1907,0.0524,4.5111,0.0206,4.0559,True,False,False,True,True,1,low,False,higher,rolling_z,13,Monday
2010-10-18 14:00:00,1.9637,2.0033,-0.0396,1.6493,0.0695,-1.3058,False,False,False,False,False,0,none,False,higher,,14,Monday
2010-10-18 15:00:00,0.5181,0.5422,-0.0241,-0.6813,0.0409,-0.4034,False,False,False,False,False,0,none,False,lower,,15,Monday
2010-10-18 16:00:00,0.4604,0.4899,-0.0295,-0.7851,0.1056,-0.7191,False,False,False,False,False,0,none,False,lower,,16,Monday
2010-10-18 17:00:00,0.6647,0.6681,-0.0034,-0.3101,0.1093,0.8045,False,False,False,False,False,0,none,False,lower,,17,Monday
2010-10-18 18:00:00,3.3915,3.1754,0.216,4.2226,-0.0398,13.5969,True,True,True,True,True,3,high,True,higher,"rolling_z,isolation_forest,residual",18,Monday
2010-10-18 19:00:00,3.757,3.7185,0.0384,2.2929,-0.0098,3.242,False,True,False,True,True,1,low,False,higher,isolation_forest,19,Monday
2010-10-18 20:00:00,2.67,2.6158,0.0542,0.5832,0.0246,4.163,False,False,False,False,False,0,none,False,higher,,20,Monday
2010-10-18 21:00:00,3.3769,3.2747,0.1022,1.5922,0.0007,6.9574,False,False,True,False,False,1,low,False,higher,residual,21,Monday
2010-10-18 22:00:00,2.5095,2.4914,0.0181,2.4196,0.0338,2.0539,False,False,False,False,False,0,none,False,higher,,22,Monday
2010-10-18 23:00:00,1.7403,1.7697,-0.0295,2.7978,0.0626,-0.7156,False,False,False,False,False,0,none,False,higher,,23,Monday
2010-10-19 00:00:00,1.5426,1.5406,0.002,4.5182,0.0794,1.1165,True,False,False,False,True,1,low,False,higher,rolling_z,0,Tuesday
2010-10-19 01:00:00,0.6851,0.7149,-0.0298,1.0865,0.0264,-0.7348,False,False,False,False,False,0,none,False,higher,,1,Tuesday
2010-10-19 02:00:00,0.3174,0.3346,-0.0172,-0.8143,0.0546,0.0014,False,False,False,False,False,0,none,False,lower,,2,Tuesday
2010-10-19 03:00:00,0.3078,0.3294,-0.0216,-0.5898,0.0691,-0.2581,False,False,False,False,False,0,none,False,lower,,3,Tuesday
2010-10-19 04:00:00,0.4395,0.4528,-0.0133,0.1663,0.0621,0.2253,False,False,False,False,False,0,none,False,higher,,4,Tuesday
2010-10-19 05:00:00,0.3995,0.4272,-0.0278,-0.2873,0.0655,-0.6174,False,False,False,False,False,0,none,False,lower,,5,Tuesday
2010-10-19 06:00:00,1.045,0.9929,0.0522,0.8957,0.0547,4.0427,False,False,False,False,False,0,none,False,higher,,6,Tuesday
2010-10-19 07:00:00,2.989,2.9107,0.0783,1.3375,-0.0109,5.567,False,True,False,False,False,1,low,False,higher,isolation_forest,7,Tuesday
2010-10-19 08:00:00,2.1062,2.1321,-0.0259,1.2169,0.046,-0.5101,False,False,False,False,False,0,none,False,higher,,8,Tuesday
2010-10-19 09:00:00,1.798,1.7923,0.0057,0.4533,0.0795,1.3364,False,False,False,False,False,0,none,False,higher,,9,Tuesday
2010-10-19 10:00:00,0.593,0.6322,-0.0392,-0.9795,0.0184,-1.2827,False,False,False,False,False,0,none,False,lower,,10,Tuesday
2010-10-19 11:00:00,1.8148,1.7831,0.0317,0.8608,0.0605,2.8483,False,False,False,False,False,0,none,False,higher,,11,Tuesday
2010-10-19 12:00:00,1.1293,1.2796,-0.1503,-0.1856,0.0991,-7.7616,False,False,True,False,False,1,low,False,lower,residual,12,Tuesday
2010-10-19 13:00:00,0.5172,0.5406,-0.0234,-0.8172,0.0936,-0.3632,False,False,False,False,False,0,none,False,lower,,13,Tuesday
2010-10-19 14:00:00,0.4046,0.4422,-0.0376,-1.2139,0.1152,-1.1932,False,False,False,False,False,0,none,False,lower,,14,Tuesday
2010-10-19 15:00:00,0.4018,0.4254,-0.0236,-0.9047,0.1221,-0.3763,False,False,False,False,False,0,none,False,lower,,15,Tuesday
2010-10-19 16:00:00,0.4735,0.4944,-0.0209,-0.7898,0.1156,-0.2166,False,False,False,False,False,0,none,False,lower,,16,Tuesday
2010-10-19 17:00:00,1.1287,1.0637,0.0649,0.6272,0.115,4.7873,False,False,False,False,False,0,none,False,higher,,17,Tuesday
2010-10-19 18:00:00,3.5383,3.5367,0.0016,3.4041,-0.0377,1.0939,True,True,False,True,True,2,medium,True,higher,"rolling_z,isolation_forest",18,Tuesday
2010-10-19 19:00:00,2.9301,2.8313,0.0988,1.1536,0.0441,6.7603,False,False,True,False,False,1,low,False,higher,residual,19,Tuesday
2010-10-19 20:00:00,2.9603,2.8453,0.1151,0.9287,0.052,7.7104,False,False,True,False,False,1,low,False,higher,residual,20,Tuesday
2010-10-19 21:00:00,2.5301,2.4783,0.0518,0.5621,0.0688,4.0187,False,False,False,False,False,0,none,False,higher,,21,Tuesday
2010-10-19 22:00:00,1.3266,1.3568,-0.0301,0.0715,0.1063,-0.7561,False,False,False,False,False,0,none,False,higher,,22,Tuesday
2010-10-19 23:00:00,0.7211,0.7572,-0.0361,-0.1666,0.1526,-1.1016,False,False,False,False,False,0,none,False,lower,,23,Tuesday
2010-10-20 00:00:00,1.0303,1.0501,-0.0198,1.5854,0.1578,-0.1501,False,False,False,False,False,0,none,False,higher,,0,Wednesday
2010-10-20 01:00:00,0.3934,0.4173,-0.0239,-0.5508,0.1432,-0.3945,False,False,False,False,False,0,none,False,lower,,1,Wednesday
2010-10-20 02:00:00,0.3294,0.3598,-0.0304,-0.6994,0.1705,-0.771,False,False,False,False,False,0,none,False,lower,,2,Wednesday
2010-10-20 03:00:00,0.4426,0.4634,-0.0209,0.0359,0.1637,-0.2144,False,False,False,False,False,0,none,False,higher,,3,Wednesday
2010-10-20 04:00:00,0.3193,0.3443,-0.025,-0.5094,0.1583,-0.4573,False,False,False,False,False,0,none,False,lower,,4,Wednesday
2010-10-20 05:00:00,0.3124,0.3423,-0.0299,-0.741,0.1537,-0.741,False,False,False,False,False,0,none,False,lower,,5,Wednesday
2010-10-20 06:00:00,0.9232,0.8977,0.0255,0.3669,0.1438,2.4877,False,False,False,False,False,0,none,False,higher,,6,Wednesday
2010-10-20 07:00:00,2.8661,2.817,0.0491,1.0726,0.0237,3.8661,False,False,False,False,False,0,none,False,higher,,7,Wednesday
2010-10-20 08:00:00,1.8685,1.8936,-0.0252,0.5886,0.113,-0.4663,False,False,False,False,False,0,none,False,higher,,8,Wednesday
2010-10-20 09:00:00,1.8461,1.8566,-0.0106,0.4783,0.1554,0.3864,False,False,False,False,False,0,none,False,higher,,9,Wednesday
2010-10-20 10:00:00,2.0109,2.0045,0.0064,1.1511,0.1315,1.3744,False,False,False,False,False,0,none,False,higher,,10,Wednesday
2010-10-20 11:00:00,1.8959,1.9033,-0.0074,0.9023,0.1447,0.5702,False,False,False,False,False,0,none,False,higher,,11,Wednesday
2010-10-20 12:00:00,1.3927,1.4302,-0.0375,0.0866,0.1523,-1.1851,False,False,False,False,False,0,none,False,higher,,12,Wednesday
2010-10-20 13:00:00,0.4085,0.4444,-0.0359,-1.0014,0.1047,-1.0894,False,False,False,False,False,0,none,False,lower,,13,Wednesday
2010-10-20 14:00:00,0.5301,0.562,-0.032,-0.9499,0.1402,-0.8612,False,False,False,False,False,0,none,False,lower,,14,Wednesday
2010-10-20 15:00:00,0.5278,0.5629,-0.0351,-0.6224,0.1483,-1.0455,False,False,False,False,False,0,none,False,lower,,15,Wednesday
2010-10-20 16:00:00,0.3319,0.3638,-0.0319,-1.0717,0.1278,-0.8597,False,False,False,False,False,0,none,False,lower,,16,Wednesday
2010-10-20 17:00:00,0.3321,0.3597,-0.0276,-1.0528,0.1372,-0.6084,False,False,False,False,False,0,none,False,lower,,17,Wednesday
2010-10-20 18:00:00,1.3227,1.252,0.0706,0.0437,0.1274,5.1203,False,False,False,False,False,0,none,False,higher,,18,Wednesday
2010-10-20 19:00:00,2.1848,2.1722,0.0126,0.3699,0.1113,1.734,False,False,False,False,False,0,none,False,higher,,19,Wednesday
2010-10-20 20:00:00,2.2928,2.298,-0.0053,0.1728,0.1199,0.6937,False,False,False,False,False,0,none,False,higher,,20,Wednesday
2010-10-20 21:00:00,2.8043,2.775,0.0294,0.813,0.0736,2.7132,False,False,False,False,False,0,none,False,higher,,21,Wednesday
2010-10-20 22:00:00,1.6536,1.651,0.0027,0.672,0.1155,1.1569,False,False,False,False,False,0,none,False,higher,,22,Wednesday
2010-10-20 23:00:00,0.78,0.804,-0.024,-0.039,0.1625,-0.3974,False,False,False,False,False,0,none,False,lower,,23,Wednesday
2010-10-21 00:00:00,0.4468,0.4819,-0.0351,-0.4716,0.1831,-1.0427,False,False,False,False,False,0,none,False,lower,,0,Thursday
2010-10-21 01:00:00,0.6638,0.6683,-0.0045,0.8993,0.1821,0.7377,False,False,False,False,False,0,none,False,higher,,1,Thursday
2010-10-21 02:00:00,0.4379,0.4708,-0.033,-0.1524,0.1908,-0.9207,False,False,False,False,False,0,none,False,lower,,2,Thursday
2010-10-21 03:00:00,0.3406,0.3773,-0.0366,-0.4232,0.1834,-1.1349,False,False,False,False,False,0,none,False,lower,,3,Thursday
2010-10-21 04:00:00,0.341,0.3764,-0.0354,-0.3923,0.1872,-1.0649,False,False,False,False,False,0,none,False,lower,,4,Thursday
2010-10-21 05:00:00,1.0229,1.048,-0.0252,2.7647,0.1531,-0.4652,False,False,False,True,True,0,none,False,higher,,5,Thursday
2010-10-21 06:00:00,1.2184,1.1528,0.0655,1.4758,0.1626,4.823,False,False,False,False,False,0,none,False,higher,,6,Thursday
2010-10-21 07:00:00,2.4749,2.4696,0.0053,0.4641,0.0755,1.3087,False,False,False,False,False,0,none,False,higher,,7,Thursday
2010-10-21 08:00:00,1.2262,1.2704,-0.0443,-0.9216,0.1276,-1.5799,False,False,False,False,False,0,none,False,lower,,8,Thursday
2010-10-21 09:00:00,0.3173,0.3474,-0.0301,-1.7229,0.1237,-0.7539,False,False,False,False,False,0,none,False,lower,,9,Thursday
2010-10-21 10:00:00,0.3232,0.3518,-0.0285,-1.5318,0.1762,-0.661,False,False,False,False,False,0,none,False,lower,,10,Thursday
2010-10-21 11:00:00,0.392,0.4249,-0.0329,-1.0727,0.185,-0.9167,False,False,False,False,False,0,none,False,lower,,11,Thursday
2010-10-21 12:00:00,0.4944,0.5281,-0.0338,-1.0044,0.1851,-0.9678,False,False,False,False,False,0,none,False,lower,,12,Thursday
2010-10-21 13:00:00,0.388,0.425,-0.037,-0.9937,0.1893,-1.1536,False,False,False,False,False,0,none,False,lower,,13,Thursday
2010-10-21 14:00:00,0.477,0.5074,-0.0304,-0.9928,0.1876,-0.77,False,False,False,False,False,0,none,False,lower,,14,Thursday
2010-10-21 15:00:00,0.327,0.3612,-0.0342,-0.9466,0.1885,-0.9907,False,False,False,False,False,0,none,False,lower,,15,Thursday
2010-10-21 16:00:00,0.9159,0.9437,-0.0277,0.0722,0.1749,-0.6151,False,False,False,False,False,0,none,False,higher,,16,Thursday
2010-10-21 17:00:00,0.3668,0.4038,-0.0369,-0.9048,0.1731,-1.1515,False,False,False,False,False,0,none,False,lower,,17,Thursday
2010-10-21 18:00:00,1.3011,1.2557,0.0454,-0.0098,0.1459,3.649,False,False,False,False,False,0,none,False,lower,,18,Thursday
2010-10-21 19:00:00,1.8244,1.8128,0.0116,-0.0341,0.1459,1.6798,False,False,False,False,False,0,none,False,lower,,19,Thursday
2010-10-21 20:00:00,1.9476,1.8955,0.0521,-0.2378,0.146,4.0366,False,False,False,False,False,0,none,False,lower,,20,Thursday
2010-10-21 21:00:00,2.582,2.5728,0.0091,0.5152,0.0745,1.534,False,False,False,False,False,0,none,False,higher,,21,Thursday
2010-10-21 22:00:00,1.9929,2.0416,-0.0487,1.2266,0.1167,-1.8392,False,False,False,False,False,0,none,False,higher,,22,Thursday
2010-10-21 23:00:00,0.7646,0.7902,-0.0255,-0.1354,0.1541,-0.4876,False,False,False,False,False,0,none,False,lower,,23,Thursday
2010-10-22 00:00:00,0.5244,0.5449,-0.0205,-0.2276,0.2008,-0.1937,False,False,False,False,False,0,none,False,lower,,0,Friday
2010-10-22 01:00:00,0.6323,0.6434,-0.0111,0.668,0.2032,0.352,False,False,False,False,False,0,none,False,higher,,1,Friday
2010-10-22 02:00:00,0.5181,0.5367,-0.0186,0.3317,0.2066,-0.0853,False,False,False,False,False,0,none,False,higher,,2,Friday
2010-10-22 03:00:00,0.5206,0.5452,-0.0247,0.3912,0.2042,-0.436,False,False,False,False,False,0,none,False,higher,,3,Friday
2010-10-22 04:00:00,0.5209,0.5407,-0.0199,0.5484,0.2047,-0.1576,False,False,False,False,False,0,none,False,higher,,4,Friday
2010-10-22 05:00:00,0.5856,0.5942,-0.0086,0.4026,0.2024,0.4994,False,False,False,False,False,0,none,False,higher,,5,Friday
2010-10-22 06:00:00,1.7712,1.7546,0.0166,3.7666,0.1145,1.9672,True,False,False,True,True,1,low,False,higher,rolling_z,6,Friday
2010-10-22 07:00:00,2.4588,2.4414,0.0174,0.3832,0.0897,2.0155,False,False,False,False,False,0,none,False,higher,,7,Friday
2010-10-22 08:00:00,1.5222,1.5555,-0.0333,-0.2751,0.1383,-0.9395,False,False,False,False,False,0,none,False,lower,,8,Friday
2010-10-22 09:00:00,1.5559,1.5668,-0.0108,0.0479,0.184,0.3705,False,False,False,False,False,0,none,False,higher,,9,Friday
2010-10-22 10:00:00,1.3846,1.4072,-0.0226,0.1175,0.1861,-0.3157,False,False,False,False,False,0,none,False,higher,,10,Friday
2010-10-22 11:00:00,1.373,1.3971,-0.0241,0.1699,0.1888,-0.4018,False,False,False,False,False,0,none,False,higher,,11,Friday
2010-10-22 12:00:00,1.7622,1.7683,-0.0062,0.4695,0.1597,0.6424,False,False,False,False,False,0,none,False,higher,,12,Friday
2010-10-22 13:00:00,1.5787,1.5603,0.0184,0.82,0.1731,2.076,False,False,False,False,False,0,none,False,higher,,13,Friday
2010-10-22 14:00:00,1.4756,1.5095,-0.0339,0.687,0.1701,-0.9742,False,False,False,False,False,0,none,False,higher,,14,Friday
2010-10-22 15:00:00,0.767,0.8121,-0.0451,-0.1868,0.1508,-1.6277,False,False,False,False,False,0,none,False,lower,,15,Friday
2010-10-22 16:00:00,1.1826,1.1856,-0.003,0.5374,0.1601,0.8272,False,False,False,False,False,0,none,False,higher,,16,Friday
2010-10-22 17:00:00,0.4821,0.5371,-0.055,-0.6567,0.1303,-2.2061,False,False,False,False,False,0,none,False,lower,,17,Friday
2010-10-22 18:00:00,0.7137,0.7181,-0.0044,-0.7414,0.1567,0.7474,False,False,False,False,False,0,none,False,lower,,18,Friday
2010-10-22 19:00:00,1.4247,1.4393,-0.0146,-0.4877,0.1416,0.1504,False,False,False,False,False,0,none,False,lower,,19,Friday
2010-10-22 20:00:00,1.3845,1.4132,-0.0287,-0.8562,0.1638,-0.6707,False,False,False,False,False,0,none,False,lower,,20,Friday
2010-10-22 21:00:00,2.2918,2.2723,0.0195,0.1672,0.1033,2.1389,False,False,False,False,False,0,none,False,higher,,21,Friday
2010-10-22 22:00:00,1.0727,1.0847,-0.012,-0.4303,0.1371,0.3029,False,False,False,False,False,0,none,False,lower,,22,Friday
2010-10-22 23:00:00,0.312,0.3411,-0.0292,-1.3509,0.1428,-0.6982,False,False,False,False,False,0,none,False,lower,,23,Friday
2010-10-23 00:00:00,1.4292,1.4026,0.0266,2.7795,0.0704,2.5525,False,False,False,False,False,0,none,False,higher,,0,Saturday
2010-10-23 01:00:00,0.3663,0.3989,-0.0326,-0.8346,0.0894,-0.8986,False,False,False,False,False,0,none,False,lower,,1,Saturday
2010-10-23 02:00:00,0.4865,0.5039,-0.0174,0.1119,0.1403,-0.0144,False,False,False,False,False,0,none,False,higher,,2,Saturday
2010-10-23 03:00:00,0.3881,0.4168,-0.0287,-0.2625,0.1424,-0.6701,False,False,False,False,False,0,none,False,lower,,3,Saturday
2010-10-23 04:00:00,0.3773,0.4031,-0.0258,-0.2813,0.1439,-0.5009,False,False,False,False,False,0,none,False,lower,,4,Saturday
2010-10-23 05:00:00,0.3275,0.3548,-0.0272,-0.8379,0.1371,-0.5852,False,False,False,False,False,0,none,False,lower,,5,Saturday
2010-10-23 06:00:00,0.6353,0.6281,0.0072,-0.9723,0.1331,1.4237,False,False,False,False,False,0,none,False,lower,,6,Saturday
2010-10-23 07:00:00,2.3587,2.3369,0.0219,0.2117,0.0214,2.2761,False,False,False,False,False,0,none,False,higher,,7,Saturday
2010-10-23 08:00:00,1.5689,1.6068,-0.0379,-0.1756,0.0984,-1.2062,False,False,False,False,False,0,none,False,lower,,8,Saturday
2010-10-23 09:00:00,1.2998,1.3459,-0.0461,-0.3101,0.1265,-1.6873,False,False,False,False,False,0,none,False,lower,,9,Saturday
2010-10-23 10:00:00,0.4229,0.4648,-0.0419,-1.3379,0.1033,-1.444,False,False,False,False,False,0,none,False,lower,,10,Saturday
2010-10-23 11:00:00,1.0934,1.0756,0.0178,-0.2119,0.1144,2.0397,False,False,False,False,False,0,none,False,lower,,11,Saturday
2010-10-23 12:00:00,2.0735,2.0629,0.0106,0.8666,0.068,1.6199,False,False,False,False,False,0,none,False,higher,,12,Saturday
2010-10-23 13:00:00,1.7855,1.7956,-0.0101,1.0983,0.109,0.4107,False,False,False,False,False,0,none,False,higher,,13,Saturday
2010-10-23 14:00:00,2.6106,2.5576,0.053,2.5696,0.046,4.0932,False,False,False,False,False,0,none,False,higher,,14,Saturday
2010-10-23 15:00:00,2.4896,2.4291,0.0605,2.8727,0.0676,4.5277,False,False,False,False,False,0,none,False,higher,,15,Saturday
2010-10-23 16:00:00,2.5465,2.5641,-0.0176,3.1773,0.0591,-0.0244,True,False,False,False,False,1,low,False,higher,rolling_z,16,Saturday
2010-10-23 17:00:00,3.2707,3.2251,0.0456,5.7766,0.0046,3.6591,True,False,False,False,True,1,low,False,higher,rolling_z,17,Saturday
2010-10-23 18:00:00,2.5243,2.5468,-0.0225,1.5672,0.0332,-0.3076,False,False,False,False,False,0,none,False,higher,,18,Saturday
2010-10-23 19:00:00,1.7953,1.8125,-0.0173,-0.0983,0.0732,-0.0051,False,False,False,False,False,0,none,False,lower,,19,Saturday
2010-10-23 20:00:00,1.6555,1.656,-0.0005,-0.5169,0.0925,0.975,False,False,False,False,False,0,none,False,lower,,20,Saturday
2010-10-23 21:00:00,3.3083,3.177,0.1313,1.3033,-0.0247,8.6587,False,True,True,False,False,2,medium,True,higher,"isolation_forest,residual",21,Saturday
2010-10-23 22:00:00,1.2988,1.3569,-0.058,-0.036,0.0382,-2.3823,False,False,False,False,False,0,none,False,lower,,22,Saturday
2010-10-23 23:00:00,2.108,2.0771,0.0309,3.4062,0.0416,2.8006,True,False,False,False,False,1,low,False,higher,rolling_z,23,Saturday
2010-10-24 00:00:00,1.7189,1.7132,0.0057,3.2567,0.0659,1.3329,True,False,False,False,False,1,low,False,higher,rolling_z,0,Sunday
2010-10-24 01:00:00,1.4979,1.4551,0.0428,5.389,0.0711,3.4961,True,False,False,False,False,1,low,False,higher,rolling_z,1,Sunday
2010-10-24 02:00:00,1.9704,1.9247,0.0457,8.1605,0.0395,3.6635,True,False,False,False,True,1,low,False,higher,rolling_z,2,Sunday
2010-10-24 03:00:00,1.7044,1.6958,0.0087,5.9082,0.055,1.5078,True,False,False,False,True,1,low,False,higher,rolling_z,3,Sunday
2010-10-24 04:00:00,0.8521,0.9047,-0.0525,2.3041,0.0357,-2.0604,False,False,False,False,True,0,none,False,higher,,4,Sunday
2010-10-24 05:00:00,0.3795,0.4243,-0.0449,-0.5314,0.0329,-1.6142,False,False,False,False,False,0,none,False,lower,,5,Sunday
2010-10-24 06:00:00,0.3675,0.3976,-0.0302,-1.9116,0.0458,-0.758,False,False,False,False,False,0,none,False,lower,,6,Sunday
2010-10-24 07:00:00,0.3862,0.4173,-0.0311,-2.8261,0.0541,-0.8111,False,False,False,False,False,0,none,False,lower,,7,Sunday
2010-10-24 08:00:00,0.6389,0.6529,-0.014,-2.4227,0.0626,0.1866,False,False,False,False,False,0,none,False,lower,,8,Sunday
2010-10-24 09:00:00,1.1032,1.1387,-0.0355,-0.5742,0.0594,-1.0663,False,False,False,False,False,0,none,False,lower,,9,Sunday
2010-10-24 10:00:00,1.5887,1.5821,0.0066,0.4485,0.0541,1.3838,False,False,False,False,False,0,none,False,higher,,10,Sunday
2010-10-24 11:00:00,1.8669,1.903,-0.0361,0.7716,0.0599,-1.1034,False,False,False,False,False,0,none,False,higher,,11,Sunday
2010-10-24 12:00:00,2.8367,2.8315,0.0052,1.7196,-0.0002,1.3071,False,True,False,False,False,1,low,False,higher,isolation_forest,12,Sunday
2010-10-24 13:00:00,2.8522,2.7676,0.0846,2.6028,0.0128,5.9332,False,False,False,False,False,0,none,False,higher,,13,Sunday
2010-10-24 14:00:00,3.734,3.6756,0.0584,4.0206,-0.0411,4.4069,True,True,False,True,False,2,medium,True,higher,"rolling_z,isolation_forest",14,Sunday
2010-10-24 15:00:00,1.7424,1.8144,-0.0721,1.2708,0.0091,-3.199,False,False,False,False,False,0,none,False,higher,,15,Sunday
2010-10-24 16:00:00,1.4822,1.4897,-0.0075,0.8563,0.0588,0.5642,False,False,False,False,False,0,none,False,higher,,16,Sunday
2010-10-24 17:00:00,1.9753,2.0107,-0.0354,1.7606,0.0501,-1.0633,False,False,False,False,False,0,none,False,higher,,17,Sunday
2010-10-24 18:00:00,2.5342,2.4763,0.0579,1.4616,0.031,4.3762,False,False,False,False,False,0,none,False,higher,,18,Sunday
2010-10-24 19:00:00,2.5804,2.5951,-0.0147,0.7205,0.036,0.147,False,False,False,False,False,0,none,False,higher,,19,Sunday
2010-10-24 20:00:00,1.3936,1.425,-0.0314,-0.7879,0.0347,-0.8297,False,False,False,False,False,0,none,False,lower,,20,Sunday
2010-10-24 21:00:00,1.0191,1.0426,-0.0235,-1.2412,0.0616,-0.3694,False,False,False,False,False,0,none,False,lower,,21,Sunday
2010-10-24 22:00:00,2.3189,2.3219,-0.0031,1.7535,0.0131,0.8219,False,False,False,False,False,0,none,False,higher,,22,Sunday
2010-10-24 23:00:00,1.3282,1.3336,-0.0055,1.0156,0.0578,0.6819,False,False,False,False,False,0,none,False,higher,,23,Sunday
2010-10-25 00:00:00,0.6192,0.6515,-0.0323,-0.1712,0.0823,-0.8816,False,False,False,False,False,0,none,False,lower,,0,Monday
2010-10-25 01:00:00,0.5783,0.5986,-0.0204,0.0807,0.1152,-0.1856,False,False,False,False,False,0,none,False,higher,,1,Monday
2010-10-25 02:00:00,0.3816,0.4148,-0.0332,-0.402,0.1243,-0.9345,False,False,False,False,False,0,none,False,lower,,2,Monday
2010-10-25 03:00:00,0.3448,0.3812,-0.0364,-0.4886,0.1374,-1.1208,False,False,False,False,False,0,none,False,lower,,3,Monday
2010-10-25 04:00:00,0.3414,0.3785,-0.0371,-0.502,0.1411,-1.1597,False,False,False,False,False,0,none,False,lower,,4,Monday
2010-10-25 05:00:00,0.3577,0.3944,-0.0368,-0.6353,0.1362,-1.1419,False,False,False,False,False,0,none,False,lower,,5,Monday
2010-10-25 06:00:00,0.4922,0.5104,-0.0181,-1.3931,0.1296,-0.0547,False,False,False,False,False,0,none,False,lower,,6,Monday
2010-10-25 07:00:00,1.7558,1.7355,0.0204,-0.5687,0.0856,2.1889,False,False,False,False,False,0,none,False,lower,,7,Monday
2010-10-25 08:00:00,2.1565,2.1665,-0.01,1.2041,0.0958,0.4192,False,False,False,False,False,0,none,False,higher,,8,Monday
2010-10-25 09:00:00,1.4889,1.4958,-0.0069,-0.0122,0.1101,0.6014,False,False,False,False,False,0,none,False,lower,,9,Monday
2010-10-25 10:00:00,1.5511,1.5673,-0.0162,0.3912,0.1301,0.0596,False,False,False,False,False,0,none,False,higher,,10,Monday
2010-10-25 11:00:00,0.7614,0.8025,-0.0411,-0.7397,0.0874,-1.3953,False,False,False,False,False,0,none,False,lower,,11,Monday
2010-10-25 12:00:00,0.3275,0.3538,-0.0263,-1.3134,0.1025,-0.5296,False,False,False,False,False,0,none,False,lower,,12,Monday
2010-10-25 13:00:00,0.3195,0.3485,-0.029,-1.1004,0.1408,-0.6919,False,False,False,False,False,0,none,False,lower,,13,Monday
2010-10-25 14:00:00,0.3588,0.3886,-0.0298,-1.203,0.163,-0.7337,False,False,False,False,False,0,none,False,lower,,14,Monday
2010-10-25 15:00:00,0.3935,0.4291,-0.0356,-0.852,0.1799,-1.0754,False,False,False,False,False,0,none,False,lower,,15,Monday
2010-10-25 16:00:00,0.452,0.4759,-0.0239,-0.8703,0.1856,-0.3925,False,False,False,False,False,0,none,False,lower,,16,Monday
2010-10-25 17:00:00,0.3532,0.389,-0.0358,-0.7831,0.1884,-1.0873,False,False,False,False,False,0,none,False,lower,,17,Monday
2010-10-25 18:00:00,0.4421,0.4671,-0.025,-1.1395,0.1907,-0.4575,False,False,False,False,False,0,none,False,lower,,18,Monday
2010-10-25 19:00:00,1.4118,1.4385,-0.0268,-0.608,0.1394,-0.5598,False,False,False,False,False,0,none,False,lower,,19,Monday
2010-10-25 20:00:00,1.0944,1.1066,-0.0122,-1.0778,0.1734,0.2924,False,False,False,False,False,0,none,False,lower,,20,Monday
2010-10-25 21:00:00,0.9947,1.033,-0.0383,-1.2209,0.1869,-1.2285,False,False,False,False,False,0,none,False,lower,,21,Monday
2010-10-25 22:00:00,1.2006,1.2069,-0.0062,-0.3111,0.1715,0.6382,False,False,False,False,False,0,none,False,lower,,22,Monday
2010-10-25 23:00:00,1.2112,1.2502,-0.039,0.706,0.1718,-1.2694,False,False,False,False,False,0,none,False,higher,,23,Monday
2010-10-26 00:00:00,0.6891,0.7162,-0.0271,-0.0006,0.1866,-0.5781,False,False,False,False,False,0,none,False,lower,,0,Tuesday
2010-10-26 01:00:00,0.3166,0.345,-0.0285,-0.9837,0.194,-0.6578,False,False,False,False,False,0,none,False,lower,,1,Tuesday
2010-10-26 02:00:00,1.0715,1.0949,-0.0234,1.6507,0.1523,-0.3642,False,False,False,False,True,0,none,False,higher,,2,Tuesday
2010-10-26 03:00:00,0.3537,0.3847,-0.0311,-0.4721,0.1724,-0.8093,False,False,False,False,False,0,none,False,lower,,3,Tuesday
2010-10-26 04:00:00,0.5007,0.5265,-0.0258,0.3259,0.1957,-0.5024,False,False,False,False,False,0,none,False,higher,,4,Tuesday
2010-10-26 05:00:00,0.3231,0.3557,-0.0326,-0.8338,0.1959,-0.901,False,False,False,False,False,0,none,False,lower,,5,Tuesday
2010-10-26 06:00:00,0.3165,0.3504,-0.0339,-1.8992,0.1942,-0.9762,False,False,False,False,False,0,none,False,lower,,6,Tuesday
2010-10-26 07:00:00,0.615,0.6191,-0.0042,-2.067,0.1792,0.7583,False,False,False,False,False,0,none,False,lower,,7,Tuesday
2010-10-26 08:00:00,0.6816,0.7226,-0.041,-2.0087,0.1794,-1.3873,False,False,False,False,False,0,none,False,lower,,8,Tuesday
2010-10-26 09:00:00,1.0353,1.0574,-0.0221,-0.6326,0.1611,-0.2857,False,False,False,False,False,0,none,False,lower,,9,Tuesday
2010-10-26 10:00:00,0.6317,0.6508,-0.0192,-0.9564,0.1702,-0.1158,False,False,False,False,False,0,none,False,lower,,10,Tuesday
2010-10-26 11:00:00,3.0101,2.9148,0.0953,2.2166,-0.0261,6.5599,False,True,True,False,False,2,medium,True,higher,"isolation_forest,residual",11,Tuesday
2010-10-26 12:00:00,1.1094,1.1772,-0.0679,-0.3534,0.1018,-2.9554,False,False,False,False,False,0,none,False,lower,,12,Tuesday
2010-10-26 13:00:00,0.4098,0.4438,-0.034,-0.9088,0.1697,-0.9804,False,False,False,False,False,0,none,False,lower,,13,Tuesday
2010-10-26 14:00:00,0.3275,0.3627,-0.0352,-1.1663,0.1836,-1.0511,False,False,False,False,False,0,none,False,lower,,14,Tuesday
2010-10-26 15:00:00,0.3355,0.3709,-0.0354,-0.9202,0.1917,-1.0624,False,False,False,False,False,0,none,False,lower,,15,Tuesday
2010-10-26 16:00:00,0.3538,0.3909,-0.0371,-1.0484,0.1909,-1.1598,False,False,False,False,False,0,none,False,lower,,16,Tuesday
2010-10-26 17:00:00,0.5167,0.5485,-0.0317,-0.535,0.1925,-0.8478,False,False,False,False,False,0,none,False,lower,,17,Tuesday
2010-10-26 18:00:00,0.3454,0.3828,-0.0374,-1.2374,0.179,-1.1785,False,False,False,False,False,0,none,False,lower,,18,Tuesday
2010-10-26 19:00:00,0.2993,0.3363,-0.037,-1.8536,0.1821,-1.1539,False,False,False,False,False,0,none,False,lower,,19,Tuesday
2010-10-26 20:00:00,1.0135,1.0414,-0.0279,-1.1783,0.1487,-0.6256,False,False,False,False,False,0,none,False,lower,,20,Tuesday
2010-10-26 21:00:00,0.3626,0.3945,-0.0319,-1.7993,0.1654,-0.861,False,False,False,False,False,0,none,False,lower,,21,Tuesday
2010-10-26 22:00:00,0.4894,0.523,-0.0336,-1.5358,0.1803,-0.9593,False,False,False,False,False,0,none,False,lower,,22,Tuesday
2010-10-26 23:00:00,0.6574,0.6488,0.0087,-0.6034,0.1832,1.5068,False,False,False,False,False,0,none,False,lower,,23,Tuesday
2010-10-27 00:00:00,0.789,0.841,-0.052,0.2322,0.1739,-2.0327,False,False,False,False,False,0,none,False,higher,,0,Wednesday
2010-10-27 01:00:00,0.7074,0.7293,-0.0219,0.6614,0.1835,-0.2725,False,False,False,False,False,0,none,False,higher,,1,Wednesday
2010-10-27 02:00:00,0.8959,0.9245,-0.0286,1.0043,0.1643,-0.6639,False,False,False,False,True,0,none,False,higher,,2,Wednesday
2010-10-27 03:00:00,0.3767,0.4195,-0.0428,-0.4154,0.1693,-1.4919,False,False,False,False,False,0,none,False,lower,,3,Wednesday
2010-10-27 04:00:00,0.3226,0.3571,-0.0346,-0.7244,0.1954,-1.0145,False,False,False,False,False,0,none,False,lower,,4,Wednesday
2010-10-27 05:00:00,0.3141,0.3517,-0.0376,-0.8228,0.1946,-1.1895,False,False,False,False,False,0,none,False,lower,,5,Wednesday
2010-10-27 06:00:00,0.3945,0.4283,-0.0338,-1.4996,0.1804,-0.967,False,False,False,False,False,0,none,False,lower,,6,Wednesday
2010-10-27 07:00:00,1.7023,1.662,0.0403,-0.4926,0.0959,3.3499,False,False,False,False,False,0,none,False,lower,,7,Wednesday
2010-10-27 08:00:00,1.8993,1.9243,-0.025,0.6276,0.1257,-0.4568,False,False,False,False,False,0,none,False,higher,,8,Wednesday
2010-10-27 09:00:00,1.5357,1.5598,-0.0241,0.0635,0.1545,-0.4053,False,False,False,False,False,0,none,False,higher,,9,Wednesday
2010-10-27 10:00:00,1.8381,1.8557,-0.0176,0.8559,0.1458,-0.0248,False,False,False,False,False,0,none,False,higher,,10,Wednesday
2010-10-27 11:00:00,2.5886,2.5841,0.0045,1.4613,0.0593,1.2629,False,False,False,False,False,0,none,False,higher,,11,Wednesday
2010-10-27 12:00:00,0.3977,0.4385,-0.0408,-1.185,0.0896,-1.3762,False,False,False,False,False,0,none,False,lower,,12,Wednesday
2010-10-27 13:00:00,0.6811,0.7268,-0.0457,-0.528,0.1846,-1.6644,False,False,False,False,False,0,none,False,lower,,13,Wednesday
2010-10-27 14:00:00,0.5177,0.5695,-0.0518,-0.8789,0.1899,-2.0194,False,False,False,False,False,0,none,False,lower,,14,Wednesday
2010-10-27 15:00:00,0.471,0.504,-0.033,-0.7228,0.1962,-0.9221,False,False,False,False,False,0,none,False,lower,,15,Wednesday
2010-10-27 16:00:00,0.6848,0.716,-0.0313,-0.4673,0.1939,-0.8213,False,False,False,False,False,0,none,False,lower,,16,Wednesday
2010-10-27 17:00:00,0.5363,0.5715,-0.0352,-0.4916,0.1964,-1.0479,False,False,False,False,False,0,none,False,lower,,17,Wednesday
2010-10-27 18:00:00,0.5009,0.5418,-0.0409,-1.0111,0.1911,-1.3815,False,False,False,False,False,0,none,False,lower,,18,Wednesday
2010-10-27 19:00:00,0.8276,0.8467,-0.0191,-1.1301,0.186,-0.1104,False,False,False,False,False,0,none,False,lower,,19,Wednesday
2010-10-27 20:00:00,1.0392,1.0877,-0.0485,-1.076,0.1803,-1.8231,False,False,False,False,False,0,none,False,lower,,20,Wednesday
2010-10-27 21:00:00,0.3816,0.4219,-0.0403,-1.6501,0.1743,-1.35,False,False,False,False,False,0,none,False,lower,,21,Wednesday
2010-10-27 22:00:00,0.8087,0.8091,-0.0004,-0.92,0.18,0.9769,False,False,False,False,False,0,none,False,lower,,22,Wednesday
2010-10-27 23:00:00,0.794,0.8208,-0.0268,-0.2667,0.2038,-0.5594,False,False,False,False,False,0,none,False,lower,,23,Wednesday
2010-10-28 00:00:00,2.0628,2.0301,0.0327,3.631,0.0759,2.9087,True,False,False,True,True,1,low,False,higher,rolling_z,0,Thursday
2010-10-28 01:00:00,0.576,0.6131,-0.0371,0.1323,0.1243,-1.1631,False,False,False,False,False,0,none,False,higher,,1,Thursday
2010-10-28 02:00:00,0.352,0.3938,-0.0418,-0.5716,0.2078,-1.435,False,False,False,False,False,0,none,False,lower,,2,Thursday
2010-10-28 03:00:00,0.3283,0.3697,-0.0414,-0.5505,0.2094,-1.4149,False,False,False,False,False,0,none,False,lower,,3,Thursday
2010-10-28 04:00:00,0.418,0.4433,-0.0254,-0.181,0.2033,-0.477,False,False,False,False,False,0,none,False,lower,,4,Thursday
2010-10-28 05:00:00,0.3954,0.4383,-0.0429,-0.3904,0.2049,-1.5022,False,False,False,False,False,0,none,False,lower,,5,Thursday
2010-10-28 06:00:00,0.3842,0.4234,-0.0392,-1.4365,0.1961,-1.2867,False,False,False,False,False,0,none,False,lower,,6,Thursday
2010-10-28 07:00:00,0.4864,0.5009,-0.0145,-1.9845,0.1929,0.1578,False,False,False,False,False,0,none,False,lower,,7,Thursday
2010-10-28 08:00:00,0.7909,0.8241,-0.0332,-1.6134,0.177,-0.9331,False,False,False,False,False,0,none,False,lower,,8,Thursday
2010-10-28 09:00:00,1.6559,1.6573,-0.0014,0.228,0.1342,0.9172,False,False,False,False,False,0,none,False,higher,,9,Thursday
2010-10-28 10:00:00,1.3801,1.421,-0.0409,0.1646,0.1669,-1.3847,False,False,False,False,False,0,none,False,higher,,10,Thursday
2010-10-28 11:00:00,0.3668,0.4127,-0.0459,-1.308,0.1391,-1.6759,False,False,False,False,False,0,none,False,lower,,11,Thursday
2010-10-28 12:00:00,0.4731,0.5039,-0.0308,-1.0504,0.1789,-0.7946,False,False,False,False,False,0,none,False,lower,,12,Thursday
2010-10-28 13:00:00,0.5297,0.5572,-0.0275,-0.7446,0.188,-0.6025,False,False,False,False,False,0,none,False,lower,,13,Thursday
2010-10-28 14:00:00,1.419,1.4146,0.0044,0.2519,0.1298,1.2573,False,False,False,False,False,0,none,False,higher,,14,Thursday
2010-10-28 15:00:00,2.2539,2.2049,0.049,2.0529,0.0855,3.857,False,False,False,False,False,0,none,False,higher,,15,Thursday
2010-10-28 16:00:00,2.0625,2.0317,0.0308,1.8763,0.1239,2.7963,False,False,False,False,True,0,none,False,higher,,16,Thursday
2010-10-28 17:00:00,2.1039,2.1171,-0.0133,1.928,0.131,0.2291,False,False,False,False,False,0,none,False,higher,,17,Thursday
2010-10-28 18:00:00,1.3175,1.2958,0.0217,-0.0267,0.1438,2.2668,False,False,False,False,False,0,none,False,lower,,18,Thursday
2010-10-28 19:00:00,2.4235,2.4321,-0.0086,0.5425,0.0829,0.4993,False,False,False,False,False,0,none,False,higher,,19,Thursday
2010-10-28 20:00:00,0.5319,0.5851,-0.0532,-1.5628,0.1009,-2.0983,False,False,False,False,False,0,none,False,lower,,20,Thursday
2010-10-28 21:00:00,0.4278,0.4718,-0.044,-1.501,0.1913,-1.5616,False,False,False,False,False,0,none,False,lower,,21,Thursday
2010-10-28 22:00:00,0.7488,0.7449,0.0039,-0.9702,0.183,1.2275,False,False,False,False,False,0,none,False,lower,,22,Thursday
2010-10-28 23:00:00,0.9004,0.9551,-0.0547,-0.0046,0.1971,-2.1851,False,False,False,False,False,0,none,False,lower,,23,Thursday
2010-10-29 00:00:00,1.0362,1.033,0.0032,0.6242,0.1926,1.1871,False,False,False,False,False,0,none,False,higher,,0,Friday
2010-10-29 01:00:00,0.5989,0.6495,-0.0506,0.2313,0.1901,-1.9508,False,False,False,False,False,0,none,False,higher,,1,Friday
2010-10-29 02:00:00,0.4651,0.5001,-0.035,-0.2186,0.2079,-1.0404,False,False,False,False,False,0,none,False,lower,,2,Friday
2010-10-29 03:00:00,0.3168,0.356,-0.0392,-0.5648,0.201,-1.2816,False,False,False,False,False,0,none,False,lower,,3,Friday
2010-10-29 04:00:00,0.3162,0.3559,-0.0397,-0.7285,0.2066,-1.3115,False,False,False,False,False,0,none,False,lower,,4,Friday
2010-10-29 05:00:00,0.3864,0.4228,-0.0364,-0.4198,0.2021,-1.1189,False,False,False,False,False,0,none,False,lower,,5,Friday
2010-10-29 06:00:00,0.5107,0.5406,-0.0299,-0.9655,0.1906,-0.7444,False,False,False,False,False,0,none,False,lower,,6,Friday
2010-10-29 07:00:00,0.3062,0.3477,-0.0415,-2.0004,0.1833,-1.4188,False,False,False,False,False,0,none,False,lower,,7,Friday
2010-10-29 08:00:00,0.4794,0.5205,-0.0412,-2.0832,0.185,-1.3978,False,False,False,False,False,0,none,False,lower,,8,Friday
2010-10-29 09:00:00,1.4062,1.4136,-0.0074,-0.1245,0.1515,0.5673,False,False,False,False,False,0,none,False,lower,,9,Friday
2010-10-29 10:00:00,0.5285,0.5817,-0.0532,-1.0627,0.1627,-2.0992,False,False,False,False,False,0,none,False,lower,,10,Friday
2010-10-29 11:00:00,0.6154,0.6343,-0.0189,-0.9494,0.1924,-0.1011,False,False,False,False,False,0,none,False,lower,,11,Friday
2010-10-29 12:00:00,1.0567,1.0703,-0.0137,-0.4005,0.1796,0.2048,False,False,False,False,False,0,none,False,lower,,12,Friday
2010-10-29 13:00:00,0.8221,0.8636,-0.0415,-0.3597,0.1957,-1.4186,False,False,False,False,False,0,none,False,lower,,13,Friday
2010-10-29 14:00:00,0.7339,0.7576,-0.0237,-0.6142,0.1964,-0.3783,False,False,False,False,False,0,none,False,lower,,14,Friday
2010-10-29 15:00:00,1.3253,1.3693,-0.044,0.5122,0.1705,-1.5645,False,False,False,False,False,0,none,False,higher,,15,Friday
2010-10-29 16:00:00,0.5244,0.5708,-0.0464,-0.7535,0.1697,-1.7039,False,False,False,False,False,0,none,False,lower,,16,Friday
2010-10-29 17:00:00,0.6262,0.6593,-0.0331,-0.3661,0.1928,-0.9279,False,False,False,False,False,0,none,False,lower,,17,Friday
2010-10-29 18:00:00,1.2064,1.1973,0.0091,-0.1268,0.146,1.5292,False,False,False,False,False,0,none,False,lower,,18,Friday
2010-10-29 19:00:00,1.314,1.3517,-0.0377,-0.6947,0.1564,-1.1953,False,False,False,False,False,0,none,False,lower,,19,Friday
2010-10-29 20:00:00,1.552,1.5605,-0.0085,-0.4922,0.1497,0.5059,False,False,False,False,False,0,none,False,lower,,20,Friday
2010-10-29 21:00:00,1.6412,1.6461,-0.0049,-0.3714,0.1563,0.7175,False,False,False,False,False,0,none,False,lower,,21,Friday
2010-10-29 22:00:00,0.9651,1.0162,-0.0512,-0.6495,0.1697,-1.9812,False,False,False,False,False,0,none,False,lower,,22,Friday
2010-10-29 23:00:00,1.3405,1.3385,0.002,0.9822,0.158,1.1207,False,False,False,False,False,0,none,False,higher,,23,Friday
2010-10-30 00:00:00,1.6557,1.633,0.0227,1.9473,0.0999,2.3244,False,False,False,False,False,0,none,False,higher,,0,Saturday
2010-10-30 01:00:00,1.2115,1.246,-0.0345,2.703,0.1112,-1.0093,False,False,False,False,False,0,none,False,higher,,1,Saturday
2010-10-30 02:00:00,0.9089,0.9296,-0.0208,1.0477,0.137,-0.2089,False,False,False,False,False,0,none,False,higher,,2,Saturday
2010-10-30 03:00:00,0.5199,0.5426,-0.0227,0.1927,0.1389,-0.321,False,False,False,False,False,0,none,False,higher,,3,Saturday
2010-10-30 04:00:00,0.3636,0.3964,-0.0328,-0.4669,0.1495,-0.9131,False,False,False,False,False,0,none,False,lower,,4,Saturday
2010-10-30 05:00:00,0.3116,0.3409,-0.0293,-0.8128,0.15,-0.7056,False,False,False,False,False,0,none,False,lower,,5,Saturday
2010-10-30 06:00:00,0.3202,0.3511,-0.0309,-1.4667,0.1513,-0.8002,False,False,False,False,False,0,none,False,lower,,6,Saturday
2010-10-30 07:00:00,0.4656,0.49,-0.0244,-1.6194,0.1457,-0.42,False,False,False,False,False,0,none,False,lower,,7,Saturday
2010-10-30 08:00:00,0.4008,0.4331,-0.0323,-2.0168,0.1478,-0.8802,False,False,False,False,False,0,none,False,lower,,8,Saturday
2010-10-30 09:00:00,0.3779,0.4103,-0.0324,-1.6213,0.1479,-0.8866,False,False,False,False,False,0,none,False,lower,,9,Saturday
2010-10-30 10:00:00,0.7759,0.7608,0.0151,-0.7142,0.1287,1.8813,False,False,False,False,False,0,none,False,lower,,10,Saturday
2010-10-30 11:00:00,3.1332,3.0732,0.06,1.9962,-0.0381,4.4993,False,True,False,False,False,1,low,False,higher,isolation_forest,11,Saturday
2010-10-30 12:00:00,0.905,0.9765,-0.0715,-0.5251,0.0683,-3.1656,False,False,False,False,False,0,none,False,lower,,12,Saturday
2010-10-30 13:00:00,1.2233,1.2351,-0.0118,0.2109,0.1281,0.3129,False,False,False,False,False,0,none,False,higher,,13,Saturday
2010-10-30 14:00:00,1.7464,1.7697,-0.0233,0.6491,0.1098,-0.3579,False,False,False,False,False,0,none,False,higher,,14,Saturday
2010-10-30 15:00:00,1.5429,1.5759,-0.033,0.8051,0.1264,-0.9219,False,False,False,False,False,0,none,False,higher,,15,Saturday
2010-10-30 16:00:00,1.6637,1.6833,-0.0196,1.1501,0.1189,-0.1407,False,False,False,False,False,0,none,False,higher,,16,Saturday
2010-10-30 17:00:00,1.5299,1.5575,-0.0276,0.9166,0.1252,-0.609,False,False,False,False,False,0,none,False,higher,,17,Saturday
2010-10-30 18:00:00,2.1402,2.1468,-0.0066,0.944,0.0841,0.6145,False,False,False,False,False,0,none,False,higher,,18,Saturday
2010-10-30 19:00:00,2.6026,2.6291,-0.0265,0.68,0.0559,-0.5427,False,False,False,False,False,0,none,False,higher,,19,Saturday
2010-10-30 20:00:00,3.3127,3.2506,0.0621,1.3856,0.0078,4.6233,False,False,False,False,False,0,none,False,higher,,20,Saturday
2010-10-30 21:00:00,3.0156,3.026,-0.0104,0.9342,0.0278,0.3942,False,False,False,False,False,0,none,False,higher,,21,Saturday
2010-10-30 22:00:00,2.8802,2.9009,-0.0207,2.5658,0.0284,-0.2068,False,False,False,False,False,0,none,False,higher,,22,Saturday
2010-10-30 23:00:00,2.8712,2.8788,-0.0076,4.3279,0.0189,0.5557,True,False,False,False,False,1,low,False,higher,rolling_z,23,Saturday
2010-10-31 00:00:00,1.809,1.8049,0.0041,2.0825,0.0511,1.2403,False,False,False,False,False,0,none,False,higher,,0,Sunday
2010-10-31 01:00:00,1.4759,1.4602,0.0157,3.4184,0.0848,1.9154,True,False,False,False,False,1,low,False,higher,rolling_z,1,Sunday
2010-10-31 02:00:00,1.4299,1.4254,0.0045,2.458,0.0947,1.2648,False,False,False,False,False,0,none,False,higher,,2,Sunday
2010-10-31 03:00:00,1.5552,1.5363,0.0189,4.0591,0.0787,2.106,True,False,False,False,True,1,low,False,higher,rolling_z,3,Sunday
2010-10-31 04:00:00,1.4665,1.4699,-0.0034,5.7586,0.0768,0.8011,True,False,False,False,True,1,low,False,higher,rolling_z,4,Sunday
2010-10-31 05:00:00,2.9103,2.8088,0.1015,12.4238,-0.022,6.9196,True,True,True,True,True,3,high,True,higher,"rolling_z,isolation_forest,residual",5,Sunday
2010-10-31 06:00:00,1.9306,1.9503,-0.0197,3.0176,0.0131,-0.1473,True,False,False,True,True,1,low,False,higher,rolling_z,6,Sunday
2010-10-31 07:00:00,0.3292,0.363,-0.0338,-1.6322,-0.0127,-0.9663,False,True,False,False,False,1,low,False,lower,isolation_forest,7,Sunday
2010-10-31 08:00:00,0.355,0.3853,-0.0303,-1.8869,0.0383,-0.7635,False,False,False,False,False,0,none,False,lower,,8,Sunday
2010-10-31 09:00:00,0.3982,0.4345,-0.0363,-1.5728,0.041,-1.1127,False,False,False,False,False,0,none,False,lower,,9,Sunday
2010-10-31 10:00:00,0.509,0.5361,-0.027,-1.1427,0.0409,-0.5744,False,False,False,False,False,0,none,False,lower,,10,Sunday
2010-10-31 11:00:00,0.3198,0.3536,-0.0338,-1.2586,0.0495,-0.9697,False,False,False,False,False,0,none,False,lower,,11,Sunday
2010-10-31 12:00:00,0.3359,0.3719,-0.036,-1.1917,0.0544,-1.0947,False,False,False,False,False,0,none,False,lower,,12,Sunday
2010-10-31 13:00:00,1.1764,1.1772,-0.0008,0.1269,0.0524,0.9542,False,False,False,False,False,0,none,False,higher,,13,Sunday
2010-10-31 14:00:00,1.5387,1.5498,-0.0112,0.4041,0.0768,0.3503,False,False,False,False,False,0,none,False,higher,,14,Sunday
2010-10-31 15:00:00,0.5956,0.655,-0.0594,-0.5331,0.0491,-2.4613,False,False,False,False,False,0,none,False,lower,,15,Sunday
2010-10-31 16:00:00,0.3452,0.3828,-0.0376,-0.9975,0.061,-1.1919,False,False,False,False,False,0,none,False,lower,,16,Sunday
2010-10-31 17:00:00,0.4587,0.4907,-0.032,-0.6234,0.0818,-0.8625,False,False,False,False,False,0,none,False,lower,,17,Sunday
2010-10-31 18:00:00,0.3285,0.3668,-0.0383,-1.2393,0.083,-1.2316,False,False,False,False,False,0,none,False,lower,,18,Sunday
2010-10-31 19:00:00,0.3643,0.3997,-0.0354,-1.7632,0.102,-1.0605,False,False,False,False,False,0,none,False,lower,,19,Sunday
2010-10-31 20:00:00,0.3928,0.4339,-0.0411,-1.8596,0.1174,-1.3919,False,False,False,False,False,0,none,False,lower,,20,Sunday
2010-10-31 21:00:00,1.2172,1.2076,0.0096,-0.7501,0.1032,1.5604,False,False,False,False,False,0,none,False,lower,,21,Sunday
2010-10-31 22:00:00,1.3273,1.3444,-0.0172,-0.1288,0.1268,0.0012,False,False,False,False,False,0,none,False,lower,,22,Sunday
2010-10-31 23:00:00,2.038,2.0629,-0.0249,1.8814,0.0723,-0.4513,False,False,False,False,False,0,none,False,higher,,23,Sunday
2010-11-01 00:00:00,1.3194,1.3201,-0.0007,0.8939,0.151,0.9619,False,False,False,False,True,0,none,False,higher,,0,Monday
2010-11-01 01:00:00,1.4804,1.4559,0.0245,2.7874,0.1644,2.4293,False,False,False,False,True,0,none,False,higher,,1,Monday
2010-11-01 02:00:00,1.286,1.2686,0.0174,1.7726,0.1773,2.0174,False,False,False,True,True,0,none,False,higher,,2,Monday
2010-11-01 03:00:00,1.0647,1.0811,-0.0164,1.6764,0.1825,0.0456,False,False,False,False,True,0,none,False,higher,,3,Monday
2010-11-01 04:00:00,0.3274,0.3526,-0.0252,-0.6101,0.1662,-0.4671,False,False,False,False,False,0,none,False,lower,,4,Monday
2010-11-01 05:00:00,0.4504,0.4641,-0.0137,-0.2109,0.1986,0.2006,False,False,False,False,False,0,none,False,lower,,5,Monday
2010-11-01 06:00:00,0.405,0.4172,-0.0123,-1.1613,0.1922,0.2856,False,False,False,False,False,0,none,False,lower,,6,Monday
2010-11-01 07:00:00,0.3846,0.4019,-0.0173,-1.5369,0.1935,-0.0066,False,False,False,False,False,0,none,False,lower,,7,Monday
2010-11-01 08:00:00,0.3178,0.3351,-0.0173,-1.8033,0.1883,-0.0073,False,False,False,False,False,0,none,False,lower,,8,Monday
2010-11-01 09:00:00,1.1984,1.1864,0.012,-0.359,0.145,1.6999,False,False,False,False,False,0,none,False,lower,,9,Monday
2010-11-01 10:00:00,0.4413,0.4752,-0.0339,-1.1824,0.1598,-0.975,False,False,False,False,False,0,none,False,lower,,10,Monday
2010-11-01 11:00:00,0.4067,0.4224,-0.0157,-1.1116,0.1914,0.089,False,False,False,False,False,0,none,False,lower,,11,Monday
2010-11-01 12:00:00,0.7283,0.7218,0.0066,-0.706,0.1811,1.3835,False,False,False,False,False,0,none,False,lower,,12,Monday
2010-11-01 13:00:00,1.8743,1.854,0.0203,1.0321,0.1097,2.1839,False,False,False,False,False,0,none,False,higher,,13,Monday
2010-11-01 14:00:00,1.4407,1.4524,-0.0117,0.3059,0.159,0.3201,False,False,False,False,False,0,none,False,higher,,14,Monday
2010-11-01 15:00:00,1.4622,1.4646,-0.0024,0.7906,0.1821,0.8602,False,False,False,False,False,0,none,False,higher,,15,Monday
2010-11-01 16:00:00,1.6175,1.5989,0.0186,1.1465,0.1697,2.0879,False,False,False,False,False,0,none,False,higher,,16,Monday
2010-11-01 17:00:00,1.4483,1.4531,-0.0048,0.8021,0.1757,0.7199,False,False,False,False,False,0,none,False,higher,,17,Monday
2010-11-01 18:00:00,0.6616,0.6972,-0.0355,-0.822,0.163,-1.0695,False,False,False,False,False,0,none,False,lower,,18,Monday
2010-11-01 19:00:00,0.3319,0.3563,-0.0244,-1.639,0.174,-0.4182,False,False,False,False,False,0,none,False,lower,,19,Monday
2010-11-01 20:00:00,0.475,0.4881,-0.0131,-1.6257,0.1864,0.2389,False,False,False,False,False,0,none,False,lower,,20,Monday
2010-11-01 21:00:00,1.0677,1.0364,0.0314,-0.8458,0.1751,2.8299,False,False,False,False,False,0,none,False,lower,,21,Monday
2010-11-01 22:00:00,1.3897,1.3974,-0.0078,-0.0147,0.1736,0.5492,False,False,False,False,False,0,none,False,lower,,22,Monday
2010-11-01 23:00:00,1.4736,1.4711,0.0025,0.8095,0.1687,1.148,False,False,False,False,False,0,none,False,higher,,23,Monday
2010-11-02 00:00:00,1.4327,1.4143,0.0184,1.0793,0.1699,2.0754,False,False,False,False,True,0,none,False,higher,,0,Tuesday
2010-11-02 01:00:00,1.2634,1.2648,-0.0014,1.8171,0.175,0.9172,False,False,False,False,True,0,none,False,higher,,1,Tuesday
2010-11-02 02:00:00,0.3963,0.4164,-0.02,-0.541,0.1697,-0.1658,False,False,False,False,False,0,none,False,lower,,2,Tuesday
2010-11-02 03:00:00,0.3301,0.3557,-0.0256,-0.4675,0.2092,-0.4914,False,False,False,False,False,0,none,False,lower,,3,Tuesday
2010-11-02 04:00:00,1.4277,1.3911,0.0366,3.8158,0.1212,3.1363,True,False,False,True,True,1,low,False,higher,rolling_z,4,Tuesday
2010-11-02 05:00:00,0.38,0.4239,-0.044,-0.3255,0.1461,-1.5617,False,False,False,False,False,0,none,False,lower,,5,Tuesday
2010-11-02 06:00:00,0.4035,0.4248,-0.0213,-1.0835,0.1964,-0.2411,False,False,False,False,False,0,none,False,lower,,6,Tuesday
2010-11-02 07:00:00,0.4835,0.501,-0.0175,-1.3134,0.1948,-0.021,False,False,False,False,False,0,none,False,lower,,7,Tuesday
2010-11-02 08:00:00,0.5343,0.562,-0.0276,-1.3134,0.1933,-0.6092,False,False,False,False,False,0,none,False,lower,,8,Tuesday
2010-11-02 09:00:00,1.4453,1.427,0.0183,0.0174,0.1507,2.0696,False,False,False,False,False,0,none,False,higher,,9,Tuesday
2010-11-02 10:00:00,0.8654,0.8911,-0.0258,-0.4716,0.182,-0.5002,False,False,False,False,False,0,none,False,lower,,10,Tuesday
2010-11-02 11:00:00,0.4303,0.4501,-0.0199,-1.0592,0.1749,-0.1563,False,False,False,False,False,0,none,False,lower,,11,Tuesday
2010-11-02 12:00:00,0.344,0.366,-0.022,-1.0878,0.1804,-0.2816,False,False,False,False,False,0,none,False,lower,,12,Tuesday
2010-11-02 13:00:00,0.4027,0.4156,-0.0128,-0.9854,0.1951,0.2526,False,False,False,False,False,0,none,False,lower,,13,Tuesday
2010-11-02 14:00:00,0.3611,0.3891,-0.028,-1.078,0.1915,-0.6302,False,False,False,False,False,0,none,False,lower,,14,Tuesday
2010-11-02 15:00:00,0.3766,0.3966,-0.02,-0.8819,0.1945,-0.1646,False,False,False,False,False,0,none,False,lower,,15,Tuesday
2010-11-02 16:00:00,0.3728,0.397,-0.0242,-0.9604,0.1923,-0.4115,False,False,False,False,False,0,none,False,lower,,16,Tuesday
2010-11-02 17:00:00,0.3232,0.3481,-0.0249,-0.8687,0.1873,-0.4504,False,False,False,False,False,0,none,False,lower,,17,Tuesday
2010-11-02 18:00:00,1.1502,1.1645,-0.0143,-0.2136,0.1319,0.1675,False,False,False,False,False,0,none,False,lower,,18,Tuesday
2010-11-02 19:00:00,0.8409,0.8391,0.0018,-1.0126,0.1692,1.1057,False,False,False,False,False,0,none,False,lower,,19,Tuesday
2010-11-02 20:00:00,1.2145,1.2172,-0.0027,-0.6773,0.1589,0.8427,False,False,False,False,False,0,none,False,lower,,20,Tuesday
2010-11-02 21:00:00,1.3574,1.3605,-0.0032,-0.5375,0.1677,0.8178,False,False,False,False,False,0,none,False,lower,,21,Tuesday
2010-11-02 22:00:00,1.429,1.4175,0.0115,-0.0005,0.1623,1.6719,False,False,False,False,False,0,none,False,lower,,22,Tuesday
2010-11-02 23:00:00,2.2865,2.2676,0.0189,2.1127,0.0632,2.1025,False,False,False,True,True,0,none,False,higher,,23,Tuesday
2010-11-03 00:00:00,0.6133,0.6413,-0.028,-0.5601,0.1098,-0.6293,False,False,False,False,False,0,none,False,lower,,0,Wednesday
2010-11-03 01:00:00,0.9562,0.9369,0.0193,0.8331,0.1724,2.1261,False,False,False,False,False,0,none,False,higher,,1,Wednesday
2010-11-03 02:00:00,1.0623,1.0722,-0.0099,1.1012,0.1768,0.4227,False,False,False,False,True,0,none,False,higher,,2,Wednesday
2010-11-03 03:00:00,0.4023,0.4333,-0.0311,-0.2645,0.1754,-0.8105,False,False,False,False,False,0,none,False,lower,,3,Wednesday
2010-11-03 04:00:00,0.33,0.3607,-0.0307,-0.5663,0.2028,-0.791,False,False,False,False,False,0,none,False,lower,,4,Wednesday
2010-11-03 05:00:00,0.3884,0.4076,-0.0192,-0.3046,0.2013,-0.1184,False,False,False,False,False,0,none,False,lower,,5,Wednesday
2010-11-03 06:00:00,0.5263,0.5337,-0.0074,-0.7429,0.1834,0.5693,False,False,False,False,False,0,none,False,lower,,6,Wednesday
2010-11-03 07:00:00,1.0215,0.9905,0.031,-0.6856,0.168,2.809,False,False,False,False,False,0,none,False,lower,,7,Wednesday
2010-11-03 08:00:00,1.9961,1.9857,0.0103,0.9468,0.1069,1.6036,False,False,False,False,False,0,none,False,higher,,8,Wednesday
2010-11-03 09:00:00,2.0325,1.9897,0.0428,0.8474,0.1285,3.4964,False,False,False,False,False,0,none,False,higher,,9,Wednesday
2010-11-03 10:00:00,1.0416,1.0659,-0.0243,-0.1575,0.1563,-0.4143,False,False,False,False,False,0,none,False,lower,,10,Wednesday
2010-11-03 11:00:00,0.3886,0.4115,-0.0229,-1.0374,0.1694,-0.336,False,False,False,False,False,0,none,False,lower,,11,Wednesday
2010-11-03 12:00:00,0.3289,0.3526,-0.0237,-1.0327,0.1848,-0.3824,False,False,False,False,False,0,none,False,lower,,12,Wednesday
2010-11-03 13:00:00,0.4435,0.464,-0.0204,-0.8699,0.1921,-0.1888,False,False,False,False,False,0,none,False,lower,,13,Wednesday
2010-11-03 14:00:00,0.3258,0.3499,-0.0241,-1.0481,0.1856,-0.4038,False,False,False,False,False,0,none,False,lower,,14,Wednesday
2010-11-03 15:00:00,0.3891,0.4118,-0.0227,-0.8023,0.1981,-0.3204,False,False,False,False,False,0,none,False,lower,,15,Wednesday
2010-11-03 16:00:00,0.3892,0.4108,-0.0217,-0.8824,0.1977,-0.2609,False,False,False,False,False,0,none,False,lower,,16,Wednesday
2010-11-03 17:00:00,0.6791,0.6844,-0.0054,-0.3395,0.1925,0.6889,False,False,False,False,False,0,none,False,lower,,17,Wednesday
2010-11-03 18:00:00,0.9811,0.9814,-0.0003,-0.4253,0.1773,0.9849,False,False,False,False,False,0,none,False,lower,,18,Wednesday
2010-11-03 19:00:00,1.2302,1.2716,-0.0414,-0.5943,0.176,-1.4097,False,False,False,False,False,0,none,False,lower,,19,Wednesday
2010-11-03 20:00:00,1.619,1.5856,0.0334,-0.1702,0.1601,2.9512,False,False,False,False,False,0,none,False,lower,,20,Wednesday
2010-11-03 21:00:00,3.1432,3.0791,0.064,1.1827,0.0047,4.7344,False,False,False,False,False,0,none,False,higher,,21,Wednesday
2010-11-03 22:00:00,0.8998,0.9624,-0.0626,-0.8417,0.0932,-2.6494,False,False,False,False,False,0,none,False,lower,,22,Wednesday
2010-11-03 23:00:00,0.3671,0.4049,-0.0378,-1.0915,0.1918,-1.2031,False,False,False,False,False,0,none,False,lower,,23,Wednesday
2010-11-04 00:00:00,0.5018,0.5144,-0.0126,-0.7526,0.2019,0.2684,False,False,False,False,False,0,none,False,lower,,0,Thursday
2010-11-04 01:00:00,0.8423,0.8253,0.017,0.4968,0.1872,1.99,False,False,False,False,False,0,none,False,higher,,1,Thursday
2010-11-04 02:00:00,0.5744,0.6226,-0.0482,-0.1114,0.2031,-1.8097,False,False,False,False,False,0,none,False,lower,,2,Thursday
2010-11-04 03:00:00,0.3428,0.3734,-0.0306,-0.4278,0.2008,-0.7822,False,False,False,False,False,0,none,False,lower,,3,Thursday
2010-11-04 04:00:00,0.4557,0.4799,-0.0242,-0.1545,0.2005,-0.4087,False,False,False,False,False,0,none,False,lower,,4,Thursday
2010-11-04 05:00:00,0.3953,0.4215,-0.0262,-0.2901,0.205,-0.5256,False,False,False,False,False,0,none,False,lower,,5,Thursday
2010-11-04 06:00:00,0.8127,0.7761,0.0366,-0.045,0.1802,3.1382,False,False,False,False,False,0,none,False,lower,,6,Thursday
2010-11-04 07:00:00,2.2722,2.2576,0.0146,0.6234,0.0727,1.8544,False,False,False,False,False,0,none,False,higher,,7,Thursday
2010-11-04 08:00:00,4.4189,4.2178,0.2011,4.4668,-0.0432,12.7267,True,True,True,True,True,3,high,True,higher,"rolling_z,isolation_forest,residual",8,Thursday
2010-11-04 09:00:00,2.249,2.212,0.037,1.1076,0.0502,3.1585,False,False,False,False,False,0,none,False,higher,,9,Thursday
2010-11-04 10:00:00,3.6266,3.5286,0.098,3.786,-0.0042,6.7145,True,True,True,True,True,3,high,True,higher,"rolling_z,isolation_forest,residual",10,Thursday
2010-11-04 11:00:00,3.2413,3.2153,0.026,2.1588,0.0365,2.5169,False,False,False,True,True,0,none,False,higher,,11,Thursday
2010-11-04 12:00:00,2.1016,2.0354,0.0662,0.9527,0.0885,4.8596,False,False,False,False,False,0,none,False,higher,,12,Thursday
2010-11-04 13:00:00,2.1523,2.2016,-0.0493,1.363,0.1217,-1.8743,False,False,False,False,False,0,none,False,higher,,13,Thursday
2010-11-04 14:00:00,0.8233,0.8603,-0.037,-0.3931,0.0894,-1.1583,False,False,False,False,False,0,none,False,lower,,14,Thursday
2010-11-04 15:00:00,0.7059,0.7265,-0.0206,-0.3218,0.1347,-0.2008,False,False,False,False,False,0,none,False,lower,,15,Thursday
2010-11-04 16:00:00,0.4495,0.4835,-0.034,-0.7397,0.1133,-0.9833,False,False,False,False,False,0,none,False,lower,,16,Thursday
2010-11-04 17:00:00,0.6565,0.6735,-0.017,-0.3747,0.1256,0.0109,False,False,False,False,False,0,none,False,lower,,17,Thursday
2010-11-04 18:00:00,1.6959,1.6486,0.0473,0.3927,0.0913,3.7591,False,False,False,False,False,0,none,False,higher,,18,Thursday
2010-11-04 19:00:00,4.0538,3.9217,0.1321,2.1315,-0.058,8.7016,False,True,True,True,True,2,medium,True,higher,"isolation_forest,residual",19,Thursday
2010-11-04 20:00:00,4.4626,3.9879,0.4747,3.1399,-0.0378,28.6754,True,True,True,True,True,3,high,True,higher,"rolling_z,isolation_forest,residual",20,Thursday
2010-11-04 21:00:00,3.0972,2.9465,0.1507,1.0587,-0.01,9.7855,False,True,True,False,False,2,medium,True,higher,"isolation_forest,residual",21,Thursday
2010-11-04 22:00:00,2.0153,2.0045,0.0107,0.9985,0.0523,1.6277,False,False,False,False,False,0,none,False,higher,,22,Thursday
2010-11-04 23:00:00,0.639,0.6823,-0.0433,-0.6098,0.0245,-1.5228,False,False,False,False,False,0,none,False,lower,,23,Thursday
2010-11-05 00:00:00,0.4878,0.5024,-0.0146,-0.7374,0.0744,0.1511,False,False,False,False,False,0,none,False,lower,,0,Friday
2010-11-05 01:00:00,0.3418,0.3717,-0.0299,-0.8711,0.0764,-0.7415,False,False,False,False,False,0,none,False,lower,,1,Friday
2010-11-05 02:00:00,0.3839,0.411,-0.0271,-0.5988,0.0847,-0.5793,False,False,False,False,False,0,none,False,lower,,2,Friday
2010-11-05 03:00:00,0.4214,0.4421,-0.0207,-0.2025,0.0875,-0.2051,False,False,False,False,False,0,none,False,lower,,3,Friday
2010-11-05 04:00:00,0.4793,0.502,-0.0227,-0.0944,0.0846,-0.3221,False,False,False,False,False,0,none,False,lower,,4,Friday
2010-11-05 05:00:00,0.3458,0.3769,-0.0312,-0.3881,0.0797,-0.8147,False,False,False,False,False,0,none,False,lower,,5,Friday
2010-11-05 06:00:00,0.7456,0.7243,0.0213,-0.1812,0.072,2.2423,False,False,False,False,False,0,none,False,lower,,6,Friday
2010-11-05 07:00:00,2.7622,2.6702,0.092,1.101,-0.006,6.3659,False,True,True,False,False,2,medium,True,higher,"isolation_forest,residual",7,Friday
2010-11-05 08:00:00,1.8461,1.8519,-0.0057,0.422,0.0776,0.6668,False,False,False,False,False,0,none,False,higher,,8,Friday
2010-11-05 09:00:00,1.5481,1.5698,-0.0217,0.1063,0.1171,-0.2655,False,False,False,False,False,0,none,False,higher,,9,Friday
2010-11-05 10:00:00,1.4172,1.4316,-0.0143,0.2015,0.1361,0.1654,False,False,False,False,False,0,none,False,higher,,10,Friday
2010-11-05 11:00:00,1.4705,1.4778,-0.0073,0.1272,0.1461,0.577,False,False,False,False,False,0,none,False,higher,,11,Friday
2010-11-05 12:00:00,1.7144,1.7077,0.0068,0.5726,0.1381,1.397,False,False,False,False,False,0,none,False,higher,,12,Friday
2010-11-05 13:00:00,1.6337,1.64,-0.0063,0.6566,0.1455,0.634,False,False,False,False,False,0,none,False,higher,,13,Friday
2010-11-05 14:00:00,1.4996,1.5015,-0.0019,0.4677,0.1415,0.8915,False,False,False,False,False,0,none,False,higher,,14,Friday
2010-11-05 15:00:00,1.589,1.6222,-0.0333,1.0971,0.1351,-0.9372,False,False,False,False,False,0,none,False,higher,,15,Friday
2010-11-05 16:00:00,0.8525,0.9823,-0.1298,-0.0801,0.1069,-6.566,False,False,True,False,False,1,low,False,lower,residual,16,Friday
2010-11-05 17:00:00,0.7743,0.7869,-0.0126,-0.2242,0.1237,0.2647,False,False,False,False,False,0,none,False,lower,,17,Friday
2010-11-05 18:00:00,1.1301,1.1409,-0.0108,-0.2754,0.1229,0.3697,False,False,False,False,False,0,none,False,lower,,18,Friday
2010-11-05 19:00:00,1.7655,1.7556,0.0099,-0.1809,0.1265,1.5816,False,False,False,False,False,0,none,False,lower,,19,Friday
2010-11-05 20:00:00,2.2045,2.1967,0.0078,0.3344,0.117,1.4591,False,False,False,False,False,0,none,False,higher,,20,Friday
2010-11-05 21:00:00,1.8399,1.8476,-0.0077,-0.1513,0.1398,0.5524,False,False,False,False,False,0,none,False,lower,,21,Friday
2010-11-05 22:00:00,1.328,1.3605,-0.0325,-0.1505,0.1645,-0.8925,False,False,False,False,False,0,none,False,lower,,22,Friday
2010-11-05 23:00:00,0.3537,0.3938,-0.0402,-1.033,0.1324,-1.3393,False,False,False,False,False,0,none,False,lower,,23,Friday
2010-11-06 00:00:00,0.3185,0.3226,-0.0041,-1.0451,0.1202,0.7609,False,False,False,False,False,0,none,False,lower,,0,Saturday
2010-11-06 01:00:00,0.4849,0.4836,0.0013,-0.4876,0.1277,1.0781,False,False,False,False,False,0,none,False,lower,,1,Saturday
2010-11-06 02:00:00,1.0021,1.0058,-0.0036,0.9267,0.1071,0.7889,False,False,False,False,False,0,none,False,higher,,2,Saturday
2010-11-06 03:00:00,0.3465,0.3622,-0.0157,-0.4188,0.1052,0.0863,False,False,False,False,False,0,none,False,lower,,3,Saturday
2010-11-06 04:00:00,0.3384,0.3602,-0.0218,-0.5664,0.1345,-0.2689,False,False,False,False,False,0,none,False,lower,,4,Saturday
2010-11-06 05:00:00,0.4397,0.4514,-0.0116,-0.1608,0.1323,0.3232,False,False,False,False,False,0,none,False,lower,,5,Saturday
2010-11-06 06:00:00,0.6567,0.648,0.0087,-0.3571,0.1277,1.5078,False,False,False,False,False,0,none,False,lower,,6,Saturday
2010-11-06 07:00:00,2.6104,2.5585,0.052,0.9314,0.0022,4.0306,False,False,False,False,False,0,none,False,higher,,7,Saturday
2010-11-06 08:00:00,2.1137,2.1178,-0.0041,0.7039,0.0683,0.7633,False,False,False,False,False,0,none,False,higher,,8,Saturday
2010-11-06 09:00:00,1.3696,1.3852,-0.0156,-0.1368,0.1031,0.0902,False,False,False,False,False,0,none,False,lower,,9,Saturday
2010-11-06 10:00:00,1.1997,1.1682,0.0315,-0.0855,0.1264,2.8388,False,False,False,False,False,0,none,False,lower,,10,Saturday
2010-11-06 11:00:00,2.4701,2.4144,0.0558,1.1526,0.035,4.2536,False,False,False,False,False,0,none,False,higher,,11,Saturday
2010-11-06 12:00:00,1.963,1.9605,0.0025,0.8414,0.0873,1.1464,False,False,False,False,False,0,none,False,higher,,12,Saturday
2010-11-06 13:00:00,1.177,1.213,-0.0359,0.0354,0.1113,-1.0939,False,False,False,False,False,0,none,False,higher,,13,Saturday
2010-11-06 14:00:00,0.5483,0.5728,-0.0244,-0.7465,0.1093,-0.4222,False,False,False,False,False,0,none,False,lower,,14,Saturday
2010-11-06 15:00:00,1.8849,1.8649,0.02,1.4779,0.0683,2.1697,False,False,False,False,False,0,none,False,higher,,15,Saturday
2010-11-06 16:00:00,1.7088,1.6934,0.0155,1.2508,0.1116,1.9041,False,False,False,False,False,0,none,False,higher,,16,Saturday
2010-11-06 17:00:00,1.5478,1.5748,-0.027,0.8989,0.1153,-0.5735,False,False,False,False,False,0,none,False,higher,,17,Saturday
2010-11-06 18:00:00,2.0902,2.0367,0.0535,0.8272,0.0821,4.1215,False,False,False,False,False,0,none,False,higher,,18,Saturday
2010-11-06 19:00:00,1.8949,1.9142,-0.0193,-0.0657,0.0996,-0.1208,False,False,False,False,False,0,none,False,lower,,19,Saturday
2010-11-06 20:00:00,1.2522,1.2722,-0.02,-0.6427,0.1086,-0.1649,False,False,False,False,False,0,none,False,lower,,20,Saturday
2010-11-06 21:00:00,1.1034,1.0962,0.0073,-0.8297,0.1244,1.4252,False,False,False,False,False,0,none,False,lower,,21,Saturday
2010-11-06 22:00:00,1.0557,1.0757,-0.02,-0.6356,0.1243,-0.1657,False,False,False,False,False,0,none,False,lower,,22,Saturday
2010-11-06 23:00:00,0.5132,0.5469,-0.0337,-0.7742,0.1108,-0.9611,False,False,False,False,False,0,none,False,lower,,23,Saturday
2010-11-07 00:00:00,0.511,0.5116,-0.0006,-0.66,0.1248,0.9656,False,False,False,False,False,0,none,False,lower,,0,Sunday
2010-11-07 01:00:00,0.3605,0.3769,-0.0164,-0.82,0.1217,0.0426,False,False,False,False,False,0,none,False,lower,,1,Sunday
2010-11-07 02:00:00,0.3762,0.391,-0.0148,-0.6643,0.133,0.14,False,False,False,False,False,0,none,False,lower,,2,Sunday
2010-11-07 03:00:00,0.3991,0.4157,-0.0166,-0.2597,0.1367,0.0344,False,False,False,False,False,0,none,False,lower,,3,Sunday
2010-11-07 04:00:00,0.4824,0.4992,-0.0168,-0.0935,0.1333,0.0244,False,False,False,False,True,0,none,False,lower,,4,Sunday
2010-11-07 05:00:00,0.3278,0.3566,-0.0288,-0.3872,0.122,-0.6758,False,False,False,False,False,0,none,False,lower,,5,Sunday
2010-11-07 06:00:00,0.3385,0.3582,-0.0197,-1.0955,0.1275,-0.1462,False,False,False,False,False,0,none,False,lower,,6,Sunday
2010-11-07 07:00:00,1.0311,1.0387,-0.0076,-0.6407,0.106,0.5581,False,False,False,False,False,0,none,False,lower,,7,Sunday
2010-11-07 08:00:00,0.6108,0.6313,-0.0206,-0.9864,0.129,-0.1971,False,False,False,False,False,0,none,False,lower,,8,Sunday
2010-11-07 09:00:00,1.505,1.4588,0.0461,0.0337,0.0996,3.6917,False,False,False,False,False,0,none,False,higher,,9,Sunday
2010-11-07 10:00:00,1.7558,1.7744,-0.0186,0.5984,0.1096,-0.0805,False,False,False,False,False,0,none,False,higher,,10,Sunday
2010-11-07 11:00:00,2.0469,2.0565,-0.0096,0.6333,0.0927,0.4417,False,False,False,False,False,0,none,False,higher,,11,Sunday
2010-11-07 12:00:00,1.7646,1.8051,-0.0405,0.5573,0.1091,-1.3593,False,False,False,False,False,0,none,False,higher,,12,Sunday
2010-11-07 13:00:00,1.2351,1.2244,0.0107,0.1333,0.1229,1.6278,False,False,False,False,False,0,none,False,higher,,13,Sunday
2010-11-07 14:00:00,1.4556,1.4063,0.0493,0.3953,0.1262,3.8773,False,False,False,False,False,0,none,False,higher,,14,Sunday
2010-11-07 15:00:00,1.7619,1.7423,0.0196,1.267,0.1171,2.1441,False,False,False,False,False,0,none,False,higher,,15,Sunday
2010-11-07 16:00:00,1.2386,1.2839,-0.0453,0.5377,0.1229,-1.6381,False,False,False,False,False,0,none,False,higher,,16,Sunday
2010-11-07 17:00:00,1.2321,1.2357,-0.0036,0.4207,0.1334,0.7936,False,False,False,False,False,0,none,False,higher,,17,Sunday
2010-11-07 18:00:00,1.9366,1.9271,0.0095,0.6167,0.0903,1.5543,False,False,False,False,False,0,none,False,higher,,18,Sunday
2010-11-07 19:00:00,1.9461,1.9673,-0.0212,-0.0158,0.1049,-0.2336,False,False,False,False,False,0,none,False,lower,,19,Sunday
2010-11-07 20:00:00,2.1082,2.1523,-0.0441,0.2572,0.0954,-1.5691,False,False,False,False,False,0,none,False,higher,,20,Sunday
2010-11-07 21:00:00,1.7344,1.7473,-0.0128,-0.2102,0.1112,0.2528,False,False,False,False,False,0,none,False,lower,,21,Sunday
2010-11-07 22:00:00,1.2988,1.3377,-0.0389,-0.2202,0.1202,-1.2636,False,False,False,False,False,0,none,False,lower,,22,Sunday
2010-11-07 23:00:00,0.4396,0.4728,-0.0332,-0.8695,0.1103,-0.9314,False,False,False,False,False,0,none,False,lower,,23,Sunday
2010-11-08 00:00:00,0.3135,0.3296,-0.0161,-0.996,0.1741,0.0649,False,False,False,False,False,0,none,False,lower,,0,Monday
2010-11-08 01:00:00,0.4016,0.4073,-0.0057,-0.6961,0.1872,0.672,False,False,False,False,False,0,none,False,lower,,1,Monday
2010-11-08 02:00:00,0.376,0.3933,-0.0173,-0.6438,0.1977,-0.0071,False,False,False,False,False,0,none,False,lower,,2,Monday
2010-11-08 03:00:00,1.0101,1.0081,0.002,1.4786,0.1558,1.1177,False,False,False,False,True,0,none,False,higher,,3,Monday
2010-11-08 04:00:00,0.3308,0.3612,-0.0304,-0.5718,0.1501,-0.7706,False,False,False,False,False,0,none,False,lower,,4,Monday
2010-11-08 05:00:00,0.3314,0.3545,-0.0231,-0.3719,0.1797,-0.345,False,False,False,False,False,0,none,False,lower,,5,Monday
2010-11-08 06:00:00,0.9282,0.9016,0.0266,0.3293,0.161,2.5542,False,False,False,False,False,0,none,False,higher,,6,Monday
2010-11-08 07:00:00,2.6107,2.5639,0.0468,0.9083,0.0389,3.7279,False,False,False,False,False,0,none,False,higher,,7,Monday
2010-11-08 08:00:00,1.7462,1.7656,-0.0194,0.2811,0.1209,-0.1274,False,False,False,False,False,0,none,False,higher,,8,Monday
2010-11-08 09:00:00,1.488,1.4997,-0.0117,-0.017,0.1627,0.3202,False,False,False,False,False,0,none,False,lower,,9,Monday
2010-11-08 10:00:00,1.3426,1.3607,-0.0181,0.0215,0.1741,-0.0542,False,False,False,False,False,0,none,False,higher,,10,Monday
2010-11-08 11:00:00,1.3471,1.3716,-0.0245,-0.0806,0.1808,-0.4244,False,False,False,False,False,0,none,False,lower,,11,Monday
2010-11-08 12:00:00,1.5107,1.5258,-0.0151,0.2906,0.1723,0.1209,False,False,False,False,False,0,none,False,higher,,12,Monday
2010-11-08 13:00:00,2.0889,2.0693,0.0196,1.2506,0.1242,2.1441,False,False,False,False,False,0,none,False,higher,,13,Monday
2010-11-08 14:00:00,1.2387,1.2531,-0.0144,0.1139,0.1503,0.1621,False,False,False,False,False,0,none,False,higher,,14,Monday
2010-11-08 15:00:00,0.9437,0.9231,0.0206,-0.0425,0.1746,2.2046,False,False,False,False,False,0,none,False,lower,,15,Monday
2010-11-08 16:00:00,0.447,0.4721,-0.0252,-0.7573,0.1526,-0.4656,False,False,False,False,False,0,none,False,lower,,16,Monday
2010-11-08 17:00:00,0.6663,0.6804,-0.0141,-0.3682,0.1756,0.1811,False,False,False,False,False,0,none,False,lower,,17,Monday
2010-11-08 18:00:00,1.5786,1.5569,0.0217,0.2043,0.1304,2.2661,False,False,False,False,False,0,none,False,higher,,18,Monday
2010-11-08 19:00:00,2.1504,2.0838,0.0666,0.2291,0.125,4.8857,False,False,False,False,False,0,none,False,higher,,19,Monday
2010-11-08 20:00:00,2.5563,2.5889,-0.0327,0.7964,0.0928,-0.9033,False,False,False,False,False,0,none,False,higher,,20,Monday
2010-11-08 21:00:00,2.6497,2.6438,0.0059,0.7639,0.0869,1.3459,False,False,False,False,False,0,none,False,higher,,21,Monday
2010-11-08 22:00:00,1.8272,1.8642,-0.037,0.6806,0.1191,-1.1533,False,False,False,False,False,0,none,False,higher,,22,Monday
2010-11-08 23:00:00,0.5418,0.5733,-0.0315,-0.6702,0.1175,-0.8362,False,False,False,False,False,0,none,False,lower,,23,Monday
2010-11-09 00:00:00,0.3769,0.3925,-0.0156,-0.8558,0.1655,0.0924,False,False,False,False,False,0,none,False,lower,,0,Tuesday
2010-11-09 01:00:00,0.3479,0.363,-0.0151,-0.8306,0.1724,0.1228,False,False,False,False,False,0,none,False,lower,,1,Tuesday
2010-11-09 02:00:00,0.3176,0.3384,-0.0208,-0.7642,0.1767,-0.2113,False,False,False,False,False,0,none,False,lower,,2,Tuesday
2010-11-09 03:00:00,0.3159,0.339,-0.0232,-0.5289,0.1749,-0.3493,False,False,False,False,False,0,none,False,lower,,3,Tuesday
2010-11-09 04:00:00,0.3117,0.3401,-0.0284,-0.6048,0.1754,-0.6539,False,False,False,False,False,0,none,False,lower,,4,Tuesday
2010-11-09 05:00:00,0.3913,0.4129,-0.0216,-0.2136,0.1703,-0.2601,False,False,False,False,False,0,none,False,lower,,5,Tuesday
2010-11-09 06:00:00,1.6285,1.5573,0.0712,2.0027,0.1055,5.1551,False,False,False,False,False,0,none,False,higher,,6,Tuesday
2010-11-09 07:00:00,1.979,1.9952,-0.0162,0.2717,0.1309,0.0568,False,False,False,False,False,0,none,False,higher,,7,Tuesday
2010-11-09 08:00:00,1.9015,1.8849,0.0166,0.4474,0.1484,1.9693,False,False,False,False,False,0,none,False,higher,,8,Tuesday
2010-11-09 09:00:00,1.7798,1.7828,-0.0029,0.3854,0.1632,0.8301,False,False,False,False,False,0,none,False,higher,,9,Tuesday
2010-11-09 10:00:00,1.0868,1.098,-0.0111,-0.3241,0.1594,0.3519,False,False,False,False,False,0,none,False,lower,,10,Tuesday
2010-11-09 11:00:00,1.5032,1.5056,-0.0024,0.05,0.1623,0.8642,False,False,False,False,False,0,none,False,higher,,11,Tuesday
2010-11-09 12:00:00,1.3461,1.3295,0.0166,0.0663,0.1779,1.9688,False,False,False,False,False,0,none,False,higher,,12,Tuesday
2010-11-09 13:00:00,0.9226,0.9136,0.009,-0.3204,0.1774,1.5257,False,False,False,False,False,0,none,False,lower,,13,Tuesday
2010-11-09 14:00:00,0.5484,0.5723,-0.0239,-0.7376,0.1721,-0.3905,False,False,False,False,False,0,none,False,lower,,14,Tuesday
2010-11-09 15:00:00,0.4861,0.5127,-0.0266,-0.7456,0.183,-0.5492,False,False,False,False,False,0,none,False,lower,,15,Tuesday
2010-11-09 16:00:00,0.6602,0.6721,-0.0119,-0.4139,0.1798,0.3087,False,False,False,False,False,0,none,False,lower,,16,Tuesday
2010-11-09 17:00:00,2.2828,2.2332,0.0496,1.9684,0.0711,3.8903,False,False,False,False,True,0,none,False,higher,,17,Tuesday
2010-11-09 18:00:00,2.8098,2.8278,-0.0179,1.5847,0.0714,-0.0441,False,False,False,False,True,0,none,False,higher,,18,Tuesday
2010-11-09 19:00:00,2.416,2.4124,0.0036,0.5242,0.0963,1.2137,False,False,False,False,False,0,none,False,higher,,19,Tuesday
2010-11-09 20:00:00,3.7867,3.6575,0.1292,2.0942,-0.0143,8.5336,False,True,True,False,False,2,medium,True,higher,"isolation_forest,residual",20,Tuesday
2010-11-09 21:00:00,2.9361,2.9227,0.0134,1.0783,0.0407,1.781,False,False,False,False,False,0,none,False,higher,,21,Tuesday
2010-11-09 22:00:00,2.3407,2.3619,-0.0211,1.4902,0.0806,-0.2305,False,False,False,False,False,0,none,False,higher,,22,Tuesday
2010-11-09 23:00:00,1.226,1.2672,-0.0412,0.3426,0.1101,-1.4011,False,False,False,False,False,0,none,False,higher,,23,Tuesday
2010-11-10 00:00:00,0.7873,0.7932,-0.0058,-0.1025,0.1391,0.6614,False,False,False,False,False,0,none,False,lower,,0,Wednesday
2010-11-10 01:00:00,0.4217,0.4504,-0.0287,-0.63,0.1283,-0.6692,False,False,False,False,False,0,none,False,lower,,1,Wednesday
2010-11-10 02:00:00,0.3275,0.3488,-0.0213,-0.7215,0.1399,-0.2384,False,False,False,False,False,0,none,False,lower,,2,Wednesday
2010-11-10 03:00:00,0.3299,0.3513,-0.0214,-0.4878,0.1383,-0.2446,False,False,False,False,False,0,none,False,lower,,3,Wednesday
2010-11-10 04:00:00,0.3085,0.3332,-0.0247,-0.6117,0.1353,-0.4412,False,False,False,False,False,0,none,False,lower,,4,Wednesday
2010-11-10 05:00:00,0.3452,0.3682,-0.0231,-0.3027,0.136,-0.3436,False,False,False,False,False,0,none,False,lower,,5,Wednesday
2010-11-10 06:00:00,0.7614,0.7436,0.0178,-0.1039,0.1371,2.0421,False,False,False,False,False,0,none,False,lower,,6,Wednesday
2010-11-10 07:00:00,2.8744,2.7892,0.0853,1.1859,0.0085,5.9729,False,False,False,False,False,0,none,False,higher,,7,Wednesday
2010-11-10 08:00:00,2.3632,2.3443,0.0189,0.9437,0.0811,2.1042,False,False,False,False,False,0,none,False,higher,,8,Wednesday
2010-11-10 09:00:00,1.7861,1.7311,0.055,0.3924,0.1207,4.2068,False,False,False,False,False,0,none,False,higher,,9,Wednesday
2010-11-10 10:00:00,3.372,3.3771,-0.0051,2.6975,-0.0151,0.7013,False,True,False,True,True,1,low,False,higher,isolation_forest,10,Wednesday
2010-11-10 11:00:00,3.2857,3.2466,0.0392,1.9464,0.0192,3.2845,False,False,False,True,True,0,none,False,higher,,11,Wednesday
2010-11-10 12:00:00,1.477,1.4936,-0.0166,0.241,0.0524,0.0341,False,False,False,False,False,0,none,False,higher,,12,Wednesday
2010-11-10 13:00:00,2.4002,2.3532,0.047,1.555,0.0563,3.7433,False,False,False,False,False,0,none,False,higher,,13,Wednesday
2010-11-10 14:00:00,2.0137,2.0425,-0.0288,1.0511,0.0831,-0.6777,False,False,False,False,False,0,none,False,higher,,14,Wednesday
2010-11-10 15:00:00,1.5726,1.5858,-0.0133,0.8835,0.0803,0.2276,False,False,False,False,False,0,none,False,higher,,15,Wednesday
2010-11-10 16:00:00,1.5677,1.5757,-0.008,1.0479,0.0949,0.5346,False,False,False,False,False,0,none,False,higher,,16,Wednesday
2010-11-10 17:00:00,1.308,1.32,-0.012,0.448,0.0916,0.3016,False,False,False,False,False,0,none,False,higher,,17,Wednesday
2010-11-10 18:00:00,1.759,1.745,0.014,0.3387,0.08,1.8186,False,False,False,False,False,0,none,False,higher,,18,Wednesday
2010-11-10 19:00:00,0.9632,1.0311,-0.0679,-0.8881,0.0755,-2.9586,False,False,False,False,False,0,none,False,lower,,19,Wednesday
2010-11-10 20:00:00,0.3933,0.4191,-0.0258,-1.4878,0.0805,-0.5023,False,False,False,False,False,0,none,False,lower,,20,Wednesday
2010-11-10 21:00:00,0.4352,0.4551,-0.0199,-1.4864,0.1203,-0.1562,False,False,False,False,False,0,none,False,lower,,21,Wednesday
2010-11-10 22:00:00,0.3868,0.4275,-0.0407,-1.6772,0.1415,-1.3702,False,False,False,False,False,0,none,False,lower,,22,Wednesday
2010-11-10 23:00:00,1.2024,1.2306,-0.0281,0.2803,0.1221,-0.6377,False,False,False,False,False,0,none,False,higher,,23,Wednesday
2010-11-11 00:00:00,0.5653,0.5792,-0.0139,-0.5425,0.142,0.194,False,False,False,False,False,0,none,False,lower,,0,Thursday
2010-11-11 01:00:00,0.3524,0.3778,-0.0254,-0.8059,0.1548,-0.4776,False,False,False,False,False,0,none,False,lower,,1,Thursday
2010-11-11 02:00:00,0.3161,0.3411,-0.025,-0.7504,0.1577,-0.4542,False,False,False,False,False,0,none,False,lower,,2,Thursday
2010-11-11 03:00:00,0.3457,0.3733,-0.0276,-0.4406,0.161,-0.6082,False,False,False,False,False,0,none,False,lower,,3,Thursday
2010-11-11 04:00:00,0.3669,0.3923,-0.0255,-0.3602,0.1618,-0.4828,False,False,False,False,False,0,none,False,lower,,4,Thursday
2010-11-11 05:00:00,0.3637,0.3907,-0.027,-0.2561,0.1544,-0.5734,False,False,False,False,False,0,none,False,lower,,5,Thursday
2010-11-11 06:00:00,1.1502,1.1667,-0.0165,0.7869,0.1209,0.038,False,False,False,False,False,0,none,False,higher,,6,Thursday
2010-11-11 07:00:00,0.6459,0.6518,-0.0059,-1.0336,0.1489,0.659,False,False,False,False,False,0,none,False,lower,,7,Thursday
2010-11-11 08:00:00,0.8163,0.83,-0.0137,-0.7464,0.1771,0.2052,False,False,False,False,False,0,none,False,lower,,8,Thursday
2010-11-11 09:00:00,1.1073,1.1137,-0.0063,-0.5317,0.1762,0.633,False,False,False,False,False,0,none,False,lower,,9,Thursday
2010-11-11 10:00:00,1.4272,1.4407,-0.0135,0.0841,0.1788,0.2153,False,False,False,False,False,0,none,False,higher,,10,Thursday
2010-11-11 11:00:00,2.6264,2.5596,0.0668,1.0976,0.0589,4.8965,False,False,False,False,False,0,none,False,higher,,11,Thursday
2010-11-11 12:00:00,1.8741,1.7865,0.0876,0.7124,0.1335,6.1101,False,False,True,False,False,1,low,False,higher,residual,12,Thursday
2010-11-11 13:00:00,1.2342,1.2059,0.0283,0.0336,0.1724,2.6506,False,False,False,False,False,0,none,False,higher,,13,Thursday
2010-11-11 14:00:00,1.7212,1.7337,-0.0125,0.6851,0.1595,0.2704,False,False,False,False,False,0,none,False,higher,,14,Thursday
2010-11-11 15:00:00,2.8895,2.7839,0.1056,2.9297,0.0437,7.1565,False,False,True,True,True,1,low,False,higher,residual,15,Thursday
2010-11-11 16:00:00,2.7048,2.6299,0.0749,2.9264,0.0842,5.3673,False,False,False,True,True,0,none,False,higher,,16,Thursday
2010-11-11 17:00:00,2.3609,2.376,-0.0151,1.9056,0.1097,0.1236,False,False,False,False,True,0,none,False,higher,,17,Thursday
2010-11-11 18:00:00,1.5769,1.6023,-0.0254,0.1063,0.1319,-0.4793,False,False,False,False,False,0,none,False,higher,,18,Thursday
2010-11-11 19:00:00,1.6116,1.6022,0.0094,-0.2227,0.1627,1.5496,False,False,False,False,False,0,none,False,lower,,19,Thursday
2010-11-11 20:00:00,1.8593,1.8965,-0.0373,0.0364,0.143,-1.1709,False,False,False,False,False,0,none,False,higher,,20,Thursday
2010-11-11 21:00:00,0.8788,0.9286,-0.0498,-0.9475,0.1356,-1.8998,False,False,False,False,False,0,none,False,lower,,21,Thursday
2010-11-11 22:00:00,0.4841,0.5141,-0.03,-1.3887,0.1513,-0.7494,False,False,False,False,False,0,none,False,lower,,22,Thursday
2010-11-11 23:00:00,0.281,0.3136,-0.0326,-1.1423,0.1555,-0.8992,False,False,False,False,False,0,none,False,lower,,23,Thursday
2010-11-12 00:00:00,0.881,0.8962,-0.0152,0.0306,0.1516,0.1151,False,False,False,False,False,0,none,False,higher,,0,Friday
2010-11-12 01:00:00,0.2673,0.3039,-0.0367,-1.0087,0.1396,-1.136,False,False,False,False,False,0,none,False,lower,,1,Friday
2010-11-12 02:00:00,0.3506,0.3725,-0.0219,-0.6644,0.1801,-0.274,False,False,False,False,False,0,none,False,lower,,2,Friday
2010-11-12 03:00:00,0.3204,0.3526,-0.0322,-0.5049,0.1764,-0.8752,False,False,False,False,False,0,none,False,lower,,3,Friday
2010-11-12 04:00:00,0.2792,0.3114,-0.0322,-0.655,0.1697,-0.8744,False,False,False,False,False,0,none,False,lower,,4,Friday
2010-11-12 05:00:00,0.2896,0.3251,-0.0355,-0.4004,0.1643,-1.0694,False,False,False,False,False,0,none,False,lower,,5,Friday
2010-11-12 06:00:00,0.6564,0.6618,-0.0054,-0.3254,0.1593,0.684,False,False,False,False,False,0,none,False,lower,,6,Friday
2010-11-12 07:00:00,2.694,2.6194,0.0746,1.1021,0.0251,5.3532,False,False,False,False,False,0,none,False,higher,,7,Friday
2010-11-12 08:00:00,2.3759,2.365,0.0109,0.9848,0.0893,1.6386,False,False,False,False,False,0,none,False,higher,,8,Friday
2010-11-12 09:00:00,1.5555,1.5751,-0.0197,0.1961,0.1225,-0.1454,False,False,False,False,False,0,none,False,higher,,9,Friday
2010-11-12 10:00:00,1.8644,1.8395,0.0249,0.6218,0.1364,2.4538,False,False,False,False,False,0,none,False,higher,,10,Friday
2010-11-12 11:00:00,1.4117,1.438,-0.0263,-0.1847,0.1553,-0.5314,False,False,False,False,False,0,none,False,lower,,11,Friday
2010-11-12 12:00:00,1.4349,1.4617,-0.0267,0.1574,0.1709,-0.5562,False,False,False,False,False,0,none,False,higher,,12,Friday
2010-11-12 13:00:00,0.8018,0.8294,-0.0276,-0.4961,0.1495,-0.6078,False,False,False,False,False,0,none,False,lower,,13,Friday
2010-11-12 14:00:00,1.3209,1.3372,-0.0163,0.2069,0.1541,0.0536,False,False,False,False,False,0,none,False,higher,,14,Friday
2010-11-12 15:00:00,1.7908,1.8465,-0.0558,1.0031,0.1487,-2.249,False,False,False,False,False,0,none,False,higher,,15,Friday
2010-11-12 16:00:00,1.3617,1.3367,0.0249,0.5422,0.1656,2.4553,False,False,False,False,False,0,none,False,higher,,16,Friday
2010-11-12 17:00:00,2.4561,2.4724,-0.0163,1.8473,0.087,0.0501,False,False,False,False,True,0,none,False,higher,,17,Friday
2010-11-12 18:00:00,2.2809,2.2814,-0.0006,0.8982,0.1065,0.968,False,False,False,False,False,0,none,False,higher,,18,Friday
2010-11-12 19:00:00,2.392,2.4336,-0.0416,0.668,0.1102,-1.4259,False,False,False,False,False,0,none,False,higher,,19,Friday
2010-11-12 20:00:00,1.7533,1.7536,-0.0002,-0.0299,0.1322,0.987,False,False,False,False,False,0,none,False,lower,,20,Friday
2010-11-12 21:00:00,1.1149,1.1119,0.003,-0.6523,0.1531,1.1774,False,False,False,False,False,0,none,False,lower,,21,Friday
2010-11-12 22:00:00,0.3205,0.3548,-0.0343,-1.5466,0.1248,-0.9985,False,False,False,False,False,0,none,False,lower,,22,Friday
2010-11-12 23:00:00,0.6399,0.6606,-0.0207,-0.5811,0.1607,-0.2075,False,False,False,False,False,0,none,False,lower,,23,Friday
2010-11-13 00:00:00,0.691,0.6919,-0.0009,-0.3628,0.129,0.9485,False,False,False,False,False,0,none,False,lower,,0,Saturday
2010-11-13 01:00:00,0.8481,0.8767,-0.0286,0.5024,0.1283,-0.6677,False,False,False,False,False,0,none,False,higher,,1,Saturday
2010-11-13 02:00:00,0.3094,0.3284,-0.019,-0.752,0.1013,-0.1053,False,False,False,False,False,0,none,False,lower,,2,Saturday
2010-11-13 03:00:00,0.284,0.3052,-0.0213,-0.603,0.1205,-0.2387,False,False,False,False,False,0,none,False,lower,,3,Saturday
2010-11-13 04:00:00,0.3494,0.3721,-0.0226,-0.4097,0.1269,-0.3179,False,False,False,False,False,0,none,False,lower,,4,Saturday
2010-11-13 05:00:00,0.3712,0.389,-0.0179,-0.224,0.1259,-0.0404,False,False,False,False,False,0,none,False,lower,,5,Saturday
2010-11-13 06:00:00,0.5848,0.5829,0.0019,-0.454,0.1239,1.1152,False,False,False,False,False,0,none,False,lower,,6,Saturday
2010-11-13 07:00:00,2.1326,2.1199,0.0127,0.5015,0.0403,1.7441,False,False,False,False,False,0,none,False,higher,,7,Saturday
2010-11-13 08:00:00,1.496,1.5439,-0.0478,0.0129,0.1002,-1.788,False,False,False,False,False,0,none,False,higher,,8,Saturday
2010-11-13 09:00:00,0.7292,0.7405,-0.0114,-1.0499,0.1086,0.338,False,False,False,False,False,0,none,False,lower,,9,Saturday
2010-11-13 10:00:00,0.422,0.4398,-0.0177,-1.0958,0.1225,-0.0315,False,False,False,False,False,0,none,False,lower,,10,Saturday
2010-11-13 11:00:00,1.1491,1.1751,-0.026,-0.4314,0.1088,-0.5167,False,False,False,False,False,0,none,False,lower,,11,Saturday
2010-11-13 12:00:00,1.1453,1.139,0.0063,-0.1563,0.1382,1.367,False,False,False,False,False,0,none,False,lower,,12,Saturday
2010-11-13 13:00:00,2.062,2.0599,0.0021,1.0801,0.0758,1.1259,False,False,False,False,False,0,none,False,higher,,13,Saturday
2010-11-13 14:00:00,2.0979,2.0625,0.0354,1.17,0.0976,3.0662,False,False,False,False,False,0,none,False,higher,,14,Saturday
2010-11-13 15:00:00,2.196,2.1675,0.0284,1.4716,0.0878,2.6598,False,False,False,False,False,0,none,False,higher,,15,Saturday
2010-11-13 16:00:00,3.2211,3.1578,0.0634,3.1786,0.0005,4.6957,True,False,False,False,False,1,low,False,higher,rolling_z,16,Saturday
2010-11-13 17:00:00,2.7616,2.7833,-0.0217,2.0533,0.0361,-0.2645,False,False,False,False,False,0,none,False,higher,,17,Saturday
2010-11-13 18:00:00,1.7153,1.7473,-0.032,0.2305,0.0731,-0.8635,False,False,False,False,False,0,none,False,higher,,18,Saturday
2010-11-13 19:00:00,2.2923,2.3231,-0.0308,0.5377,0.077,-0.7914,False,False,False,False,False,0,none,False,higher,,19,Saturday
2010-11-13 20:00:00,1.7132,1.7562,-0.043,-0.0802,0.0995,-1.506,False,False,False,False,False,0,none,False,lower,,20,Saturday
2010-11-13 21:00:00,1.7058,1.7434,-0.0376,-0.0723,0.1134,-1.1886,False,False,False,False,False,0,none,False,lower,,21,Saturday
2010-11-13 22:00:00,1.6986,1.7379,-0.0393,0.571,0.1047,-1.2904,False,False,False,False,False,0,none,False,higher,,22,Saturday
2010-11-13 23:00:00,1.7436,1.7749,-0.0313,1.0505,0.0925,-0.8257,False,False,False,False,False,0,none,False,higher,,23,Saturday
2010-11-14 00:00:00,1.845,1.8461,-0.0011,1.8411,0.0798,0.9361,False,False,False,False,False,0,none,False,higher,,0,Sunday
2010-11-14 01:00:00,1.5677,1.5738,-0.006,2.3202,0.0848,0.6496,False,False,False,False,False,0,none,False,higher,,1,Sunday
2010-11-14 02:00:00,1.002,1.0225,-0.0205,0.903,0.0907,-0.1947,False,False,False,False,False,0,none,False,higher,,2,Sunday
2010-11-14 03:00:00,0.5981,0.6032,-0.0051,0.2602,0.0902,0.7043,False,False,False,False,False,0,none,False,higher,,3,Sunday
2010-11-14 04:00:00,0.3371,0.3603,-0.0232,-0.4475,0.0848,-0.3533,False,False,False,False,False,0,none,False,lower,,4,Sunday
2010-11-14 05:00:00,0.365,0.386,-0.0209,-0.2387,0.0895,-0.2195,False,False,False,False,False,0,none,False,lower,,5,Sunday
2010-11-14 06:00:00,0.2872,0.3132,-0.026,-1.1118,0.0786,-0.5137,False,False,False,False,False,0,none,False,lower,,6,Sunday
2010-11-14 07:00:00,0.3059,0.3287,-0.0229,-1.3077,0.0864,-0.3318,False,False,False,False,False,0,none,False,lower,,7,Sunday
2010-11-14 08:00:00,0.528,0.5434,-0.0154,-1.0089,0.1017,0.1055,False,False,False,False,False,0,none,False,lower,,8,Sunday
2010-11-14 09:00:00,1.1209,1.1095,0.0114,-0.4403,0.0866,1.6671,False,False,False,False,False,0,none,False,lower,,9,Sunday
2010-11-14 10:00:00,1.1385,1.1808,-0.0423,-0.1856,0.1017,-1.4635,False,False,False,False,False,0,none,False,lower,,10,Sunday
2010-11-14 11:00:00,1.027,1.0214,0.0056,-0.5447,0.108,1.3297,False,False,False,False,False,0,none,False,lower,,11,Sunday
2010-11-14 12:00:00,1.378,1.4224,-0.0444,0.1025,0.0995,-1.5875,False,False,False,False,False,0,none,False,higher,,12,Sunday
2010-11-14 13:00:00,1.2798,1.2809,-0.0012,0.0483,0.1184,0.9337,False,False,False,False,False,0,none,False,higher,,13,Sunday
2010-11-14 14:00:00,1.489,1.5115,-0.0226,0.3462,0.1122,-0.3138,False,False,False,False,False,0,none,False,higher,,14,Sunday
2010-11-14 15:00:00,4.1566,3.7891,0.3675,3.8982,-0.0648,22.4257,True,True,True,True,True,3,high,True,higher,"rolling_z,isolation_forest,residual",15,Sunday
2010-11-14 16:00:00,2.8365,2.798,0.0386,2.1598,0.0025,3.2508,False,False,False,False,False,0,none,False,higher,,16,Sunday
2010-11-14 17:00:00,2.3594,2.3701,-0.0107,1.3717,0.0544,0.3767,False,False,False,False,False,0,none,False,higher,,17,Sunday
2010-11-14 18:00:00,2.3845,2.4046,-0.0201,0.942,0.062,-0.17,False,False,False,False,False,0,none,False,higher,,18,Sunday
2010-11-14 19:00:00,1.4889,1.5134,-0.0244,-0.3856,0.0758,-0.4232,False,False,False,False,False,0,none,False,lower,,19,Sunday
2010-11-14 20:00:00,2.6314,2.575,0.0564,0.8058,0.0275,4.2894,False,False,False,False,False,0,none,False,higher,,20,Sunday
2010-11-14 21:00:00,2.5522,2.5583,-0.0062,0.7359,0.0531,0.6422,False,False,False,False,False,0,none,False,higher,,21,Sunday
2010-11-14 22:00:00,0.9065,0.9474,-0.0409,-0.6804,0.048,-1.3855,False,False,False,False,False,0,none,False,lower,,22,Sunday
2010-11-14 23:00:00,0.3882,0.4297,-0.0415,-1.0428,0.0857,-1.4192,False,False,False,False,False,0,none,False,lower,,23,Sunday
2010-11-15 00:00:00,0.281,0.3055,-0.0245,-1.2443,0.1357,-0.4267,False,False,False,False,False,0,none,False,lower,,0,Monday
2010-11-15 01:00:00,0.3461,0.3676,-0.0215,-0.8876,0.1627,-0.2516,False,False,False,False,False,0,none,False,lower,,1,Monday
2010-11-15 02:00:00,0.3285,0.3534,-0.0249,-0.7348,0.1777,-0.4492,False,False,False,False,False,0,none,False,lower,,2,Monday
2010-11-15 03:00:00,0.5819,0.5973,-0.0154,0.1895,0.169,0.1037,False,False,False,False,False,0,none,False,higher,,3,Monday
2010-11-15 04:00:00,0.6005,0.6405,-0.04,0.441,0.18,-1.3313,False,False,False,False,False,0,none,False,higher,,4,Monday
2010-11-15 05:00:00,0.3533,0.379,-0.0257,-0.2626,0.1554,-0.4972,False,False,False,False,False,0,none,False,lower,,5,Monday
2010-11-15 06:00:00,0.8715,0.8502,0.0213,0.2736,0.1501,2.2449,False,False,False,False,False,0,none,False,higher,,6,Monday
2010-11-15 07:00:00,2.6275,2.5735,0.054,0.9917,0.035,4.1502,False,False,False,False,False,0,none,False,higher,,7,Monday
2010-11-15 08:00:00,1.5821,1.6268,-0.0447,0.1187,0.1058,-1.6056,False,False,False,False,False,0,none,False,higher,,8,Monday
2010-11-15 09:00:00,1.3828,1.4013,-0.0185,-0.0931,0.1465,-0.0795,False,False,False,False,False,0,none,False,lower,,9,Monday
2010-11-15 10:00:00,1.3089,1.3249,-0.016,-0.0211,0.1466,0.0659,False,False,False,False,False,0,none,False,lower,,10,Monday
2010-11-15 11:00:00,1.3804,1.3669,0.0135,-0.2252,0.1488,1.79,False,False,False,False,False,0,none,False,lower,,11,Monday
2010-11-15 12:00:00,3.3211,3.2909,0.0302,2.4383,-0.0258,2.7623,False,True,False,True,True,1,low,False,higher,isolation_forest,12,Monday
2010-11-15 13:00:00,2.8093,2.7839,0.0254,1.9231,0.0438,2.4812,False,False,False,True,False,0,none,False,higher,,13,Monday
2010-11-15 14:00:00,0.4295,0.4643,-0.0348,-0.9995,0.0084,-1.0251,False,False,False,False,False,0,none,False,lower,,14,Monday
2010-11-15 15:00:00,0.3873,0.4204,-0.0331,-0.9481,0.1303,-0.9273,False,False,False,False,False,0,none,False,lower,,15,Monday
2010-11-15 16:00:00,0.5152,0.544,-0.0288,-0.7673,0.1474,-0.6757,False,False,False,False,False,0,none,False,lower,,16,Monday
2010-11-15 17:00:00,0.8739,0.906,-0.0321,-0.4414,0.1597,-0.8675,False,False,False,False,False,0,none,False,lower,,17,Monday
2010-11-15 18:00:00,1.3073,1.324,-0.0166,-0.3584,0.1562,0.0325,False,False,False,False,False,0,none,False,lower,,18,Monday
2010-11-15 19:00:00,1.5779,1.5925,-0.0146,-0.2678,0.1587,0.1508,False,False,False,False,False,0,none,False,lower,,19,Monday
2010-11-15 20:00:00,2.9928,2.9337,0.0591,1.155,0.0354,4.4446,False,False,False,False,False,0,none,False,higher,,20,Monday
2010-11-15 21:00:00,1.5088,1.5152,-0.0064,-0.3352,0.1011,0.6259,False,False,False,False,False,0,none,False,lower,,21,Monday
2010-11-15 22:00:00,1.2497,1.2541,-0.0044,-0.1612,0.1767,0.7449,False,False,False,False,False,0,none,False,lower,,22,Monday
2010-11-15 23:00:00,0.5057,0.5398,-0.0341,-0.8103,0.1592,-0.9858,False,False,False,False,False,0,none,False,lower,,23,Monday
2010-11-16 00:00:00,0.3238,0.3487,-0.0249,-1.1285,0.1683,-0.4484,False,False,False,False,False,0,none,False,lower,,0,Tuesday
2010-11-16 01:00:00,0.2923,0.3191,-0.0268,-1.0108,0.1675,-0.561,False,False,False,False,False,0,none,False,lower,,1,Tuesday
2010-11-16 02:00:00,1.0268,1.0406,-0.0138,0.9035,0.1436,0.1992,False,False,False,False,True,0,none,False,higher,,2,Tuesday
2010-11-16 03:00:00,0.3007,0.3303,-0.0295,-0.6021,0.129,-0.7201,False,False,False,False,False,0,none,False,lower,,3,Tuesday
2010-11-16 04:00:00,0.2791,0.3161,-0.037,-0.6563,0.1727,-1.1543,False,False,False,False,False,0,none,False,lower,,4,Tuesday
2010-11-16 05:00:00,0.3376,0.359,-0.0214,-0.2971,0.1725,-0.2477,False,False,False,False,False,0,none,False,lower,,5,Tuesday
2010-11-16 06:00:00,1.2222,1.1527,0.0694,1.0516,0.1323,5.0504,False,False,False,False,False,0,none,False,higher,,6,Tuesday
2010-11-16 07:00:00,2.4552,2.4697,-0.0145,0.8108,0.0762,0.1561,False,False,False,False,False,0,none,False,higher,,7,Tuesday
2010-11-16 08:00:00,1.6832,1.6939,-0.0106,0.2681,0.1344,0.3824,False,False,False,False,False,0,none,False,higher,,8,Tuesday
2010-11-16 09:00:00,1.5805,1.5847,-0.0042,0.4643,0.173,0.7585,False,False,False,False,False,0,none,False,higher,,9,Tuesday
2010-11-16 10:00:00,1.463,1.4781,-0.0152,0.2288,0.1757,0.1166,False,False,False,False,False,0,none,False,higher,,10,Tuesday
2010-11-16 11:00:00,0.9057,0.9467,-0.041,-0.6761,0.1632,-1.3887,False,False,False,False,False,0,none,False,lower,,11,Tuesday
2010-11-16 12:00:00,0.3705,0.4003,-0.0298,-1.2351,0.1596,-0.7363,False,False,False,False,False,0,none,False,lower,,12,Tuesday
2010-11-16 13:00:00,0.3665,0.3982,-0.0317,-1.1683,0.1891,-0.8462,False,False,False,False,False,0,none,False,lower,,13,Tuesday
2010-11-16 14:00:00,0.282,0.3127,-0.0306,-1.1123,0.1769,-0.7848,False,False,False,False,False,0,none,False,lower,,14,Tuesday
2010-11-16 15:00:00,0.3146,0.3439,-0.0293,-1.0156,0.1904,-0.7075,False,False,False,False,False,0,none,False,lower,,15,Tuesday
2010-11-16 16:00:00,0.5391,0.5517,-0.0126,-0.7432,0.1888,0.2683,False,False,False,False,False,0,none,False,lower,,16,Tuesday
2010-11-16 17:00:00,1.4056,1.41,-0.0044,0.1631,0.1479,0.7449,False,False,False,False,False,0,none,False,higher,,17,Tuesday
2010-11-16 18:00:00,2.0629,2.0716,-0.0088,0.6457,0.1202,0.4905,False,False,False,False,False,0,none,False,higher,,18,Tuesday
2010-11-16 19:00:00,1.9874,1.9841,0.0033,0.2836,0.1406,1.1915,False,False,False,False,False,0,none,False,higher,,19,Tuesday
2010-11-16 20:00:00,2.1772,2.1777,-0.0004,0.3288,0.1292,0.9754,False,False,False,False,False,0,none,False,higher,,20,Tuesday
2010-11-16 21:00:00,2.53,2.5721,-0.0421,0.7962,0.096,-1.4528,False,False,False,False,False,0,none,False,higher,,21,Tuesday
2010-11-16 22:00:00,0.7507,0.808,-0.0573,-0.9028,0.1078,-2.3392,False,False,False,False,False,0,none,False,lower,,22,Tuesday
2010-11-16 23:00:00,0.5058,0.5583,-0.0525,-0.752,0.1961,-2.0617,False,False,False,False,False,0,none,False,lower,,23,Tuesday
2010-11-17 00:00:00,0.3677,0.4076,-0.0399,-0.9704,0.1996,-1.3227,False,False,False,False,False,0,none,False,lower,,0,Wednesday
2010-11-17 01:00:00,0.2941,0.3375,-0.0434,-0.9556,0.1926,-1.5287,False,False,False,False,False,0,none,False,lower,,1,Wednesday
2010-11-17 02:00:00,0.3285,0.3728,-0.0444,-0.7932,0.2099,-1.5851,False,False,False,False,False,0,none,False,lower,,2,Wednesday
2010-11-17 03:00:00,0.3255,0.3771,-0.0516,-0.5335,0.2062,-2.0053,False,False,False,False,False,0,none,False,lower,,3,Wednesday
2010-11-17 04:00:00,0.5885,0.6109,-0.0224,0.3958,0.1867,-0.3057,False,False,False,False,False,0,none,False,higher,,4,Wednesday
2010-11-17 05:00:00,0.7422,0.7995,-0.0574,0.5252,0.1932,-2.343,False,False,False,False,True,0,none,False,higher,,5,Wednesday
2010-11-17 06:00:00,0.9257,0.9142,0.0115,0.3693,0.1846,1.6706,False,False,False,False,False,0,none,False,higher,,6,Wednesday
2010-11-17 07:00:00,2.7571,2.6991,0.058,1.1504,0.0305,4.3857,False,False,False,False,False,0,none,False,higher,,7,Wednesday
2010-11-17 08:00:00,1.4537,1.5067,-0.053,0.0312,0.1249,-2.0875,False,False,False,False,False,0,none,False,higher,,8,Wednesday
2010-11-17 09:00:00,1.3489,1.3743,-0.0254,-0.0098,0.1899,-0.4775,False,False,False,False,False,0,none,False,lower,,9,Wednesday
2010-11-17 10:00:00,1.3998,1.4204,-0.0205,0.1123,0.1905,-0.1963,False,False,False,False,False,0,none,False,higher,,10,Wednesday
2010-11-17 11:00:00,1.4121,1.4325,-0.0204,-0.1104,0.1918,-0.1902,False,False,False,False,False,0,none,False,lower,,11,Wednesday
2010-11-17 12:00:00,1.5148,1.5288,-0.014,0.2945,0.1828,0.183,False,False,False,False,False,0,none,False,higher,,12,Wednesday
2010-11-17 13:00:00,0.6902,0.7442,-0.054,-0.7312,0.1602,-2.1462,False,False,False,False,False,0,none,False,lower,,13,Wednesday
2010-11-17 14:00:00,0.2803,0.3135,-0.0332,-1.1027,0.1496,-0.9312,False,False,False,False,False,0,none,False,lower,,14,Wednesday
2010-11-17 15:00:00,0.4599,0.4748,-0.0149,-0.8562,0.175,0.133,False,False,False,False,False,0,none,False,lower,,15,Wednesday
2010-11-17 16:00:00,0.8001,0.8319,-0.0319,-0.443,0.176,-0.8558,False,False,False,False,False,0,none,False,lower,,16,Wednesday
2010-11-17 17:00:00,1.0461,1.0654,-0.0193,-0.2645,0.1862,-0.1236,False,False,False,False,False,0,none,False,lower,,17,Wednesday
2010-11-17 18:00:00,1.6297,1.6454,-0.0157,0.1933,0.1476,0.0867,False,False,False,False,False,0,none,False,higher,,18,Wednesday
2010-11-17 19:00:00,2.3267,2.2861,0.0405,0.7524,0.1126,3.3655,False,False,False,False,False,0,none,False,higher,,19,Wednesday
2010-11-17 20:00:00,2.2447,2.2552,-0.0106,0.4316,0.1243,0.3847,False,False,False,False,False,0,none,False,higher,,20,Wednesday
2010-11-17 21:00:00,1.7383,1.7039,0.0344,-0.0388,0.145,3.0048,False,False,False,False,False,0,none,False,lower,,21,Wednesday
2010-11-17 22:00:00,1.0596,1.091,-0.0314,-0.3669,0.1711,-0.8272,False,False,False,False,False,0,none,False,lower,,22,Wednesday
2010-11-17 23:00:00,0.6331,0.6718,-0.0387,-0.549,0.1883,-1.2519,False,False,False,False,False,0,none,False,lower,,23,Wednesday
2010-11-18 00:00:00,0.4419,0.474,-0.0322,-0.7786,0.1978,-0.8734,False,False,False,False,False,0,none,False,lower,,0,Thursday
2010-11-18 01:00:00,0.3906,0.4064,-0.0157,-0.7146,0.2005,0.0849,False,False,False,False,False,0,none,False,lower,,1,Thursday
2010-11-18 02:00:00,0.5135,0.5186,-0.0051,-0.3598,0.1981,0.704,False,False,False,False,False,0,none,False,lower,,2,Thursday
2010-11-18 03:00:00,1.0192,1.0416,-0.0224,1.3661,0.1638,-0.3018,False,False,False,False,True,0,none,False,higher,,3,Thursday
2010-11-18 04:00:00,0.4596,0.4931,-0.0335,-0.0647,0.1694,-0.9528,False,False,False,False,False,0,none,False,lower,,4,Thursday
2010-11-18 05:00:00,0.3853,0.4112,-0.0258,-0.2262,0.1885,-0.5043,False,False,False,False,False,0,none,False,lower,,5,Thursday
2010-11-18 06:00:00,0.9687,0.8929,0.0758,0.4641,0.1661,5.4193,False,False,False,False,False,0,none,False,higher,,6,Thursday
2010-11-18 07:00:00,2.6867,2.6588,0.0278,1.0889,0.0392,2.6237,False,False,False,False,False,0,none,False,higher,,7,Thursday
2010-11-18 08:00:00,1.5315,1.56,-0.0285,0.1352,0.1323,-0.6577,False,False,False,False,False,0,none,False,higher,,8,Thursday
2010-11-18 09:00:00,1.3511,1.3757,-0.0246,0.0335,0.1862,-0.4346,False,False,False,False,False,0,none,False,higher,,9,Thursday
2010-11-18 10:00:00,1.3487,1.3701,-0.0214,0.0763,0.1875,-0.2468,False,False,False,False,False,0,none,False,higher,,10,Thursday
2010-11-18 11:00:00,1.3438,1.3694,-0.0256,-0.1641,0.1903,-0.493,False,False,False,False,False,0,none,False,lower,,11,Thursday
2010-11-18 12:00:00,1.5858,1.5915,-0.0057,0.3792,0.1781,0.6665,False,False,False,False,False,0,none,False,higher,,12,Thursday
2010-11-18 13:00:00,0.9235,0.9694,-0.046,-0.4463,0.1736,-1.6774,False,False,False,False,False,0,none,False,lower,,13,Thursday
2010-11-18 14:00:00,0.4135,0.452,-0.0386,-0.919,0.1631,-1.2474,False,False,False,False,False,0,none,False,lower,,14,Thursday
2010-11-18 15:00:00,0.3256,0.3641,-0.0385,-0.9927,0.1698,-1.2426,False,False,False,False,False,0,none,False,lower,,15,Thursday
2010-11-18 16:00:00,0.4653,0.4906,-0.0253,-0.8661,0.1796,-0.4729,False,False,False,False,False,0,none,False,lower,,16,Thursday
2010-11-18 17:00:00,0.5778,0.6174,-0.0396,-0.8543,0.1869,-1.3073,False,False,False,False,False,0,none,False,lower,,17,Thursday
2010-11-18 18:00:00,2.7284,2.6494,0.079,1.7293,0.0221,5.6064,False,False,False,False,False,0,none,False,higher,,18,Thursday
2010-11-18 19:00:00,2.5739,2.5629,0.0111,1.0455,0.0926,1.646,False,False,False,False,False,0,none,False,higher,,19,Thursday
2010-11-18 20:00:00,2.1647,2.1326,0.032,0.3534,0.1165,2.8686,False,False,False,False,False,0,none,False,higher,,20,Thursday
2010-11-18 21:00:00,1.935,1.9184,0.0165,0.2137,0.1437,1.9652,False,False,False,False,False,0,none,False,higher,,21,Thursday
2010-11-18 22:00:00,0.9224,0.9679,-0.0455,-0.5533,0.1517,-1.6489,False,False,False,False,False,0,none,False,lower,,22,Thursday
2010-11-18 23:00:00,0.4794,0.534,-0.0546,-0.764,0.1815,-2.182,False,False,False,False,False,0,none,False,lower,,23,Thursday
2010-11-19 00:00:00,0.3419,0.3691,-0.0272,-0.9592,0.1844,-0.5851,False,False,False,False,False,0,none,False,lower,,0,Friday
2010-11-19 01:00:00,0.2771,0.3128,-0.0357,-0.9488,0.1742,-1.0822,False,False,False,False,False,0,none,False,lower,,1,Friday
2010-11-19 02:00:00,0.9549,0.9853,-0.0304,0.6691,0.157,-0.7718,False,False,False,False,True,0,none,False,higher,,2,Friday
2010-11-19 03:00:00,0.3147,0.3503,-0.0356,-0.5986,0.1546,-1.0719,False,False,False,False,False,0,none,False,lower,,3,Friday
2010-11-19 04:00:00,0.3387,0.3714,-0.0326,-0.4833,0.1941,-0.9009,False,False,False,False,False,0,none,False,lower,,4,Friday
2010-11-19 05:00:00,0.2649,0.3042,-0.0392,-0.4321,0.1723,-1.2857,False,False,False,False,False,0,none,False,lower,,5,Friday
2010-11-19 06:00:00,0.8501,0.8348,0.0152,0.225,0.1693,1.8903,False,False,False,False,False,0,none,False,higher,,6,Friday
2010-11-19 07:00:00,2.2033,2.1921,0.0112,0.5894,0.0926,1.6562,False,False,False,False,False,0,none,False,higher,,7,Friday
2010-11-19 08:00:00,1.447,1.4855,-0.0385,0.0283,0.1549,-1.2441,False,False,False,False,False,0,none,False,higher,,8,Friday
2010-11-19 09:00:00,1.3644,1.3919,-0.0275,-0.0203,0.1869,-0.6016,False,False,False,False,False,0,none,False,lower,,9,Friday
2010-11-19 10:00:00,1.3499,1.3774,-0.0275,0.0316,0.1864,-0.5995,False,False,False,False,False,0,none,False,higher,,10,Friday
2010-11-19 11:00:00,1.3955,1.4167,-0.0213,-0.1494,0.1889,-0.2385,False,False,False,False,False,0,none,False,lower,,11,Friday
2010-11-19 12:00:00,1.3907,1.4117,-0.021,0.0817,0.1871,-0.2241,False,False,False,False,False,0,none,False,higher,,12,Friday
2010-11-19 13:00:00,1.5944,1.6161,-0.0217,0.4216,0.1774,-0.2636,False,False,False,False,False,0,none,False,higher,,13,Friday
2010-11-19 14:00:00,1.5211,1.5393,-0.0182,0.4247,0.1766,-0.0566,False,False,False,False,False,0,none,False,higher,,14,Friday
2010-11-19 15:00:00,1.6229,1.6493,-0.0265,0.3684,0.1686,-0.5408,False,False,False,False,False,0,none,False,higher,,15,Friday
2010-11-19 16:00:00,1.4697,1.5306,-0.0609,0.3391,0.1659,-2.5487,False,False,False,False,False,0,none,False,higher,,16,Friday
2010-11-19 17:00:00,0.8243,0.8744,-0.0502,-0.577,0.1496,-1.9228,False,False,False,False,False,0,none,False,lower,,17,Friday
2010-11-19 18:00:00,1.0185,1.0416,-0.0232,-0.7212,0.1722,-0.3497,False,False,False,False,False,0,none,False,lower,,18,Friday
2010-11-19 19:00:00,1.2498,1.2761,-0.0263,-0.5955,0.1744,-0.5315,False,False,False,False,False,0,none,False,lower,,19,Friday
2010-11-19 20:00:00,1.6653,1.6833,-0.0181,-0.1558,0.1549,-0.0509,False,False,False,False,False,0,none,False,lower,,20,Friday
2010-11-19 21:00:00,1.7784,1.8305,-0.0521,0.0707,0.1604,-2.0372,False,False,False,False,False,0,none,False,higher,,21,Friday
2010-11-19 22:00:00,0.602,0.6656,-0.0636,-1.025,0.1434,-2.7082,False,False,False,False,False,0,none,False,lower,,22,Friday
2010-11-19 23:00:00,0.3342,0.3733,-0.0391,-0.9532,0.1852,-1.2772,False,False,False,False,False,0,none,False,lower,,23,Friday
2010-11-20 00:00:00,0.317,0.3427,-0.0258,-0.9832,0.1323,-0.5014,False,False,False,False,False,0,none,False,lower,,0,Saturday
2010-11-20 01:00:00,0.2849,0.3123,-0.0274,-0.8872,0.135,-0.5978,False,False,False,False,False,0,none,False,lower,,1,Saturday
2010-11-20 02:00:00,0.3567,0.3763,-0.0196,-0.7681,0.1516,-0.1389,False,False,False,False,False,0,none,False,lower,,2,Saturday
2010-11-20 03:00:00,0.3103,0.3381,-0.0278,-0.5871,0.1481,-0.619,False,False,False,False,False,0,none,False,lower,,3,Saturday
2010-11-20 04:00:00,0.3265,0.3566,-0.03,-0.5005,0.1499,-0.7495,False,False,False,False,False,0,none,False,lower,,4,Saturday
2010-11-20 05:00:00,0.8853,0.8939,-0.0086,0.8669,0.1181,0.4981,False,False,False,False,True,0,none,False,higher,,5,Saturday
2010-11-20 06:00:00,0.7866,0.7919,-0.0053,0.1746,0.1446,0.6923,False,False,False,False,False,0,none,False,higher,,6,Saturday
2010-11-20 07:00:00,2.6342,2.5955,0.0387,1.0368,0.0029,3.2573,False,False,False,False,False,0,none,False,higher,,7,Saturday
2010-11-20 08:00:00,1.9728,2.009,-0.0361,0.6211,0.0779,-1.1046,False,False,False,False,False,0,none,False,higher,,8,Saturday
2010-11-20 09:00:00,1.8751,1.8615,0.0136,1.2454,0.1115,1.7916,False,False,False,False,False,0,none,False,higher,,9,Saturday
2010-11-20 10:00:00,1.2921,1.2828,0.0093,-0.0436,0.1149,1.5466,False,False,False,False,False,0,none,False,lower,,10,Saturday
2010-11-20 11:00:00,2.6911,2.6489,0.0423,1.2386,0.0168,3.465,False,False,False,False,False,0,none,False,higher,,11,Saturday
2010-11-20 12:00:00,1.1306,1.1585,-0.0279,-0.2408,0.077,-0.6239,False,False,False,False,False,0,none,False,lower,,12,Saturday
2010-11-20 13:00:00,1.298,1.3017,-0.0037,0.0217,0.13,0.7855,False,False,False,False,False,0,none,False,higher,,13,Saturday
2010-11-20 14:00:00,1.0514,1.0605,-0.009,-0.1448,0.1323,0.4743,False,False,False,False,False,0,none,False,lower,,14,Saturday
2010-11-20 15:00:00,1.2582,1.2721,-0.0139,-0.0465,0.1287,0.1917,False,False,False,False,False,0,none,False,lower,,15,Saturday
2010-11-20 16:00:00,1.517,1.5496,-0.0325,0.3817,0.1193,-0.8947,False,False,False,False,False,0,none,False,higher,,16,Saturday
2010-11-20 17:00:00,1.7953,1.8225,-0.0272,0.5745,0.1087,-0.5845,False,False,False,False,False,0,none,False,higher,,17,Saturday
2010-11-20 18:00:00,5.6268,5.4667,0.1602,5.541,-0.0632,10.3399,True,True,True,True,True,3,high,True,higher,"rolling_z,isolation_forest,residual",18,Saturday
2010-11-20 19:00:00,3.2597,3.2645,-0.0048,1.8173,-0.0329,0.7231,False,True,False,False,False,1,low,False,higher,isolation_forest,19,Saturday
2010-11-20 20:00:00,2.1171,2.1585,-0.0414,0.2881,0.0415,-1.412,False,False,False,False,False,0,none,False,higher,,20,Saturday
2010-11-20 21:00:00,1.7741,1.794,-0.0199,0.0868,0.0838,-0.1559,False,False,False,False,False,0,none,False,higher,,21,Saturday
2010-11-20 22:00:00,1.3264,1.3914,-0.065,0.1793,0.0926,-2.7857,False,False,False,False,False,0,none,False,higher,,22,Saturday
2010-11-20 23:00:00,0.7295,0.7826,-0.0531,-0.3822,0.0789,-2.0966,False,False,False,False,False,0,none,False,lower,,23,Saturday
2010-11-21 00:00:00,0.5199,0.5501,-0.0302,-0.5496,0.0872,-0.7574,False,False,False,False,False,0,none,False,lower,,0,Sunday
2010-11-21 01:00:00,0.2938,0.3171,-0.0233,-0.8556,0.0736,-0.3542,False,False,False,False,False,0,none,False,lower,,1,Sunday
2010-11-21 02:00:00,0.8968,0.9269,-0.0301,0.5009,0.0709,-0.7505,False,False,False,False,False,0,none,False,higher,,2,Sunday
2010-11-21 03:00:00,0.3299,0.3589,-0.029,-0.5263,0.0668,-0.6877,False,False,False,False,False,0,none,False,lower,,3,Sunday
2010-11-21 04:00:00,0.3446,0.372,-0.0274,-0.4332,0.0879,-0.5984,False,False,False,False,False,0,none,False,lower,,4,Sunday
2010-11-21 05:00:00,0.2903,0.3236,-0.0334,-0.392,0.0785,-0.9433,False,False,False,False,False,0,none,False,lower,,5,Sunday
2010-11-21 06:00:00,0.3369,0.3496,-0.0127,-0.9673,0.0855,0.2586,False,False,False,False,False,0,none,False,lower,,6,Sunday
2010-11-21 07:00:00,2.0713,2.0357,0.0356,0.4556,0.0191,3.0769,False,False,False,False,False,0,none,False,higher,,7,Sunday
2010-11-21 08:00:00,1.4247,1.4595,-0.0348,-0.0098,0.0823,-1.0269,False,False,False,False,False,0,none,False,lower,,8,Sunday
2010-11-21 09:00:00,1.2906,1.336,-0.0454,-0.2281,0.1067,-1.6459,False,False,False,False,False,0,none,False,lower,,9,Sunday
2010-11-21 10:00:00,0.2681,0.3053,-0.0372,-1.4871,0.0501,-1.1681,False,False,False,False,False,0,none,False,lower,,10,Sunday
2010-11-21 11:00:00,0.2992,0.3295,-0.0304,-1.3567,0.0982,-0.7678,False,False,False,False,False,0,none,False,lower,,11,Sunday
2010-11-21 12:00:00,0.3496,0.3837,-0.0341,-1.2413,0.1044,-0.987,False,False,False,False,False,0,none,False,lower,,12,Sunday
2010-11-21 13:00:00,0.2769,0.3137,-0.0368,-1.3412,0.0971,-1.1465,False,False,False,False,False,0,none,False,lower,,13,Sunday
2010-11-21 14:00:00,0.281,0.3195,-0.0385,-1.0719,0.0999,-1.242,False,False,False,False,False,0,none,False,lower,,14,Sunday
2010-11-21 15:00:00,0.2973,0.3342,-0.0369,-1.0432,0.1101,-1.1485,False,False,False,False,False,0,none,False,lower,,15,Sunday
2010-11-21 16:00:00,0.3508,0.388,-0.0371,-0.9835,0.1215,-1.1635,False,False,False,False,False,0,none,False,lower,,16,Sunday
2010-11-21 17:00:00,0.7239,0.7457,-0.0217,-0.7328,0.125,-0.2662,False,False,False,False,False,0,none,False,lower,,17,Sunday
2010-11-21 18:00:00,0.4511,0.5079,-0.0568,-1.1676,0.1318,-2.31,False,False,False,False,False,0,none,False,lower,,18,Sunday
2010-11-21 19:00:00,0.2955,0.3319,-0.0364,-1.6922,0.1258,-1.1213,False,False,False,False,False,0,none,False,lower,,19,Sunday
2010-11-21 20:00:00,0.6048,0.5917,0.0131,-1.2486,0.1236,1.7651,False,False,False,False,False,0,none,False,lower,,20,Sunday
2010-11-21 21:00:00,1.2213,1.2692,-0.0479,-0.4939,0.0897,-1.7891,False,False,False,False,False,0,none,False,lower,,21,Sunday
2010-11-21 22:00:00,1.4938,1.5538,-0.06,0.4455,0.086,-2.4971,False,False,False,False,False,0,none,False,higher,,22,Sunday
2010-11-21 23:00:00,0.3032,0.3506,-0.0474,-0.9775,0.0747,-1.764,False,False,False,False,False,0,none,False,lower,,23,Sunday
2010-11-22 00:00:00,0.3675,0.3948,-0.0273,-0.7836,0.1831,-0.5885,False,False,False,False,False,0,none,False,lower,,0,Monday
2010-11-22 01:00:00,0.2799,0.3153,-0.0354,-0.8386,0.1824,-1.0647,False,False,False,False,False,0,none,False,lower,,1,Monday
2010-11-22 02:00:00,0.2834,0.3199,-0.0365,-1.0183,0.1842,-1.126,False,False,False,False,False,0,none,False,lower,,2,Monday
2010-11-22 03:00:00,0.2749,0.3165,-0.0416,-0.6754,0.1816,-1.4233,False,False,False,False,False,0,none,False,lower,,3,Monday
2010-11-22 04:00:00,0.3683,0.3976,-0.0293,-0.3026,0.1765,-0.7049,False,False,False,False,False,0,none,False,lower,,4,Monday
2010-11-22 05:00:00,0.2859,0.3267,-0.0408,-0.3936,0.1748,-1.3779,False,False,False,False,False,0,none,False,lower,,5,Monday
2010-11-22 06:00:00,0.953,0.912,0.041,0.58,0.1348,3.3909,False,False,False,False,False,0,none,False,higher,,6,Monday
2010-11-22 07:00:00,2.137,2.158,-0.021,0.4735,0.057,-0.2211,False,False,False,False,False,0,none,False,higher,,7,Monday
2010-11-22 08:00:00,2.5902,2.515,0.0752,1.2771,0.0398,5.3881,False,False,False,False,False,0,none,False,higher,,8,Monday
2010-11-22 09:00:00,1.4276,1.4579,-0.0303,0.0829,0.1021,-0.764,False,False,False,False,False,0,none,False,higher,,9,Monday
2010-11-22 10:00:00,3.1054,2.9874,0.118,2.37,-0.0073,7.8807,False,True,True,True,True,2,medium,True,higher,"isolation_forest,residual",10,Monday
2010-11-22 11:00:00,2.6391,2.5837,0.0555,1.1222,0.0678,4.2355,False,False,False,False,False,0,none,False,higher,,11,Monday
2010-11-22 12:00:00,1.8669,1.8614,0.0055,0.957,0.1229,1.3222,False,False,False,False,False,0,none,False,higher,,12,Monday
2010-11-22 13:00:00,1.9868,1.9798,0.0069,1.1801,0.15,1.4059,False,False,False,False,False,0,none,False,higher,,13,Monday
2010-11-22 14:00:00,1.5177,1.5328,-0.0152,0.8725,0.166,0.1166,False,False,False,False,False,0,none,False,higher,,14,Monday
2010-11-22 15:00:00,1.3866,1.3854,0.0011,0.1927,0.1809,1.0667,False,False,False,False,False,0,none,False,higher,,15,Monday
2010-11-22 16:00:00,0.6926,0.7192,-0.0265,-0.5084,0.1691,-0.5452,False,False,False,False,False,0,none,False,lower,,16,Monday
2010-11-22 17:00:00,0.6458,0.6786,-0.0328,-0.7849,0.1903,-0.9103,False,False,False,False,False,0,none,False,lower,,17,Monday
2010-11-22 18:00:00,3.1683,2.9832,0.1851,1.4774,-0.0099,11.7943,False,True,True,True,True,2,medium,True,higher,"isolation_forest,residual",18,Monday
2010-11-22 19:00:00,2.5895,2.4956,0.0939,0.9619,0.0713,6.4783,False,False,True,False,False,1,low,False,higher,residual,19,Monday
2010-11-22 20:00:00,1.5825,1.62,-0.0375,-0.232,0.104,-1.1823,False,False,False,False,False,0,none,False,lower,,20,Monday
2010-11-22 21:00:00,2.3887,2.4031,-0.0144,0.8771,0.0777,0.1641,False,False,False,False,False,0,none,False,higher,,21,Monday
2010-11-22 22:00:00,1.1652,1.231,-0.0658,-0.0351,0.1009,-2.8374,False,False,False,False,False,0,none,False,lower,,22,Monday
2010-11-22 23:00:00,0.3228,0.3608,-0.038,-0.8832,0.094,-1.2123,False,False,False,False,False,0,none,False,lower,,23,Monday
2010-11-23 00:00:00,0.3652,0.3945,-0.0294,-0.7639,0.1331,-0.7105,False,False,False,False,False,0,none,False,lower,,0,Tuesday
2010-11-23 01:00:00,0.2924,0.3243,-0.0319,-0.7731,0.1235,-0.8575,False,False,False,False,False,0,none,False,lower,,1,Tuesday
2010-11-23 02:00:00,0.2824,0.3216,-0.0392,-1.0022,0.1315,-1.2856,False,False,False,False,False,0,none,False,lower,,2,Tuesday
2010-11-23 03:00:00,0.2745,0.3173,-0.0428,-0.6655,0.1287,-1.4931,False,False,False,False,False,0,none,False,lower,,3,Tuesday
2010-11-23 04:00:00,0.3602,0.3945,-0.0343,-0.3341,0.1416,-0.9974,False,False,False,False,False,0,none,False,lower,,4,Tuesday
2010-11-23 05:00:00,0.2802,0.3236,-0.0434,-0.3993,0.1218,-1.5258,False,False,False,False,False,0,none,False,lower,,5,Tuesday
2010-11-23 06:00:00,0.6357,0.6407,-0.005,-0.2554,0.1302,0.7098,False,False,False,False,False,0,none,False,lower,,6,Tuesday
2010-11-23 07:00:00,2.5486,2.5132,0.0354,0.8781,0.0397,3.0636,False,False,False,False,False,0,none,False,higher,,7,Tuesday
2010-11-23 08:00:00,1.7041,1.7375,-0.0334,0.2522,0.1174,-0.9463,False,False,False,False,False,0,none,False,higher,,8,Tuesday
2010-11-23 09:00:00,1.4006,1.4212,-0.0205,0.0234,0.1558,-0.1956,False,False,False,False,False,0,none,False,higher,,9,Tuesday
2010-11-23 10:00:00,1.57,1.6015,-0.0315,0.2479,0.1634,-0.8361,False,False,False,False,False,0,none,False,higher,,10,Tuesday
2010-11-23 11:00:00,1.704,1.7459,-0.0419,0.1011,0.1684,-1.4429,False,False,False,False,False,0,none,False,higher,,11,Tuesday
2010-11-23 12:00:00,1.0492,1.0938,-0.0447,-0.2847,0.1619,-1.6033,False,False,False,False,False,0,none,False,lower,,12,Tuesday
2010-11-23 13:00:00,0.8319,0.8421,-0.0102,-0.5836,0.1794,0.4041,False,False,False,False,False,0,none,False,lower,,13,Tuesday
2010-11-23 14:00:00,1.5486,1.5518,-0.0032,0.8629,0.1516,0.8157,False,False,False,False,False,0,none,False,higher,,14,Tuesday
2010-11-23 15:00:00,0.4,0.4318,-0.0318,-0.9152,0.1222,-0.8532,False,False,False,False,False,0,none,False,lower,,15,Tuesday
2010-11-23 16:00:00,0.5093,0.5444,-0.0352,-0.7457,0.1785,-1.0477,False,False,False,False,False,0,none,False,lower,,16,Tuesday
2010-11-23 17:00:00,0.9787,0.9905,-0.0118,-0.3511,0.1722,0.3145,False,False,False,False,False,0,none,False,lower,,17,Tuesday
2010-11-23 18:00:00,1.8401,1.8239,0.0162,0.1309,0.125,1.9448,False,False,False,False,False,0,none,False,higher,,18,Tuesday
2010-11-23 19:00:00,2.2212,2.2463,-0.0251,0.5059,0.1239,-0.4617,False,False,False,False,False,0,none,False,higher,,19,Tuesday
2010-11-23 20:00:00,2.6367,2.6165,0.0202,0.7919,0.0892,2.1795,False,False,False,False,False,0,none,False,higher,,20,Tuesday
2010-11-23 21:00:00,1.4262,1.4803,-0.0541,-0.321,0.1237,-2.1495,False,False,False,False,False,0,none,False,lower,,21,Tuesday
2010-11-23 22:00:00,0.8328,0.8822,-0.0494,-0.597,0.1799,-1.8765,False,False,False,False,False,0,none,False,lower,,22,Tuesday
2010-11-23 23:00:00,0.5997,0.6436,-0.0439,-0.4129,0.1959,-1.5557,False,False,False,False,False,0,none,False,lower,,23,Tuesday
2010-11-24 00:00:00,0.3584,0.3895,-0.0311,-0.7474,0.1916,-0.8126,False,False,False,False,False,0,none,False,lower,,0,Wednesday
2010-11-24 01:00:00,0.2653,0.313,-0.0477,-0.8343,0.1808,-1.7819,False,False,False,False,False,0,none,False,lower,,1,Wednesday
2010-11-24 02:00:00,0.5021,0.5256,-0.0235,-0.3093,0.1916,-0.3675,False,False,False,False,False,0,none,False,lower,,2,Wednesday
2010-11-24 03:00:00,0.7512,0.8009,-0.0496,0.8889,0.1825,-1.8916,False,False,False,False,True,0,none,False,higher,,3,Wednesday
2010-11-24 04:00:00,0.3203,0.3584,-0.0381,-0.4526,0.1679,-1.2216,False,False,False,False,False,0,none,False,lower,,4,Wednesday
2010-11-24 05:00:00,0.2844,0.3296,-0.0452,-0.3873,0.1781,-1.6323,False,False,False,False,False,0,none,False,lower,,5,Wednesday
2010-11-24 06:00:00,0.829,0.823,0.0059,0.2041,0.1707,1.3474,False,False,False,False,False,0,none,False,higher,,6,Wednesday
2010-11-24 07:00:00,2.8502,2.7472,0.1031,1.1276,0.0157,7.0093,False,False,True,False,False,1,low,False,higher,residual,7,Wednesday
2010-11-24 08:00:00,1.5542,1.6467,-0.0925,0.0458,0.1214,-4.3934,False,False,False,False,False,0,none,False,higher,,8,Wednesday
2010-11-24 09:00:00,1.364,1.3915,-0.0275,-0.0973,0.1862,-0.6019,False,False,False,False,False,0,none,False,lower,,9,Wednesday
2010-11-24 10:00:00,1.3726,1.4019,-0.0293,-0.0308,0.1871,-0.7059,False,False,False,False,False,0,none,False,lower,,10,Wednesday
2010-11-24 11:00:00,1.3924,1.4224,-0.03,-0.1729,0.1888,-0.7481,False,False,False,False,False,0,none,False,lower,,11,Wednesday
2010-11-24 12:00:00,1.5838,1.5967,-0.013,0.487,0.18,0.2465,False,False,False,False,False,0,none,False,higher,,12,Wednesday
2010-11-24 13:00:00,1.961,1.938,0.023,1.0635,0.1441,2.3425,False,False,False,False,False,0,none,False,higher,,13,Wednesday
2010-11-24 14:00:00,2.0178,2.0098,0.008,1.6001,0.1431,1.4688,False,False,False,False,False,0,none,False,higher,,14,Wednesday
2010-11-24 15:00:00,1.502,1.5188,-0.0168,0.2806,0.1546,0.0248,False,False,False,False,False,0,none,False,higher,,15,Wednesday
2010-11-24 16:00:00,0.8741,0.9054,-0.0313,-0.3102,0.1574,-0.8234,False,False,False,False,False,0,none,False,lower,,16,Wednesday
2010-11-24 17:00:00,1.9389,1.908,0.031,0.9683,0.1084,2.8076,False,False,False,False,False,0,none,False,higher,,17,Wednesday
2010-11-24 18:00:00,2.0611,2.0388,0.0223,0.296,0.1212,2.3029,False,False,False,False,False,0,none,False,higher,,18,Wednesday
2010-11-24 19:00:00,1.4982,1.5133,-0.015,-0.3647,0.1419,0.1251,False,False,False,False,False,0,none,False,lower,,19,Wednesday
2010-11-24 20:00:00,2.3129,2.3643,-0.0515,0.4151,0.1055,-1.9987,False,False,False,False,False,0,none,False,higher,,20,Wednesday
2010-11-24 21:00:00,1.5684,1.6287,-0.0603,-0.2075,0.1383,-2.5158,False,False,False,False,False,0,none,False,lower,,21,Wednesday
2010-11-24 22:00:00,0.4221,0.4682,-0.0461,-1.3409,0.1147,-1.6835,False,False,False,False,False,0,none,False,lower,,22,Wednesday
2010-11-24 23:00:00,0.3531,0.3935,-0.0404,-0.7781,0.1668,-1.3519,False,False,False,False,False,0,none,False,lower,,23,Wednesday
2010-11-25 00:00:00,0.3035,0.3372,-0.0337,-0.8127,0.1638,-0.9624,False,False,False,False,False,0,none,False,lower,,0,Thursday
2010-11-25 01:00:00,0.2897,0.3293,-0.0397,-0.7306,0.1636,-1.3107,False,False,False,False,False,0,none,False,lower,,1,Thursday
2010-11-25 02:00:00,0.2664,0.307,-0.0406,-0.9505,0.1694,-1.3654,False,False,False,False,False,0,none,False,lower,,2,Thursday
2010-11-25 03:00:00,0.3357,0.3697,-0.034,-0.4925,0.1759,-0.9787,False,False,False,False,False,0,none,False,lower,,3,Thursday
2010-11-25 04:00:00,0.3771,0.4058,-0.0288,-0.2584,0.1811,-0.6748,False,False,False,False,False,0,none,False,lower,,4,Thursday
2010-11-25 05:00:00,0.8805,0.9295,-0.049,0.8192,0.1625,-1.8526,False,False,False,False,True,0,none,False,higher,,5,Thursday
2010-11-25 06:00:00,0.9632,0.9587,0.0045,0.5154,0.1718,1.2666,False,False,False,False,False,0,none,False,higher,,6,Thursday
2010-11-25 07:00:00,2.6271,2.5797,0.0475,0.8364,0.044,3.7697,False,False,False,False,False,0,none,False,higher,,7,Thursday
2010-11-25 08:00:00,1.6294,1.6449,-0.0155,0.145,0.1273,0.0991,False,False,False,False,False,0,none,False,higher,,8,Thursday
2010-11-25 09:00:00,1.2577,1.2375,0.0202,-0.3421,0.1731,2.1795,False,False,False,False,False,0,none,False,lower,,9,Thursday
2010-11-25 10:00:00,0.6455,0.6894,-0.0439,-0.9043,0.1563,-1.5575,False,False,False,False,False,0,none,False,lower,,10,Thursday
2010-11-25 11:00:00,1.0281,1.0688,-0.0408,-0.5221,0.1714,-1.3744,False,False,False,False,False,0,none,False,lower,,11,Thursday
2010-11-25 12:00:00,0.4997,0.5471,-0.0474,-1.1615,0.1613,-1.7605,False,False,False,False,False,0,none,False,lower,,12,Thursday
2010-11-25 13:00:00,0.3562,0.41,-0.0538,-1.3876,0.174,-2.1348,False,False,False,False,False,0,none,False,lower,,13,Thursday
2010-11-25 14:00:00,0.3007,0.3475,-0.0468,-1.3768,0.1794,-1.7277,False,False,False,False,False,0,none,False,lower,,14,Thursday
2010-11-25 15:00:00,0.333,0.3764,-0.0434,-1.0463,0.1924,-1.5289,False,False,False,False,False,0,none,False,lower,,15,Thursday
2010-11-25 16:00:00,0.5418,0.5714,-0.0296,-0.7281,0.191,-0.723,False,False,False,False,False,0,none,False,lower,,16,Thursday
2010-11-25 17:00:00,1.4801,1.4798,0.0003,0.2546,0.1461,1.0215,False,False,False,False,False,0,none,False,higher,,17,Thursday
2010-11-25 18:00:00,2.2116,2.2186,-0.007,0.3977,0.1039,0.5911,False,False,False,False,False,0,none,False,higher,,18,Thursday
2010-11-25 19:00:00,2.3305,2.3768,-0.0463,0.5603,0.1108,-1.6981,False,False,False,False,False,0,none,False,higher,,19,Thursday
2010-11-25 20:00:00,1.6478,1.6638,-0.016,-0.293,0.1391,0.0683,False,False,False,False,False,0,none,False,lower,,20,Thursday
2010-11-25 21:00:00,1.3429,1.3879,-0.045,-0.5706,0.173,-1.6224,False,False,False,False,False,0,none,False,lower,,21,Thursday
2010-11-25 22:00:00,1.2476,1.2861,-0.0385,0.1089,0.1839,-1.2447,False,False,False,False,False,0,none,False,higher,,22,Thursday
2010-11-25 23:00:00,0.957,1.0213,-0.0643,0.1472,0.1943,-2.7461,False,False,False,False,False,0,none,False,higher,,23,Thursday
2010-11-26 00:00:00,0.2943,0.3349,-0.0406,-0.8013,0.1739,-1.3629,False,False,False,False,False,0,none,False,lower,,0,Friday
2010-11-26 01:00:00,0.281,0.3201,-0.0391,-0.7202,0.1978,-1.2756,False,False,False,False,False,0,none,False,lower,,1,Friday
2010-11-26 02:00:00,0.2734,0.3147,-0.0413,-0.9145,0.2016,-1.4052,False,False,False,False,False,0,none,False,lower,,2,Friday
2010-11-26 03:00:00,0.2984,0.341,-0.0426,-0.6131,0.2003,-1.482,False,False,False,False,False,0,none,False,lower,,3,Friday
2010-11-26 04:00:00,0.314,0.3569,-0.0428,-0.4683,0.2066,-1.4951,False,False,False,False,False,0,none,False,lower,,4,Friday
2010-11-26 05:00:00,0.2826,0.3283,-0.0457,-0.4188,0.1981,-1.663,False,False,False,False,False,0,none,False,lower,,5,Friday
2010-11-26 06:00:00,1.0088,0.9597,0.049,0.5887,0.1632,3.8594,False,False,False,False,False,0,none,False,higher,,6,Friday
2010-11-26 07:00:00,2.8839,2.8444,0.0395,1.0423,0.0141,3.3055,False,False,False,False,False,0,none,False,higher,,7,Friday
2010-11-26 08:00:00,1.9993,2.0113,-0.012,0.5361,0.1071,0.3024,False,False,False,False,False,0,none,False,higher,,8,Friday
2010-11-26 09:00:00,1.85,1.8461,0.0038,1.1454,0.1603,1.2252,False,False,False,False,False,0,none,False,higher,,9,Friday
2010-11-26 10:00:00,1.3528,1.3784,-0.0256,-0.0026,0.1734,-0.4902,False,False,False,False,False,0,none,False,lower,,10,Friday
2010-11-26 11:00:00,1.3389,1.3668,-0.0279,-0.2189,0.1915,-0.6248,False,False,False,False,False,0,none,False,lower,,11,Friday
2010-11-26 12:00:00,1.4902,1.5271,-0.0369,0.2983,0.1834,-1.1484,False,False,False,False,False,0,none,False,higher,,12,Friday
2010-11-26 13:00:00,1.6129,1.6309,-0.018,0.4778,0.1781,-0.0485,False,False,False,False,False,0,none,False,higher,,13,Friday
2010-11-26 14:00:00,1.4078,1.4213,-0.0135,0.511,0.1755,0.2127,False,False,False,False,False,0,none,False,higher,,14,Friday
2010-11-26 15:00:00,0.8764,0.9381,-0.0617,-0.3725,0.1658,-2.5939,False,False,False,False,False,0,none,False,lower,,15,Friday
2010-11-26 16:00:00,1.0679,1.0762,-0.0082,-0.0149,0.1709,0.5219,False,False,False,False,False,0,none,False,lower,,16,Friday
2010-11-26 17:00:00,1.7259,1.7597,-0.0338,0.6476,0.1412,-0.9684,False,False,False,False,False,0,none,False,higher,,17,Friday
2010-11-26 18:00:00,1.5735,1.597,-0.0235,-0.2639,0.1543,-0.3689,False,False,False,False,False,0,none,False,lower,,18,Friday
2010-11-26 19:00:00,1.6593,1.6984,-0.0391,-0.2111,0.1591,-1.2784,False,False,False,False,False,0,none,False,lower,,19,Friday
2010-11-26 20:00:00,1.1637,1.2286,-0.0649,-0.8501,0.1646,-2.7822,False,False,False,False,False,0,none,False,lower,,20,Friday
2010-11-26 21:00:00,0.9347,0.9823,-0.0476,-1.2149,0.1782,-1.776,False,False,False,False,False,0,none,False,lower,,21,Friday
