Datetime,actual,arima_pred
2010-04-18 16:00:00,0.4060333333333333,1.1022186683303679
2010-04-18 17:00:00,0.39476666666666665,1.087356563664465
2010-04-18 18:00:00,1.2476333333333334,1.0885800574265159
2010-04-18 19:00:00,1.6654000000000002,1.0892118336288774
2010-04-18 20:00:00,1.8225666666666667,1.0895299695810792
2010-04-18 21:00:00,2.1953,1.0896818603291127
2010-04-18 22:00:00,1.1287999999999998,1.089745632706195
2010-04-18 23:00:00,0.5014,1.0897626978874937
2010-04-19 00:00:00,0.3788,1.0897550058914367
2010-04-19 01:00:00,0.36163333333333336,1.0897341913385585
2010-04-19 02:00:00,0.44126666666666664,1.0897064211665057
2010-04-19 03:00:00,0.3892,1.089674964164305
2010-04-19 04:00:00,0.3544333333333333,1.0896415529555563
2010-04-19 05:00:00,0.31926666666666664,1.0896071059184456
2010-04-19 06:00:00,1.0650666666666666,1.0895721098398854
2010-04-19 07:00:00,0.5800333333333333,1.0895368227415732
2010-04-19 08:00:00,0.3746333333333334,1.0895013813880654
2010-04-19 09:00:00,1.0735999999999999,1.0894658582714982
2010-04-19 10:00:00,2.2938,1.0894302918163719
2010-04-19 11:00:00,1.7982666666666667,1.089394702389616
2010-04-19 12:00:00,1.6997333333333333,1.089359100786734
2010-04-19 13:00:00,1.5137,1.0893234927298892
2010-04-19 14:00:00,1.4145333333333334,1.0892878812521172
2010-04-19 15:00:00,1.4509666666666667,1.0892522679610808
2010-04-19 16:00:00,1.4736666666666667,1.0892166537089225
2010-04-19 17:00:00,2.682733333333333,1.0891810389473209
2010-04-19 18:00:00,2.1485333333333334,1.0891454239156886
2010-04-19 19:00:00,2.1934666666666667,1.0891098087409263
2010-04-19 20:00:00,1.8416333333333335,1.089074193490298
2010-04-19 21:00:00,1.6705,1.089038578199457
2010-04-19 22:00:00,0.6129333333333332,1.0890029628873008
2010-04-19 23:00:00,0.3441666666666666,1.0889673475638468
2010-04-20 00:00:00,1.0682666666666667,1.0889317322344043
2010-04-20 01:00:00,0.4288666666666667,1.0888961169017877
2010-04-20 02:00:00,0.4137,1.0888605015674886
2010-04-20 03:00:00,0.35103333333333336,1.0888248862322976
2010-04-20 04:00:00,0.3545,1.088789270896634
2010-04-20 05:00:00,0.3012666666666667,1.0887536555607198
2010-04-20 06:00:00,0.44443333333333335,1.0887180402246728
2010-04-20 07:00:00,1.7821,1.0886824248885554
2010-04-20 08:00:00,1.5909000000000002,1.0886468095524007
2010-04-20 09:00:00,1.8861333333333332,1.0886111942162262
2010-04-20 10:00:00,1.8644666666666665,1.0885755788800413
2010-04-20 11:00:00,1.5847666666666667,1.0885399635438509
2010-04-20 12:00:00,1.5754666666666668,1.0885043482076573
2010-04-20 13:00:00,1.6598666666666666,1.0884687328714622
2010-04-20 14:00:00,1.4857333333333334,1.0884331175352664
2010-04-20 15:00:00,1.4511333333333334,1.0883975021990702
2010-04-20 16:00:00,1.5280333333333334,1.0883618868628737
2010-04-20 17:00:00,1.5625333333333333,1.088326271526677
2010-04-20 18:00:00,1.2556333333333332,1.0882906561904804
2010-04-20 19:00:00,1.406,1.0882550408542837
2010-04-20 20:00:00,2.4154,1.0882194255180868
2010-04-20 21:00:00,2.270566666666667,1.08818381018189
2010-04-20 22:00:00,1.4235333333333335,1.088148194845693
2010-04-20 23:00:00,0.4561333333333334,1.0881125795094961
2010-04-21 00:00:00,0.9508333333333333,1.0880769641732992
2010-04-21 01:00:00,0.7458333333333333,1.0880413488371024
2010-04-21 02:00:00,0.3594666666666667,1.0880057335009055
2010-04-21 03:00:00,0.31770000000000004,1.0879701181647086
2010-04-21 04:00:00,0.41733333333333333,1.0879345028285117
2010-04-21 05:00:00,0.4200666666666667,1.0878988874923148
2010-04-21 06:00:00,0.47276666666666667,1.0878632721561179
2010-04-21 07:00:00,1.1233333333333335,1.087827656819921
2010-04-21 08:00:00,1.4977333333333334,1.087792041483724
2010-04-21 09:00:00,1.2514333333333334,1.0877564261475272
2010-04-21 10:00:00,1.7870333333333333,1.0877208108113303
2010-04-21 11:00:00,1.7057,1.0876851954751334
2010-04-21 12:00:00,1.4616333333333331,1.0876495801389365
2010-04-21 13:00:00,1.4520666666666666,1.0876139648027396
2010-04-21 14:00:00,1.5217999999999998,1.0875783494665427
2010-04-21 15:00:00,0.9395,1.0875427341303459
2010-04-21 16:00:00,0.4578333333333333,1.087507118794149
2010-04-21 17:00:00,1.2767333333333333,1.087471503457952
2010-04-21 18:00:00,1.3145666666666667,1.0874358881217552
2010-04-21 19:00:00,0.5893333333333334,1.0874002727855583
2010-04-21 20:00:00,1.2490999999999999,1.0873646574493614
2010-04-21 21:00:00,1.6814666666666667,1.0873290421131645
2010-04-21 22:00:00,1.5153333333333334,1.0872934267769676
2010-04-21 23:00:00,1.8233,1.0872578114407707
2010-04-22 00:00:00,0.6506000000000001,1.0872221961045738
2010-04-22 01:00:00,0.36979999999999996,1.087186580768377
2010-04-22 02:00:00,0.4421,1.08715096543218
2010-04-22 03:00:00,0.41696666666666665,1.0871153500959831
2010-04-22 04:00:00,0.9284333333333333,1.0870797347597863
2010-04-22 05:00:00,0.4116666666666667,1.0870441194235894
2010-04-22 06:00:00,0.3484,1.0870085040873925
2010-04-22 07:00:00,0.4622,1.0869728887511956
2010-04-22 08:00:00,0.8830666666666667,1.0869372734149987
2010-04-22 09:00:00,1.7109666666666667,1.0869016580788018
2010-04-22 10:00:00,1.8938,1.086866042742605
2010-04-22 11:00:00,2.0479333333333334,1.086830427406408
2010-04-22 12:00:00,2.2072999999999996,1.0867948120702111
2010-04-22 13:00:00,1.9410999999999998,1.0867591967340142
2010-04-22 14:00:00,1.5782333333333334,1.0867235813978173
2010-04-22 15:00:00,1.4151333333333334,1.0866879660616204
2010-04-22 16:00:00,1.465,1.0866523507254235
2010-04-22 17:00:00,1.0300333333333334,1.0866167353892267
2010-04-22 18:00:00,0.4885333333333334,1.0865811200530298
2010-04-22 19:00:00,0.5151,1.0865455047168329
2010-04-22 20:00:00,0.8746333333333334,1.086509889380636
2010-04-22 21:00:00,1.4799,1.086474274044439
2010-04-22 22:00:00,0.3690333333333333,1.0864386587082422
2010-04-22 23:00:00,0.41846666666666665,1.0864030433720453
2010-04-23 00:00:00,0.3996,1.0863674280358484
2010-04-23 01:00:00,0.3092333333333333,1.0863318126996515
2010-04-23 02:00:00,0.3478,1.0862961973634546
2010-04-23 03:00:00,0.3451666666666667,1.0862605820272577
2010-04-23 04:00:00,0.369,1.0862249666910608
2010-04-23 05:00:00,0.3976,1.086189351354864
2010-04-23 06:00:00,1.3673333333333335,1.086153736018667
2010-04-23 07:00:00,0.8757333333333333,1.0861181206824702
2010-04-23 08:00:00,1.7224333333333335,1.0860825053462733
2010-04-23 09:00:00,1.5311666666666668,1.0860468900100764
2010-04-23 10:00:00,1.5628,1.0860112746738795
2010-04-23 11:00:00,1.4343333333333335,1.0859756593376826
2010-04-23 12:00:00,1.4431666666666667,1.0859400440014857
2010-04-23 13:00:00,1.4595,1.0859044286652888
2010-04-23 14:00:00,1.5598666666666667,1.085868813329092
2010-04-23 15:00:00,0.7483333333333333,1.085833197992895
2010-04-23 16:00:00,0.4193,1.0857975826566981
2010-04-23 17:00:00,0.4064333333333333,1.0857619673205012
2010-04-23 18:00:00,0.3511666666666667,1.0857263519843043
2010-04-23 19:00:00,0.8642000000000001,1.0856907366481074
2010-04-23 20:00:00,0.6341,1.0856551213119106
2010-04-23 21:00:00,0.41159999999999997,1.0856195059757137
2010-04-23 22:00:00,0.36393333333333333,1.0855838906395168
2010-04-23 23:00:00,0.3518,1.0855482753033199
2010-04-24 00:00:00,0.3025333333333334,1.085512659967123
2010-04-24 01:00:00,0.39263333333333333,1.085477044630926
2010-04-24 02:00:00,0.4345666666666667,1.0854414292947292
2010-04-24 03:00:00,0.37710000000000005,1.0854058139585323
2010-04-24 04:00:00,0.3519,1.0853701986223354
2010-04-24 05:00:00,1.0910333333333333,1.0853345832861385
2010-04-24 06:00:00,0.3794666666666667,1.0852989679499416
2010-04-24 07:00:00,0.41296666666666665,1.0852633526137447
2010-04-24 08:00:00,0.34476666666666667,1.0852277372775478
2010-04-24 09:00:00,0.35433333333333333,1.085192121941351
2010-04-24 10:00:00,0.3441,1.085156506605154
2010-04-24 11:00:00,0.3547666666666667,1.0851208912689572
2010-04-24 12:00:00,0.5296333333333333,1.0850852759327603
2010-04-24 13:00:00,0.6028,1.0850496605965634
2010-04-24 14:00:00,0.5429999999999999,1.0850140452603665
2010-04-24 15:00:00,1.2421333333333335,1.0849784299241696
2010-04-24 16:00:00,0.6988,1.0849428145879727
2010-04-24 17:00:00,1.6808333333333332,1.0849071992517758
2010-04-24 18:00:00,2.4453,1.084871583915579
2010-04-24 19:00:00,2.4780666666666664,1.084835968579382
2010-04-24 20:00:00,2.0275000000000003,1.0848003532431851
2010-04-24 21:00:00,3.143333333333333,1.0847647379069882
2010-04-24 22:00:00,3.0311999999999997,1.0847291225707913
2010-04-24 23:00:00,1.7442,1.0846935072345945
2010-04-25 00:00:00,1.6366333333333334,1.0846578918983976
2010-04-25 01:00:00,2.7611333333333334,1.0846222765622007
2010-04-25 02:00:00,1.9335333333333333,1.0845866612260038
2010-04-25 03:00:00,1.6507333333333334,1.0845510458898069
2010-04-25 04:00:00,1.8659999999999999,1.08451543055361
2010-04-25 05:00:00,1.7733666666666668,1.084479815217413
2010-04-25 06:00:00,0.4262666666666667,1.0844441998812162
2010-04-25 07:00:00,0.41663333333333336,1.0844085845450193
2010-04-25 08:00:00,0.42106666666666664,1.0843729692088224
2010-04-25 09:00:00,0.42003333333333337,1.0843373538726255
2010-04-25 10:00:00,1.9056666666666666,1.0843017385364286
2010-04-25 11:00:00,1.8239333333333334,1.0842661232002317
2010-04-25 12:00:00,1.9839666666666667,1.0842305078640349
2010-04-25 13:00:00,1.9141333333333332,1.084194892527838
2010-04-25 14:00:00,0.7066,1.084159277191641
2010-04-25 15:00:00,0.4285333333333333,1.0841236618554442
2010-04-25 16:00:00,0.44393333333333335,1.0840880465192473
2010-04-25 17:00:00,0.3283,1.0840524311830504
2010-04-25 18:00:00,0.3827666666666667,1.0840168158468535
2010-04-25 19:00:00,0.4353666666666667,1.0839812005106566
2010-04-25 20:00:00,0.36833333333333335,1.0839455851744597
2010-04-25 21:00:00,0.36783333333333335,1.0839099698382628
2010-04-25 22:00:00,0.9214333333333333,1.083874354502066
2010-04-25 23:00:00,0.39616666666666667,1.083838739165869
2010-04-26 00:00:00,0.41950000000000004,1.0838031238296721
2010-04-26 01:00:00,0.3576,1.0837675084934753
2010-04-26 02:00:00,0.3525,1.0837318931572784
2010-04-26 03:00:00,0.36146666666666666,1.0836962778210815
2010-04-26 04:00:00,0.3989333333333333,1.0836606624848846
2010-04-26 05:00:00,0.3567,1.0836250471486877
2010-04-26 06:00:00,0.35583333333333333,1.0835894318124908
2010-04-26 07:00:00,0.35833333333333334,1.083553816476294
2010-04-26 08:00:00,1.1722333333333335,1.083518201140097
2010-04-26 09:00:00,0.5755666666666667,1.0834825858039001
2010-04-26 10:00:00,0.399,1.0834469704677032
2010-04-26 11:00:00,0.5157666666666667,1.0834113551315063
2010-04-26 12:00:00,0.41466666666666663,1.0833757397953094
2010-04-26 13:00:00,0.5905666666666666,1.0833401244591125
2010-04-26 14:00:00,0.4247666666666667,1.0833045091229156
2010-04-26 15:00:00,1.7113666666666667,1.0832688937867188
2010-04-26 16:00:00,0.9776,1.0832332784505219
2010-04-26 17:00:00,0.376,1.083197663114325
2010-04-26 18:00:00,0.48513333333333336,1.083162047778128
2010-04-26 19:00:00,1.4830333333333334,1.0831264324419312
2010-04-26 20:00:00,1.4643000000000002,1.0830908171057343
2010-04-26 21:00:00,1.4257666666666668,1.0830552017695374
2010-04-26 22:00:00,2.1843333333333335,1.0830195864333405
2010-04-26 23:00:00,0.8843,1.0829839710971436
2010-04-27 00:00:00,0.9056666666666667,1.0829483557609467
2010-04-27 01:00:00,0.8449333333333333,1.0829127404247498
2010-04-27 02:00:00,0.8372666666666666,1.082877125088553
2010-04-27 03:00:00,0.7849333333333333,1.082841509752356
2010-04-27 04:00:00,0.8844333333333334,1.0828058944161592
2010-04-27 05:00:00,0.8394999999999999,1.0827702790799623
2010-04-27 06:00:00,0.8296666666666667,1.0827346637437654
2010-04-27 07:00:00,0.8049999999999999,1.0826990484075685
2010-04-27 08:00:00,2.2631666666666663,1.0826634330713716
2010-04-27 09:00:00,1.5056666666666667,1.0826278177351747
2010-04-27 10:00:00,1.4813,1.0825922023989778
2010-04-27 11:00:00,1.4488666666666667,1.082556587062781
2010-04-27 12:00:00,1.5308333333333333,1.082520971726584
2010-04-27 13:00:00,1.0180333333333333,1.0824853563903871
2010-04-27 14:00:00,0.5066,1.0824497410541902
2010-04-27 15:00:00,0.4452333333333333,1.0824141257179933
2010-04-27 16:00:00,0.43160000000000004,1.0823785103817964
2010-04-27 17:00:00,0.33816666666666667,1.0823428950455996
2010-04-27 18:00:00,0.41353333333333336,1.0823072797094027
2010-04-27 19:00:00,0.3387,1.0822716643732058
2010-04-27 20:00:00,0.4153,1.0822360490370089
2010-04-27 21:00:00,0.3497,1.082200433700812
2010-04-27 22:00:00,0.4431333333333333,1.082164818364615
2010-04-27 23:00:00,1.1877666666666669,1.0821292030284182
2010-04-28 00:00:00,0.41583333333333333,1.0820935876922213
2010-04-28 01:00:00,0.3376666666666666,1.0820579723560244
2010-04-28 02:00:00,0.351,1.0820223570198275
2010-04-28 03:00:00,0.32276666666666665,1.0819867416836306
2010-04-28 04:00:00,0.4040666666666667,1.0819511263474337
2010-04-28 05:00:00,0.3438,1.0819155110112368
2010-04-28 06:00:00,0.3529333333333333,1.08187989567504
2010-04-28 07:00:00,0.36983333333333335,1.081844280338843
2010-04-28 08:00:00,0.381,1.0818086650026462
2010-04-28 09:00:00,0.7454333333333333,1.0817730496664493
2010-04-28 10:00:00,1.4462000000000002,1.0817374343302524
2010-04-28 11:00:00,1.0110333333333332,1.0817018189940555
2010-04-28 12:00:00,0.46066666666666667,1.0816662036578586
2010-04-28 13:00:00,0.3248666666666667,1.0816305883216617
2010-04-28 14:00:00,0.3882333333333333,1.0815949729854648
2010-04-28 15:00:00,0.3867333333333333,1.081559357649268
2010-04-28 16:00:00,0.44023333333333337,1.081523742313071
2010-04-28 17:00:00,0.37943333333333334,1.0814881269768741
2010-04-28 18:00:00,0.47446666666666665,1.0814525116406772
2010-04-28 19:00:00,1.3490333333333335,1.0814168963044803
2010-04-28 20:00:00,1.8294666666666666,1.0813812809682835
2010-04-28 21:00:00,1.0706,1.0813456656320866
2010-04-28 22:00:00,0.3947,1.0813100502958897
2010-04-28 23:00:00,0.4843,1.0812744349596928
2010-04-29 00:00:00,1.5426,1.0812388196234959
2010-04-29 01:00:00,0.7933666666666668,1.081203204287299
2010-04-29 02:00:00,0.7035666666666667,1.081167588951102
2010-04-29 03:00:00,0.7016333333333333,1.0811319736149052
2010-04-29 04:00:00,0.7249333333333333,1.0810963582787083
2010-04-29 05:00:00,0.6062666666666666,1.0810607429425114
2010-04-29 06:00:00,0.7924,1.0810251276063145
2010-04-29 07:00:00,1.4452333333333334,1.0809895122701176
2010-04-29 08:00:00,1.6148333333333333,1.0809538969339207
2010-04-29 09:00:00,1.8318,1.0809182815977239
2010-04-29 10:00:00,1.2689,1.080882666261527
2010-04-29 11:00:00,0.35363333333333336,1.08084705092533
2010-04-29 12:00:00,0.3387,1.0808114355891332
2010-04-29 13:00:00,0.3834,1.0807758202529363
2010-04-29 14:00:00,0.4287,1.0807402049167394
2010-04-29 15:00:00,0.3749333333333333,1.0807045895805425
2010-04-29 16:00:00,0.3500666666666667,1.0806689742443456
2010-04-29 17:00:00,0.5626,1.0806333589081487
2010-04-29 18:00:00,0.8042666666666667,1.0805977435719518
2010-04-29 19:00:00,1.2683333333333333,1.080562128235755
2010-04-29 20:00:00,0.37853333333333333,1.080526512899558
2010-04-29 21:00:00,0.34723333333333334,1.0804908975633611
2010-04-29 22:00:00,0.3579,1.0804552822271642
2010-04-29 23:00:00,0.4215666666666667,1.0804196668909674
2010-04-30 00:00:00,0.4155666666666667,1.0803840515547705
2010-04-30 01:00:00,0.34750000000000003,1.0803484362185736
2010-04-30 02:00:00,0.36446666666666666,1.0803128208823767
2010-04-30 03:00:00,0.35,1.0802772055461798
2010-04-30 04:00:00,1.0403666666666667,1.080241590209983
2010-04-30 05:00:00,0.5292666666666667,1.080205974873786
2010-04-30 06:00:00,0.3448333333333334,1.080170359537589
2010-04-30 07:00:00,0.33043333333333336,1.0801347442013922
2010-04-30 08:00:00,0.3597,1.0800991288651953
2010-04-30 09:00:00,0.9388666666666666,1.0800635135289984
2010-04-30 10:00:00,1.2614333333333332,1.0800278981928015
2010-04-30 11:00:00,0.6157666666666667,1.0799922828566046
2010-04-30 12:00:00,1.9986,1.0799566675204078
2010-04-30 13:00:00,0.977,1.0799210521842109
2010-04-30 14:00:00,1.4853333333333334,1.079885436848014
2010-04-30 15:00:00,0.8605333333333333,1.079849821511817
2010-04-30 16:00:00,0.9906,1.0798142061756202
2010-04-30 17:00:00,2.8436333333333335,1.0797785908394233
2010-04-30 18:00:00,0.7098333333333333,1.0797429755032264
2010-04-30 19:00:00,0.3636333333333333,1.0797073601670295
2010-04-30 20:00:00,0.3505333333333333,1.0796717448308326
2010-04-30 21:00:00,0.35133333333333333,1.0796361294946357
2010-04-30 22:00:00,0.43046666666666666,1.0796005141584388
2010-04-30 23:00:00,0.3841,1.079564898822242
2010-05-01 00:00:00,0.34959999999999997,1.079529283486045
2010-05-01 01:00:00,0.4738,1.0794936681498482
2010-05-01 02:00:00,0.7753,1.0794580528136513
2010-05-01 03:00:00,0.3889333333333333,1.0794224374774544
2010-05-01 04:00:00,0.35083333333333333,1.0793868221412575
2010-05-01 05:00:00,0.3363,1.0793512068050606
2010-05-01 06:00:00,0.3731666666666667,1.0793155914688637
2010-05-01 07:00:00,0.41573333333333334,1.0792799761326668
2010-05-01 08:00:00,0.31133333333333335,1.07924436079647
2010-05-01 09:00:00,0.3417,1.079208745460273
2010-05-01 10:00:00,1.2088,1.0791731301240761
2010-05-01 11:00:00,2.6106,1.0791375147878792
2010-05-01 12:00:00,1.5781333333333334,1.0791018994516823
2010-05-01 13:00:00,0.5086,1.0790662841154854
2010-05-01 14:00:00,2.5501,1.0790306687792885
2010-05-01 15:00:00,1.1692333333333333,1.0789950534430917
2010-05-01 16:00:00,0.5044333333333334,1.0789594381068948
2010-05-01 17:00:00,0.41509999999999997,1.0789238227706979
2010-05-01 18:00:00,0.3371,1.078888207434501
2010-05-01 19:00:00,0.5240333333333334,1.078852592098304
2010-05-01 20:00:00,0.8862333333333333,1.0788169767621072
2010-05-01 21:00:00,1.5693666666666668,1.0787813614259103
2010-05-01 22:00:00,2.5912333333333333,1.0787457460897134
2010-05-01 23:00:00,1.4329666666666665,1.0787101307535165
2010-05-02 00:00:00,0.35856666666666664,1.0786745154173196
2010-05-02 01:00:00,0.3565333333333333,1.0786389000811227
2010-05-02 02:00:00,0.3908333333333333,1.0786032847449258
2010-05-02 03:00:00,0.38360000000000005,1.078567669408729
2010-05-02 04:00:00,0.3640333333333333,1.078532054072532
2010-05-02 05:00:00,0.3622666666666667,1.0784964387363352
2010-05-02 06:00:00,0.3500333333333333,1.0784608234001383
2010-05-02 07:00:00,1.5182333333333333,1.0784252080639414
2010-05-02 08:00:00,1.5409666666666666,1.0783895927277445
2010-05-02 09:00:00,1.636,1.0783539773915476
2010-05-02 10:00:00,0.8335333333333333,1.0783183620553507
2010-05-02 11:00:00,1.6141666666666665,1.0782827467191538
2010-05-02 12:00:00,3.5630666666666664,1.078247131382957
2010-05-02 13:00:00,3.5252333333333334,1.07821151604676
2010-05-02 14:00:00,1.9146333333333334,1.0781759007105631
2010-05-02 15:00:00,2.280533333333333,1.0781402853743662
2010-05-02 16:00:00,1.7898333333333334,1.0781046700381693
2010-05-02 17:00:00,1.7991333333333333,1.0780690547019725
2010-05-02 18:00:00,1.7934666666666668,1.0780334393657756
2010-05-02 19:00:00,3.7739,1.0779978240295787
2010-05-02 20:00:00,2.5308,1.0779622086933818
2010-05-02 21:00:00,2.7760000000000002,1.0779265933571849
2010-05-02 22:00:00,0.6179333333333333,1.077890978020988
2010-05-02 23:00:00,0.3918666666666667,1.077855362684791
2010-05-03 00:00:00,0.4122333333333333,1.0778197473485942
2010-05-03 01:00:00,0.37496666666666667,1.0777841320123973
2010-05-03 02:00:00,0.3439,1.0777485166762004
2010-05-03 03:00:00,0.3406333333333333,1.0777129013400035
2010-05-03 04:00:00,1.0999333333333332,1.0776772860038066
2010-05-03 05:00:00,0.3263,1.0776416706676097
2010-05-03 06:00:00,0.7714333333333333,1.0776060553314128
2010-05-03 07:00:00,2.0927,1.077570439995216
2010-05-03 08:00:00,1.4166999999999998,1.077534824659019
2010-05-03 09:00:00,1.3820333333333332,1.0774992093228222
2010-05-03 10:00:00,1.3711666666666666,1.0774635939866253
2010-05-03 11:00:00,1.3226333333333333,1.0774279786504284
2010-05-03 12:00:00,0.9827666666666667,1.0773923633142315
2010-05-03 13:00:00,0.37520000000000003,1.0773567479780346
2010-05-03 14:00:00,0.34176666666666666,1.0773211326418377
2010-05-03 15:00:00,0.3299,1.0772855173056408
2010-05-03 16:00:00,0.3529333333333333,1.077249901969444
2010-05-03 17:00:00,0.37,1.077214286633247
2010-05-03 18:00:00,0.5388999999999999,1.0771786712970501
2010-05-03 19:00:00,2.156833333333333,1.0771430559608532
2010-05-03 20:00:00,2.6444666666666667,1.0771074406246564
2010-05-03 21:00:00,2.3928000000000003,1.0770718252884595
2010-05-03 22:00:00,1.4212,1.0770362099522626
2010-05-03 23:00:00,0.36029999999999995,1.0770005946160657
2010-05-04 00:00:00,0.3779,1.0769649792798688
2010-05-04 01:00:00,0.33353333333333335,1.076929363943672
2010-05-04 02:00:00,0.3046,1.076893748607475
2010-05-04 03:00:00,0.3792666666666667,1.076858133271278
2010-05-04 04:00:00,0.3393333333333333,1.0768225179350812
2010-05-04 05:00:00,0.2929333333333333,1.0767869025988843
2010-05-04 06:00:00,0.8967666666666666,1.0767512872626874
2010-05-04 07:00:00,1.1859,1.0767156719264905
2010-05-04 08:00:00,1.9222333333333335,1.0766800565902936
2010-05-04 09:00:00,1.9374666666666667,1.0766444412540968
2010-05-04 10:00:00,1.8925333333333334,1.0766088259178999
2010-05-04 11:00:00,1.4468333333333334,1.076573210581703
2010-05-04 12:00:00,1.3913000000000002,1.076537595245506
2010-05-04 13:00:00,1.3236333333333334,1.0765019799093092
2010-05-04 14:00:00,1.3724,1.0764663645731123
2010-05-04 15:00:00,1.3889666666666665,1.0764307492369154
2010-05-04 16:00:00,0.7543333333333334,1.0763951339007185
2010-05-04 17:00:00,0.5214,1.0763595185645216
2010-05-04 18:00:00,0.7041000000000001,1.0763239032283247
2010-05-04 19:00:00,1.3919666666666666,1.0762882878921278
2010-05-04 20:00:00,1.9786333333333335,1.076252672555931
2010-05-04 21:00:00,1.4030666666666667,1.076217057219734
2010-05-04 22:00:00,1.1828666666666665,1.0761814418835371
2010-05-04 23:00:00,0.5607000000000001,1.0761458265473403
2010-05-05 00:00:00,0.36133333333333334,1.0761102112111434
2010-05-05 01:00:00,0.2986333333333333,1.0760745958749465
2010-05-05 02:00:00,0.3786333333333333,1.0760389805387496
2010-05-05 03:00:00,0.8437666666666667,1.0760033652025527
2010-05-05 04:00:00,0.5700000000000001,1.0759677498663558
2010-05-05 05:00:00,0.2920333333333333,1.075932134530159
2010-05-05 06:00:00,0.6113666666666667,1.075896519193962
2010-05-05 07:00:00,1.5195333333333332,1.0758609038577651
2010-05-05 08:00:00,1.2416333333333334,1.0758252885215682
2010-05-05 09:00:00,2.3683,1.0757896731853713
2010-05-05 10:00:00,2.1899666666666664,1.0757540578491744
2010-05-05 11:00:00,1.5189666666666668,1.0757184425129775
2010-05-05 12:00:00,1.4798666666666667,1.0756828271767807
2010-05-05 13:00:00,1.4567666666666665,1.0756472118405838
2010-05-05 14:00:00,2.4275333333333333,1.0756115965043869
2010-05-05 15:00:00,1.9371,1.07557598116819
2010-05-05 16:00:00,0.4544666666666667,1.075540365831993
2010-05-05 17:00:00,0.5845333333333333,1.0755047504957962
2010-05-05 18:00:00,0.7685666666666666,1.0754691351595993
2010-05-05 19:00:00,1.3298333333333334,1.0754335198234024
2010-05-05 20:00:00,1.8826333333333334,1.0753979044872055
2010-05-05 21:00:00,3.1247,1.0753622891510086
2010-05-05 22:00:00,1.8031666666666666,1.0753266738148117
2010-05-05 23:00:00,0.6451333333333333,1.0752910584786148
2010-05-06 00:00:00,0.3465,1.075255443142418
2010-05-06 01:00:00,0.38966666666666666,1.075219827806221
2010-05-06 02:00:00,0.3371,1.0751842124700242
2010-05-06 03:00:00,0.6174999999999999,1.0751485971338273
2010-05-06 04:00:00,0.7809,1.0751129817976304
2010-05-06 05:00:00,0.3232666666666667,1.0750773664614335
2010-05-06 06:00:00,0.5272,1.0750417511252366
2010-05-06 07:00:00,1.2249333333333332,1.0750061357890397
2010-05-06 08:00:00,1.7262333333333333,1.0749705204528428
2010-05-06 09:00:00,1.3930666666666667,1.074934905116646
2010-05-06 10:00:00,1.3164666666666667,1.074899289780449
2010-05-06 11:00:00,1.4319666666666668,1.0748636744442521
2010-05-06 12:00:00,1.4989333333333335,1.0748280591080552
2010-05-06 13:00:00,1.2481666666666666,1.0747924437718583
2010-05-06 14:00:00,0.45546666666666663,1.0747568284356614
2010-05-06 15:00:00,0.5316,1.0747212130994646
2010-05-06 16:00:00,0.3471666666666666,1.0746855977632677
2010-05-06 17:00:00,0.45180000000000003,1.0746499824270708
2010-05-06 18:00:00,1.2337,1.0746143670908739
2010-05-06 19:00:00,1.8178666666666667,1.074578751754677
2010-05-06 20:00:00,1.4060666666666668,1.07454313641848
2010-05-06 21:00:00,0.9249333333333334,1.0745075210822832
2010-05-06 22:00:00,0.8786666666666666,1.0744719057460863
2010-05-06 23:00:00,0.445,1.0744362904098894
2010-05-07 00:00:00,0.3311,1.0744006750736925
2010-05-07 01:00:00,0.3266666666666667,1.0743650597374956
2010-05-07 02:00:00,0.34290000000000004,1.0743294444012987
2010-05-07 03:00:00,0.36046666666666666,1.0742938290651018
2010-05-07 04:00:00,1.0356,1.074258213728905
2010-05-07 05:00:00,0.36173333333333335,1.074222598392708
2010-05-07 06:00:00,1.2250666666666667,1.0741869830565112
2010-05-07 07:00:00,2.043266666666667,1.0741513677203143
2010-05-07 08:00:00,1.7176666666666667,1.0741157523841174
2010-05-07 09:00:00,1.863,1.0740801370479205
2010-05-07 10:00:00,1.3217666666666665,1.0740445217117236
2010-05-07 11:00:00,1.3786333333333334,1.0740089063755267
2010-05-07 12:00:00,1.6298333333333335,1.0739732910393298
2010-05-07 13:00:00,0.6733333333333333,1.073937675703133
2010-05-07 14:00:00,0.6678,1.073902060366936
2010-05-07 15:00:00,1.3448666666666669,1.0738664450307391
2010-05-07 16:00:00,0.9093666666666667,1.0738308296945422
2010-05-07 17:00:00,0.36963333333333337,1.0737952143583454
2010-05-07 18:00:00,0.5626,1.0737595990221485
2010-05-07 19:00:00,1.4755333333333334,1.0737239836859516
2010-05-07 20:00:00,2.290966666666667,1.0736883683497547
2010-05-07 21:00:00,2.2999666666666667,1.0736527530135578
2010-05-07 22:00:00,1.5582333333333334,1.0736171376773609
2010-05-07 23:00:00,1.3100666666666667,1.073581522341164
2010-05-08 00:00:00,1.0309333333333333,1.073545907004967
2010-05-08 01:00:00,2.1358333333333333,1.0735102916687702
2010-05-08 02:00:00,1.2079,1.0734746763325733
2010-05-08 03:00:00,0.9025,1.0734390609963764
2010-05-08 04:00:00,0.31920000000000004,1.0734034456601795
2010-05-08 05:00:00,0.3907666666666667,1.0733678303239826
2010-05-08 06:00:00,0.33366666666666667,1.0733322149877857
2010-05-08 07:00:00,0.3592,1.0732965996515889
2010-05-08 08:00:00,0.5013333333333333,1.073260984315392
2010-05-08 09:00:00,2.4222333333333332,1.073225368979195
2010-05-08 10:00:00,2.693766666666667,1.0731897536429982
2010-05-08 11:00:00,2.1389,1.0731541383068013
2010-05-08 12:00:00,1.4613,1.0731185229706044
2010-05-08 13:00:00,1.4432666666666667,1.0730829076344075
2010-05-08 14:00:00,1.4543,1.0730472922982106
2010-05-08 15:00:00,0.6082333333333333,1.0730116769620137
2010-05-08 16:00:00,0.35373333333333334,1.0729760616258168
2010-05-08 17:00:00,0.3550666666666667,1.07294044628962
2010-05-08 18:00:00,0.3776,1.072904830953423
2010-05-08 19:00:00,0.3263666666666667,1.0728692156172261
2010-05-08 20:00:00,0.4219,1.0728336002810293
2010-05-08 21:00:00,3.2730333333333332,1.0727979849448324
2010-05-08 22:00:00,0.5932999999999999,1.0727623696086355
2010-05-08 23:00:00,0.4527,1.0727267542724386
2010-05-09 00:00:00,0.4184333333333333,1.0726911389362417
2010-05-09 01:00:00,0.5043333333333333,1.0726555236000448
2010-05-09 02:00:00,0.40513333333333335,1.072619908263848
2010-05-09 03:00:00,0.4043,1.072584292927651
2010-05-09 04:00:00,0.3339,1.0725486775914541
2010-05-09 05:00:00,0.34136666666666665,1.0725130622552572
2010-05-09 06:00:00,0.9118666666666667,1.0724774469190603
2010-05-09 07:00:00,0.5787,1.0724418315828634
2010-05-09 08:00:00,0.47590000000000005,1.0724062162466665
2010-05-09 09:00:00,0.7206333333333333,1.0723706009104697
2010-05-09 10:00:00,2.589,1.0723349855742728
2010-05-09 11:00:00,2.0800666666666667,1.0722993702380759
2010-05-09 12:00:00,1.5217,1.072263754901879
2010-05-09 13:00:00,1.5006,1.072228139565682
2010-05-09 14:00:00,1.6730333333333334,1.0721925242294852
2010-05-09 15:00:00,0.9791000000000001,1.0721569088932883
2010-05-09 16:00:00,0.5596666666666666,1.0721212935570914
2010-05-09 17:00:00,1.0072,1.0720856782208945
2010-05-09 18:00:00,0.9243666666666667,1.0720500628846976
2010-05-09 19:00:00,1.8075,1.0720144475485007
2010-05-09 20:00:00,2.4892,1.0719788322123038
2010-05-09 21:00:00,2.359266666666667,1.071943216876107
2010-05-09 22:00:00,1.1152333333333333,1.07190760153991
2010-05-09 23:00:00,0.40800000000000003,1.0718719862037132
2010-05-10 00:00:00,0.4233,1.0718363708675163
2010-05-10 01:00:00,0.34986666666666666,1.0718007555313194
2010-05-10 02:00:00,0.41043333333333337,1.0717651401951225
2010-05-10 03:00:00,0.3747,1.0717295248589256
2010-05-10 04:00:00,0.359,1.0716939095227287
2010-05-10 05:00:00,0.8361999999999999,1.0716582941865318
2010-05-10 06:00:00,0.6329999999999999,1.071622678850335
2010-05-10 07:00:00,1.8666666666666667,1.071587063514138
2010-05-10 08:00:00,1.4740666666666666,1.0715514481779411
2010-05-10 09:00:00,1.3697000000000001,1.0715158328417442
2010-05-10 10:00:00,1.4806,1.0714802175055473
2010-05-10 11:00:00,1.4476,1.0714446021693504
2010-05-10 12:00:00,1.1581333333333332,1.0714089868331536
2010-05-10 13:00:00,0.3968333333333333,1.0713733714969567
2010-05-10 14:00:00,0.6421666666666667,1.0713377561607598
2010-05-10 15:00:00,0.4062,1.0713021408245629
2010-05-10 16:00:00,0.4270333333333333,1.071266525488366
2010-05-10 17:00:00,0.41973333333333335,1.071230910152169
2010-05-10 18:00:00,0.43106666666666665,1.0711952948159722
2010-05-10 19:00:00,1.1695,1.0711596794797753
2010-05-10 20:00:00,2.4106666666666663,1.0711240641435784
2010-05-10 21:00:00,2.9157,1.0710884488073815
2010-05-10 22:00:00,1.6507,1.0710528334711846
2010-05-10 23:00:00,1.412,1.0710172181349877
2010-05-11 00:00:00,1.4787666666666666,1.0709816027987908
2010-05-11 01:00:00,1.4476333333333333,1.070945987462594
2010-05-11 02:00:00,1.4576666666666667,1.070910372126397
2010-05-11 03:00:00,0.39540000000000003,1.0708747567902002
2010-05-11 04:00:00,0.40703333333333336,1.0708391414540033
2010-05-11 05:00:00,0.3084,1.0708035261178064
2010-05-11 06:00:00,0.7299333333333333,1.0707679107816095
2010-05-11 07:00:00,2.1199,1.0707322954454126
2010-05-11 08:00:00,2.2432,1.0706966801092157
2010-05-11 09:00:00,1.5963666666666667,1.0706610647730188
2010-05-11 10:00:00,1.6475,1.070625449436822
2010-05-11 11:00:00,1.6040666666666668,1.070589834100625
2010-05-11 12:00:00,1.2644,1.0705542187644281
2010-05-11 13:00:00,1.0311,1.0705186034282312
2010-05-11 14:00:00,0.46913333333333335,1.0704829880920343
2010-05-11 15:00:00,0.4855,1.0704473727558375
2010-05-11 16:00:00,0.7601666666666667,1.0704117574196406
2010-05-11 17:00:00,0.8795000000000001,1.0703761420834437
2010-05-11 18:00:00,1.1376333333333333,1.0703405267472468
2010-05-11 19:00:00,2.0624333333333333,1.0703049114110499
2010-05-11 20:00:00,1.0880666666666667,1.070269296074853
2010-05-11 21:00:00,0.5558666666666666,1.070233680738656
2010-05-11 22:00:00,0.44420000000000004,1.0701980654024592
2010-05-11 23:00:00,0.5756,1.0701624500662623
2010-05-12 00:00:00,0.32639999999999997,1.0701268347300654
2010-05-12 01:00:00,0.9861666666666667,1.0700912193938685
2010-05-12 02:00:00,0.5014666666666667,1.0700556040576716
2010-05-12 03:00:00,0.3509,1.0700199887214747
2010-05-12 04:00:00,0.31489999999999996,1.0699843733852779
2010-05-12 05:00:00,0.31976666666666664,1.069948758049081
2010-05-12 06:00:00,0.9449666666666666,1.069913142712884
2010-05-12 07:00:00,2.4613333333333336,1.0698775273766872
2010-05-12 08:00:00,2.1047,1.0698419120404903
2010-05-12 09:00:00,1.6658000000000002,1.0698062967042934
2010-05-12 10:00:00,1.5169666666666666,1.0697706813680965
2010-05-12 11:00:00,1.9225666666666668,1.0697350660318996
2010-05-12 12:00:00,1.8470333333333333,1.0696994506957027
2010-05-12 13:00:00,1.4408333333333334,1.0696638353595058
2010-05-12 14:00:00,2.9855333333333336,1.069628220023309
2010-05-12 15:00:00,1.8541999999999998,1.069592604687112
2010-05-12 16:00:00,1.4608666666666668,1.0695569893509151
2010-05-12 17:00:00,3.0760666666666667,1.0695213740147183
2010-05-12 18:00:00,0.6869333333333334,1.0694857586785214
2010-05-12 19:00:00,0.5411666666666667,1.0694501433423245
2010-05-12 20:00:00,1.7231333333333334,1.0694145280061276
2010-05-12 21:00:00,1.7869,1.0693789126699307
2010-05-12 22:00:00,1.561,1.0693432973337338
2010-05-12 23:00:00,1.5440333333333334,1.069307681997537
2010-05-13 00:00:00,0.3472,1.06927206666134
2010-05-13 01:00:00,0.3643,1.0692364513251431
2010-05-13 02:00:00,0.3389,1.0692008359889462
2010-05-13 03:00:00,0.3558,1.0691652206527493
2010-05-13 04:00:00,0.34986666666666666,1.0691296053165524
2010-05-13 05:00:00,0.3187,1.0690939899803555
2010-05-13 06:00:00,0.36946666666666667,1.0690583746441586
2010-05-13 07:00:00,0.3028666666666667,1.0690227593079618
2010-05-13 08:00:00,1.4711333333333334,1.0689871439717649
2010-05-13 09:00:00,0.36616666666666664,1.068951528635568
2010-05-13 10:00:00,1.4741,1.068915913299371
2010-05-13 11:00:00,1.9577666666666667,1.0688802979631742
2010-05-13 12:00:00,1.9802,1.0688446826269773
2010-05-13 13:00:00,1.4075666666666666,1.0688090672907804
2010-05-13 14:00:00,1.4837333333333333,1.0687734519545835
2010-05-13 15:00:00,1.0083333333333333,1.0687378366183866
2010-05-13 16:00:00,0.6708,1.0687022212821897
2010-05-13 17:00:00,0.8897333333333334,1.0686666059459928
2010-05-13 18:00:00,2.979233333333333,1.068630990609796
2010-05-13 19:00:00,1.3617333333333332,1.068595375273599
2010-05-13 20:00:00,1.8061,1.0685597599374022
2010-05-13 21:00:00,1.8726333333333334,1.0685241446012053
2010-05-13 22:00:00,2.018133333333333,1.0684885292650084
2010-05-13 23:00:00,0.4086666666666667,1.0684529139288115
2010-05-14 00:00:00,0.37629999999999997,1.0684172985926146
2010-05-14 01:00:00,0.3972333333333333,1.0683816832564177
2010-05-14 02:00:00,0.38223333333333337,1.0683460679202208
2010-05-14 03:00:00,0.385,1.068310452584024
2010-05-14 04:00:00,0.37953333333333333,1.068274837247827
2010-05-14 05:00:00,0.33636666666666665,1.0682392219116301
2010-05-14 06:00:00,1.0338,1.0682036065754332
2010-05-14 07:00:00,1.6064333333333332,1.0681679912392363
2010-05-14 08:00:00,2.3066999999999998,1.0681323759030394
2010-05-14 09:00:00,2.3980333333333332,1.0680967605668426
2010-05-14 10:00:00,1.4895666666666665,1.0680611452306457
2010-05-14 11:00:00,1.5108666666666666,1.0680255298944488
2010-05-14 12:00:00,1.6402666666666665,1.0679899145582519
2010-05-14 13:00:00,1.5645,1.067954299222055
2010-05-14 14:00:00,1.5472,1.067918683885858
2010-05-14 15:00:00,1.5001666666666666,1.0678830685496612
2010-05-14 16:00:00,1.5976,1.0678474532134643
2010-05-14 17:00:00,1.5977333333333334,1.0678118378772674
2010-05-14 18:00:00,1.7295666666666667,1.0677762225410705
2010-05-14 19:00:00,1.8975666666666666,1.0677406072048736
2010-05-14 20:00:00,1.6372666666666666,1.0677049918686767
2010-05-14 21:00:00,0.6121333333333333,1.0676693765324798
2010-05-14 22:00:00,0.38326666666666664,1.067633761196283
2010-05-14 23:00:00,0.39309999999999995,1.067598145860086
2010-05-15 00:00:00,0.3943333333333333,1.0675625305238892
2010-05-15 01:00:00,0.354,1.0675269151876923
2010-05-15 02:00:00,0.3796333333333333,1.0674912998514954
2010-05-15 03:00:00,0.34586666666666666,1.0674556845152985
2010-05-15 04:00:00,0.3608,1.0674200691791016
2010-05-15 05:00:00,1.1044333333333332,1.0673844538429047
2010-05-15 06:00:00,0.6398333333333334,1.0673488385067078
2010-05-15 07:00:00,1.9829333333333332,1.067313223170511
2010-05-15 08:00:00,1.8604999999999998,1.067277607834314
2010-05-15 09:00:00,2.0170666666666666,1.0672419924981171
2010-05-15 10:00:00,1.2804333333333335,1.0672063771619202
2010-05-15 11:00:00,0.5046333333333333,1.0671707618257233
2010-05-15 12:00:00,0.7856333333333333,1.0671351464895265
2010-05-15 13:00:00,1.6464666666666665,1.0670995311533296
2010-05-15 14:00:00,0.8854666666666666,1.0670639158171327
2010-05-15 15:00:00,0.5612333333333334,1.0670283004809358
2010-05-15 16:00:00,0.5042666666666666,1.0669926851447389
2010-05-15 17:00:00,0.5530666666666667,1.066957069808542
2010-05-15 18:00:00,0.8153,1.066921454472345
2010-05-15 19:00:00,1.9753,1.0668858391361482
2010-05-15 20:00:00,3.084166666666667,1.0668502237999513
2010-05-15 21:00:00,3.7895666666666665,1.0668146084637544
2010-05-15 22:00:00,2.7681,1.0667789931275575
2010-05-15 23:00:00,3.8198333333333334,1.0667433777913606
2010-05-16 00:00:00,1.8755333333333333,1.0667077624551637
2010-05-16 01:00:00,1.7676666666666667,1.0666721471189669
2010-05-16 02:00:00,1.9566666666666668,1.06663653178277
2010-05-16 03:00:00,1.4462000000000002,1.066600916446573
2010-05-16 04:00:00,0.3499333333333333,1.0665653011103762
2010-05-16 05:00:00,0.4307666666666667,1.0665296857741793
2010-05-16 06:00:00,0.34326666666666666,1.0664940704379824
2010-05-16 07:00:00,0.37526666666666664,1.0664584551017855
2010-05-16 08:00:00,0.4897,1.0664228397655886
2010-05-16 09:00:00,1.7531999999999999,1.0663872244293917
2010-05-16 10:00:00,1.4902333333333333,1.0663516090931948
2010-05-16 11:00:00,0.6514666666666666,1.066315993756998
2010-05-16 12:00:00,0.6923333333333334,1.066280378420801
2010-05-16 13:00:00,1.9094666666666666,1.0662447630846041
2010-05-16 14:00:00,3.4861666666666666,1.0662091477484072
2010-05-16 15:00:00,1.1775,1.0661735324122104
2010-05-16 16:00:00,0.4786,1.0661379170760135
2010-05-16 17:00:00,0.5519666666666667,1.0661023017398166
2010-05-16 18:00:00,1.0913,1.0660666864036197
2010-05-16 19:00:00,3.1688666666666667,1.0660310710674228
2010-05-16 20:00:00,2.5771666666666664,1.065995455731226
2010-05-16 21:00:00,2.7816,1.065959840395029
2010-05-16 22:00:00,2.5822999999999996,1.065924225058832
2010-05-16 23:00:00,1.5799333333333334,1.0658886097226352
2010-05-17 00:00:00,0.9766,1.0658529943864383
2010-05-17 01:00:00,0.3819,1.0658173790502414
2010-05-17 02:00:00,0.4126,1.0657817637140445
2010-05-17 03:00:00,0.3350666666666667,1.0657461483778476
2010-05-17 04:00:00,0.4157,1.0657105330416508
2010-05-17 05:00:00,0.3313333333333333,1.0656749177054539
2010-05-17 06:00:00,0.8424333333333334,1.065639302369257
2010-05-17 07:00:00,1.9666,1.06560368703306
2010-05-17 08:00:00,1.4820666666666666,1.0655680716968632
2010-05-17 09:00:00,1.4857666666666667,1.0655324563606663
2010-05-17 10:00:00,1.5221666666666667,1.0654968410244694
2010-05-17 11:00:00,1.4601333333333335,1.0654612256882725
2010-05-17 12:00:00,1.5701,1.0654256103520756
2010-05-17 13:00:00,1.4874,1.0653899950158787
2010-05-17 14:00:00,1.415,1.0653543796796818
2010-05-17 15:00:00,1.4703333333333333,1.065318764343485
2010-05-17 16:00:00,1.6582333333333332,1.065283149007288
2010-05-17 17:00:00,1.6084666666666665,1.0652475336710912
2010-05-17 18:00:00,0.6601333333333332,1.0652119183348943
2010-05-17 19:00:00,0.8043666666666667,1.0651763029986974
2010-05-17 20:00:00,1.5936,1.0651406876625005
2010-05-17 21:00:00,1.7509333333333332,1.0651050723263036
2010-05-17 22:00:00,1.0803,1.0650694569901067
2010-05-17 23:00:00,0.4251333333333333,1.0650338416539098
2010-05-18 00:00:00,0.3448,1.064998226317713
2010-05-18 01:00:00,0.4057,1.064962610981516
2010-05-18 02:00:00,0.3416666666666667,1.0649269956453191
2010-05-18 03:00:00,0.4090666666666667,1.0648913803091222
2010-05-18 04:00:00,0.9974000000000001,1.0648557649729253
2010-05-18 05:00:00,0.4423,1.0648201496367284
2010-05-18 06:00:00,0.8207333333333333,1.0647845343005315
2010-05-18 07:00:00,1.8852,1.0647489189643347
2010-05-18 08:00:00,1.4528666666666665,1.0647133036281378
2010-05-18 09:00:00,1.4544,1.0646776882919409
2010-05-18 10:00:00,1.5289,1.064642072955744
2010-05-18 11:00:00,1.5529,1.064606457619547
2010-05-18 12:00:00,1.4756,1.0645708422833502
2010-05-18 13:00:00,1.4676666666666667,1.0645352269471533
2010-05-18 14:00:00,1.1408999999999998,1.0644996116109564
2010-05-18 15:00:00,0.6998333333333334,1.0644639962747595
2010-05-18 16:00:00,0.7251333333333334,1.0644283809385626
2010-05-18 17:00:00,0.6493,1.0643927656023657
2010-05-18 18:00:00,0.6107333333333334,1.0643571502661688
2010-05-18 19:00:00,0.856,1.064321534929972
2010-05-18 20:00:00,1.9862666666666666,1.064285919593775
2010-05-18 21:00:00,1.1104999999999998,1.0642503042575782
2010-05-18 22:00:00,0.7884333333333333,1.0642146889213813
2010-05-18 23:00:00,0.5401,1.0641790735851844
2010-05-19 00:00:00,0.5312,1.0641434582489875
2010-05-19 01:00:00,0.8956999999999999,1.0641078429127906
2010-05-19 02:00:00,0.7556666666666667,1.0640722275765937
2010-05-19 03:00:00,0.4910333333333333,1.0640366122403968
2010-05-19 04:00:00,0.45836666666666664,1.0640009969042
2010-05-19 05:00:00,0.4892,1.063965381568003
2010-05-19 06:00:00,0.5987666666666667,1.0639297662318061
2010-05-19 07:00:00,1.2334,1.0638941508956092
2010-05-19 08:00:00,1.7,1.0638585355594123
2010-05-19 09:00:00,1.8224666666666667,1.0638229202232155
2010-05-19 10:00:00,1.4854666666666667,1.0637873048870186
2010-05-19 11:00:00,1.7189666666666668,1.0637516895508217
2010-05-19 12:00:00,1.5488333333333335,1.0637160742146248
2010-05-19 13:00:00,0.34503333333333336,1.0636804588784279
2010-05-19 14:00:00,0.9004333333333334,1.063644843542231
2010-05-19 15:00:00,0.9435333333333333,1.063609228206034
2010-05-19 16:00:00,0.39920000000000005,1.0635736128698372
2010-05-19 17:00:00,0.412,1.0635379975336403
2010-05-19 18:00:00,0.5127333333333334,1.0635023821974434
2010-05-19 19:00:00,1.0709666666666666,1.0634667668612465
2010-05-19 20:00:00,2.3200999999999996,1.0634311515250496
2010-05-19 21:00:00,1.1143666666666665,1.0633955361888527
2010-05-19 22:00:00,0.7745,1.0633599208526558
2010-05-19 23:00:00,1.2572666666666668,1.063324305516459
2010-05-20 00:00:00,0.40386666666666665,1.063288690180262
2010-05-20 01:00:00,0.43953333333333333,1.0632530748440652
2010-05-20 02:00:00,0.3904333333333333,1.0632174595078683
2010-05-20 03:00:00,0.4205666666666667,1.0631818441716714
2010-05-20 04:00:00,0.32883333333333337,1.0631462288354745
2010-05-20 05:00:00,0.4045666666666667,1.0631106134992776
2010-05-20 06:00:00,0.602,1.0630749981630807
2010-05-20 07:00:00,1.7003666666666668,1.0630393828268838
2010-05-20 08:00:00,1.7837999999999998,1.063003767490687
2010-05-20 09:00:00,1.4224333333333334,1.06296815215449
2010-05-20 10:00:00,1.4856333333333334,1.0629325368182931
2010-05-20 11:00:00,1.4456333333333333,1.0628969214820962
2010-05-20 12:00:00,1.4332666666666667,1.0628613061458994
2010-05-20 13:00:00,0.8744333333333334,1.0628256908097025
2010-05-20 14:00:00,0.6854,1.0627900754735056
2010-05-20 15:00:00,0.36696666666666666,1.0627544601373087
2010-05-20 16:00:00,0.45866666666666667,1.0627188448011118
2010-05-20 17:00:00,0.41686666666666666,1.062683229464915
2010-05-20 18:00:00,1.4747333333333332,1.062647614128718
2010-05-20 19:00:00,0.8403666666666666,1.062611998792521
2010-05-20 20:00:00,0.4433666666666667,1.0625763834563242
2010-05-20 21:00:00,0.4269,1.0625407681201273
2010-05-20 22:00:00,0.41386666666666666,1.0625051527839304
2010-05-20 23:00:00,0.5691333333333334,1.0624695374477335
2010-05-21 00:00:00,0.41063333333333335,1.0624339221115366
2010-05-21 01:00:00,0.8209333333333333,1.0623983067753398
2010-05-21 02:00:00,0.6970333333333334,1.0623626914391429
2010-05-21 03:00:00,0.41910000000000003,1.062327076102946
2010-05-21 04:00:00,0.3431666666666667,1.062291460766749
2010-05-21 05:00:00,0.41146666666666665,1.0622558454305522
2010-05-21 06:00:00,0.40800000000000003,1.0622202300943553
2010-05-21 07:00:00,1.4021000000000001,1.0621846147581584
2010-05-21 08:00:00,2.0987,1.0621489994219615
2010-05-21 09:00:00,2.0111,1.0621133840857646
2010-05-21 10:00:00,1.5535333333333334,1.0620777687495677
2010-05-21 11:00:00,1.549,1.0620421534133708
2010-05-21 12:00:00,0.8231666666666667,1.062006538077174
2010-05-21 13:00:00,0.39033333333333337,1.061970922740977
2010-05-21 14:00:00,0.6574000000000001,1.0619353074047801
2010-05-21 15:00:00,1.3532,1.0618996920685833
2010-05-21 16:00:00,0.5370333333333334,1.0618640767323864
2010-05-21 17:00:00,0.3586,1.0618284613961895
2010-05-21 18:00:00,0.4476333333333333,1.0617928460599926
2010-05-21 19:00:00,0.8801,1.0617572307237957
2010-05-21 20:00:00,1.7375666666666667,1.0617216153875988
2010-05-21 21:00:00,0.9084333333333333,1.061686000051402
2010-05-21 22:00:00,0.909,1.061650384715205
2010-05-21 23:00:00,0.44603333333333334,1.0616147693790081
2010-05-22 00:00:00,0.4557333333333334,1.0615791540428112
2010-05-22 01:00:00,0.49613333333333337,1.0615435387066143
2010-05-22 02:00:00,0.9549,1.0615079233704174
2010-05-22 03:00:00,0.5759666666666666,1.0614723080342205
2010-05-22 04:00:00,0.46346666666666664,1.0614366926980237
2010-05-22 05:00:00,0.4250666666666667,1.0614010773618268
2010-05-22 06:00:00,0.8622333333333334,1.0613654620256299
2010-05-22 07:00:00,1.8893333333333333,1.061329846689433
2010-05-22 08:00:00,2.1137666666666663,1.061294231353236
2010-05-22 09:00:00,2.0202,1.0612586160170392
2010-05-22 10:00:00,2.1044333333333336,1.0612230006808423
2010-05-22 11:00:00,2.9777333333333336,1.0611873853446454
2010-05-22 12:00:00,2.9287,1.0611517700084485
2010-05-22 13:00:00,1.3232333333333335,1.0611161546722516
2010-05-22 14:00:00,1.7196333333333333,1.0610805393360547
2010-05-22 15:00:00,1.7081666666666666,1.0610449239998578
2010-05-22 16:00:00,1.6239666666666668,1.061009308663661
2010-05-22 17:00:00,1.3736666666666666,1.060973693327464
2010-05-22 18:00:00,0.5486,1.0609380779912672
2010-05-22 19:00:00,1.6358666666666666,1.0609024626550703
2010-05-22 20:00:00,2.604766666666667,1.0608668473188734
2010-05-22 21:00:00,1.8646333333333334,1.0608312319826765
2010-05-22 22:00:00,1.6266333333333334,1.0607956166464796
2010-05-22 23:00:00,0.6326999999999999,1.0607600013102827
2010-05-23 00:00:00,0.6506000000000001,1.0607243859740858
2010-05-23 01:00:00,0.5380666666666667,1.060688770637889
2010-05-23 02:00:00,0.3660333333333333,1.060653155301692
2010-05-23 03:00:00,0.43883333333333335,1.0606175399654951
2010-05-23 04:00:00,0.39053333333333334,1.0605819246292982
2010-05-23 05:00:00,1.0787,1.0605463092931013
2010-05-23 06:00:00,0.4126333333333333,1.0605106939569044
2010-05-23 07:00:00,0.5722,1.0604750786207076
2010-05-23 08:00:00,0.5780333333333334,1.0604394632845107
2010-05-23 09:00:00,2.038066666666667,1.0604038479483138
2010-05-23 10:00:00,1.4191666666666667,1.0603682326121169
2010-05-23 11:00:00,1.3234,1.06033261727592
2010-05-23 12:00:00,0.6875,1.060297001939723
2010-05-23 13:00:00,1.4910666666666665,1.0602613866035262
2010-05-23 14:00:00,1.8497333333333332,1.0602257712673293
2010-05-23 15:00:00,1.7885666666666666,1.0601901559311324
2010-05-23 16:00:00,1.7826333333333333,1.0601545405949355
2010-05-23 17:00:00,0.9132666666666667,1.0601189252587386
2010-05-23 18:00:00,0.6145666666666667,1.0600833099225417
2010-05-23 19:00:00,0.6609666666666667,1.0600476945863448
2010-05-23 20:00:00,0.7431333333333333,1.060012079250148
2010-05-23 21:00:00,1.9589333333333334,1.059976463913951
2010-05-23 22:00:00,1.5712000000000002,1.0599408485777542
2010-05-23 23:00:00,0.9247666666666667,1.0599052332415573
2010-05-24 00:00:00,0.47476666666666667,1.0598696179053604
2010-05-24 01:00:00,0.47303333333333336,1.0598340025691635
2010-05-24 02:00:00,0.46336666666666665,1.0597983872329666
2010-05-24 03:00:00,0.42996666666666666,1.0597627718967697
2010-05-24 04:00:00,0.3994,1.0597271565605728
2010-05-24 05:00:00,0.4326,1.059691541224376
2010-05-24 06:00:00,1.0445333333333333,1.059655925888179
2010-05-24 07:00:00,0.5814666666666667,1.0596203105519821
2010-05-24 08:00:00,0.8345333333333333,1.0595846952157852
2010-05-24 09:00:00,0.6686,1.0595490798795884
2010-05-24 10:00:00,1.2894666666666665,1.0595134645433915
2010-05-24 11:00:00,0.5929,1.0594778492071946
2010-05-24 12:00:00,1.4928666666666668,1.0594422338709977
2010-05-24 13:00:00,0.47716666666666663,1.0594066185348008
2010-05-24 14:00:00,0.45276666666666665,1.0593710031986039
2010-05-24 15:00:00,0.40053333333333335,1.059335387862407
2010-05-24 16:00:00,0.9590333333333334,1.05929977252621
2010-05-24 17:00:00,1.6942666666666668,1.0592641571900132
2010-05-24 18:00:00,1.7058333333333333,1.0592285418538163
2010-05-24 19:00:00,1.3048,1.0591929265176194
2010-05-24 20:00:00,2.253833333333333,1.0591573111814225
2010-05-24 21:00:00,2.447,1.0591216958452256
2010-05-24 22:00:00,1.1054666666666668,1.0590860805090287
2010-05-24 23:00:00,0.37733333333333335,1.0590504651728319
2010-05-25 00:00:00,0.32733333333333337,1.059014849836635
2010-05-25 01:00:00,0.3826333333333333,1.058979234500438
2010-05-25 02:00:00,0.3298,1.0589436191642412
2010-05-25 03:00:00,0.3657333333333333,1.0589080038280443
2010-05-25 04:00:00,0.3440333333333333,1.0588723884918474
2010-05-25 05:00:00,0.34303333333333336,1.0588367731556505
2010-05-25 06:00:00,0.5341,1.0588011578194536
2010-05-25 07:00:00,1.6887333333333332,1.0587655424832567
2010-05-25 08:00:00,1.7139666666666666,1.0587299271470598
2010-05-25 09:00:00,1.5015666666666665,1.058694311810863
2010-05-25 10:00:00,1.5305333333333333,1.058658696474666
2010-05-25 11:00:00,1.4275666666666667,1.0586230811384691
2010-05-25 12:00:00,0.7964666666666667,1.0585874658022723
2010-05-25 13:00:00,0.3499,1.0585518504660754
2010-05-25 14:00:00,0.33699999999999997,1.0585162351298785
2010-05-25 15:00:00,0.3472,1.0584806197936816
2010-05-25 16:00:00,0.4753,1.0584450044574847
2010-05-25 17:00:00,0.5867666666666668,1.0584093891212878
2010-05-25 18:00:00,0.49133333333333334,1.058373773785091
2010-05-25 19:00:00,1.3298666666666668,1.058338158448894
2010-05-25 20:00:00,1.9244999999999999,1.0583025431126971
2010-05-25 21:00:00,1.8886,1.0582669277765002
2010-05-25 22:00:00,0.5967333333333333,1.0582313124403033
2010-05-25 23:00:00,0.3644,1.0581956971041064
2010-05-26 00:00:00,0.3423,1.0581600817679095
2010-05-26 01:00:00,0.33646666666666664,1.0581244664317127
2010-05-26 02:00:00,0.3501,1.0580888510955158
2010-05-26 03:00:00,0.3263,1.0580532357593189
2010-05-26 04:00:00,0.33913333333333334,1.058017620423122
2010-05-26 05:00:00,0.33626666666666666,1.057982005086925
2010-05-26 06:00:00,0.8395333333333334,1.0579463897507282
2010-05-26 07:00:00,1.5743666666666667,1.0579107744145313
2010-05-26 08:00:00,2.3483,1.0578751590783344
2010-05-26 09:00:00,2.3270666666666666,1.0578395437421375
2010-05-26 10:00:00,1.6331666666666667,1.0578039284059406
2010-05-26 11:00:00,1.6315,1.0577683130697437
2010-05-26 12:00:00,0.7616666666666667,1.0577326977335468
2010-05-26 13:00:00,1.4149,1.05769708239735
2010-05-26 14:00:00,0.38863333333333333,1.057661467061153
2010-05-26 15:00:00,0.38826666666666665,1.0576258517249562
2010-05-26 16:00:00,0.3389666666666667,1.0575902363887593
2010-05-26 17:00:00,0.4154,1.0575546210525624
2010-05-26 18:00:00,0.5874,1.0575190057163655
2010-05-26 19:00:00,2.6902,1.0574833903801686
2010-05-26 20:00:00,2.1698,1.0574477750439717
2010-05-26 21:00:00,0.7276,1.0574121597077748
2010-05-26 22:00:00,0.5349333333333333,1.057376544371578
2010-05-26 23:00:00,0.32913333333333333,1.057340929035381
2010-05-27 00:00:00,0.3127666666666667,1.0573053136991841
2010-05-27 01:00:00,0.3091666666666667,1.0572696983629872
2010-05-27 02:00:00,0.3158,1.0572340830267903
2010-05-27 03:00:00,0.6246666666666666,1.0571984676905934
2010-05-27 04:00:00,0.6682,1.0571628523543966
2010-05-27 05:00:00,0.27793333333333337,1.0571272370181997
2010-05-27 06:00:00,0.5009666666666667,1.0570916216820028
2010-05-27 07:00:00,1.0825,1.0570560063458059
2010-05-27 08:00:00,1.6715666666666666,1.057020391009609
2010-05-27 09:00:00,1.6833333333333333,1.056984775673412
2010-05-27 10:00:00,1.3379666666666667,1.0569491603372152
2010-05-27 11:00:00,1.3550333333333333,1.0569135450010183
2010-05-27 12:00:00,1.5419333333333334,1.0568779296648214
2010-05-27 13:00:00,1.7148333333333334,1.0568423143286245
2010-05-27 14:00:00,0.45353333333333334,1.0568066989924276
2010-05-27 15:00:00,0.7421,1.0567710836562307
2010-05-27 16:00:00,0.3142,1.0567354683200338
2010-05-27 17:00:00,0.47213333333333335,1.056699852983837
2010-05-27 18:00:00,0.6200666666666667,1.05666423764764
2010-05-27 19:00:00,1.0631666666666666,1.0566286223114432
2010-05-27 20:00:00,1.8888,1.0565930069752463
2010-05-27 21:00:00,1.4042333333333334,1.0565573916390494
2010-05-27 22:00:00,0.8867333333333334,1.0565217763028525
2010-05-27 23:00:00,0.8140666666666667,1.0564861609666556
2010-05-28 00:00:00,0.5976,1.0564505456304587
2010-05-28 01:00:00,0.3832333333333333,1.0564149302942618
2010-05-28 02:00:00,0.30700000000000005,1.056379314958065
2010-05-28 03:00:00,0.3154,1.056343699621868
2010-05-28 04:00:00,0.25553333333333333,1.0563080842856711
2010-05-28 05:00:00,0.2720333333333333,1.0562724689494742
2010-05-28 06:00:00,0.9972666666666666,1.0562368536132773
2010-05-28 07:00:00,1.3094000000000001,1.0562012382770805
2010-05-28 08:00:00,1.5994333333333333,1.0561656229408836
2010-05-28 09:00:00,1.8097333333333334,1.0561300076046867
2010-05-28 10:00:00,1.5336,1.0560943922684898
2010-05-28 11:00:00,1.2612333333333334,1.0560587769322929
2010-05-28 12:00:00,0.7979,1.056023161596096
2010-05-28 13:00:00,0.7848333333333333,1.055987546259899
2010-05-28 14:00:00,0.9882333333333333,1.0559519309237022
2010-05-28 15:00:00,1.3665,1.0559163155875053
2010-05-28 16:00:00,1.4591333333333334,1.0558807002513084
2010-05-28 17:00:00,1.3106666666666666,1.0558450849151115
2010-05-28 18:00:00,0.8873666666666666,1.0558094695789146
2010-05-28 19:00:00,0.7254333333333334,1.0557738542427177
2010-05-28 20:00:00,0.6027666666666666,1.0557382389065209
2010-05-28 21:00:00,0.8782333333333333,1.055702623570324
2010-05-28 22:00:00,1.5304,1.055667008234127
2010-05-28 23:00:00,1.3297999999999999,1.0556313928979302
2010-05-29 00:00:00,0.5915,1.0555957775617333
2010-05-29 01:00:00,0.4802,1.0555601622255364
2010-05-29 02:00:00,0.3274,1.0555245468893395
2010-05-29 03:00:00,0.3001666666666667,1.0554889315531426
2010-05-29 04:00:00,0.23386666666666667,1.0554533162169457
2010-05-29 05:00:00,0.30946666666666667,1.0554177008807488
2010-05-29 06:00:00,0.5893666666666667,1.055382085544552
2010-05-29 07:00:00,1.8147333333333333,1.055346470208355
2010-05-29 08:00:00,1.426,1.0553108548721581
2010-05-29 09:00:00,1.3294333333333335,1.0552752395359613
2010-05-29 10:00:00,2.6568666666666667,1.0552396241997644
2010-05-29 11:00:00,1.0861333333333334,1.0552040088635675
2010-05-29 12:00:00,2.0979666666666668,1.0551683935273706
2010-05-29 13:00:00,1.6629666666666667,1.0551327781911737
2010-05-29 14:00:00,2.0310333333333332,1.0550971628549768
2010-05-29 15:00:00,1.0608,1.05506154751878
2010-05-29 16:00:00,0.8701000000000001,1.055025932182583
2010-05-29 17:00:00,1.2503666666666668,1.0549903168463861
2010-05-29 18:00:00,3.412,1.0549547015101892
2010-05-29 19:00:00,2.405466666666667,1.0549190861739923
2010-05-29 20:00:00,1.6508666666666667,1.0548834708377954
2010-05-29 21:00:00,2.2383,1.0548478555015985
2010-05-29 22:00:00,2.0489,1.0548122401654016
2010-05-29 23:00:00,2.2895666666666665,1.0547766248292048
2010-05-30 00:00:00,0.878,1.0547410094930079
2010-05-30 01:00:00,1.4239,1.054705394156811
2010-05-30 02:00:00,0.525,1.054669778820614
2010-05-30 03:00:00,0.46496666666666664,1.0546341634844172
2010-05-30 04:00:00,0.44920000000000004,1.0545985481482203
2010-05-30 05:00:00,0.47576666666666667,1.0545629328120234
2010-05-30 06:00:00,0.46590000000000004,1.0545273174758265
2010-05-30 07:00:00,0.7262666666666667,1.0544917021396296
2010-05-30 08:00:00,1.3738666666666668,1.0544560868034327
2010-05-30 09:00:00,0.6325666666666667,1.0544204714672358
2010-05-30 10:00:00,1.6635666666666666,1.054384856131039
2010-05-30 11:00:00,1.3511333333333333,1.054349240794842
2010-05-30 12:00:00,0.8259000000000001,1.0543136254586452
2010-05-30 13:00:00,0.7817333333333333,1.0542780101224483
2010-05-30 14:00:00,0.40626666666666666,1.0542423947862514
2010-05-30 15:00:00,1.6644666666666665,1.0542067794500545
2010-05-30 16:00:00,1.0025,1.0541711641138576
2010-05-30 17:00:00,2.586,1.0541355487776607
2010-05-30 18:00:00,1.8243666666666667,1.0540999334414638
2010-05-30 19:00:00,2.1343,1.054064318105267
2010-05-30 20:00:00,3.004366666666667,1.05402870276907
2010-05-30 21:00:00,2.281966666666667,1.0539930874328731
2010-05-30 22:00:00,0.4955666666666667,1.0539574720966762
2010-05-30 23:00:00,0.3241,1.0539218567604793
2010-05-31 00:00:00,0.2886666666666667,1.0538862414242824
2010-05-31 01:00:00,0.2657,1.0538506260880856
2010-05-31 02:00:00,0.29440000000000005,1.0538150107518887
2010-05-31 03:00:00,0.26416666666666666,1.0537793954156918
2010-05-31 04:00:00,0.2815333333333333,1.0537437800794949
2010-05-31 05:00:00,0.26603333333333334,1.053708164743298
2010-05-31 06:00:00,1.2971333333333335,1.053672549407101
2010-05-31 07:00:00,1.8049666666666666,1.0536369340709042
2010-05-31 08:00:00,1.8329333333333333,1.0536013187347073
2010-05-31 09:00:00,1.3662,1.0535657033985104
2010-05-31 10:00:00,1.3382333333333334,1.0535300880623135
2010-05-31 11:00:00,1.3549666666666667,1.0534944727261166
2010-05-31 12:00:00,1.0731666666666666,1.0534588573899197
2010-05-31 13:00:00,0.32886666666666664,1.0534232420537228
2010-05-31 14:00:00,0.27386666666666665,1.053387626717526
2010-05-31 15:00:00,0.48593333333333333,1.053352011381329
2010-05-31 16:00:00,1.585,1.0533163960451322
2010-05-31 17:00:00,1.1943333333333332,1.0532807807089353
2010-05-31 18:00:00,1.7174333333333331,1.0532451653727384
2010-05-31 19:00:00,1.2718,1.0532095500365415
2010-05-31 20:00:00,0.6001333333333334,1.0531739347003446
2010-05-31 21:00:00,1.2517333333333334,1.0531383193641477
2010-05-31 22:00:00,1.4027,1.0531027040279508
2010-05-31 23:00:00,0.5011333333333333,1.053067088691754
2010-06-01 00:00:00,0.30033333333333334,1.053031473355557
2010-06-01 01:00:00,0.3133666666666667,1.0529958580193601
2010-06-01 02:00:00,0.25216666666666665,1.0529602426831632
2010-06-01 03:00:00,0.31046666666666667,1.0529246273469663
2010-06-01 04:00:00,0.2316,1.0528890120107695
2010-06-01 05:00:00,0.3000333333333333,1.0528533966745726
2010-06-01 06:00:00,0.6143666666666667,1.0528177813383757
2010-06-01 07:00:00,1.6050333333333335,1.0527821660021788
2010-06-01 08:00:00,1.9330666666666667,1.0527465506659819
2010-06-01 09:00:00,1.9972666666666667,1.052710935329785
2010-06-01 10:00:00,1.3527333333333333,1.052675319993588
2010-06-01 11:00:00,1.3441666666666667,1.0526397046573912
2010-06-01 12:00:00,1.6768666666666665,1.0526040893211943
2010-06-01 13:00:00,1.6020666666666665,1.0525684739849974
2010-06-01 14:00:00,1.445366666666667,1.0525328586488005
2010-06-01 15:00:00,1.4784666666666666,1.0524972433126036
2010-06-01 16:00:00,0.9093333333333332,1.0524616279764067
2010-06-01 17:00:00,0.3416,1.0524260126402099
2010-06-01 18:00:00,0.35233333333333333,1.052390397304013
2010-06-01 19:00:00,0.3855,1.052354781967816
2010-06-01 20:00:00,0.5894999999999999,1.0523191666316192
2010-06-01 21:00:00,0.5218333333333333,1.0522835512954223
2010-06-01 22:00:00,0.6503,1.0522479359592254
2010-06-01 23:00:00,0.6416333333333333,1.0522123206230285
2010-06-02 00:00:00,0.3203,1.0521767052868316
2010-06-02 01:00:00,0.7598,1.0521410899506347
2010-06-02 02:00:00,1.1001666666666667,1.0521054746144378
2010-06-02 03:00:00,0.2494333333333333,1.052069859278241
2010-06-02 04:00:00,0.28026666666666666,1.052034243942044
2010-06-02 05:00:00,0.2608,1.0519986286058471
2010-06-02 06:00:00,0.6466,1.0519630132696502
2010-06-02 07:00:00,1.7422333333333335,1.0519273979334534
2010-06-02 08:00:00,1.3471333333333333,1.0518917825972565
2010-06-02 09:00:00,1.3300333333333334,1.0518561672610596
2010-06-02 10:00:00,1.137,1.0518205519248627
2010-06-02 11:00:00,0.7223333333333334,1.0517849365886658
2010-06-02 12:00:00,0.4135666666666667,1.051749321252469
2010-06-02 13:00:00,0.4407,1.051713705916272
2010-06-02 14:00:00,0.27143333333333336,1.051678090580075
2010-06-02 15:00:00,1.0623666666666667,1.0516424752438782
2010-06-02 16:00:00,0.30226666666666663,1.0516068599076813
2010-06-02 17:00:00,0.3100333333333333,1.0515712445714844
2010-06-02 18:00:00,0.2800333333333333,1.0515356292352875
2010-06-02 19:00:00,0.3494333333333334,1.0515000138990906
2010-06-02 20:00:00,0.9114333333333333,1.0514643985628938
2010-06-02 21:00:00,1.2373,1.0514287832266969
2010-06-02 22:00:00,0.6118333333333333,1.0513931678905
2010-06-02 23:00:00,0.2618,1.051357552554303
2010-06-03 00:00:00,0.5234666666666666,1.0513219372181062
2010-06-03 01:00:00,0.2558666666666667,1.0512863218819093
2010-06-03 02:00:00,0.3059,1.0512507065457124
2010-06-03 03:00:00,1.0056333333333334,1.0512150912095155
2010-06-03 04:00:00,0.21769999999999998,1.0511794758733186
2010-06-03 05:00:00,0.3088666666666667,1.0511438605371217
2010-06-03 06:00:00,0.9371333333333334,1.0511082452009248
2010-06-03 07:00:00,1.7112333333333334,1.051072629864728
2010-06-03 08:00:00,2.2531000000000003,1.051037014528531
2010-06-03 09:00:00,1.8671,1.0510013991923342
2010-06-03 10:00:00,1.3756,1.0509657838561373
2010-06-03 11:00:00,1.3288666666666666,1.0509301685199404
2010-06-03 12:00:00,1.9338333333333333,1.0508945531837435
2010-06-03 13:00:00,2.3048,1.0508589378475466
2010-06-03 14:00:00,1.3756333333333333,1.0508233225113497
2010-06-03 15:00:00,1.3578666666666668,1.0507877071751528
2010-06-03 16:00:00,0.29583333333333334,1.050752091838956
2010-06-03 17:00:00,0.30856666666666666,1.050716476502759
2010-06-03 18:00:00,0.39896666666666664,1.0506808611665621
2010-06-03 19:00:00,1.2475666666666667,1.0506452458303652
2010-06-03 20:00:00,0.39553333333333335,1.0506096304941683
2010-06-03 21:00:00,0.6004,1.0505740151579714
2010-06-03 22:00:00,0.5785666666666667,1.0505383998217745
2010-06-03 23:00:00,0.3484,1.0505027844855777
2010-06-04 00:00:00,0.3002,1.0504671691493808
2010-06-04 01:00:00,1.3538333333333334,1.0504315538131839
2010-06-04 02:00:00,0.3077333333333333,1.050395938476987
2010-06-04 03:00:00,0.25643333333333335,1.05036032314079
2010-06-04 04:00:00,0.28013333333333335,1.0503247078045932
2010-06-04 05:00:00,0.3345666666666667,1.0502890924683963
2010-06-04 06:00:00,1.2161666666666666,1.0502534771321994
2010-06-04 07:00:00,1.6454333333333333,1.0502178617960025
2010-06-04 08:00:00,1.5706333333333333,1.0501822464598056
2010-06-04 09:00:00,1.8476333333333335,1.0501466311236087
2010-06-04 10:00:00,1.3328666666666666,1.0501110157874118
2010-06-04 11:00:00,1.1925,1.050075400451215
2010-06-04 12:00:00,0.5806333333333333,1.050039785115018
2010-06-04 13:00:00,0.9876333333333334,1.0500041697788212
2010-06-04 14:00:00,1.0285333333333333,1.0499685544426243
2010-06-04 15:00:00,1.3963666666666665,1.0499329391064274
2010-06-04 16:00:00,1.4777,1.0498973237702305
2010-06-04 17:00:00,0.8026,1.0498617084340336
2010-06-04 18:00:00,0.4960333333333333,1.0498260930978367
2010-06-04 19:00:00,0.3717333333333333,1.0497904777616398
2010-06-04 20:00:00,0.4455,1.049754862425443
2010-06-04 21:00:00,1.8008333333333333,1.049719247089246
2010-06-04 22:00:00,1.3293333333333335,1.0496836317530491
2010-06-04 23:00:00,1.3208666666666666,1.0496480164168522
2010-06-05 00:00:00,1.9819333333333333,1.0496124010806553
2010-06-05 01:00:00,0.9361999999999999,1.0495767857444585
2010-06-05 02:00:00,0.35656666666666664,1.0495411704082616
2010-06-05 03:00:00,0.26943333333333336,1.0495055550720647
2010-06-05 04:00:00,0.3643,1.0494699397358678
2010-06-05 05:00:00,0.31786666666666663,1.0494343243996709
2010-06-05 06:00:00,0.6622666666666667,1.049398709063474
2010-06-05 07:00:00,1.5862333333333334,1.049363093727277
2010-06-05 08:00:00,1.4944,1.0493274783910802
2010-06-05 09:00:00,1.4394,1.0492918630548833
2010-06-05 10:00:00,1.1425666666666667,1.0492562477186864
2010-06-05 11:00:00,1.6338000000000001,1.0492206323824895
2010-06-05 12:00:00,2.3738666666666663,1.0491850170462926
2010-06-05 13:00:00,0.9036000000000001,1.0491494017100957
2010-06-05 14:00:00,1.3759000000000001,1.0491137863738988
2010-06-05 15:00:00,1.2071666666666665,1.049078171037702
2010-06-05 16:00:00,2.0770666666666666,1.049042555701505
2010-06-05 17:00:00,0.9001666666666667,1.0490069403653082
2010-06-05 18:00:00,2.0113,1.0489713250291113
2010-06-05 19:00:00,1.8069,1.0489357096929144
2010-06-05 20:00:00,1.7313,1.0489000943567175
2010-06-05 21:00:00,0.6489333333333334,1.0488644790205206
2010-06-05 22:00:00,3.0245666666666664,1.0488288636843237
2010-06-05 23:00:00,3.2483333333333335,1.0487932483481268
2010-06-06 00:00:00,2.7725999999999997,1.04875763301193
2010-06-06 01:00:00,1.3972333333333333,1.048722017675733
2010-06-06 02:00:00,0.41640000000000005,1.0486864023395361
2010-06-06 03:00:00,0.42623333333333335,1.0486507870033392
2010-06-06 04:00:00,0.3810333333333334,1.0486151716671424
2010-06-06 05:00:00,0.40376666666666666,1.0485795563309455
2010-06-06 06:00:00,0.32080000000000003,1.0485439409947486
2010-06-06 07:00:00,0.44106666666666666,1.0485083256585517
2010-06-06 08:00:00,0.42256666666666665,1.0484727103223548
2010-06-06 09:00:00,1.3165333333333333,1.048437094986158
2010-06-06 10:00:00,0.7921,1.048401479649961
2010-06-06 11:00:00,0.34290000000000004,1.048365864313764
2010-06-06 12:00:00,2.4814333333333334,1.0483302489775672
2010-06-06 13:00:00,1.9768000000000001,1.0482946336413703
2010-06-06 14:00:00,1.5261333333333333,1.0482590183051734
2010-06-06 15:00:00,1.4523000000000001,1.0482234029689765
2010-06-06 16:00:00,2.7384,1.0481877876327796
2010-06-06 17:00:00,2.608033333333333,1.0481521722965828
2010-06-06 18:00:00,0.5265333333333333,1.0481165569603859
2010-06-06 19:00:00,0.40873333333333334,1.048080941624189
2010-06-06 20:00:00,0.4997,1.048045326287992
2010-06-06 21:00:00,2.1411666666666664,1.0480097109517952
2010-06-06 22:00:00,2.5723,1.0479740956155983
2010-06-06 23:00:00,0.7484333333333333,1.0479384802794014
2010-06-07 00:00:00,0.2673666666666667,1.0479028649432045
2010-06-07 01:00:00,0.3768,1.0478672496070076
2010-06-07 02:00:00,0.31323333333333336,1.0478316342708107
2010-06-07 03:00:00,0.36626666666666663,1.0477960189346138
2010-06-07 04:00:00,0.3106333333333333,1.047760403598417
2010-06-07 05:00:00,0.28093333333333337,1.04772478826222
2010-06-07 06:00:00,0.7907666666666666,1.0476891729260231
2010-06-07 07:00:00,1.7549,1.0476535575898263
2010-06-07 08:00:00,1.7765,1.0476179422536294
2010-06-07 09:00:00,1.8903666666666665,1.0475823269174325
2010-06-07 10:00:00,0.8000333333333334,1.0475467115812356
2010-06-07 11:00:00,0.3516666666666667,1.0475110962450387
2010-06-07 12:00:00,0.4172666666666667,1.0474754809088418
2010-06-07 13:00:00,0.4156,1.047439865572645
2010-06-07 14:00:00,0.29886666666666667,1.047404250236448
2010-06-07 15:00:00,0.34903333333333336,1.0473686349002511
2010-06-07 16:00:00,0.3284,1.0473330195640542
2010-06-07 17:00:00,1.0391000000000001,1.0472974042278573
2010-06-07 18:00:00,0.6155666666666666,1.0472617888916604
2010-06-07 19:00:00,0.9401333333333334,1.0472261735554635
2010-06-07 20:00:00,1.068,1.0471905582192667
2010-06-07 21:00:00,0.9030666666666666,1.0471549428830698
2010-06-07 22:00:00,0.8330000000000001,1.0471193275468729
2010-06-07 23:00:00,0.38053333333333333,1.047083712210676
2010-06-08 00:00:00,0.6259,1.047048096874479
2010-06-08 01:00:00,0.8197,1.0470124815382822
2010-06-08 02:00:00,0.24730000000000002,1.0469768662020853
2010-06-08 03:00:00,0.33536666666666665,1.0469412508658884
2010-06-08 04:00:00,0.3112333333333333,1.0469056355296915
2010-06-08 05:00:00,0.34163333333333334,1.0468700201934946
2010-06-08 06:00:00,0.48686666666666667,1.0468344048572977
2010-06-08 07:00:00,1.8495666666666668,1.0467987895211008
2010-06-08 08:00:00,2.2103333333333333,1.046763174184904
2010-06-08 09:00:00,1.9911666666666668,1.046727558848707
2010-06-08 10:00:00,1.4520666666666666,1.0466919435125102
2010-06-08 11:00:00,1.4518666666666666,1.0466563281763133
2010-06-08 12:00:00,1.3902,1.0466207128401164
2010-06-08 13:00:00,1.4037666666666666,1.0465850975039195
2010-06-08 14:00:00,0.3217666666666667,1.0465494821677226
2010-06-08 15:00:00,0.4450333333333333,1.0465138668315257
2010-06-08 16:00:00,0.5609333333333333,1.0464782514953288
2010-06-08 17:00:00,0.6243666666666667,1.046442636159132
2010-06-08 18:00:00,0.7281666666666666,1.046407020822935
2010-06-08 19:00:00,1.4203666666666666,1.0463714054867381
2010-06-08 20:00:00,1.0441,1.0463357901505412
2010-06-08 21:00:00,1.4155000000000002,1.0463001748143443
2010-06-08 22:00:00,0.5681999999999999,1.0462645594781474
2010-06-08 23:00:00,0.6551666666666667,1.0462289441419506
2010-06-09 00:00:00,0.3537666666666667,1.0461933288057537
2010-06-09 01:00:00,0.39730000000000004,1.0461577134695568
2010-06-09 02:00:00,0.26053333333333334,1.0461220981333599
2010-06-09 03:00:00,0.3733333333333333,1.046086482797163
2010-06-09 04:00:00,0.32016666666666665,1.046050867460966
2010-06-09 05:00:00,0.3842666666666667,1.0460152521247692
2010-06-09 06:00:00,0.8931666666666668,1.0459796367885723
2010-06-09 07:00:00,1.9536,1.0459440214523754
2010-06-09 08:00:00,1.3556333333333332,1.0459084061161785
2010-06-09 09:00:00,1.4013333333333333,1.0458727907799816
2010-06-09 10:00:00,1.6439,1.0458371754437847
2010-06-09 11:00:00,1.6741,1.0458015601075878
2010-06-09 12:00:00,0.5093333333333333,1.045765944771391
2010-06-09 13:00:00,2.4124,1.045730329435194
2010-06-09 14:00:00,0.8645333333333334,1.0456947140989972
2010-06-09 15:00:00,0.9440333333333334,1.0456590987628003
2010-06-09 16:00:00,0.3622333333333333,1.0456234834266034
2010-06-09 17:00:00,1.4379666666666668,1.0455878680904065
2010-06-09 18:00:00,1.5563333333333333,1.0455522527542096
2010-06-09 19:00:00,1.2358333333333333,1.0455166374180127
2010-06-09 20:00:00,1.9178666666666666,1.0454810220818158
2010-06-09 21:00:00,1.513966666666667,1.045445406745619
2010-06-09 22:00:00,1.1477666666666666,1.045409791409422
2010-06-09 23:00:00,0.6646666666666667,1.0453741760732251
2010-06-10 00:00:00,0.40426666666666666,1.0453385607370282
2010-06-10 01:00:00,0.32686666666666664,1.0453029454008314
2010-06-10 02:00:00,0.31736666666666663,1.0452673300646345
2010-06-10 03:00:00,0.3237333333333333,1.0452317147284376
2010-06-10 04:00:00,0.75,1.0451960993922407
2010-06-10 05:00:00,0.6821666666666667,1.0451604840560438
2010-06-10 06:00:00,0.5538333333333333,1.0451248687198469
2010-06-10 07:00:00,1.4263000000000001,1.04508925338365
2010-06-10 08:00:00,1.7923333333333333,1.045053638047453
2010-06-10 09:00:00,1.3549666666666667,1.0450180227112562
2010-06-10 10:00:00,1.4777999999999998,1.0449824073750593
2010-06-10 11:00:00,1.3937,1.0449467920388624
2010-06-10 12:00:00,1.4353333333333333,1.0449111767026655
2010-06-10 13:00:00,1.1014333333333333,1.0448755613664686
2010-06-10 14:00:00,0.3748333333333333,1.0448399460302717
2010-06-10 15:00:00,0.32436666666666664,1.0448043306940749
2010-06-10 16:00:00,0.3791333333333334,1.044768715357878
2010-06-10 17:00:00,0.4402333333333333,1.044733100021681
2010-06-10 18:00:00,0.6838666666666666,1.0446974846854842
2010-06-10 19:00:00,1.0551666666666668,1.0446618693492873
2010-06-10 20:00:00,1.7362333333333335,1.0446262540130904
2010-06-10 21:00:00,1.0708666666666666,1.0445906386768935
2010-06-10 22:00:00,0.5249333333333334,1.0445550233406966
2010-06-10 23:00:00,0.3234333333333333,1.0445194080044997
2010-06-11 00:00:00,0.3402,1.0444837926683028
2010-06-11 01:00:00,0.3791,1.044448177332106
2010-06-11 02:00:00,0.3162333333333333,1.044412561995909
2010-06-11 03:00:00,0.3017,1.0443769466597121
2010-06-11 04:00:00,0.33203333333333335,1.0443413313235153
2010-06-11 05:00:00,0.2518666666666667,1.0443057159873184
2010-06-11 06:00:00,1.6246666666666667,1.0442701006511215
2010-06-11 07:00:00,1.8760333333333332,1.0442344853149246
2010-06-11 08:00:00,2.0137,1.0441988699787277
2010-06-11 09:00:00,1.8482999999999998,1.0441632546425308
2010-06-11 10:00:00,1.4251333333333334,1.044127639306334
2010-06-11 11:00:00,1.4143000000000001,1.044092023970137
2010-06-11 12:00:00,1.7594333333333334,1.0440564086339401
2010-06-11 13:00:00,1.3205333333333333,1.0440207932977432
2010-06-11 14:00:00,0.4647,1.0439851779615463
2010-06-11 15:00:00,1.0055333333333334,1.0439495626253494
2010-06-11 16:00:00,1.1049333333333335,1.0439139472891525
2010-06-11 17:00:00,0.5202333333333333,1.0438783319529557
2010-06-11 18:00:00,0.4730666666666667,1.0438427166167588
2010-06-11 19:00:00,1.7516666666666665,1.0438071012805619
2010-06-11 20:00:00,0.5838,1.043771485944365
2010-06-11 21:00:00,1.1657,1.043735870608168
2010-06-11 22:00:00,1.0965333333333334,1.0437002552719712
2010-06-11 23:00:00,1.1418,1.0436646399357743
2010-06-12 00:00:00,0.9745333333333334,1.0436290245995774
2010-06-12 01:00:00,0.4235666666666667,1.0435934092633805
2010-06-12 02:00:00,0.8025333333333333,1.0435577939271836
2010-06-12 03:00:00,0.31856666666666666,1.0435221785909867
2010-06-12 04:00:00,0.3424333333333333,1.0434865632547898
2010-06-12 05:00:00,0.3234,1.043450947918593
2010-06-12 06:00:00,0.6063666666666666,1.043415332582396
2010-06-12 07:00:00,1.6914666666666667,1.0433797172461992
2010-06-12 08:00:00,1.7133333333333334,1.0433441019100023
2010-06-12 09:00:00,1.3865,1.0433084865738054
2010-06-12 10:00:00,1.3558999999999999,1.0432728712376085
2010-06-12 11:00:00,0.9209999999999999,1.0432372559014116
2010-06-12 12:00:00,2.1129333333333333,1.0432016405652147
2010-06-12 13:00:00,1.5753666666666668,1.0431660252290178
2010-06-12 14:00:00,0.9934333333333334,1.043130409892821
2010-06-12 15:00:00,1.7003666666666668,1.043094794556624
2010-06-12 16:00:00,1.6876333333333333,1.0430591792204271
2010-06-12 17:00:00,1.72535,1.0430235638842302
2010-06-12 18:00:00,2.114733333333333,1.0429879485480333
2010-06-12 19:00:00,2.5191999999999997,1.0429523332118364
2010-06-12 20:00:00,1.6605999999999999,1.0429167178756396
2010-06-12 21:00:00,1.8441,1.0428811025394427
2010-06-12 22:00:00,2.3567666666666667,1.0428454872032458
2010-06-12 23:00:00,1.7577,1.0428098718670489
2010-06-13 00:00:00,1.2083333333333333,1.042774256530852
2010-06-13 01:00:00,0.3083666666666666,1.042738641194655
2010-06-13 02:00:00,0.6055333333333334,1.0427030258584582
2010-06-13 03:00:00,0.48736666666666667,1.0426674105222613
2010-06-13 04:00:00,0.8913,1.0426317951860644
2010-06-13 05:00:00,0.27240000000000003,1.0425961798498675
2010-06-13 06:00:00,0.32613333333333333,1.0425605645136706
2010-06-13 07:00:00,0.5486,1.0425249491774737
2010-06-13 08:00:00,0.4347333333333333,1.0424893338412768
2010-06-13 09:00:00,0.5858666666666666,1.04245371850508
2010-06-13 10:00:00,2.933266666666667,1.042418103168883
2010-06-13 11:00:00,2.7022,1.0423824878326862
2010-06-13 12:00:00,0.9603666666666667,1.0423468724964893
2010-06-13 13:00:00,2.159766666666667,1.0423112571602924
2010-06-13 14:00:00,2.0390666666666664,1.0422756418240955
2010-06-13 15:00:00,0.6412,1.0422400264878986
2010-06-13 16:00:00,0.4927,1.0422044111517017
2010-06-13 17:00:00,1.1057333333333332,1.0421687958155048
2010-06-13 18:00:00,1.1539333333333335,1.042133180479308
2010-06-13 19:00:00,2.030266666666667,1.042097565143111
2010-06-13 20:00:00,1.2484,1.0420619498069141
2010-06-13 21:00:00,2.564333333333333,1.0420263344707172
2010-06-13 22:00:00,1.6214000000000002,1.0419907191345203
2010-06-13 23:00:00,0.5846666666666667,1.0419551037983235
2010-06-14 00:00:00,0.6394666666666667,1.0419194884621266
2010-06-14 01:00:00,0.34706666666666663,1.0418838731259297
2010-06-14 02:00:00,0.8650666666666668,1.0418482577897328
2010-06-14 03:00:00,0.3326333333333333,1.0418126424535359
2010-06-14 04:00:00,0.3246,1.041777027117339
2010-06-14 05:00:00,0.2909333333333333,1.041741411781142
2010-06-14 06:00:00,0.5817666666666667,1.0417057964449452
2010-06-14 07:00:00,1.5130666666666668,1.0416701811087483
2010-06-14 08:00:00,1.4300666666666666,1.0416345657725514
2010-06-14 09:00:00,1.4076666666666666,1.0415989504363545
2010-06-14 10:00:00,1.3794,1.0415633351001576
2010-06-14 11:00:00,1.3752333333333333,1.0415277197639607
2010-06-14 12:00:00,1.8709666666666667,1.0414921044277639
2010-06-14 13:00:00,1.0939666666666668,1.041456489091567
2010-06-14 14:00:00,0.3831666666666667,1.04142087375537
2010-06-14 15:00:00,0.29153333333333337,1.0413852584191732
2010-06-14 16:00:00,0.3348333333333333,1.0413496430829763
2010-06-14 17:00:00,0.24786666666666665,1.0413140277467794
2010-06-14 18:00:00,0.38699999999999996,1.0412784124105825
2010-06-14 19:00:00,0.7758333333333333,1.0412427970743856
2010-06-14 20:00:00,1.6178333333333332,1.0412071817381887
2010-06-14 21:00:00,1.3603333333333334,1.0411715664019918
2010-06-14 22:00:00,0.8282,1.041135951065795
2010-06-14 23:00:00,0.6212333333333333,1.041100335729598
2010-06-15 00:00:00,0.4109333333333333,1.0410647203934011
2010-06-15 01:00:00,0.2860333333333333,1.0410291050572043
2010-06-15 02:00:00,0.29613333333333336,1.0409934897210074
2010-06-15 03:00:00,0.2891333333333333,1.0409578743848105
2010-06-15 04:00:00,0.7506666666666667,1.0409222590486136
2010-06-15 05:00:00,0.6535666666666666,1.0408866437124167
2010-06-15 06:00:00,0.6048666666666667,1.0408510283762198
2010-06-15 07:00:00,0.8026666666666666,1.040815413040023
2010-06-15 08:00:00,1.3307333333333333,1.040779797703826
2010-06-15 09:00:00,1.4201666666666666,1.0407441823676291
2010-06-15 10:00:00,0.7739333333333334,1.0407085670314322
2010-06-15 11:00:00,1.2811666666666668,1.0406729516952353
2010-06-15 12:00:00,1.1593000000000002,1.0406373363590384
2010-06-15 13:00:00,1.5242666666666667,1.0406017210228415
2010-06-15 14:00:00,1.3928666666666667,1.0405661056866446
2010-06-15 15:00:00,0.6715333333333333,1.0405304903504478
2010-06-15 16:00:00,0.2944333333333333,1.0404948750142509
2010-06-15 17:00:00,0.3504333333333333,1.040459259678054
2010-06-15 18:00:00,0.30673333333333336,1.040423644341857
2010-06-15 19:00:00,0.7601333333333333,1.0403880290056602
2010-06-15 20:00:00,1.6182666666666667,1.0403524136694633
2010-06-15 21:00:00,1.2554333333333334,1.0403167983332664
2010-06-15 22:00:00,1.2378,1.0402811829970695
2010-06-15 23:00:00,0.9282333333333334,1.0402455676608726
2010-06-16 00:00:00,0.9155333333333334,1.0402099523246757
2010-06-16 01:00:00,0.8949666666666667,1.0401743369884788
2010-06-16 02:00:00,1.3116333333333334,1.040138721652282
2010-06-16 03:00:00,0.7983666666666667,1.040103106316085
2010-06-16 04:00:00,0.7678666666666667,1.0400674909798882
2010-06-16 05:00:00,0.7974,1.0400318756436913
2010-06-16 06:00:00,0.7928333333333334,1.0399962603074944
2010-06-16 07:00:00,0.7041333333333333,1.0399606449712975
2010-06-16 08:00:00,1.957566666666667,1.0399250296351006
2010-06-16 09:00:00,1.9336333333333333,1.0398894142989037
2010-06-16 10:00:00,1.5199666666666665,1.0398537989627068
2010-06-16 11:00:00,1.3837000000000002,1.03981818362651
2010-06-16 12:00:00,1.4195333333333333,1.039782568290313
2010-06-16 13:00:00,1.6327333333333334,1.0397469529541161
2010-06-16 14:00:00,0.8742,1.0397113376179192
2010-06-16 15:00:00,1.5512666666666666,1.0396757222817223
2010-06-16 16:00:00,1.4775666666666667,1.0396401069455254
2010-06-16 17:00:00,1.3177333333333332,1.0396044916093286
2010-06-16 18:00:00,1.3527333333333333,1.0395688762731317
2010-06-16 19:00:00,0.34276666666666666,1.0395332609369348
2010-06-16 20:00:00,0.8107000000000001,1.0394976456007379
2010-06-16 21:00:00,2.2539666666666665,1.039462030264541
2010-06-16 22:00:00,1.8435,1.039426414928344
2010-06-16 23:00:00,0.8139000000000001,1.0393907995921472
2010-06-17 00:00:00,0.36346666666666666,1.0393551842559503
2010-06-17 01:00:00,0.362,1.0393195689197534
2010-06-17 02:00:00,0.3459333333333333,1.0392839535835565
2010-06-17 03:00:00,0.2851666666666667,1.0392483382473596
2010-06-17 04:00:00,0.3514666666666667,1.0392127229111627
2010-06-17 05:00:00,0.33266666666666667,1.0391771075749658
2010-06-17 06:00:00,1.4129,1.039141492238769
2010-06-17 07:00:00,0.8750333333333333,1.039105876902572
2010-06-17 08:00:00,0.8910666666666667,1.0390702615663752
2010-06-17 09:00:00,0.30073333333333335,1.0390346462301783
2010-06-17 10:00:00,0.8371666666666666,1.0389990308939814
2010-06-17 11:00:00,1.4385000000000001,1.0389634155577845
2010-06-17 12:00:00,1.3938,1.0389278002215876
2010-06-17 13:00:00,1.6693333333333333,1.0388921848853907
2010-06-17 14:00:00,0.6107666666666667,1.0388565695491938
2010-06-17 15:00:00,0.34976666666666667,1.038820954212997
2010-06-17 16:00:00,0.31189999999999996,1.0387853388768
2010-06-17 17:00:00,0.28476666666666667,1.0387497235406031
2010-06-17 18:00:00,0.3186333333333333,1.0387141082044062
2010-06-17 19:00:00,0.31093333333333334,1.0386784928682093
2010-06-17 20:00:00,1.7558666666666667,1.0386428775320125
2010-06-17 21:00:00,0.8603333333333333,1.0386072621958156
2010-06-17 22:00:00,0.7944666666666667,1.0385716468596187
2010-06-17 23:00:00,0.6769666666666667,1.0385360315234218
2010-06-18 00:00:00,0.6461333333333333,1.0385004161872249
2010-06-18 01:00:00,0.7263333333333333,1.038464800851028
2010-06-18 02:00:00,0.2578,1.038429185514831
2010-06-18 03:00:00,0.3257333333333333,1.0383935701786342
2010-06-18 04:00:00,0.24230000000000002,1.0383579548424373
2010-06-18 05:00:00,0.3099,1.0383223395062404
2010-06-18 06:00:00,0.5345,1.0382867241700435
2010-06-18 07:00:00,1.2368,1.0382511088338466
2010-06-18 08:00:00,1.9224333333333334,1.0382154934976497
2010-06-18 09:00:00,1.5577666666666665,1.0381798781614529
2010-06-18 10:00:00,1.8108666666666666,1.038144262825256
2010-06-18 11:00:00,1.6994666666666667,1.038108647489059
2010-06-18 12:00:00,1.4279000000000002,1.0380730321528622
2010-06-18 13:00:00,1.4851333333333334,1.0380374168166653
2010-06-18 14:00:00,1.0346,1.0380018014804684
2010-06-18 15:00:00,0.27303333333333335,1.0379661861442715
2010-06-18 16:00:00,0.45233333333333337,1.0379305708080746
2010-06-18 17:00:00,0.9873666666666666,1.0378949554718777
2010-06-18 18:00:00,0.4953666666666666,1.0378593401356808
2010-06-18 19:00:00,0.6390666666666667,1.037823724799484
2010-06-18 20:00:00,1.7505666666666668,1.037788109463287
2010-06-18 21:00:00,1.0089,1.0377524941270901
2010-06-18 22:00:00,0.9618,1.0377168787908932
2010-06-18 23:00:00,0.41916666666666663,1.0376812634546964
2010-06-19 00:00:00,0.6301,1.0376456481184995
2010-06-19 01:00:00,0.8099000000000001,1.0376100327823026
2010-06-19 02:00:00,0.4997666666666667,1.0375744174461057
2010-06-19 03:00:00,0.36823333333333336,1.0375388021099088
2010-06-19 04:00:00,0.2795333333333333,1.037503186773712
2010-06-19 05:00:00,0.3581333333333333,1.037467571437515
2010-06-19 06:00:00,0.34126666666666666,1.037431956101318
2010-06-19 07:00:00,0.47846666666666665,1.0373963407651212
2010-06-19 08:00:00,0.8383,1.0373607254289243
2010-06-19 09:00:00,1.6233333333333335,1.0373251100927274
2010-06-19 10:00:00,1.8915666666666666,1.0372894947565305
2010-06-19 11:00:00,1.8121666666666667,1.0372538794203336
2010-06-19 12:00:00,0.5093333333333334,1.0372182640841368
2010-06-19 13:00:00,1.6337,1.0371826487479399
2010-06-19 14:00:00,0.8814333333333334,1.037147033411743
2010-06-19 15:00:00,0.5696,1.037111418075546
2010-06-19 16:00:00,1.7640666666666667,1.0370758027393492
2010-06-19 17:00:00,1.0338666666666667,1.0370401874031523
2010-06-19 18:00:00,0.3908333333333333,1.0370045720669554
2010-06-19 19:00:00,0.37726666666666664,1.0369689567307585
2010-06-19 20:00:00,0.6906666666666667,1.0369333413945616
2010-06-19 21:00:00,2.2919666666666667,1.0368977260583647
2010-06-19 22:00:00,2.4079333333333333,1.0368621107221678
2010-06-19 23:00:00,1.1222333333333334,1.036826495385971
2010-06-20 00:00:00,0.5733666666666667,1.036790880049774
2010-06-20 01:00:00,0.3768333333333333,1.0367552647135772
2010-06-20 02:00:00,0.2544666666666667,1.0367196493773803
2010-06-20 03:00:00,0.36043333333333333,1.0366840340411834
2010-06-20 04:00:00,0.23099999999999998,1.0366484187049865
2010-06-20 05:00:00,0.35213333333333335,1.0366128033687896
2010-06-20 06:00:00,0.23056666666666667,1.0365771880325927
2010-06-20 07:00:00,0.3374666666666667,1.0365415726963958
2010-06-20 08:00:00,0.9848666666666667,1.036505957360199
2010-06-20 09:00:00,1.0292666666666668,1.036470342024002
2010-06-20 10:00:00,1.4976333333333334,1.0364347266878051
2010-06-20 11:00:00,1.5338666666666667,1.0363991113516082
2010-06-20 12:00:00,1.7916999999999998,1.0363634960154113
2010-06-20 13:00:00,1.5012333333333332,1.0363278806792144
2010-06-20 14:00:00,1.432,1.0362922653430175
2010-06-20 15:00:00,0.4014,1.0362566500068207
2010-06-20 16:00:00,0.5437,1.0362210346706238
2010-06-20 17:00:00,1.9162333333333335,1.0361854193344269
2010-06-20 18:00:00,2.6058666666666666,1.03614980399823
2010-06-20 19:00:00,3.0546,1.036114188662033
2010-06-20 20:00:00,2.1052666666666666,1.0360785733258362
2010-06-20 21:00:00,1.7862333333333333,1.0360429579896393
2010-06-20 22:00:00,1.7300666666666666,1.0360073426534424
2010-06-20 23:00:00,1.2456333333333334,1.0359717273172455
2010-06-21 00:00:00,0.27436666666666665,1.0359361119810486
2010-06-21 01:00:00,0.35246666666666665,1.0359004966448517
2010-06-21 02:00:00,0.9393333333333334,1.0358648813086548
2010-06-21 03:00:00,0.34919999999999995,1.035829265972458
2010-06-21 04:00:00,0.24523333333333333,1.035793650636261
2010-06-21 05:00:00,0.3585333333333333,1.0357580353000642
2010-06-21 06:00:00,0.2771666666666667,1.0357224199638673
2010-06-21 07:00:00,0.9789,1.0356868046276704
2010-06-21 08:00:00,1.4782666666666666,1.0356511892914735
2010-06-21 09:00:00,1.4552666666666667,1.0356155739552766
2010-06-21 10:00:00,1.2895333333333334,1.0355799586190797
2010-06-21 11:00:00,1.4134666666666669,1.0355443432828828
2010-06-21 12:00:00,1.1165999999999998,1.035508727946686
2010-06-21 13:00:00,0.6603,1.035473112610489
2010-06-21 14:00:00,1.5395,1.0354374972742921
2010-06-21 15:00:00,2.51,1.0354018819380952
2010-06-21 16:00:00,0.3795,1.0353662666018983
2010-06-21 17:00:00,1.3744,1.0353306512657015
2010-06-21 18:00:00,2.516233333333333,1.0352950359295046
2010-06-21 19:00:00,1.9449333333333334,1.0352594205933077
2010-06-21 20:00:00,1.8373333333333333,1.0352238052571108
2010-06-21 21:00:00,1.3321,1.0351881899209139
2010-06-21 22:00:00,2.334566666666667,1.035152574584717
2010-06-21 23:00:00,0.7242999999999999,1.03511695924852
2010-06-22 00:00:00,0.3347333333333333,1.0350813439123232
2010-06-22 01:00:00,0.27003333333333335,1.0350457285761263
2010-06-22 02:00:00,0.2868,1.0350101132399294
2010-06-22 03:00:00,0.27759999999999996,1.0349744979037325
2010-06-22 04:00:00,0.28636666666666666,1.0349388825675356
2010-06-22 05:00:00,0.25856666666666667,1.0349032672313387
2010-06-22 06:00:00,0.6382,1.0348676518951418
2010-06-22 07:00:00,2.0322,1.034832036558945
2010-06-22 08:00:00,1.7978666666666667,1.034796421222748
2010-06-22 09:00:00,1.8582,1.0347608058865512
2010-06-22 10:00:00,1.75,1.0347251905503543
2010-06-22 11:00:00,1.1740333333333335,1.0346895752141574
2010-06-22 12:00:00,0.6453666666666666,1.0346539598779605
2010-06-22 13:00:00,1.3182666666666667,1.0346183445417636
2010-06-22 14:00:00,0.8385666666666667,1.0345827292055667
2010-06-22 15:00:00,0.6611999999999999,1.0345471138693698
2010-06-22 16:00:00,0.45916666666666667,1.034511498533173
2010-06-22 17:00:00,2.0802666666666667,1.034475883196976
2010-06-22 18:00:00,1.5902,1.0344402678607791
2010-06-22 19:00:00,1.0886,1.0344046525245822
2010-06-22 20:00:00,1.0753333333333333,1.0343690371883854
2010-06-22 21:00:00,1.2507333333333333,1.0343334218521885
2010-06-22 22:00:00,2.2101333333333333,1.0342978065159916
2010-06-22 23:00:00,1.1606999999999998,1.0342621911797947
2010-06-23 00:00:00,0.30716666666666664,1.0342265758435978
2010-06-23 01:00:00,0.2552,1.034190960507401
2010-06-23 02:00:00,0.2894333333333333,1.034155345171204
2010-06-23 03:00:00,0.28409999999999996,1.034119729835007
2010-06-23 04:00:00,0.27876666666666666,1.0340841144988102
2010-06-23 05:00:00,0.2667333333333334,1.0340484991626133
2010-06-23 06:00:00,0.5191333333333333,1.0340128838264164
2010-06-23 07:00:00,1.5606,1.0339772684902195
2010-06-23 08:00:00,1.3921999999999999,1.0339416531540226
2010-06-23 09:00:00,1.4414333333333333,1.0339060378178258
2010-06-23 10:00:00,2.0485333333333333,1.0338704224816289
2010-06-23 11:00:00,1.5051333333333334,1.033834807145432
2010-06-23 12:00:00,1.2449000000000001,1.033799191809235
2010-06-23 13:00:00,0.2992,1.0337635764730382
2010-06-23 14:00:00,0.375,1.0337279611368413
2010-06-23 15:00:00,0.3711,1.0336923458006444
2010-06-23 16:00:00,0.3139,1.0336567304644475
2010-06-23 17:00:00,0.5547333333333333,1.0336211151282506
2010-06-23 18:00:00,1.7482666666666666,1.0335854997920537
2010-06-23 19:00:00,1.9592,1.0335498844558568
2010-06-23 20:00:00,1.2290666666666668,1.03351426911966
2010-06-23 21:00:00,3.9411,1.033478653783463
2010-06-23 22:00:00,1.4779000000000002,1.0334430384472661
2010-06-23 23:00:00,0.3716,1.0334074231110693
2010-06-24 00:00:00,0.3514,1.0333718077748724
2010-06-24 01:00:00,0.3404333333333333,1.0333361924386755
2010-06-24 02:00:00,0.4146,1.0333005771024786
2010-06-24 03:00:00,0.5252,1.0332649617662817
2010-06-24 04:00:00,0.7032666666666666,1.0332293464300848
2010-06-24 05:00:00,0.38776666666666665,1.033193731093888
2010-06-24 06:00:00,0.4235666666666667,1.033158115757691
2010-06-24 07:00:00,1.3824666666666667,1.0331225004214941
2010-06-24 08:00:00,1.7109333333333334,1.0330868850852972
2010-06-24 09:00:00,1.4129666666666667,1.0330512697491003
2010-06-24 10:00:00,0.9029666666666667,1.0330156544129034
2010-06-24 11:00:00,0.36943333333333334,1.0329800390767065
2010-06-24 12:00:00,0.3708666666666666,1.0329444237405097
2010-06-24 13:00:00,0.3719,1.0329088084043128
2010-06-24 14:00:00,0.32403333333333334,1.0328731930681159
2010-06-24 15:00:00,0.3697,1.032837577731919
2010-06-24 16:00:00,0.3358333333333333,1.032801962395722
2010-06-24 17:00:00,0.42543333333333333,1.0327663470595252
2010-06-24 18:00:00,0.6879000000000001,1.0327307317233283
2010-06-24 19:00:00,1.5256,1.0326951163871314
2010-06-24 20:00:00,1.2801,1.0326595010509345
2010-06-24 21:00:00,1.4406666666666665,1.0326238857147376
2010-06-24 22:00:00,1.8170666666666666,1.0325882703785407
2010-06-24 23:00:00,0.38889999999999997,1.0325526550423438
2010-06-25 00:00:00,0.2985666666666667,1.032517039706147
2010-06-25 01:00:00,0.30660000000000004,1.03248142436995
2010-06-25 02:00:00,0.2838333333333333,1.0324458090337532
2010-06-25 03:00:00,0.33946666666666664,1.0324101936975563
2010-06-25 04:00:00,0.33766666666666667,1.0323745783613594
2010-06-25 05:00:00,0.28426666666666667,1.0323389630251625
2010-06-25 06:00:00,1.0408666666666666,1.0323033476889656
2010-06-25 07:00:00,1.4192333333333333,1.0322677323527687
2010-06-25 08:00:00,1.1743333333333332,1.0322321170165718
2010-06-25 09:00:00,1.4962333333333333,1.032196501680375
2010-06-25 10:00:00,1.4313666666666665,1.032160886344178
2010-06-25 11:00:00,1.6219333333333334,1.0321252710079811
2010-06-25 12:00:00,1.9613666666666667,1.0320896556717842
2010-06-25 13:00:00,0.9724666666666667,1.0320540403355873
2010-06-25 14:00:00,0.28336666666666666,1.0320184249993904
2010-06-25 15:00:00,0.2704333333333333,1.0319828096631936
2010-06-25 16:00:00,0.3191333333333333,1.0319471943269967
2010-06-25 17:00:00,0.3674,1.0319115789907998
2010-06-25 18:00:00,0.2843666666666667,1.0318759636546029
2010-06-25 19:00:00,0.30556666666666665,1.031840348318406
2010-06-25 20:00:00,0.32926666666666665,1.031804732982209
2010-06-25 21:00:00,1.3311,1.0317691176460122
2010-06-25 22:00:00,1.4952666666666667,1.0317335023098153
2010-06-25 23:00:00,0.3698666666666667,1.0316978869736184
2010-06-26 00:00:00,0.36583333333333334,1.0316622716374215
2010-06-26 01:00:00,0.2876666666666667,1.0316266563012246
2010-06-26 02:00:00,0.29333333333333333,1.0315910409650277
2010-06-26 03:00:00,0.35933333333333334,1.0315554256288308
2010-06-26 04:00:00,0.3156,1.031519810292634
2010-06-26 05:00:00,0.8613666666666667,1.031484194956437
2010-06-26 06:00:00,0.4714333333333333,1.0314485796202402
2010-06-26 07:00:00,0.5001333333333333,1.0314129642840433
2010-06-26 08:00:00,0.32813333333333333,1.0313773489478464
2010-06-26 09:00:00,0.8945333333333333,1.0313417336116495
2010-06-26 10:00:00,1.8389333333333333,1.0313061182754526
2010-06-26 11:00:00,0.8350666666666666,1.0312705029392557
2010-06-26 12:00:00,1.445,1.0312348876030588
2010-06-26 13:00:00,1.0642333333333334,1.031199272266862
2010-06-26 14:00:00,0.4320333333333333,1.031163656930665
2010-06-26 15:00:00,0.43173333333333336,1.0311280415944681
2010-06-26 16:00:00,0.8637666666666667,1.0310924262582712
2010-06-26 17:00:00,1.4527666666666665,1.0310568109220744
2010-06-26 18:00:00,1.4154666666666667,1.0310211955858775
2010-06-26 19:00:00,0.3550666666666667,1.0309855802496806
2010-06-26 20:00:00,0.35446666666666665,1.0309499649134837
2010-06-26 21:00:00,0.3049666666666667,1.0309143495772868
2010-06-26 22:00:00,0.3474333333333333,1.03087873424109
2010-06-26 23:00:00,0.5420333333333333,1.030843118904893
2010-06-27 00:00:00,0.3531333333333333,1.030807503568696
2010-06-27 01:00:00,0.5367,1.0307718882324992
2010-06-27 02:00:00,0.8454666666666667,1.0307362728963023
2010-06-27 03:00:00,0.3637666666666667,1.0307006575601054
2010-06-27 04:00:00,0.30593333333333333,1.0306650422239085
2010-06-27 05:00:00,0.2873,1.0306294268877116
2010-06-27 06:00:00,0.32893333333333336,1.0305938115515147
2010-06-27 07:00:00,0.4841,1.0305581962153179
2010-06-27 08:00:00,0.33186666666666664,1.030522580879121
2010-06-27 09:00:00,1.5325333333333333,1.030486965542924
2010-06-27 10:00:00,1.0246,1.0304513502067272
2010-06-27 11:00:00,0.5531333333333334,1.0304157348705303
2010-06-27 12:00:00,1.0512000000000001,1.0303801195343334
2010-06-27 13:00:00,1.6409666666666667,1.0303445041981365
2010-06-27 14:00:00,1.5251333333333332,1.0303088888619396
2010-06-27 15:00:00,0.9024,1.0302732735257427
2010-06-27 16:00:00,0.8767666666666667,1.0302376581895458
2010-06-27 17:00:00,0.6095666666666666,1.030202042853349
2010-06-27 18:00:00,0.7713333333333333,1.030166427517152
2010-06-27 19:00:00,0.4264333333333334,1.0301308121809551
2010-06-27 20:00:00,0.3972333333333333,1.0300951968447583
2010-06-27 21:00:00,0.8347333333333332,1.0300595815085614
2010-06-27 22:00:00,2.066933333333333,1.0300239661723645
2010-06-27 23:00:00,0.9492333333333334,1.0299883508361676
2010-06-28 00:00:00,0.3528333333333334,1.0299527354999707
2010-06-28 01:00:00,0.35540000000000005,1.0299171201637738
2010-06-28 02:00:00,0.5648333333333333,1.029881504827577
2010-06-28 03:00:00,0.4832666666666667,1.02984588949138
2010-06-28 04:00:00,0.33380000000000004,1.0298102741551831
2010-06-28 05:00:00,0.3305,1.0297746588189862
2010-06-28 06:00:00,1.0942333333333332,1.0297390434827893
2010-06-28 07:00:00,1.4126333333333332,1.0297034281465924
2010-06-28 08:00:00,1.5397333333333334,1.0296678128103955
2010-06-28 09:00:00,1.0228333333333333,1.0296321974741987
2010-06-28 10:00:00,0.32566666666666666,1.0295965821380018
2010-06-28 11:00:00,0.9336666666666668,1.0295609668018049
2010-06-28 12:00:00,0.6584666666666668,1.029525351465608
2010-06-28 13:00:00,0.5480666666666667,1.029489736129411
2010-06-28 14:00:00,1.0419666666666667,1.0294541207932142
2010-06-28 15:00:00,1.6852000000000003,1.0294185054570173
2010-06-28 16:00:00,1.0549333333333333,1.0293828901208204
2010-06-28 17:00:00,1.6614333333333333,1.0293472747846235
2010-06-28 18:00:00,1.8102333333333334,1.0293116594484266
2010-06-28 19:00:00,1.3352,1.0292760441122297
2010-06-28 20:00:00,0.9758333333333333,1.0292404287760328
2010-06-28 21:00:00,1.1446666666666667,1.029204813439836
2010-06-28 22:00:00,1.7550999999999999,1.029169198103639
2010-06-28 23:00:00,2.1018333333333334,1.0291335827674422
2010-06-29 00:00:00,1.0073666666666667,1.0290979674312453
2010-06-29 01:00:00,0.6357,1.0290623520950484
2010-06-29 02:00:00,0.3406,1.0290267367588515
2010-06-29 03:00:00,0.3275,1.0289911214226546
2010-06-29 04:00:00,0.39936666666666665,1.0289555060864577
2010-06-29 05:00:00,0.4139,1.0289198907502608
2010-06-29 06:00:00,0.4432,1.028884275414064
2010-06-29 07:00:00,1.1240666666666668,1.028848660077867
2010-06-29 08:00:00,1.8220666666666667,1.0288130447416701
2010-06-29 09:00:00,1.6043666666666667,1.0287774294054732
2010-06-29 10:00:00,1.9202666666666666,1.0287418140692763
2010-06-29 11:00:00,0.8169000000000001,1.0287061987330794
2010-06-29 12:00:00,0.5117666666666667,1.0286705833968826
2010-06-29 13:00:00,0.9936,1.0286349680606857
2010-06-29 14:00:00,0.9509333333333333,1.0285993527244888
2010-06-29 15:00:00,0.40053333333333335,1.0285637373882919
2010-06-29 16:00:00,0.5975833333333334,1.028528122052095
2010-06-29 17:00:00,1.2671,1.028492506715898
2010-06-29 18:00:00,0.7644666666666667,1.0284568913797012
2010-06-29 19:00:00,0.9423666666666667,1.0284212760435043
2010-06-29 20:00:00,1.0328666666666666,1.0283856607073074
2010-06-29 21:00:00,1.7192333333333332,1.0283500453711105
2010-06-29 22:00:00,2.3194999999999997,1.0283144300349136
2010-06-29 23:00:00,0.45380000000000004,1.0282788146987167
2010-06-30 00:00:00,0.3440333333333333,1.0282431993625198
2010-06-30 01:00:00,0.46026666666666666,1.028207584026323
2010-06-30 02:00:00,0.6691,1.028171968690126
2010-06-30 03:00:00,0.31306666666666666,1.0281363533539292
2010-06-30 04:00:00,0.29353333333333337,1.0281007380177323
2010-06-30 05:00:00,0.9467333333333333,1.0280651226815354
2010-06-30 06:00:00,0.5382666666666667,1.0280295073453385
2010-06-30 07:00:00,1.0615333333333334,1.0279938920091416
2010-06-30 08:00:00,1.1931666666666667,1.0279582766729447
2010-06-30 09:00:00,0.3685333333333334,1.0279226613367478
2010-06-30 10:00:00,0.3090333333333334,1.027887046000551
2010-06-30 11:00:00,0.6882,1.027851430664354
2010-06-30 12:00:00,1.1751333333333334,1.0278158153281571
2010-06-30 13:00:00,1.3315,1.0277801999919602
2010-06-30 14:00:00,1.4013,1.0277445846557633
2010-06-30 15:00:00,1.0394333333333334,1.0277089693195665
2010-06-30 16:00:00,0.6396333333333334,1.0276733539833696
2010-06-30 17:00:00,1.4037333333333335,1.0276377386471727
2010-06-30 18:00:00,1.3373333333333333,1.0276021233109758
2010-06-30 19:00:00,1.2917333333333334,1.0275665079747789
2010-06-30 20:00:00,1.1515,1.027530892638582
2010-06-30 21:00:00,1.4090666666666667,1.027495277302385
2010-06-30 22:00:00,1.6365,1.0274596619661882
2010-06-30 23:00:00,2.0666,1.0274240466299913
2010-07-01 00:00:00,3.3290333333333333,1.0273884312937944
2010-07-01 01:00:00,0.8670000000000001,1.0273528159575975
2010-07-01 02:00:00,0.3796,1.0273172006214006
2010-07-01 03:00:00,0.3791333333333334,1.0272815852852037
2010-07-01 04:00:00,0.4200666666666667,1.0272459699490069
2010-07-01 05:00:00,0.4192,1.02721035461281
2010-07-01 06:00:00,0.41146666666666665,1.027174739276613
2010-07-01 07:00:00,0.3750666666666667,1.0271391239404162
2010-07-01 08:00:00,0.4297333333333333,1.0271035086042193
2010-07-01 09:00:00,0.47473333333333334,1.0270678932680224
2010-07-01 10:00:00,1.4757333333333333,1.0270322779318255
2010-07-01 11:00:00,1.5003333333333333,1.0269966625956286
2010-07-01 12:00:00,1.5219333333333334,1.0269610472594317
2010-07-01 13:00:00,1.1035,1.0269254319232348
2010-07-01 14:00:00,1.0868666666666666,1.026889816587038
2010-07-01 15:00:00,1.1505666666666667,1.026854201250841
2010-07-01 16:00:00,1.2556,1.0268185859146441
2010-07-01 17:00:00,0.9757666666666667,1.0267829705784473
2010-07-01 18:00:00,1.3625666666666667,1.0267473552422504
2010-07-01 19:00:00,0.4723,1.0267117399060535
2010-07-01 20:00:00,0.48236666666666667,1.0266761245698566
2010-07-01 21:00:00,0.7201333333333333,1.0266405092336597
2010-07-01 22:00:00,1.0432666666666668,1.0266048938974628
2010-07-01 23:00:00,0.8474,1.026569278561266
2010-07-02 00:00:00,1.3977333333333335,1.026533663225069
2010-07-02 01:00:00,0.5759000000000001,1.0264980478888721
2010-07-02 02:00:00,0.5209333333333334,1.0264624325526752
2010-07-02 03:00:00,1.6122,1.0264268172164783
2010-07-02 04:00:00,1.1038999999999999,1.0263912018802814
2010-07-02 05:00:00,0.8480666666666666,1.0263555865440845
2010-07-02 06:00:00,0.42473333333333335,1.0263199712078876
2010-07-02 07:00:00,0.43843333333333334,1.0262843558716908
2010-07-02 08:00:00,0.4290333333333333,1.0262487405354939
2010-07-02 09:00:00,0.38656666666666667,1.026213125199297
2010-07-02 10:00:00,0.4653333333333334,1.0261775098631
2010-07-02 11:00:00,1.0549,1.0261418945269032
2010-07-02 12:00:00,0.6608666666666667,1.0261062791907063
2010-07-02 13:00:00,0.4926666666666667,1.0260706638545094
2010-07-02 14:00:00,0.8083333333333333,1.0260350485183125
2010-07-02 15:00:00,0.6436666666666666,1.0259994331821156
2010-07-02 16:00:00,1.1452333333333333,1.0259638178459187
2010-07-02 17:00:00,0.5032333333333333,1.0259282025097218
2010-07-02 18:00:00,0.6059333333333333,1.025892587173525
2010-07-02 19:00:00,1.4792333333333334,1.025856971837328
2010-07-02 20:00:00,1.5087333333333333,1.0258213565011312
2010-07-02 21:00:00,1.1102666666666667,1.0257857411649343
2010-07-02 22:00:00,0.40776666666666667,1.0257501258287374
2010-07-02 23:00:00,0.3918,1.0257145104925405
2010-07-03 00:00:00,0.4521,1.0256788951563436
2010-07-03 01:00:00,0.5862999999999999,1.0256432798201467
2010-07-03 02:00:00,1.4909333333333334,1.0256076644839498
2010-07-03 03:00:00,0.7368,1.025572049147753
2010-07-03 04:00:00,0.3784,1.025536433811556
2010-07-03 05:00:00,0.47756666666666664,1.0255008184753591
2010-07-03 06:00:00,0.5012666666666666,1.0254652031391622
2010-07-03 07:00:00,1.1276333333333333,1.0254295878029653
2010-07-03 08:00:00,0.3893333333333333,1.0253939724667684
2010-07-03 09:00:00,0.4175333333333333,1.0253583571305716
2010-07-03 10:00:00,0.4408666666666667,1.0253227417943747
2010-07-03 11:00:00,0.6991666666666667,1.0252871264581778
2010-07-03 12:00:00,0.7494666666666667,1.0252515111219809
2010-07-03 13:00:00,0.5087333333333334,1.025215895785784
2010-07-03 14:00:00,0.4639333333333333,1.025180280449587
2010-07-03 15:00:00,0.40696666666666664,1.0251446651133902
2010-07-03 16:00:00,0.37853333333333333,1.0251090497771933
2010-07-03 17:00:00,0.4646,1.0250734344409964
2010-07-03 18:00:00,1.0288333333333335,1.0250378191047995
2010-07-03 19:00:00,1.0130000000000001,1.0250022037686026
2010-07-03 20:00:00,1.2177,1.0249665884324057
2010-07-03 21:00:00,1.1374,1.0249309730962088
2010-07-03 22:00:00,1.7139,1.024895357760012
2010-07-03 23:00:00,1.8869333333333331,1.024859742423815
2010-07-04 00:00:00,1.8255000000000001,1.0248241270876182
2010-07-04 01:00:00,1.6224999999999998,1.0247885117514213
2010-07-04 02:00:00,1.8090333333333333,1.0247528964152244
2010-07-04 03:00:00,1.7240666666666666,1.0247172810790275
2010-07-04 04:00:00,1.6306666666666667,1.0246816657428306
2010-07-04 05:00:00,1.5546333333333335,1.0246460504066337
2010-07-04 06:00:00,1.5591333333333333,1.0246104350704368
2010-07-04 07:00:00,2.219133333333333,1.02457481973424
2010-07-04 08:00:00,1.3801999999999999,1.024539204398043
2010-07-04 09:00:00,1.2342,1.0245035890618461
2010-07-04 10:00:00,1.5536999999999999,1.0244679737256492
2010-07-04 11:00:00,1.2277666666666667,1.0244323583894523
2010-07-04 12:00:00,0.2969333333333333,1.0243967430532555
2010-07-04 13:00:00,0.3886,1.0243611277170586
2010-07-04 14:00:00,0.3716,1.0243255123808617
2010-07-04 15:00:00,0.3176,1.0242898970446648
2010-07-04 16:00:00,0.31183333333333335,1.0242542817084679
2010-07-04 17:00:00,0.37296666666666667,1.024218666372271
2010-07-04 18:00:00,0.39189999999999997,1.024183051036074
2010-07-04 19:00:00,0.3047666666666667,1.0241474356998772
2010-07-04 20:00:00,0.4307666666666667,1.0241118203636803
2010-07-04 21:00:00,1.3955,1.0240762050274834
2010-07-04 22:00:00,0.8329333333333333,1.0240405896912865
2010-07-04 23:00:00,0.8788666666666667,1.0240049743550896
2010-07-05 00:00:00,0.4110333333333333,1.0239693590188927
2010-07-05 01:00:00,0.3940666666666666,1.0239337436826959
2010-07-05 02:00:00,0.3426666666666666,1.023898128346499
2010-07-05 03:00:00,0.3401666666666667,1.023862513010302
2010-07-05 04:00:00,0.3796333333333333,1.0238268976741052
2010-07-05 05:00:00,0.35413333333333336,1.0237912823379083
2010-07-05 06:00:00,0.3179,1.0237556670017114
2010-07-05 07:00:00,0.7785,1.0237200516655145
2010-07-05 08:00:00,1.0759666666666665,1.0236844363293176
2010-07-05 09:00:00,0.34773333333333334,1.0236488209931207
2010-07-05 10:00:00,0.29900000000000004,1.0236132056569238
2010-07-05 11:00:00,0.3343666666666667,1.023577590320727
2010-07-05 12:00:00,0.6037333333333332,1.02354197498453
2010-07-05 13:00:00,0.5895333333333334,1.0235063596483331
2010-07-05 14:00:00,1.2709666666666666,1.0234707443121362
2010-07-05 15:00:00,1.4741666666666666,1.0234351289759394
2010-07-05 16:00:00,1.2203000000000002,1.0233995136397425
2010-07-05 17:00:00,0.30566666666666664,1.0233638983035456
2010-07-05 18:00:00,0.3173666666666667,1.0233282829673487
2010-07-05 19:00:00,0.9813666666666666,1.0232926676311518
2010-07-05 20:00:00,1.3027000000000002,1.023257052294955
2010-07-05 21:00:00,1.8712333333333333,1.023221436958758
2010-07-05 22:00:00,1.7087,1.023185821622561
2010-07-05 23:00:00,1.5456,1.0231502062863642
2010-07-06 00:00:00,0.6281666666666667,1.0231145909501673
2010-07-06 01:00:00,0.31930000000000003,1.0230789756139704
2010-07-06 02:00:00,0.36696666666666666,1.0230433602777735
2010-07-06 03:00:00,0.3574,1.0230077449415766
2010-07-06 04:00:00,0.2714,1.0229721296053798
2010-07-06 05:00:00,0.3137,1.0229365142691829
2010-07-06 06:00:00,0.35863333333333336,1.022900898932986
2010-07-06 07:00:00,1.2641,1.022865283596789
2010-07-06 08:00:00,1.3883333333333332,1.0228296682605922
2010-07-06 09:00:00,1.3818666666666668,1.0227940529243953
2010-07-06 10:00:00,1.3678333333333332,1.0227584375881984
2010-07-06 11:00:00,0.2816,1.0227228222520015
2010-07-06 12:00:00,0.32903333333333334,1.0226872069158046
2010-07-06 13:00:00,0.6975,1.0226515915796077
2010-07-06 14:00:00,0.7371666666666666,1.0226159762434108
2010-07-06 15:00:00,0.5567,1.022580360907214
2010-07-06 16:00:00,0.7087666666666667,1.022544745571017
2010-07-06 17:00:00,0.5396,1.0225091302348202
2010-07-06 18:00:00,0.5713666666666667,1.0224735148986233
2010-07-06 19:00:00,1.2738,1.0224378995624264
2010-07-06 20:00:00,1.5307666666666668,1.0224022842262295
2010-07-06 21:00:00,0.7395333333333334,1.0223666688900326
2010-07-06 22:00:00,0.312,1.0223310535538357
2010-07-06 23:00:00,0.4700333333333333,1.0222954382176388
2010-07-07 00:00:00,0.383,1.022259822881442
2010-07-07 01:00:00,0.6799,1.022224207545245
2010-07-07 02:00:00,0.31396666666666667,1.0221885922090481
2010-07-07 03:00:00,0.38383333333333336,1.0221529768728512
2010-07-07 04:00:00,0.2915,1.0221173615366543
2010-07-07 05:00:00,0.28723333333333334,1.0220817462004574
2010-07-07 06:00:00,0.9415,1.0220461308642605
2010-07-07 07:00:00,0.3096666666666667,1.0220105155280637
2010-07-07 08:00:00,1.0060666666666667,1.0219749001918668
2010-07-07 09:00:00,0.3377,1.0219392848556699
2010-07-07 10:00:00,0.3157666666666667,1.021903669519473
2010-07-07 11:00:00,0.33836666666666665,1.021868054183276
2010-07-07 12:00:00,0.5030666666666667,1.0218324388470792
2010-07-07 13:00:00,0.5468333333333334,1.0217968235108823
2010-07-07 14:00:00,1.4143666666666665,1.0217612081746854
2010-07-07 15:00:00,0.8498333333333333,1.0217255928384885
2010-07-07 16:00:00,0.32593333333333335,1.0216899775022916
2010-07-07 17:00:00,0.37283333333333335,1.0216543621660947
2010-07-07 18:00:00,0.34276666666666666,1.0216187468298978
2010-07-07 19:00:00,0.6080000000000001,1.021583131493701
2010-07-07 20:00:00,1.4613666666666667,1.021547516157504
2010-07-07 21:00:00,0.6147333333333334,1.0215119008213072
2010-07-07 22:00:00,0.9587,1.0214762854851103
2010-07-07 23:00:00,0.3262,1.0214406701489134
2010-07-08 00:00:00,0.4078666666666667,1.0214050548127165
2010-07-08 01:00:00,0.5067333333333334,1.0213694394765196
2010-07-08 02:00:00,0.3347333333333333,1.0213338241403227
2010-07-08 03:00:00,0.3299333333333333,1.0212982088041258
2010-07-08 04:00:00,0.3731,1.021262593467929
2010-07-08 05:00:00,0.3252666666666667,1.021226978131732
2010-07-08 06:00:00,0.5512,1.0211913627955351
2010-07-08 07:00:00,1.5392333333333332,1.0211557474593382
2010-07-08 08:00:00,1.1991666666666667,1.0211201321231413
2010-07-08 09:00:00,0.29600000000000004,1.0210845167869445
2010-07-08 10:00:00,0.49923333333333336,1.0210489014507476
2010-07-08 11:00:00,0.36466666666666664,1.0210132861145507
2010-07-08 12:00:00,0.3126,1.0209776707783538
2010-07-08 13:00:00,1.0795,1.0209420554421569
2010-07-08 14:00:00,1.8475333333333335,1.02090644010596
2010-07-08 15:00:00,0.8857,1.020870824769763
2010-07-08 16:00:00,1.6610666666666667,1.0208352094335662
2010-07-08 17:00:00,0.3451,1.0207995940973693
2010-07-08 18:00:00,0.5311666666666667,1.0207639787611724
2010-07-08 19:00:00,0.6069,1.0207283634249755
2010-07-08 20:00:00,1.9543,1.0206927480887786
2010-07-08 21:00:00,1.2891666666666666,1.0206571327525817
2010-07-08 22:00:00,1.6950666666666665,1.0206215174163848
2010-07-08 23:00:00,1.2756333333333332,1.020585902080188
2010-07-09 00:00:00,1.3633666666666668,1.020550286743991
2010-07-09 01:00:00,0.4203333333333334,1.0205146714077942
2010-07-09 02:00:00,0.5332333333333333,1.0204790560715973
2010-07-09 03:00:00,0.42613333333333336,1.0204434407354004
2010-07-09 04:00:00,0.46773333333333333,1.0204078253992035
2010-07-09 05:00:00,0.6376000000000001,1.0203722100630066
2010-07-09 06:00:00,0.9163333333333334,1.0203365947268097
2010-07-09 07:00:00,1.0592666666666668,1.0203009793906128
2010-07-09 08:00:00,0.6099333333333334,1.020265364054416
2010-07-09 09:00:00,0.647,1.020229748718219
2010-07-09 10:00:00,0.8553999999999999,1.0201941333820221
2010-07-09 11:00:00,0.47119999999999995,1.0201585180458252
2010-07-09 12:00:00,0.5798,1.0201229027096284
2010-07-09 13:00:00,1.2016666666666667,1.0200872873734315
2010-07-09 14:00:00,0.6756333333333333,1.0200516720372346
2010-07-09 15:00:00,0.6049666666666667,1.0200160567010377
2010-07-09 16:00:00,0.6314666666666666,1.0199804413648408
2010-07-09 17:00:00,0.5037333333333334,1.019944826028644
2010-07-09 18:00:00,0.5893666666666667,1.019909210692447
2010-07-09 19:00:00,0.5372333333333333,1.01987359535625
2010-07-09 20:00:00,0.9611333333333333,1.0198379800200532
2010-07-09 21:00:00,0.5999666666666666,1.0198023646838563
2010-07-09 22:00:00,1.4650333333333334,1.0197667493476594
2010-07-09 23:00:00,1.3004333333333333,1.0197311340114625
2010-07-10 00:00:00,0.6412666666666667,1.0196955186752656
2010-07-10 01:00:00,0.4046666666666667,1.0196599033390688
2010-07-10 02:00:00,0.41859999999999997,1.0196242880028719
2010-07-10 03:00:00,1.1348333333333334,1.019588672666675
2010-07-10 04:00:00,0.3836333333333333,1.019553057330478
2010-07-10 05:00:00,0.3547,1.0195174419942812
2010-07-10 06:00:00,0.3516333333333333,1.0194818266580843
2010-07-10 07:00:00,0.3391,1.0194462113218874
2010-07-10 08:00:00,0.5166333333333334,1.0194105959856905
2010-07-10 09:00:00,1.9883333333333333,1.0193749806494936
2010-07-10 10:00:00,1.0447,1.0193393653132967
2010-07-10 11:00:00,0.4861333333333333,1.0193037499770998
2010-07-10 12:00:00,0.4169333333333334,1.019268134640903
2010-07-10 13:00:00,1.5450666666666666,1.019232519304706
2010-07-10 14:00:00,2.083,1.0191969039685091
2010-07-10 15:00:00,1.4356333333333333,1.0191612886323123
2010-07-10 16:00:00,0.8566333333333334,1.0191256732961154
2010-07-10 17:00:00,0.8923,1.0190900579599185
2010-07-10 18:00:00,0.43693333333333334,1.0190544426237216
2010-07-10 19:00:00,0.8882333333333334,1.0190188272875247
2010-07-10 20:00:00,1.1920333333333335,1.0189832119513278
2010-07-10 21:00:00,0.43083333333333335,1.018947596615131
2010-07-10 22:00:00,0.6331666666666667,1.018911981278934
2010-07-10 23:00:00,0.36673333333333336,1.0188763659427371
2010-07-11 00:00:00,0.34796666666666665,1.0188407506065402
2010-07-11 01:00:00,0.4298666666666667,1.0188051352703433
2010-07-11 02:00:00,0.4083,1.0187695199341464
2010-07-11 03:00:00,0.3611666666666667,1.0187339045979495
2010-07-11 04:00:00,0.3423333333333333,1.0186982892617527
2010-07-11 05:00:00,0.5,1.0186626739255558
2010-07-11 06:00:00,0.7577666666666667,1.0186270585893589
2010-07-11 07:00:00,0.33693333333333336,1.018591443253162
2010-07-11 08:00:00,0.5106666666666667,1.018555827916965
2010-07-11 09:00:00,0.4597333333333333,1.0185202125807682
2010-07-11 10:00:00,1.5354333333333334,1.0184845972445713
2010-07-11 11:00:00,1.4741333333333333,1.0184489819083744
2010-07-11 12:00:00,0.6861666666666667,1.0184133665721775
2010-07-11 13:00:00,0.7594666666666666,1.0183777512359806
2010-07-11 14:00:00,0.4771,1.0183421358997837
2010-07-11 15:00:00,0.5211333333333333,1.0183065205635868
2010-07-11 16:00:00,0.6413,1.01827090522739
2010-07-11 17:00:00,0.6000666666666666,1.018235289891193
2010-07-11 18:00:00,0.7756000000000001,1.0181996745549962
2010-07-11 19:00:00,1.9487333333333334,1.0181640592187993
2010-07-11 20:00:00,0.6913666666666667,1.0181284438826024
2010-07-11 21:00:00,0.9413666666666667,1.0180928285464055
2010-07-11 22:00:00,1.7914999999999999,1.0180572132102086
2010-07-11 23:00:00,2.5947666666666667,1.0180215978740117
2010-07-12 00:00:00,1.1005333333333334,1.0179859825378148
2010-07-12 01:00:00,0.3849,1.017950367201618
2010-07-12 02:00:00,0.46873333333333334,1.017914751865421
2010-07-12 03:00:00,0.34106666666666663,1.0178791365292241
2010-07-12 04:00:00,0.3625333333333333,1.0178435211930272
2010-07-12 05:00:00,0.3721333333333333,1.0178079058568303
2010-07-12 06:00:00,0.5445,1.0177722905206334
2010-07-12 07:00:00,0.8365333333333334,1.0177366751844366
2010-07-12 08:00:00,0.9442333333333334,1.0177010598482397
2010-07-12 09:00:00,0.6023999999999999,1.0176654445120428
2010-07-12 10:00:00,0.7591666666666667,1.0176298291758459
2010-07-12 11:00:00,0.6285333333333334,1.017594213839649
2010-07-12 12:00:00,0.7223,1.017558598503452
2010-07-12 13:00:00,0.6212666666666667,1.0175229831672552
2010-07-12 14:00:00,0.5216333333333333,1.0174873678310583
2010-07-12 15:00:00,0.5429333333333334,1.0174517524948614
2010-07-12 16:00:00,0.3530333333333333,1.0174161371586645
2010-07-12 17:00:00,1.1606999999999998,1.0173805218224676
2010-07-12 18:00:00,0.6884333333333333,1.0173449064862707
2010-07-12 19:00:00,0.5361999999999999,1.0173092911500738
2010-07-12 20:00:00,1.5040666666666667,1.017273675813877
2010-07-12 21:00:00,1.9975666666666667,1.01723806047768
2010-07-12 22:00:00,1.8635666666666668,1.0172024451414832
2010-07-12 23:00:00,0.6359333333333334,1.0171668298052863
2010-07-13 00:00:00,0.3786,1.0171312144690894
2010-07-13 01:00:00,0.4357666666666667,1.0170955991328925
2010-07-13 02:00:00,0.33016666666666666,1.0170599837966956
2010-07-13 03:00:00,0.3643,1.0170243684604987
2010-07-13 04:00:00,0.4013,1.0169887531243018
2010-07-13 05:00:00,0.3899666666666667,1.016953137788105
2010-07-13 06:00:00,0.39246666666666663,1.016917522451908
2010-07-13 07:00:00,1.1433333333333333,1.0168819071157111
2010-07-13 08:00:00,1.6144333333333334,1.0168462917795142
2010-07-13 09:00:00,1.7105333333333335,1.0168106764433174
2010-07-13 10:00:00,0.6229333333333333,1.0167750611071205
2010-07-13 11:00:00,0.6011333333333333,1.0167394457709236
2010-07-13 12:00:00,0.5738666666666667,1.0167038304347267
2010-07-13 13:00:00,1.4215000000000002,1.0166682150985298
2010-07-13 14:00:00,1.7366666666666668,1.016632599762333
2010-07-13 15:00:00,1.0986,1.016596984426136
2010-07-13 16:00:00,0.49313333333333337,1.016561369089939
2010-07-13 17:00:00,0.4898666666666667,1.0165257537537422
2010-07-13 18:00:00,1.0689666666666668,1.0164901384175453
2010-07-13 19:00:00,1.3580666666666665,1.0164545230813484
2010-07-13 20:00:00,1.5689,1.0164189077451515
2010-07-13 21:00:00,2.114333333333333,1.0163832924089546
2010-07-13 22:00:00,1.8494666666666668,1.0163476770727577
2010-07-13 23:00:00,0.8769333333333333,1.0163120617365609
2010-07-14 00:00:00,0.49716666666666665,1.016276446400364
2010-07-14 01:00:00,0.6503,1.016240831064167
2010-07-14 02:00:00,0.4663,1.0162052157279702
2010-07-14 03:00:00,0.35323333333333334,1.0161696003917733
2010-07-14 04:00:00,0.3952666666666667,1.0161339850555764
2010-07-14 05:00:00,0.38026666666666664,1.0160983697193795
2010-07-14 06:00:00,0.45530000000000004,1.0160627543831826
2010-07-14 07:00:00,0.9360666666666667,1.0160271390469857
2010-07-14 08:00:00,0.6037,1.0159915237107888
2010-07-14 09:00:00,0.5776333333333333,1.015955908374592
2010-07-14 10:00:00,0.4976333333333333,1.015920293038395
2010-07-14 11:00:00,1.0361333333333334,1.0158846777021981
2010-07-14 12:00:00,1.1338000000000001,1.0158490623660013
2010-07-14 13:00:00,1.2403333333333333,1.0158134470298044
2010-07-14 14:00:00,1.4386666666666665,1.0157778316936075
2010-07-14 15:00:00,1.0747666666666666,1.0157422163574106
2010-07-14 16:00:00,0.525,1.0157066010212137
2010-07-14 17:00:00,0.4873333333333333,1.0156709856850168
2010-07-14 18:00:00,0.5254,1.01563537034882
2010-07-14 19:00:00,0.7665666666666666,1.015599755012623
2010-07-14 20:00:00,0.9316333333333333,1.0155641396764261
2010-07-14 21:00:00,2.280733333333333,1.0155285243402292
2010-07-14 22:00:00,3.1088666666666667,1.0154929090040323
2010-07-14 23:00:00,3.1291,1.0154572936678354
2010-07-15 00:00:00,2.553166666666667,1.0154216783316385
2010-07-15 01:00:00,1.3841333333333334,1.0153860629954417
2010-07-15 02:00:00,1.2592333333333334,1.0153504476592448
2010-07-15 03:00:00,0.8019333333333333,1.0153148323230479
2010-07-15 04:00:00,0.8353666666666667,1.015279216986851
2010-07-15 05:00:00,0.7728,1.015243601650654
2010-07-15 06:00:00,0.8113333333333334,1.0152079863144572
2010-07-15 07:00:00,0.8101333333333333,1.0151723709782603
2010-07-15 08:00:00,1.2321666666666669,1.0151367556420634
2010-07-15 09:00:00,1.9920666666666667,1.0151011403058665
2010-07-15 10:00:00,1.1026666666666667,1.0150655249696696
2010-07-15 11:00:00,1.1862,1.0150299096334727
2010-07-15 12:00:00,0.5487666666666667,1.0149942942972758
2010-07-15 13:00:00,0.5031,1.014958678961079
2010-07-15 14:00:00,0.9092833333333333,1.014923063624882
2010-07-15 15:00:00,1.8799,1.0148874482886852
2010-07-15 16:00:00,1.1058999999999999,1.0148518329524883
2010-07-15 17:00:00,0.5337,1.0148162176162914
2010-07-15 18:00:00,0.5462,1.0147806022800945
2010-07-15 19:00:00,0.5149666666666667,1.0147449869438976
2010-07-15 20:00:00,0.5238333333333334,1.0147093716077007
2010-07-15 21:00:00,1.7314,1.0146737562715038
2010-07-15 22:00:00,2.3951333333333333,1.014638140935307
2010-07-15 23:00:00,1.3301666666666667,1.01460252559911
2010-07-16 00:00:00,0.7512000000000001,1.0145669102629131
2010-07-16 01:00:00,0.5985333333333334,1.0145312949267162
2010-07-16 02:00:00,0.397,1.0144956795905193
2010-07-16 03:00:00,0.4656666666666667,1.0144600642543224
2010-07-16 04:00:00,0.33076666666666665,1.0144244489181256
2010-07-16 05:00:00,0.27890000000000004,1.0143888335819287
2010-07-16 06:00:00,0.35419999999999996,1.0143532182457318
2010-07-16 07:00:00,0.2783666666666667,1.0143176029095349
2010-07-16 08:00:00,0.7949333333333333,1.014281987573338
2010-07-16 09:00:00,0.7357333333333334,1.014246372237141
2010-07-16 10:00:00,0.5718,1.0142107569009442
2010-07-16 11:00:00,0.30183333333333334,1.0141751415647473
2010-07-16 12:00:00,0.3291,1.0141395262285504
2010-07-16 13:00:00,0.632,1.0141039108923535
2010-07-16 14:00:00,0.6921,1.0140682955561566
2010-07-16 15:00:00,1.3841999999999999,1.0140326802199597
2010-07-16 16:00:00,0.5669333333333333,1.0139970648837628
2010-07-16 17:00:00,0.3144666666666666,1.013961449547566
2010-07-16 18:00:00,0.2937333333333333,1.013925834211369
2010-07-16 19:00:00,0.3465666666666667,1.0138902188751722
2010-07-16 20:00:00,0.2785,1.0138546035389753
2010-07-16 21:00:00,0.9086000000000001,1.0138189882027784
2010-07-16 22:00:00,1.1646,1.0137833728665815
2010-07-16 23:00:00,0.8978666666666667,1.0137477575303846
2010-07-17 00:00:00,0.8313,1.0137121421941877
2010-07-17 01:00:00,1.0189333333333335,1.0136765268579908
2010-07-17 02:00:00,1.0147,1.013640911521794
2010-07-17 03:00:00,0.3171,1.013605296185597
2010-07-17 04:00:00,0.3345,1.0135696808494001
2010-07-17 05:00:00,0.30419999999999997,1.0135340655132032
2010-07-17 06:00:00,0.3211333333333333,1.0134984501770063
2010-07-17 07:00:00,0.31176666666666664,1.0134628348408095
2010-07-17 08:00:00,0.4137,1.0134272195046126
2010-07-17 09:00:00,1.3840666666666666,1.0133916041684157
2010-07-17 10:00:00,1.3928666666666667,1.0133559888322188
2010-07-17 11:00:00,0.3967,1.0133203734960219
2010-07-17 12:00:00,0.3141,1.013284758159825
2010-07-17 13:00:00,0.25033333333333335,1.013249142823628
2010-07-17 14:00:00,0.30243333333333333,1.0132135274874312
2010-07-17 15:00:00,0.29786666666666667,1.0131779121512343
2010-07-17 16:00:00,0.32016666666666665,1.0131422968150374
2010-07-17 17:00:00,0.29406666666666664,1.0131066814788405
2010-07-17 18:00:00,0.30396666666666666,1.0130710661426436
2010-07-17 19:00:00,0.3233,1.0130354508064467
2010-07-17 20:00:00,1.0122666666666666,1.0129998354702499
2010-07-17 21:00:00,0.6904333333333333,1.012964220134053
2010-07-17 22:00:00,0.7294,1.012928604797856
2010-07-17 23:00:00,0.5599000000000001,1.0128929894616592
2010-07-18 00:00:00,0.4363,1.0128573741254623
2010-07-18 01:00:00,0.40036666666666665,1.0128217587892654
2010-07-18 02:00:00,0.332,1.0127861434530685
2010-07-18 03:00:00,0.5937333333333333,1.0127505281168716
2010-07-18 04:00:00,0.21686666666666668,1.0127149127806747
2010-07-18 05:00:00,0.316,1.0126792974444778
2010-07-18 06:00:00,0.2955666666666667,1.012643682108281
2010-07-18 07:00:00,1.1619666666666668,1.012608066772084
2010-07-18 08:00:00,0.3011666666666667,1.0125724514358871
2010-07-18 09:00:00,0.31216666666666665,1.0125368360996903
2010-07-18 10:00:00,0.23963333333333334,1.0125012207634934
2010-07-18 11:00:00,0.28513333333333335,1.0124656054272965
2010-07-18 12:00:00,0.3173666666666667,1.0124299900910996
2010-07-18 13:00:00,0.2658,1.0123943747549027
2010-07-18 14:00:00,0.3264333333333333,1.0123587594187058
2010-07-18 15:00:00,0.22990000000000002,1.012323144082509
2010-07-18 16:00:00,0.29446666666666665,1.012287528746312
2010-07-18 17:00:00,0.2893,1.0122519134101151
2010-07-18 18:00:00,0.9191,1.0122162980739182
2010-07-18 19:00:00,1.2330666666666665,1.0121806827377213
2010-07-18 20:00:00,1.1449333333333334,1.0121450674015244
2010-07-18 21:00:00,1.0483,1.0121094520653275
2010-07-18 22:00:00,1.0921666666666667,1.0120738367291306
2010-07-18 23:00:00,1.4822333333333333,1.0120382213929338
2010-07-19 00:00:00,0.3711,1.0120026060567369
2010-07-19 01:00:00,0.27516666666666667,1.01196699072054
2010-07-19 02:00:00,0.2828666666666667,1.011931375384343
2010-07-19 03:00:00,0.28873333333333334,1.0118957600481462
2010-07-19 04:00:00,0.3172666666666667,1.0118601447119493
2010-07-19 05:00:00,0.3062666666666667,1.0118245293757524
2010-07-19 06:00:00,0.9814666666666666,1.0117889140395555
2010-07-19 07:00:00,0.5998666666666667,1.0117532987033586
2010-07-19 08:00:00,0.2998,1.0117176833671617
2010-07-19 09:00:00,0.30093333333333333,1.0116820680309648
2010-07-19 10:00:00,0.34926666666666667,1.011646452694768
2010-07-19 11:00:00,0.32420000000000004,1.011610837358571
2010-07-19 12:00:00,0.21,1.0115752220223742
2010-07-19 13:00:00,0.39103333333333334,1.0115396066861773
2010-07-19 14:00:00,0.34636666666666666,1.0115039913499804
2010-07-19 15:00:00,0.5119,1.0114683760137835
2010-07-19 16:00:00,0.409,1.0114327606775866
2010-07-19 17:00:00,1.0613,1.0113971453413897
2010-07-19 18:00:00,1.3475,1.0113615300051928
2010-07-19 19:00:00,1.4029999999999998,1.011325914668996
2010-07-19 20:00:00,0.37133333333333335,1.011290299332799
2010-07-19 21:00:00,0.3825,1.0112546839966021
2010-07-19 22:00:00,1.2311,1.0112190686604052
2010-07-19 23:00:00,0.9906666666666666,1.0111834533242083
2010-07-20 00:00:00,0.4338666666666667,1.0111478379880114
2010-07-20 01:00:00,0.3684333333333333,1.0111122226518146
2010-07-20 02:00:00,0.46476666666666666,1.0110766073156177
2010-07-20 03:00:00,0.6963333333333334,1.0110409919794208
2010-07-20 04:00:00,0.3470333333333333,1.0110053766432239
2010-07-20 05:00:00,0.4330333333333333,1.010969761307027
2010-07-20 06:00:00,1.0626,1.01093414597083
2010-07-20 07:00:00,0.3312,1.0108985306346332
2010-07-20 08:00:00,0.33313333333333334,1.0108629152984363
2010-07-20 09:00:00,0.35356666666666664,1.0108272999622394
2010-07-20 10:00:00,1.1478,1.0107916846260425
2010-07-20 11:00:00,0.7602333333333333,1.0107560692898456
2010-07-20 12:00:00,0.3365,1.0107204539536487
2010-07-20 13:00:00,0.3436666666666667,1.0106848386174518
2010-07-20 14:00:00,0.3074,1.010649223281255
2010-07-20 15:00:00,0.32306666666666667,1.010613607945058
2010-07-20 16:00:00,0.2845333333333333,1.0105779926088612
2010-07-20 17:00:00,0.47596666666666665,1.0105423772726643
2010-07-20 18:00:00,0.7254333333333334,1.0105067619364674
2010-07-20 19:00:00,0.6658000000000001,1.0104711466002705
2010-07-20 20:00:00,1.6181666666666668,1.0104355312640736
2010-07-20 21:00:00,0.7579666666666667,1.0103999159278767
2010-07-20 22:00:00,0.7335333333333334,1.0103643005916798
2010-07-20 23:00:00,0.9597,1.010328685255483
2010-07-21 00:00:00,0.7822666666666667,1.010293069919286
2010-07-21 01:00:00,0.7374333333333334,1.0102574545830891
2010-07-21 02:00:00,0.3359666666666667,1.0102218392468922
2010-07-21 03:00:00,0.3116333333333333,1.0101862239106953
2010-07-21 04:00:00,0.3520333333333333,1.0101506085744985
2010-07-21 05:00:00,0.3070333333333333,1.0101149932383016
2010-07-21 06:00:00,0.3785,1.0100793779021047
2010-07-21 07:00:00,0.6636333333333333,1.0100437625659078
2010-07-21 08:00:00,0.8515,1.0100081472297109
2010-07-21 09:00:00,0.35500000000000004,1.009972531893514
2010-07-21 10:00:00,0.3053666666666667,1.009936916557317
2010-07-21 11:00:00,0.33343333333333336,1.0099013012211202
2010-07-21 12:00:00,0.28653333333333336,1.0098656858849233
2010-07-21 13:00:00,0.7761333333333333,1.0098300705487264
2010-07-21 14:00:00,0.8655,1.0097944552125295
2010-07-21 15:00:00,0.7487666666666667,1.0097588398763326
2010-07-21 16:00:00,1.2841999999999998,1.0097232245401357
2010-07-21 17:00:00,0.7408666666666667,1.0096876092039389
2010-07-21 18:00:00,0.33363333333333334,1.009651993867742
2010-07-21 19:00:00,0.7568,1.009616378531545
2010-07-21 20:00:00,1.2741,1.0095807631953482
2010-07-21 21:00:00,0.47623333333333334,1.0095451478591513
2010-07-21 22:00:00,1.6014000000000002,1.0095095325229544
2010-07-21 23:00:00,2.878133333333333,1.0094739171867575
2010-07-22 00:00:00,2.6749333333333336,1.0094383018505606
2010-07-22 01:00:00,2.1680333333333333,1.0094026865143637
2010-07-22 02:00:00,1.4624666666666668,1.0093670711781668
2010-07-22 03:00:00,1.4041,1.00933145584197
2010-07-22 04:00:00,1.3682666666666667,1.009295840505773
2010-07-22 05:00:00,0.4356,1.0092602251695761
2010-07-22 06:00:00,0.36679999999999996,1.0092246098333792
2010-07-22 07:00:00,0.47123333333333334,1.0091889944971824
2010-07-22 08:00:00,1.0183333333333333,1.0091533791609855
2010-07-22 09:00:00,0.36193333333333333,1.0091177638247886
2010-07-22 10:00:00,0.3594333333333333,1.0090821484885917
2010-07-22 11:00:00,0.3411,1.0090465331523948
2010-07-22 12:00:00,0.36920000000000003,1.009010917816198
2010-07-22 13:00:00,0.3661333333333333,1.008975302480001
2010-07-22 14:00:00,1.3246,1.008939687143804
2010-07-22 15:00:00,0.3668333333333333,1.0089040718076072
2010-07-22 16:00:00,0.3762666666666667,1.0088684564714103
2010-07-22 17:00:00,0.38603333333333334,1.0088328411352134
2010-07-22 18:00:00,0.37246666666666667,1.0087972257990165
2010-07-22 19:00:00,0.3748333333333333,1.0087616104628196
2010-07-22 20:00:00,0.3955666666666666,1.0087259951266228
2010-07-22 21:00:00,0.9666,1.0086903797904259
2010-07-22 22:00:00,1.1483666666666668,1.008654764454229
2010-07-22 23:00:00,0.5283,1.008619149118032
2010-07-23 00:00:00,0.5345333333333334,1.0085835337818352
2010-07-23 01:00:00,1.2643333333333333,1.0085479184456383
2010-07-23 02:00:00,0.5916666666666667,1.0085123031094414
2010-07-23 03:00:00,1.2449666666666666,1.0084766877732445
2010-07-23 04:00:00,1.1148,1.0084410724370476
2010-07-23 05:00:00,0.8448333333333333,1.0084054571008507
2010-07-23 06:00:00,0.3563,1.0083698417646538
2010-07-23 07:00:00,0.38320000000000004,1.008334226428457
2010-07-23 08:00:00,0.7163,1.00829861109226
2010-07-23 09:00:00,1.4133666666666669,1.0082629957560632
2010-07-23 10:00:00,0.4327333333333333,1.0082273804198663
2010-07-23 11:00:00,0.3619,1.0081917650836694
2010-07-23 12:00:00,0.5837666666666668,1.0081561497474725
2010-07-23 13:00:00,0.7842666666666667,1.0081205344112756
2010-07-23 14:00:00,0.45803333333333335,1.0080849190750787
2010-07-23 15:00:00,0.9314333333333333,1.0080493037388818
2010-07-23 16:00:00,0.5397,1.008013688402685
2010-07-23 17:00:00,0.3580666666666667,1.007978073066488
2010-07-23 18:00:00,0.37929999999999997,1.0079424577302911
2010-07-23 19:00:00,1.4078666666666666,1.0079068423940942
2010-07-23 20:00:00,1.5015666666666665,1.0078712270578973
2010-07-23 21:00:00,1.6510666666666665,1.0078356117217004
2010-07-23 22:00:00,0.9489,1.0077999963855035
2010-07-23 23:00:00,0.7997333333333334,1.0077643810493067
2010-07-24 00:00:00,0.7748666666666666,1.0077287657131098
2010-07-24 01:00:00,0.7538666666666667,1.0076931503769129
2010-07-24 02:00:00,0.47453333333333336,1.007657535040716
2010-07-24 03:00:00,0.3524,1.007621919704519
2010-07-24 04:00:00,0.3703333333333333,1.0075863043683222
2010-07-24 05:00:00,0.35569999999999996,1.0075506890321253
2010-07-24 06:00:00,0.3877666666666667,1.0075150736959284
2010-07-24 07:00:00,0.9122333333333333,1.0074794583597315
2010-07-24 08:00:00,0.5372333333333333,1.0074438430235346
2010-07-24 09:00:00,0.3776,1.0074082276873377
2010-07-24 10:00:00,0.3533666666666667,1.0073726123511408
2010-07-24 11:00:00,0.36346666666666666,1.007336997014944
2010-07-24 12:00:00,0.6535333333333334,1.007301381678747
2010-07-24 13:00:00,0.7953333333333333,1.0072657663425502
2010-07-24 14:00:00,0.3424333333333333,1.0072301510063533
2010-07-24 15:00:00,0.3610333333333333,1.0071945356701564
2010-07-24 16:00:00,0.36346666666666666,1.0071589203339595
2010-07-24 17:00:00,0.37629999999999997,1.0071233049977626
2010-07-24 18:00:00,0.7580333333333333,1.0070876896615657
2010-07-24 19:00:00,0.8834666666666667,1.0070520743253688
2010-07-24 20:00:00,0.6974,1.007016458989172
2010-07-24 21:00:00,1.7543,1.006980843652975
2010-07-24 22:00:00,1.2302666666666666,1.0069452283167781
2010-07-24 23:00:00,1.1322,1.0069096129805812
2010-07-25 00:00:00,1.0919999999999999,1.0068739976443843
2010-07-25 01:00:00,0.9013666666666666,1.0068383823081875
2010-07-25 02:00:00,0.35196666666666665,1.0068027669719906
2010-07-25 03:00:00,0.32413333333333333,1.0067671516357937
2010-07-25 04:00:00,0.3849666666666666,1.0067315362995968
2010-07-25 05:00:00,0.36833333333333335,1.0066959209633999
2010-07-25 06:00:00,0.8814333333333334,1.006660305627203
2010-07-25 07:00:00,0.8028333333333334,1.006624690291006
2010-07-25 08:00:00,0.37666666666666665,1.0065890749548092
2010-07-25 09:00:00,0.3548666666666667,1.0065534596186123
2010-07-25 10:00:00,1.3948333333333334,1.0065178442824154
2010-07-25 11:00:00,1.6441333333333332,1.0064822289462185
2010-07-25 12:00:00,1.5775000000000001,1.0064466136100216
2010-07-25 13:00:00,0.8530333333333332,1.0064109982738247
2010-07-25 14:00:00,0.3653333333333333,1.0063753829376278
2010-07-25 15:00:00,0.36483333333333334,1.006339767601431
2010-07-25 16:00:00,0.38556666666666667,1.006304152265234
2010-07-25 17:00:00,0.36133333333333334,1.0062685369290372
2010-07-25 18:00:00,0.3721666666666667,1.0062329215928403
2010-07-25 19:00:00,0.8781,1.0061973062566434
2010-07-25 20:00:00,0.6794666666666667,1.0061616909204465
2010-07-25 21:00:00,0.6416666666666667,1.0061260755842496
2010-07-25 22:00:00,0.6522666666666667,1.0060904602480527
2010-07-25 23:00:00,2.831366666666667,1.0060548449118558
2010-07-26 00:00:00,0.3406333333333333,1.006019229575659
2010-07-26 01:00:00,0.3388,1.005983614239462
2010-07-26 02:00:00,0.27876666666666666,1.0059479989032651
2010-07-26 03:00:00,0.3625666666666667,1.0059123835670682
2010-07-26 04:00:00,0.3076,1.0058767682308714
2010-07-26 05:00:00,0.33383333333333337,1.0058411528946745
2010-07-26 06:00:00,0.2578,1.0058055375584776
2010-07-26 07:00:00,0.33330000000000004,1.0057699222222807
2010-07-26 08:00:00,1.7709000000000001,1.0057343068860838
2010-07-26 09:00:00,0.4124333333333333,1.005698691549887
2010-07-26 10:00:00,0.7432333333333333,1.00566307621369
2010-07-26 11:00:00,1.0832333333333333,1.005627460877493
2010-07-26 12:00:00,0.5131666666666667,1.0055918455412962
2010-07-26 13:00:00,0.32996666666666663,1.0055562302050993
2010-07-26 14:00:00,0.3254666666666666,1.0055206148689024
2010-07-26 15:00:00,0.29573333333333335,1.0054849995327055
2010-07-26 16:00:00,0.33640000000000003,1.0054493841965086
2010-07-26 17:00:00,0.2747,1.0054137688603118
2010-07-26 18:00:00,0.3483,1.0053781535241149
2010-07-26 19:00:00,0.29503333333333337,1.005342538187918
2010-07-26 20:00:00,0.3242333333333333,1.005306922851721
2010-07-26 21:00:00,1.1442666666666668,1.0052713075155242
2010-07-26 22:00:00,2.091266666666667,1.0052356921793273
2010-07-26 23:00:00,1.8942,1.0052000768431304
2010-07-27 00:00:00,1.6456333333333333,1.0051644615069335
2010-07-27 01:00:00,1.6177666666666668,1.0051288461707366
2010-07-27 02:00:00,0.8101333333333333,1.0050932308345397
2010-07-27 03:00:00,0.35683333333333334,1.0050576154983428
2010-07-27 04:00:00,0.2897666666666667,1.005022000162146
2010-07-27 05:00:00,0.31153333333333333,1.004986384825949
2010-07-27 06:00:00,0.3014,1.0049507694897521
2010-07-27 07:00:00,0.3202666666666667,1.0049151541535553
2010-07-27 08:00:00,0.2753333333333333,1.0048795388173584
2010-07-27 09:00:00,1.1635333333333333,1.0048439234811615
2010-07-27 10:00:00,0.7449333333333333,1.0048083081449646
2010-07-27 11:00:00,0.5313666666666667,1.0047726928087677
2010-07-27 12:00:00,0.5818333333333334,1.0047370774725708
2010-07-27 13:00:00,0.49633333333333335,1.004701462136374
2010-07-27 14:00:00,0.2895333333333333,1.004665846800177
2010-07-27 15:00:00,1.0975666666666666,1.0046302314639801
2010-07-27 16:00:00,0.3030666666666667,1.0045946161277832
2010-07-27 17:00:00,0.2901666666666667,1.0045590007915863
2010-07-27 18:00:00,0.3433,1.0045233854553894
2010-07-27 19:00:00,0.27576666666666666,1.0044877701191925
2010-07-27 20:00:00,0.32926666666666665,1.0044521547829957
2010-07-27 21:00:00,0.8642000000000001,1.0044165394467988
2010-07-27 22:00:00,1.2083333333333333,1.0043809241106019
2010-07-27 23:00:00,1.4248,1.004345308774405
2010-07-28 00:00:00,1.6895666666666667,1.004309693438208
2010-07-28 01:00:00,1.4232,1.0042740781020112
2010-07-28 02:00:00,0.7068333333333334,1.0042384627658143
2010-07-28 03:00:00,0.3252,1.0042028474296174
2010-07-28 04:00:00,0.30223333333333335,1.0041672320934205
2010-07-28 05:00:00,0.3055,1.0041316167572236
2010-07-28 06:00:00,0.4513333333333333,1.0040960014210267
2010-07-28 07:00:00,1.5366666666666666,1.0040603860848298
2010-07-28 08:00:00,1.3218999999999999,1.004024770748633
2010-07-28 09:00:00,1.2511666666666668,1.003989155412436
2010-07-28 10:00:00,0.28926666666666667,1.0039535400762392
2010-07-28 11:00:00,0.3096,1.0039179247400423
2010-07-28 12:00:00,0.3046,1.0038823094038454
2010-07-28 13:00:00,0.32016666666666665,1.0038466940676485
2010-07-28 14:00:00,0.29183333333333333,1.0038110787314516
2010-07-28 15:00:00,0.32106666666666667,1.0037754633952547
2010-07-28 16:00:00,0.31606666666666666,1.0037398480590578
2010-07-28 17:00:00,0.2830333333333333,1.003704232722861
2010-07-28 18:00:00,0.3363,1.003668617386664
2010-07-28 19:00:00,0.6348,1.0036330020504671
2010-07-28 20:00:00,0.7385666666666667,1.0035973867142702
2010-07-28 21:00:00,0.2951333333333333,1.0035617713780733
2010-07-28 22:00:00,0.3436,1.0035261560418764
2010-07-28 23:00:00,0.2799333333333333,1.0034905407056796
2010-07-29 00:00:00,0.3317,1.0034549253694827
2010-07-29 01:00:00,0.3173666666666667,1.0034193100332858
2010-07-29 02:00:00,0.2972666666666666,1.0033836946970889
2010-07-29 03:00:00,0.3265333333333333,1.003348079360892
2010-07-29 04:00:00,0.29933333333333334,1.003312464024695
2010-07-29 05:00:00,0.3222333333333333,1.0032768486884982
2010-07-29 06:00:00,0.2748666666666667,1.0032412333523013
2010-07-29 07:00:00,1.2340333333333333,1.0032056180161044
2010-07-29 08:00:00,0.29463333333333336,1.0031700026799075
2010-07-29 09:00:00,0.32453333333333334,1.0031343873437106
2010-07-29 10:00:00,0.2707666666666667,1.0030987720075137
2010-07-29 11:00:00,0.27603333333333335,1.0030631566713168
2010-07-29 12:00:00,0.2986666666666667,1.00302754133512
2010-07-29 13:00:00,0.3164666666666667,1.002991925998923
2010-07-29 14:00:00,0.3056,1.0029563106627262
2010-07-29 15:00:00,0.2859666666666667,1.0029206953265293
2010-07-29 16:00:00,0.33666666666666667,1.0028850799903324
2010-07-29 17:00:00,0.2716333333333333,1.0028494646541355
2010-07-29 18:00:00,0.45,1.0028138493179386
2010-07-29 19:00:00,1.0928666666666667,1.0027782339817417
2010-07-29 20:00:00,0.3196333333333333,1.0027426186455448
2010-07-29 21:00:00,0.2858,1.002707003309348
2010-07-29 22:00:00,0.33336666666666664,1.002671387973151
2010-07-29 23:00:00,0.28576666666666667,1.0026357726369541
2010-07-30 00:00:00,0.3081,1.0026001573007572
2010-07-30 01:00:00,0.31893333333333335,1.0025645419645604
2010-07-30 02:00:00,0.29100000000000004,1.0025289266283635
2010-07-30 03:00:00,0.3068,1.0024933112921666
2010-07-30 04:00:00,0.3015,1.0024576959559697
2010-07-30 05:00:00,0.31229999999999997,1.0024220806197728
2010-07-30 06:00:00,0.36086666666666667,1.002386465283576
2010-07-30 07:00:00,1.1503,1.002350849947379
2010-07-30 08:00:00,0.4764333333333334,1.002315234611182
2010-07-30 09:00:00,0.32466666666666666,1.0022796192749852
2010-07-30 10:00:00,0.29710000000000003,1.0022440039387883
2010-07-30 11:00:00,0.30670000000000003,1.0022083886025914
2010-07-30 12:00:00,0.2814333333333333,1.0021727732663945
2010-07-30 13:00:00,0.2663,1.0021371579301976
2010-07-30 14:00:00,0.27949999999999997,1.0021015425940007
2010-07-30 15:00:00,0.30273333333333335,1.0020659272578039
2010-07-30 16:00:00,0.3171666666666667,1.002030311921607
2010-07-30 17:00:00,1.2049666666666667,1.00199469658541
2010-07-30 18:00:00,0.31516666666666665,1.0019590812492132
2010-07-30 19:00:00,0.28963333333333335,1.0019234659130163
2010-07-30 20:00:00,0.2808,1.0018878505768194
2010-07-30 21:00:00,0.2802,1.0018522352406225
2010-07-30 22:00:00,0.33849999999999997,1.0018166199044256
2010-07-30 23:00:00,0.2765666666666667,1.0017810045682287
2010-07-31 00:00:00,0.3157333333333333,1.0017453892320318
2010-07-31 01:00:00,0.30183333333333334,1.001709773895835
2010-07-31 02:00:00,0.30866666666666664,1.001674158559638
2010-07-31 03:00:00,0.2885666666666667,1.0016385432234411
2010-07-31 04:00:00,0.5586666666666668,1.0016029278872443
2010-07-31 05:00:00,1.0050333333333332,1.0015673125510474
2010-07-31 06:00:00,0.314,1.0015316972148505
2010-07-31 07:00:00,0.33153333333333335,1.0014960818786536
2010-07-31 08:00:00,0.28463333333333335,1.0014604665424567
2010-07-31 09:00:00,0.29686666666666667,1.0014248512062598
2010-07-31 10:00:00,0.26063333333333333,1.001389235870063
2010-07-31 11:00:00,0.3007,1.001353620533866
2010-07-31 12:00:00,0.284,1.0013180051976691
2010-07-31 13:00:00,0.3337,1.0012823898614722
2010-07-31 14:00:00,0.2824,1.0012467745252753
2010-07-31 15:00:00,0.3185333333333334,1.0012111591890784
2010-07-31 16:00:00,0.6855666666666667,1.0011755438528815
2010-07-31 17:00:00,0.9024333333333333,1.0011399285166847
2010-07-31 18:00:00,0.28886666666666666,1.0011043131804878
2010-07-31 19:00:00,0.34280000000000005,1.0010686978442909
2010-07-31 20:00:00,0.31096666666666667,1.001033082508094
2010-07-31 21:00:00,0.29786666666666667,1.000997467171897
2010-07-31 22:00:00,0.3373333333333334,1.0009618518357002
2010-07-31 23:00:00,0.2922666666666667,1.0009262364995033
2010-08-01 00:00:00,0.31706666666666666,1.0008906211633064
2010-08-01 01:00:00,0.29283333333333333,1.0008550058271095
2010-08-01 02:00:00,0.3350666666666667,1.0008193904909126
2010-08-01 03:00:00,0.26416666666666666,1.0007837751547157
2010-08-01 04:00:00,0.6427333333333334,1.0007481598185188
2010-08-01 05:00:00,0.9396,1.000712544482322
2010-08-01 06:00:00,0.3158333333333333,1.000676929146125
2010-08-01 07:00:00,0.2658,1.0006413138099282
2010-08-01 08:00:00,0.3033,1.0006056984737313
2010-08-01 09:00:00,0.3096333333333333,1.0005700831375344
2010-08-01 10:00:00,0.2906666666666667,1.0005344678013375
2010-08-01 11:00:00,0.3392666666666667,1.0004988524651406
2010-08-01 12:00:00,0.2644,1.0004632371289437
2010-08-01 13:00:00,0.33103333333333335,1.0004276217927468
2010-08-01 14:00:00,0.29150000000000004,1.00039200645655
2010-08-01 15:00:00,0.31366666666666665,1.000356391120353
2010-08-01 16:00:00,0.6569,1.0003207757841561
2010-08-01 17:00:00,0.9184333333333333,1.0002851604479592
2010-08-01 18:00:00,0.3032333333333333,1.0002495451117623
2010-08-01 19:00:00,0.31216666666666665,1.0002139297755654
2010-08-01 20:00:00,0.3283666666666667,1.0001783144393686
2010-08-01 21:00:00,0.30546666666666666,1.0001426991031717
2010-08-01 22:00:00,0.3077,1.0001070837669748
2010-08-01 23:00:00,0.31223333333333336,1.0000714684307779
2010-08-02 00:00:00,0.3015,1.000035853094581
2010-08-02 01:00:00,0.25253333333333333,1.000000237758384
2010-08-02 02:00:00,0.31683333333333336,0.9999646224221873
2010-08-02 03:00:00,0.27706666666666663,0.9999290070859905
2010-08-02 04:00:00,0.7077333333333333,0.9998933917497937
2010-08-02 05:00:00,0.8600333333333334,0.999857776413597
2010-08-02 06:00:00,0.3291,0.9998221610774002
2010-08-02 07:00:00,0.2859,0.9997865457412034
2010-08-02 08:00:00,0.3164666666666667,0.9997509304050066
2010-08-02 09:00:00,0.32283333333333336,0.9997153150688098
2010-08-02 10:00:00,0.27466666666666667,0.9996796997326131
2010-08-02 11:00:00,0.3393333333333333,0.9996440843964163
2010-08-02 12:00:00,0.2793333333333334,0.9996084690602195
2010-08-02 13:00:00,0.3226333333333333,0.9995728537240227
2010-08-02 14:00:00,0.29173333333333334,0.9995372383878259
2010-08-02 15:00:00,0.3312333333333333,0.9995016230516292
2010-08-02 16:00:00,0.7540333333333333,0.9994660077154324
2010-08-02 17:00:00,0.7425333333333334,0.9994303923792356
2010-08-02 18:00:00,0.31673333333333337,0.9993947770430388
2010-08-02 19:00:00,0.30816666666666664,0.999359161706842
2010-08-02 20:00:00,0.3232,0.9993235463706452
2010-08-02 21:00:00,0.30696666666666667,0.9992879310344485
2010-08-02 22:00:00,0.3078,0.9992523156982517
2010-08-02 23:00:00,0.28966666666666663,0.9992167003620549
2010-08-03 00:00:00,0.3218666666666667,0.9991810850258581
2010-08-03 01:00:00,0.2728,0.9991454696896613
2010-08-03 02:00:00,0.3206666666666667,0.9991098543534646
2010-08-03 03:00:00,0.29013333333333335,0.9990742390172678
2010-08-03 04:00:00,0.9235666666666666,0.999038623681071
2010-08-03 05:00:00,0.5683,0.9990030083448742
2010-08-03 06:00:00,0.31893333333333335,0.9989673930086774
2010-08-03 07:00:00,0.2826666666666667,0.9989317776724806
2010-08-03 08:00:00,0.3582,0.9988961623362839
2010-08-03 09:00:00,0.4187666666666667,0.9988605470000871
2010-08-03 10:00:00,0.38026666666666664,0.9988249316638903
2010-08-03 11:00:00,0.39076666666666665,0.9987893163276935
2010-08-03 12:00:00,0.3639,0.9987537009914967
2010-08-03 13:00:00,0.41583333333333333,0.9987180856553
2010-08-03 14:00:00,0.3883,0.9986824703191032
2010-08-03 15:00:00,0.4288666666666667,0.9986468549829064
2010-08-03 16:00:00,1.3614,0.9986112396467096
2010-08-03 17:00:00,0.43350000000000005,0.9985756243105128
2010-08-03 18:00:00,0.3534,0.998540008974316
2010-08-03 19:00:00,0.39443333333333336,0.9985043936381193
2010-08-03 20:00:00,0.3806,0.9984687783019225
2010-08-03 21:00:00,0.2781,0.9984331629657257
2010-08-03 22:00:00,0.32203333333333334,0.9983975476295289
2010-08-03 23:00:00,0.28623333333333334,0.9983619322933321
2010-08-04 00:00:00,0.3228666666666667,0.9983263169571354
2010-08-04 01:00:00,0.26999999999999996,0.9982907016209386
2010-08-04 02:00:00,0.3335,0.9982550862847418
2010-08-04 03:00:00,0.3363666666666667,0.998219470948545
2010-08-04 04:00:00,1.1549333333333331,0.9981838556123482
2010-08-04 05:00:00,0.32443333333333335,0.9981482402761515
2010-08-04 06:00:00,0.28040000000000004,0.9981126249399547
2010-08-04 07:00:00,0.3162333333333333,0.9980770096037579
2010-08-04 08:00:00,0.31829999999999997,0.9980413942675611
2010-08-04 09:00:00,0.30713333333333337,0.9980057789313643
2010-08-04 10:00:00,0.2806666666666667,0.9979701635951675
2010-08-04 11:00:00,0.32580000000000003,0.9979345482589708
2010-08-04 12:00:00,0.25503333333333333,0.997898932922774
2010-08-04 13:00:00,0.27759999999999996,0.9978633175865772
2010-08-04 14:00:00,0.29463333333333336,0.9978277022503804
2010-08-04 15:00:00,0.5886,0.9977920869141836
2010-08-04 16:00:00,0.9815,0.9977564715779869
2010-08-04 17:00:00,0.3169666666666667,0.9977208562417901
2010-08-04 18:00:00,0.3072666666666667,0.9976852409055933
2010-08-04 19:00:00,0.2920666666666667,0.9976496255693965
2010-08-04 20:00:00,0.34266666666666673,0.9976140102331997
2010-08-04 21:00:00,0.27226666666666666,0.997578394897003
2010-08-04 22:00:00,0.3032666666666667,0.9975427795608062
2010-08-04 23:00:00,0.25343333333333334,0.9975071642246094
2010-08-05 00:00:00,0.30866666666666664,0.9974715488884126
2010-08-05 01:00:00,0.27283333333333337,0.9974359335522158
2010-08-05 02:00:00,0.32726666666666665,0.997400318216019
2010-08-05 03:00:00,0.6917000000000001,0.9973647028798223
2010-08-05 04:00:00,0.8628333333333333,0.9973290875436255
2010-08-05 05:00:00,0.3146333333333333,0.9972934722074287
2010-08-05 06:00:00,0.2312,0.9972578568712319
2010-08-05 07:00:00,0.2998333333333333,0.9972222415350351
2010-08-05 08:00:00,0.29883333333333334,0.9971866261988384
2010-08-05 09:00:00,0.31893333333333335,0.9971510108626416
2010-08-05 10:00:00,0.2725666666666667,0.9971153955264448
2010-08-05 11:00:00,0.2775666666666667,0.997079780190248
2010-08-05 12:00:00,0.2622,0.9970441648540512
2010-08-05 13:00:00,0.31456666666666666,0.9970085495178544
2010-08-05 14:00:00,0.2877,0.9969729341816577
2010-08-05 15:00:00,0.9668666666666667,0.9969373188454609
2010-08-05 16:00:00,0.5365333333333333,0.9969017035092641
2010-08-05 17:00:00,0.30360000000000004,0.9968660881730673
2010-08-05 18:00:00,0.30419999999999997,0.9968304728368705
2010-08-05 19:00:00,0.28536666666666666,0.9967948575006738
2010-08-05 20:00:00,0.33566666666666667,0.996759242164477
2010-08-05 21:00:00,0.20853333333333335,0.9967236268282802
2010-08-05 22:00:00,0.31880000000000003,0.9966880114920834
2010-08-05 23:00:00,0.29036666666666666,0.9966523961558866
2010-08-06 00:00:00,0.2985666666666667,0.9966167808196899
2010-08-06 01:00:00,0.28073333333333333,0.9965811654834931
2010-08-06 02:00:00,0.2885,0.9965455501472963
2010-08-06 03:00:00,1.2259,0.9965099348110995
2010-08-06 04:00:00,0.30693333333333334,0.9964743194749027
2010-08-06 05:00:00,0.29779999999999995,0.9964387041387059
2010-08-06 06:00:00,0.2818333333333333,0.9964030888025092
2010-08-06 07:00:00,0.2632,0.9963674734663124
2010-08-06 08:00:00,0.275,0.9963318581301156
2010-08-06 09:00:00,0.2968,0.9962962427939188
2010-08-06 10:00:00,0.27463333333333334,0.996260627457722
2010-08-06 11:00:00,0.3009,0.9962250121215253
2010-08-06 12:00:00,0.2164,0.9961893967853285
2010-08-06 13:00:00,0.32413333333333333,0.9961537814491317
2010-08-06 14:00:00,0.5978666666666667,0.9961181661129349
2010-08-06 15:00:00,0.9192333333333333,0.9960825507767381
2010-08-06 16:00:00,0.2670333333333333,0.9960469354405413
2010-08-06 17:00:00,0.3032666666666667,0.9960113201043446
2010-08-06 18:00:00,0.2873,0.9959757047681478
2010-08-06 19:00:00,0.29969999999999997,0.995940089431951
2010-08-06 20:00:00,0.27090000000000003,0.9959044740957542
2010-08-06 21:00:00,0.2672,0.9958688587595574
2010-08-06 22:00:00,0.33063333333333333,0.9958332434233607
2010-08-06 23:00:00,0.2713,0.9957976280871639
2010-08-07 00:00:00,0.2987,0.9957620127509671
2010-08-07 01:00:00,0.23376666666666665,0.9957263974147703
2010-08-07 02:00:00,0.9127666666666666,0.9956907820785735
2010-08-07 03:00:00,0.6713,0.9956551667423768
2010-08-07 04:00:00,0.32270000000000004,0.99561955140618
2010-08-07 05:00:00,0.2813,0.9955839360699832
2010-08-07 06:00:00,0.23513333333333333,0.9955483207337864
2010-08-07 07:00:00,0.306,0.9955127053975896
2010-08-07 08:00:00,0.2949333333333333,0.9954770900613928
2010-08-07 09:00:00,0.3062333333333333,0.9954414747251961
2010-08-07 10:00:00,0.22626666666666667,0.9954058593889993
2010-08-07 11:00:00,0.3064666666666667,0.9953702440528025
2010-08-07 12:00:00,0.2575,0.9953346287166057
2010-08-07 13:00:00,0.33640000000000003,0.9952990133804089
2010-08-07 14:00:00,0.8581333333333333,0.9952633980442122
2010-08-07 15:00:00,0.6198333333333333,0.9952277827080154
2010-08-07 16:00:00,0.28990000000000005,0.9951921673718186
2010-08-07 17:00:00,0.29910000000000003,0.9951565520356218
2010-08-07 18:00:00,0.28040000000000004,0.995120936699425
2010-08-07 19:00:00,0.3393666666666667,0.9950853213632282
2010-08-07 20:00:00,0.2285,0.9950497060270315
2010-08-07 21:00:00,0.2992666666666667,0.9950140906908347
2010-08-07 22:00:00,0.30970000000000003,0.9949784753546379
2010-08-07 23:00:00,0.27759999999999996,0.9949428600184411
2010-08-08 00:00:00,0.3172666666666667,0.9949072446822443
2010-08-08 01:00:00,0.28500000000000003,0.9948716293460476
2010-08-08 02:00:00,1.1826333333333332,0.9948360140098508
2010-08-08 03:00:00,0.32003333333333334,0.994800398673654
2010-08-08 04:00:00,0.3169,0.9947647833374572
2010-08-08 05:00:00,0.27016666666666667,0.9947291680012604
2010-08-08 06:00:00,0.3204666666666667,0.9946935526650637
2010-08-08 07:00:00,0.2682,0.9946579373288669
2010-08-08 08:00:00,0.2649,0.9946223219926701
2010-08-08 09:00:00,0.29023333333333334,0.9945867066564733
2010-08-08 10:00:00,0.3186333333333333,0.9945510913202765
2010-08-08 11:00:00,0.27706666666666663,0.9945154759840797
2010-08-08 12:00:00,0.24223333333333336,0.994479860647883
2010-08-08 13:00:00,0.5302333333333333,0.9944442453116862
2010-08-08 14:00:00,1.0143,0.9944086299754894
2010-08-08 15:00:00,0.31326666666666664,0.9943730146392926
2010-08-08 16:00:00,0.23006666666666667,0.9943373993030958
2010-08-08 17:00:00,0.29296666666666665,0.994301783966899
2010-08-08 18:00:00,0.2939,0.9942661686307023
2010-08-08 19:00:00,0.3342,0.9942305532945055
2010-08-08 20:00:00,0.20953333333333335,0.9941949379583087
2010-08-08 21:00:00,0.3331,0.9941593226221119
2010-08-08 22:00:00,0.26913333333333334,0.9941237072859151
2010-08-08 23:00:00,0.31323333333333336,0.9940880919497184
2010-08-09 00:00:00,0.2829666666666667,0.9940524766135216
2010-08-09 01:00:00,0.8472666666666666,0.9940168612773248
2010-08-09 02:00:00,0.6601666666666667,0.993981245941128
2010-08-09 03:00:00,0.31960000000000005,0.9939456306049312
2010-08-09 04:00:00,0.29629999999999995,0.9939100152687345
2010-08-09 05:00:00,0.28513333333333335,0.9938743999325377
2010-08-09 06:00:00,0.31776666666666664,0.9938387845963409
2010-08-09 07:00:00,0.2921666666666667,0.9938031692601441
2010-08-09 08:00:00,0.24810000000000001,0.9937675539239473
2010-08-09 09:00:00,0.3048,0.9937319385877506
2010-08-09 10:00:00,0.29813333333333336,0.9936963232515538
2010-08-09 11:00:00,0.27546666666666664,0.993660707915357
2010-08-09 12:00:00,0.33303333333333335,0.9936250925791602
2010-08-09 13:00:00,1.0964666666666667,0.9935894772429634
2010-08-09 14:00:00,0.3942333333333333,0.9935538619067666
2010-08-09 15:00:00,0.2846,0.9935182465705699
2010-08-09 16:00:00,0.32086666666666663,0.9934826312343731
2010-08-09 17:00:00,0.2699,0.9934470158981763
2010-08-09 18:00:00,0.30223333333333335,0.9934114005619795
2010-08-09 19:00:00,0.26780000000000004,0.9933757852257827
2010-08-09 20:00:00,0.30879999999999996,0.993340169889586
2010-08-09 21:00:00,0.3081333333333333,0.9933045545533892
2010-08-09 22:00:00,0.31356666666666666,0.9932689392171924
2010-08-09 23:00:00,0.29023333333333334,0.9932333238809956
2010-08-10 00:00:00,0.3537666666666667,0.9931977085447988
2010-08-10 01:00:00,1.2489999999999999,0.993162093208602
2010-08-10 02:00:00,0.29036666666666666,0.9931264778724053
2010-08-10 03:00:00,0.26193333333333335,0.9930908625362085
2010-08-10 04:00:00,0.29450000000000004,0.9930552472000117
2010-08-10 05:00:00,0.31373333333333336,0.9930196318638149
2010-08-10 06:00:00,0.2842,0.9929840165276181
2010-08-10 07:00:00,0.3331666666666667,0.9929484011914214
2010-08-10 08:00:00,0.2579666666666667,0.9929127858552246
2010-08-10 09:00:00,0.3389666666666667,0.9928771705190278
2010-08-10 10:00:00,0.25873333333333337,0.992841555182831
2010-08-10 11:00:00,0.27420000000000005,0.9928059398466342
2010-08-10 12:00:00,0.4379,0.9927703245104375
2010-08-10 13:00:00,1.1548666666666667,0.9927347091742407
2010-08-10 14:00:00,0.2911,0.9926990938380439
2010-08-10 15:00:00,0.3003666666666667,0.9926634785018471
2010-08-10 16:00:00,0.3249,0.9926278631656503
2010-08-10 17:00:00,0.28450000000000003,0.9925922478294535
2010-08-10 18:00:00,0.3223333333333333,0.9925566324932568
2010-08-10 19:00:00,0.26203333333333334,0.99252101715706
2010-08-10 20:00:00,0.29969999999999997,0.9924854018208632
2010-08-10 21:00:00,0.2843,0.9924497864846664
2010-08-10 22:00:00,0.33030000000000004,0.9924141711484696
2010-08-10 23:00:00,0.2764666666666667,0.9923785558122729
2010-08-11 00:00:00,0.4366333333333333,0.9923429404760761
2010-08-11 01:00:00,1.1349333333333333,0.9923073251398793
2010-08-11 02:00:00,0.3216,0.9922717098036825
2010-08-11 03:00:00,0.27576666666666666,0.9922360944674857
2010-08-11 04:00:00,0.327,0.992200479131289
2010-08-11 05:00:00,0.24113333333333334,0.9921648637950922
2010-08-11 06:00:00,0.2839,0.9921292484588954
2010-08-11 07:00:00,0.3261,0.9920936331226986
2010-08-11 08:00:00,0.2825666666666667,0.9920580177865018
2010-08-11 09:00:00,0.3212,0.992022402450305
2010-08-11 10:00:00,0.2798,0.9919867871141083
2010-08-11 11:00:00,0.3235,0.9919511717779115
2010-08-11 12:00:00,0.4844333333333333,0.9919155564417147
2010-08-11 13:00:00,1.0255666666666667,0.9918799411055179
2010-08-11 14:00:00,0.2878,0.9918443257693211
2010-08-11 15:00:00,0.3007666666666667,0.9918087104331244
2010-08-11 16:00:00,0.28646666666666665,0.9917730950969276
2010-08-11 17:00:00,0.3285,0.9917374797607308
2010-08-11 18:00:00,0.2832,0.991701864424534
2010-08-11 19:00:00,0.31893333333333335,0.9916662490883372
2010-08-11 20:00:00,0.25766666666666665,0.9916306337521404
2010-08-11 21:00:00,0.2954666666666667,0.9915950184159437
2010-08-11 22:00:00,0.3141666666666667,0.9915594030797469
2010-08-11 23:00:00,0.2962666666666667,0.9915237877435501
2010-08-12 00:00:00,0.6167333333333332,0.9914881724073533
2010-08-12 01:00:00,0.9415,0.9914525570711565
2010-08-12 02:00:00,0.27763333333333334,0.9914169417349598
2010-08-12 03:00:00,0.2701333333333334,0.991381326398763
2010-08-12 04:00:00,0.3089,0.9913457110625662
2010-08-12 05:00:00,0.28859999999999997,0.9913100957263694
2010-08-12 06:00:00,0.31153333333333333,0.9912744803901726
2010-08-12 07:00:00,0.28036666666666665,0.9912388650539758
2010-08-12 08:00:00,0.2598666666666667,0.9912032497177791
2010-08-12 09:00:00,0.30693333333333334,0.9911676343815823
2010-08-12 10:00:00,0.2762,0.9911320190453855
2010-08-12 11:00:00,0.3204,0.9910964037091887
2010-08-12 12:00:00,0.7539333333333335,0.9910607883729919
2010-08-12 13:00:00,0.7424,0.9910251730367952
2010-08-12 14:00:00,0.2872,0.9909895577005984
2010-08-12 15:00:00,0.3151,0.9909539423644016
2010-08-12 16:00:00,0.2699,0.9909183270282048
2010-08-12 17:00:00,0.3038,0.990882711692008
2010-08-12 18:00:00,0.24606666666666668,0.9908470963558113
2010-08-12 19:00:00,0.31096666666666667,0.9908114810196145
2010-08-12 20:00:00,0.30546666666666666,0.9907758656834177
2010-08-12 21:00:00,0.3128666666666667,0.9907402503472209
2010-08-12 22:00:00,0.26143333333333335,0.9907046350110241
2010-08-12 23:00:00,0.2603666666666667,0.9906690196748273
2010-08-13 00:00:00,1.0248666666666666,0.9906334043386306
2010-08-13 01:00:00,0.5477666666666666,0.9905977890024338
2010-08-13 02:00:00,0.3143,0.990562173666237
2010-08-13 03:00:00,0.22713333333333333,0.9905265583300402
2010-08-13 04:00:00,0.31073333333333336,0.9904909429938434
2010-08-13 05:00:00,0.2627333333333333,0.9904553276576467
2010-08-13 06:00:00,0.33049999999999996,0.9904197123214499
2010-08-13 07:00:00,0.26916666666666667,0.9903840969852531
2010-08-13 08:00:00,0.2537666666666667,0.9903484816490563
2010-08-13 09:00:00,0.31453333333333333,0.9903128663128595
2010-08-13 10:00:00,0.27599999999999997,0.9902772509766627
2010-08-13 11:00:00,0.3081,0.990241635640466
2010-08-13 12:00:00,1.1694,0.9902060203042692
2010-08-13 13:00:00,0.3408333333333333,0.9901704049680724
2010-08-13 14:00:00,0.25533333333333336,0.9901347896318756
2010-08-13 15:00:00,0.3295,0.9900991742956788
2010-08-13 16:00:00,0.2618,0.9900635589594821
2010-08-13 17:00:00,0.2516,0.9900279436232853
2010-08-13 18:00:00,0.30050000000000004,0.9899923282870885
2010-08-13 19:00:00,0.29653333333333337,0.9899567129508917
2010-08-13 20:00:00,0.2919,0.9899210976146949
2010-08-13 21:00:00,0.25283333333333335,0.9898854822784982
2010-08-13 22:00:00,0.30193333333333333,0.9898498669423014
2010-08-13 23:00:00,0.41313333333333335,0.9898142516061046
2010-08-14 00:00:00,1.1578000000000002,0.9897786362699078
2010-08-14 01:00:00,0.22230000000000003,0.989743020933711
2010-08-14 02:00:00,0.29610000000000003,0.9897074055975142
2010-08-14 03:00:00,0.28300000000000003,0.9896717902613175
2010-08-14 04:00:00,0.3174,0.9896361749251207
2010-08-14 05:00:00,0.20033333333333334,0.9896005595889239
2010-08-14 06:00:00,0.3201,0.9895649442527271
2010-08-14 07:00:00,0.26793333333333336,0.9895293289165303
2010-08-14 08:00:00,0.31229999999999997,0.9894937135803336
2010-08-14 09:00:00,0.21163333333333334,0.9894580982441368
2010-08-14 10:00:00,0.31903333333333334,0.98942248290794
2010-08-14 11:00:00,0.7287,0.9893868675717432
2010-08-14 12:00:00,0.7658333333333333,0.9893512522355464
2010-08-14 13:00:00,0.29586666666666667,0.9893156368993496
2010-08-14 14:00:00,0.2793333333333334,0.9892800215631529
2010-08-14 15:00:00,0.29410000000000003,0.9892444062269561
2010-08-14 16:00:00,0.23790000000000003,0.9892087908907593
2010-08-14 17:00:00,0.2874,0.9891731755545625
2010-08-14 18:00:00,0.28680000000000005,0.9891375602183657
2010-08-14 19:00:00,0.2719333333333333,0.989101944882169
2010-08-14 20:00:00,0.2736,0.9890663295459722
2010-08-14 21:00:00,0.30383333333333334,0.9890307142097754
2010-08-14 22:00:00,0.29023333333333334,0.9889950988735786
2010-08-14 23:00:00,1.0143666666666666,0.9889594835373818
2010-08-15 00:00:00,0.4765666666666667,0.988923868201185
2010-08-15 01:00:00,0.3296,0.9888882528649883
2010-08-15 02:00:00,0.25833333333333336,0.9888526375287915
2010-08-15 03:00:00,0.252,0.9888170221925947
2010-08-15 04:00:00,0.28223333333333334,0.9887814068563979
2010-08-15 05:00:00,0.30906666666666666,0.9887457915202011
2010-08-15 06:00:00,0.26486666666666664,0.9887101761840044
2010-08-15 07:00:00,0.26443333333333335,0.9886745608478076
2010-08-15 08:00:00,0.28026666666666666,0.9886389455116108
2010-08-15 09:00:00,0.294,0.988603330175414
2010-08-15 10:00:00,0.34773333333333334,0.9885677148392172
2010-08-15 11:00:00,1.2265666666666668,0.9885320995030205
2010-08-15 12:00:00,0.29006666666666664,0.9884964841668237
2010-08-15 13:00:00,0.3015,0.9884608688306269
2010-08-15 14:00:00,0.9983333333333333,0.9884252534944301
2010-08-15 15:00:00,0.40850000000000003,0.9883896381582333
2010-08-15 16:00:00,1.8561,0.9883540228220365
2010-08-15 17:00:00,1.9023,0.9883184074858398
2010-08-15 18:00:00,2.1767,0.988282792149643
2010-08-15 19:00:00,0.9298666666666667,0.9882471768134462
2010-08-15 20:00:00,1.2045,0.9882115614772494
2010-08-15 21:00:00,0.9719666666666666,0.9881759461410526
2010-08-15 22:00:00,1.4498666666666666,0.9881403308048559
2010-08-15 23:00:00,0.5244,0.9881047154686591
2010-08-16 00:00:00,0.29763333333333336,0.9880691001324623
2010-08-16 01:00:00,0.3329333333333333,0.9880334847962655
2010-08-16 02:00:00,0.26386666666666664,0.9879978694600687
2010-08-16 03:00:00,0.30246666666666666,0.987962254123872
2010-08-16 04:00:00,0.31856666666666666,0.9879266387876752
2010-08-16 05:00:00,0.30970000000000003,0.9878910234514784
2010-08-16 06:00:00,0.2612,0.9878554081152816
2010-08-16 07:00:00,0.9650666666666666,0.9878197927790848
2010-08-16 08:00:00,1.5165666666666666,0.987784177442888
2010-08-16 09:00:00,1.3763333333333334,0.9877485621066913
2010-08-16 10:00:00,1.3420333333333334,0.9877129467704945
2010-08-16 11:00:00,0.2498,0.9876773314342977
2010-08-16 12:00:00,0.48273333333333335,0.9876417160981009
2010-08-16 13:00:00,0.7548,0.9876061007619041
2010-08-16 14:00:00,0.8666,0.9875704854257074
2010-08-16 15:00:00,0.3209,0.9875348700895106
2010-08-16 16:00:00,0.8527333333333333,0.9874992547533138
2010-08-16 17:00:00,0.6712333333333333,0.987463639417117
2010-08-16 18:00:00,0.7438333333333333,0.9874280240809202
2010-08-16 19:00:00,1.0497333333333334,0.9873924087447234
2010-08-16 20:00:00,1.4753333333333332,0.9873567934085267
2010-08-16 21:00:00,1.2868333333333335,0.9873211780723299
2010-08-16 22:00:00,1.5521666666666667,0.9872855627361331
2010-08-16 23:00:00,1.2357666666666667,0.9872499473999363
2010-08-17 00:00:00,1.0600666666666667,0.9872143320637395
2010-08-17 01:00:00,1.0796333333333334,0.9871787167275428
2010-08-17 02:00:00,0.8246666666666667,0.987143101391346
2010-08-17 03:00:00,0.7446666666666667,0.9871074860551492
2010-08-17 04:00:00,0.8127666666666666,0.9870718707189524
2010-08-17 05:00:00,0.8006,0.9870362553827556
2010-08-17 06:00:00,0.7530666666666667,0.9870006400465589
2010-08-17 07:00:00,1.0798666666666668,0.9869650247103621
2010-08-17 08:00:00,1.1409666666666667,0.9869294093741653
2010-08-17 09:00:00,1.8965333333333334,0.9868937940379685
2010-08-17 10:00:00,1.3446333333333333,0.9868581787017717
2010-08-17 11:00:00,0.7785333333333334,0.986822563365575
2010-08-17 12:00:00,0.29106666666666664,0.9867869480293782
2010-08-17 13:00:00,0.41823333333333335,0.9867513326931814
2010-08-17 14:00:00,0.33716666666666667,0.9867157173569846
2010-08-17 15:00:00,0.3581666666666667,0.9866801020207878
2010-08-17 16:00:00,0.7672333333333333,0.986644486684591
2010-08-17 17:00:00,0.31806666666666666,0.9866088713483943
2010-08-17 18:00:00,0.2351666666666667,0.9865732560121975
2010-08-17 19:00:00,0.3628,0.9865376406760007
2010-08-17 20:00:00,0.8698666666666667,0.9865020253398039
2010-08-17 21:00:00,0.888,0.9864664100036071
2010-08-23 00:00:00,0.38327272727272726,0.9864307946674103
2010-08-23 01:00:00,0.3358666666666667,0.9863951793312136
2010-08-23 02:00:00,0.3663,0.9863595639950168
2010-08-23 03:00:00,0.7253000000000001,0.98632394865882
2010-08-23 04:00:00,0.7053666666666667,0.9862883333226232
2010-08-23 05:00:00,0.32436666666666664,0.9862527179864264
2010-08-23 06:00:00,0.3664,0.9862171026502297
2010-08-23 07:00:00,1.3092666666666666,0.9861814873140329
2010-08-23 08:00:00,1.4588999999999999,0.9861458719778361
2010-08-23 09:00:00,0.6013666666666667,0.9861102566416393
2010-08-23 10:00:00,0.36869999999999997,0.9860746413054425
2010-08-23 11:00:00,0.33999999999999997,0.9860390259692458
2010-08-23 12:00:00,0.3449,0.986003410633049
2010-08-23 13:00:00,0.34793333333333337,0.9859677952968522
2010-08-23 14:00:00,0.31766666666666665,0.9859321799606554
2010-08-23 15:00:00,0.3702333333333333,0.9858965646244586
2010-08-23 16:00:00,0.3078333333333333,0.9858609492882618
2010-08-23 17:00:00,0.3748333333333333,0.9858253339520651
2010-08-23 18:00:00,0.9786666666666667,0.9857897186158683
2010-08-23 19:00:00,0.4583333333333333,0.9857541032796715
2010-08-23 20:00:00,0.5619999999999999,0.9857184879434747
2010-08-23 21:00:00,0.6539333333333333,0.9856828726072779
2010-08-23 22:00:00,0.46623333333333333,0.9856472572710812
2010-08-23 23:00:00,0.3278666666666667,0.9856116419348844
2010-08-24 00:00:00,0.3574,0.9855760265986876
2010-08-24 01:00:00,0.3172333333333333,0.9855404112624908
2010-08-24 02:00:00,0.3532666666666666,0.985504795926294
2010-08-24 03:00:00,0.30146666666666666,0.9854691805900972
2010-08-24 04:00:00,0.36010000000000003,0.9854335652539005
2010-08-24 05:00:00,0.6707000000000001,0.9853979499177037
2010-08-24 06:00:00,0.716,0.9853623345815069
2010-08-24 07:00:00,0.996,0.9853267192453101
2010-08-24 08:00:00,1.4222333333333335,0.9852911039091133
2010-08-24 09:00:00,0.7737333333333333,0.9852554885729166
2010-08-24 10:00:00,0.34600000000000003,0.9852198732367198
2010-08-24 11:00:00,0.34986666666666666,0.985184257900523
2010-08-24 12:00:00,0.32876666666666665,0.9851486425643262
2010-08-24 13:00:00,0.3661333333333333,0.9851130272281294
2010-08-24 14:00:00,0.31010000000000004,0.9850774118919327
2010-08-24 15:00:00,0.32543333333333335,0.9850417965557359
2010-08-24 16:00:00,0.3030666666666667,0.9850061812195391
2010-08-24 17:00:00,0.3684,0.9849705658833423
2010-08-24 18:00:00,0.9464,0.9849349505471455
2010-08-24 19:00:00,0.3782333333333333,0.9848993352109487
2010-08-24 20:00:00,0.34700000000000003,0.984863719874752
2010-08-24 21:00:00,0.37443333333333334,0.9848281045385552
2010-08-24 22:00:00,0.6837,0.9847924892023584
2010-08-24 23:00:00,0.3534666666666667,0.9847568738661616
2010-08-25 00:00:00,0.3427,0.9847212585299648
2010-08-25 01:00:00,0.3297666666666667,0.9846856431937681
2010-08-25 02:00:00,0.3562666666666667,0.9846500278575713
2010-08-25 03:00:00,0.3103666666666667,0.9846144125213745
2010-08-25 04:00:00,0.8391,0.9845787971851777
2010-08-25 05:00:00,0.5518,0.9845431818489809
2010-08-25 06:00:00,0.35719999999999996,0.9845075665127841
2010-08-25 07:00:00,1.1821333333333333,0.9844719511765874
2010-08-25 08:00:00,1.8391333333333333,0.9844363358403906
2010-08-25 09:00:00,1.5416666666666667,0.9844007205041938
2010-08-25 10:00:00,0.33676666666666666,0.984365105167997
2010-08-25 11:00:00,0.27136666666666664,0.9843294898318002
2010-08-25 12:00:00,0.31046666666666667,0.9842938744956035
2010-08-25 13:00:00,0.31943333333333335,0.9842582591594067
2010-08-25 14:00:00,0.31183333333333335,0.9842226438232099
2010-08-25 15:00:00,0.33676666666666666,0.9841870284870131
2010-08-25 16:00:00,0.23946666666666666,0.9841514131508163
2010-08-25 17:00:00,0.3452,0.9841157978146196
2010-08-25 18:00:00,0.9426,0.9840801824784228
2010-08-25 19:00:00,0.35346666666666665,0.984044567142226
2010-08-25 20:00:00,1.0539333333333334,0.9840089518060292
2010-08-25 21:00:00,1.5824,0.9839733364698324
2010-08-25 22:00:00,1.4606999999999999,0.9839377211336356
2010-08-25 23:00:00,0.8256,0.9839021057974389
2010-08-26 00:00:00,0.5391666666666667,0.9838664904612421
2010-08-26 01:00:00,0.2715666666666667,0.9838308751250453
2010-08-26 02:00:00,0.32380000000000003,0.9837952597888485
2010-08-26 03:00:00,0.3172666666666667,0.9837596444526517
2010-08-26 04:00:00,0.3435666666666667,0.983724029116455
2010-08-26 05:00:00,0.3033666666666666,0.9836884137802582
2010-08-26 06:00:00,0.33786666666666665,0.9836527984440614
2010-08-26 07:00:00,1.3136333333333332,0.9836171831078646
2010-08-26 08:00:00,1.4059333333333333,0.9835815677716678
2010-08-26 09:00:00,0.7121333333333334,0.983545952435471
2010-08-26 10:00:00,0.32939999999999997,0.9835103370992743
2010-08-26 11:00:00,0.33196666666666663,0.9834747217630775
2010-08-26 12:00:00,0.5291,0.9834391064268807
2010-08-26 13:00:00,0.33676666666666666,0.9834034910906839
2010-08-26 14:00:00,0.33819999999999995,0.9833678757544871
2010-08-26 15:00:00,0.32599999999999996,0.9833322604182904
2010-08-26 16:00:00,0.3312,0.9832966450820936
2010-08-26 17:00:00,0.3519333333333333,0.9832610297458968
2010-08-26 18:00:00,0.9729666666666666,0.9832254144097
2010-08-26 19:00:00,0.4751,0.9831897990735032
2010-08-26 20:00:00,0.3965666666666667,0.9831541837373065
2010-08-26 21:00:00,0.6557,0.9831185684011097
2010-08-26 22:00:00,0.3233,0.9830829530649129
2010-08-26 23:00:00,1.0543666666666667,0.9830473377287161
2010-08-27 00:00:00,0.5064,0.9830117223925193
2010-08-27 01:00:00,0.4091666666666667,0.9829761070563225
2010-08-27 02:00:00,0.3346666666666666,0.9829404917201258
2010-08-27 03:00:00,0.34983333333333333,0.982904876383929
2010-08-27 04:00:00,1.1094333333333333,0.9828692610477322
2010-08-27 05:00:00,0.32436666666666664,0.9828336457115354
2010-08-27 06:00:00,0.3486,0.9827980303753386
2010-08-27 07:00:00,0.5213333333333333,0.9827624150391419
2010-08-27 08:00:00,1.2256,0.9827267997029451
2010-08-27 09:00:00,1.6963000000000001,0.9826911843667483
2010-08-27 10:00:00,1.5059666666666667,0.9826555690305515
2010-08-27 11:00:00,1.5641,0.9826199536943547
2010-08-27 12:00:00,2.142533333333333,0.982584338358158
2010-08-27 13:00:00,1.7725000000000002,0.9825487230219612
2010-08-27 14:00:00,2.996566666666667,0.9825131076857644
2010-08-27 15:00:00,2.477133333333333,0.9824774923495676
2010-08-27 16:00:00,0.7748333333333334,0.9824418770133708
2010-08-27 17:00:00,1.7782333333333333,0.982406261677174
2010-08-27 18:00:00,2.8016333333333336,0.9823706463409773
2010-08-27 19:00:00,3.0526666666666666,0.9823350310047805
2010-08-27 20:00:00,2.0804666666666667,0.9822994156685837
2010-08-27 21:00:00,2.3304,0.9822638003323869
2010-08-27 22:00:00,1.1623666666666668,0.9822281849961901
2010-08-27 23:00:00,0.5790666666666666,0.9821925696599934
2010-08-28 00:00:00,0.45653333333333335,0.9821569543237966
2010-08-28 01:00:00,0.3438,0.9821213389875998
2010-08-28 02:00:00,0.3683666666666667,0.982085723651403
2010-08-28 03:00:00,0.3543333333333333,0.9820501083152062
2010-08-28 04:00:00,0.33370000000000005,0.9820144929790094
2010-08-28 05:00:00,0.9637,0.9819788776428127
2010-08-28 06:00:00,0.3224,0.9819432623066159
2010-08-28 07:00:00,0.33146666666666663,0.9819076469704191
2010-08-28 08:00:00,0.4172,0.9818720316342223
2010-08-28 09:00:00,0.6422000000000001,0.9818364162980255
2010-08-28 10:00:00,0.6088666666666666,0.9818008009618288
2010-08-28 11:00:00,1.4582666666666666,0.981765185625632
2010-08-28 12:00:00,2.592233333333333,0.9817295702894352
2010-08-28 13:00:00,2.3489666666666666,0.9816939549532384
2010-08-28 14:00:00,2.0538333333333334,0.9816583396170416
2010-08-28 15:00:00,2.025333333333333,0.9816227242808448
2010-08-28 16:00:00,2.005333333333333,0.9815871089446481
2010-08-28 17:00:00,1.7953333333333332,0.9815514936084513
2010-08-28 18:00:00,1.4537333333333333,0.9815158782722545
2010-08-28 19:00:00,1.4208666666666665,0.9814802629360577
2010-08-28 20:00:00,0.7807333333333334,0.9814446475998609
2010-08-28 21:00:00,0.33340000000000003,0.9814090322636642
2010-08-28 22:00:00,0.30256666666666665,0.9813734169274674
2010-08-28 23:00:00,0.3344333333333333,0.9813378015912706
2010-08-29 00:00:00,0.6910666666666666,0.9813021862550738
2010-08-29 01:00:00,0.3606,0.981266570918877
2010-08-29 02:00:00,0.3186333333333333,0.9812309555826803
2010-08-29 03:00:00,0.3600333333333333,0.9811953402464835
2010-08-29 04:00:00,0.27476666666666666,0.9811597249102867
2010-08-29 05:00:00,1.1188666666666667,0.9811241095740899
2010-08-29 06:00:00,0.2983,0.9810884942378931
2010-08-29 07:00:00,0.34223333333333333,0.9810528789016963
2010-08-29 08:00:00,0.49173333333333336,0.9810172635654996
2010-08-29 09:00:00,0.3921,0.9809816482293028
2010-08-29 10:00:00,0.6474666666666666,0.980946032893106
2010-08-29 11:00:00,1.5473333333333334,0.9809104175569092
2010-08-29 12:00:00,2.5704,0.9808748022207124
2010-08-29 13:00:00,2.1139,0.9808391868845157
2010-08-29 14:00:00,1.5021333333333333,0.9808035715483189
2010-08-29 15:00:00,1.4193666666666667,0.9807679562121221
2010-08-29 16:00:00,0.37416666666666665,0.9807323408759253
2010-08-29 17:00:00,1.4337666666666666,0.9806967255397285
2010-08-29 18:00:00,1.1072,0.9806611102035317
2010-08-29 19:00:00,1.7450666666666668,0.980625494867335
2010-08-29 20:00:00,2.1989333333333336,0.9805898795311382
2010-08-29 21:00:00,3.2344999999999997,0.9805542641949414
2010-08-29 22:00:00,2.3159666666666667,0.9805186488587446
2010-08-29 23:00:00,0.9494666666666667,0.9804830335225478
2010-08-30 00:00:00,0.5507333333333334,0.9804474181863511
2010-08-30 01:00:00,0.48323333333333335,0.9804118028501543
2010-08-30 02:00:00,0.34113333333333334,0.9803761875139575
2010-08-30 03:00:00,0.28736666666666666,0.9803405721777607
2010-08-30 04:00:00,0.2851,0.9803049568415639
2010-08-30 05:00:00,0.28673333333333334,0.9802693415053672
2010-08-30 06:00:00,0.33676666666666666,0.9802337261691704
2010-08-30 07:00:00,0.8905666666666666,0.9801981108329736
2010-08-30 08:00:00,1.4085333333333334,0.9801624954967768
2010-08-30 09:00:00,1.0479,0.98012688016058
2010-08-30 10:00:00,0.8792666666666666,0.9800912648243832
2010-08-30 11:00:00,1.5097,0.9800556494881865
2010-08-30 12:00:00,1.7421333333333335,0.9800200341519897
2010-08-30 13:00:00,2.218233333333333,0.9799844188157929
2010-08-30 14:00:00,2.417133333333333,0.9799488034795961
2010-08-30 15:00:00,1.8369,0.9799131881433993
2010-08-30 16:00:00,1.6935666666666667,0.9798775728072026
2010-08-30 17:00:00,0.3625,0.9798419574710058
2010-08-30 18:00:00,0.3312333333333333,0.979806342134809
2010-08-30 19:00:00,1.1589,0.9797707267986122
2010-08-30 20:00:00,0.8696333333333333,0.9797351114624154
2010-08-30 21:00:00,2.242233333333333,0.9796994961262186
2010-08-30 22:00:00,1.1637666666666666,0.9796638807900219
2010-08-30 23:00:00,0.5701,0.9796282654538251
2010-08-31 00:00:00,0.4017666666666667,0.9795926501176283
2010-08-31 01:00:00,0.3663666666666667,0.9795570347814315
2010-08-31 02:00:00,0.3196333333333333,0.9795214194452347
2010-08-31 03:00:00,0.2955333333333333,0.979485804109038
2010-08-31 04:00:00,1.0354333333333332,0.9794501887728412
2010-08-31 05:00:00,0.32880000000000004,0.9794145734366444
2010-08-31 06:00:00,0.24463333333333334,0.9793789581004476
2010-08-31 07:00:00,0.5892,0.9793433427642508
2010-08-31 08:00:00,1.5327666666666666,0.979307727428054
2010-08-31 09:00:00,1.4823666666666666,0.9792721120918573
2010-08-31 10:00:00,1.1666333333333334,0.9792364967556605
2010-08-31 11:00:00,1.5806666666666667,0.9792008814194637
2010-08-31 12:00:00,1.2884666666666666,0.9791652660832669
2010-08-31 13:00:00,1.0535666666666665,0.9791296507470701
2010-08-31 14:00:00,0.8699333333333333,0.9790940354108734
2010-08-31 15:00:00,0.6130333333333333,0.9790584200746766
2010-08-31 16:00:00,0.7542333333333333,0.9790228047384798
2010-08-31 17:00:00,1.4517333333333333,0.978987189402283
2010-08-31 18:00:00,1.7887,0.9789515740660862
2010-08-31 19:00:00,1.3791,0.9789159587298895
2010-08-31 20:00:00,1.8193666666666668,0.9788803433936927
2010-08-31 21:00:00,1.1395666666666666,0.9788447280574959
2010-08-31 22:00:00,0.6880000000000001,0.9788091127212991
2010-08-31 23:00:00,0.5622666666666666,0.9787734973851023
2010-09-01 00:00:00,0.37710000000000005,0.9787378820489055
2010-09-01 01:00:00,0.2891333333333333,0.9787022667127088
2010-09-01 02:00:00,0.3401666666666667,0.978666651376512
2010-09-01 03:00:00,0.3021333333333333,0.9786310360403152
2010-09-01 04:00:00,0.8031666666666667,0.9785954207041184
2010-09-01 05:00:00,0.3105333333333334,0.9785598053679216
2010-09-01 06:00:00,0.46140000000000003,0.9785241900317249
2010-09-01 07:00:00,0.9840333333333333,0.9784885746955281
2010-09-01 08:00:00,1.4570666666666665,0.9784529593593313
2010-09-01 09:00:00,0.8423666666666667,0.9784173440231345
2010-09-01 10:00:00,1.9099333333333335,0.9783817286869377
2010-09-01 11:00:00,2.1177333333333332,0.978346113350741
2010-09-01 12:00:00,1.6747333333333332,0.9783104980145442
2010-09-01 13:00:00,1.6333,0.9782748826783474
2010-09-01 14:00:00,1.7136333333333333,0.9782392673421506
2010-09-01 15:00:00,1.4292333333333334,0.9782036520059538
2010-09-01 16:00:00,1.3891666666666667,0.978168036669757
2010-09-01 17:00:00,1.4856333333333334,0.9781324213335603
2010-09-01 18:00:00,0.5392333333333333,0.9780968059973635
2010-09-01 19:00:00,0.5494333333333333,0.9780611906611667
2010-09-01 20:00:00,1.8614333333333333,0.9780255753249699
2010-09-01 21:00:00,2.5369,0.9779899599887731
2010-09-01 22:00:00,1.1801333333333335,0.9779543446525764
2010-09-01 23:00:00,0.3677,0.9779187293163796
2010-09-02 00:00:00,0.3330666666666667,0.9778831139801828
2010-09-02 01:00:00,0.3055,0.977847498643986
2010-09-02 02:00:00,0.34659999999999996,0.9778118833077892
2010-09-02 03:00:00,0.2548,0.9777762679715924
2010-09-02 04:00:00,0.3398333333333333,0.9777406526353957
2010-09-02 05:00:00,0.30093333333333333,0.9777050372991989
2010-09-02 06:00:00,1.0378666666666667,0.9776694219630021
2010-09-02 07:00:00,0.7744333333333333,0.9776338066268053
2010-09-02 08:00:00,1.5999333333333332,0.9775981912906085
2010-09-02 09:00:00,1.6337333333333333,0.9775625759544118
2010-09-02 10:00:00,1.7061,0.977526960618215
2010-09-02 11:00:00,1.6545333333333334,0.9774913452820182
2010-09-02 12:00:00,1.5187666666666668,0.9774557299458214
2010-09-02 13:00:00,1.3599999999999999,0.9774201146096246
2010-09-02 14:00:00,1.4055333333333333,0.9773844992734279
2010-09-02 15:00:00,0.8876333333333334,0.9773488839372311
2010-09-02 16:00:00,0.3390666666666667,0.9773132686010343
2010-09-02 17:00:00,0.49420000000000003,0.9772776532648375
2010-09-02 18:00:00,0.7261666666666666,0.9772420379286407
2010-09-02 19:00:00,0.6808666666666666,0.977206422592444
2010-09-02 20:00:00,2.4065,0.9771708072562472
2010-09-02 21:00:00,1.5888333333333333,0.9771351919200504
2010-09-02 22:00:00,0.9164333333333333,0.9770995765838536
2010-09-02 23:00:00,0.5968666666666667,0.9770639612476568
2010-09-03 00:00:00,0.39016666666666666,0.97702834591146
2010-09-03 01:00:00,0.345,0.9769927305752633
2010-09-03 02:00:00,0.3454666666666667,0.9769571152390665
2010-09-03 03:00:00,0.4543,0.9769214999028697
2010-09-03 04:00:00,0.6939333333333334,0.9768858845666729
2010-09-03 05:00:00,0.9556333333333333,0.9768502692304761
2010-09-03 06:00:00,0.9327666666666666,0.9768146538942793
2010-09-03 07:00:00,1.1414666666666666,0.9767790385580826
2010-09-03 08:00:00,1.5048,0.9767434232218858
2010-09-03 09:00:00,1.4632,0.976707807885689
2010-09-03 10:00:00,1.3639333333333332,0.9766721925494922
2010-09-03 11:00:00,1.4092333333333333,0.9766365772132954
2010-09-03 12:00:00,1.6444666666666667,0.9766009618770987
2010-09-03 13:00:00,0.7313666666666666,0.9765653465409019
2010-09-03 14:00:00,0.35523333333333335,0.9765297312047051
2010-09-03 15:00:00,0.41023333333333334,0.9764941158685083
2010-09-03 16:00:00,0.3091333333333333,0.9764585005323115
2010-09-03 17:00:00,0.34396666666666664,0.9764228851961148
2010-09-03 18:00:00,0.36483333333333334,0.976387269859918
2010-09-03 19:00:00,0.531,0.9763516545237212
2010-09-03 20:00:00,2.3058666666666667,0.9763160391875244
2010-09-03 21:00:00,1.8044333333333331,0.9762804238513276
2010-09-03 22:00:00,1.6770333333333334,0.9762448085151308
2010-09-03 23:00:00,0.9627666666666667,0.9762091931789341
2010-09-04 00:00:00,0.4686666666666667,0.9761735778427373
2010-09-04 01:00:00,0.33326666666666666,0.9761379625065405
2010-09-04 02:00:00,0.2752666666666667,0.9761023471703437
2010-09-04 03:00:00,0.3137666666666667,0.9760667318341469
2010-09-04 04:00:00,1.0629666666666666,0.9760311164979502
2010-09-04 05:00:00,0.32289999999999996,0.9759955011617534
2010-09-04 06:00:00,0.6717333333333334,0.9759598858255566
2010-09-04 07:00:00,1.9570333333333332,0.9759242704893598
2010-09-04 08:00:00,1.4460000000000002,0.975888655153163
2010-09-04 09:00:00,0.779,0.9758530398169663
2010-09-04 10:00:00,0.9023666666666668,0.9758174244807695
2010-09-04 11:00:00,1.6402333333333334,0.9757818091445727
2010-09-04 12:00:00,1.3255666666666668,0.9757461938083759
2010-09-04 13:00:00,1.1751666666666667,0.9757105784721791
2010-09-04 14:00:00,2.1475999999999997,0.9756749631359823
2010-09-04 15:00:00,1.7486666666666666,0.9756393477997856
2010-09-04 16:00:00,0.7704666666666667,0.9756037324635888
2010-09-04 17:00:00,0.5642333333333334,0.975568117127392
2010-09-04 18:00:00,1.6101999999999999,0.9755325017911952
2010-09-04 19:00:00,1.6162333333333334,0.9754968864549984
2010-09-04 20:00:00,2.278833333333333,0.9754612711188017
2010-09-04 21:00:00,2.5189666666666666,0.9754256557826049
2010-09-04 22:00:00,2.1733666666666664,0.9753900404464081
2010-09-04 23:00:00,0.9614999999999999,0.9753544251102113
2010-09-05 00:00:00,0.5580999999999999,0.9753188097740145
2010-09-05 01:00:00,0.4830333333333333,0.9752831944378177
2010-09-05 02:00:00,0.5433,0.975247579101621
2010-09-05 03:00:00,0.3478,0.9752119637654242
2010-09-05 04:00:00,0.3080333333333333,0.9751763484292274
2010-09-05 05:00:00,0.33823333333333333,0.9751407330930306
2010-09-05 06:00:00,0.26953333333333335,0.9751051177568338
2010-09-05 07:00:00,0.30996666666666667,0.9750695024206371
2010-09-05 08:00:00,1.3496,0.9750338870844403
2010-09-05 09:00:00,0.43196666666666667,0.9749982717482435
2010-09-05 10:00:00,1.256,0.9749626564120467
2010-09-05 11:00:00,1.6126,0.9749270410758499
2010-09-05 12:00:00,0.9832,0.9748914257396532
2010-09-05 13:00:00,0.7988999999999999,0.9748558104034564
2010-09-05 14:00:00,1.2334666666666665,0.9748201950672596
2010-09-05 15:00:00,2.2218333333333335,0.9747845797310628
2010-09-05 16:00:00,1.0086333333333333,0.974748964394866
2010-09-05 17:00:00,0.5999333333333333,0.9747133490586692
2010-09-05 18:00:00,0.8549,0.9746777337224725
2010-09-05 19:00:00,1.3828666666666665,0.9746421183862757
2010-09-05 20:00:00,1.0963666666666667,0.9746065030500789
2010-09-05 21:00:00,2.119,0.9745708877138821
2010-09-05 22:00:00,1.5342333333333333,0.9745352723776853
2010-09-05 23:00:00,0.4088,0.9744996570414886
2010-09-06 00:00:00,0.36146666666666666,0.9744640417052918
2010-09-06 01:00:00,0.33393333333333336,0.974428426369095
2010-09-06 02:00:00,0.34256666666666663,0.9743928110328982
2010-09-06 03:00:00,0.28243333333333337,0.9743571956967014
2010-09-06 04:00:00,0.351,0.9743215803605046
2010-09-06 05:00:00,0.22310000000000002,0.9742859650243079
2010-09-06 06:00:00,1.5419333333333334,0.9742503496881111
2010-09-06 07:00:00,1.8616333333333333,0.9742147343519143
2010-09-06 08:00:00,1.5826333333333333,0.9741791190157175
2010-09-06 09:00:00,1.4338000000000002,0.9741435036795207
2010-09-06 10:00:00,0.5483666666666667,0.974107888343324
2010-09-06 11:00:00,0.3156,0.9740722730071272
2010-09-06 12:00:00,1.2417666666666667,0.9740366576709304
2010-09-06 13:00:00,1.3418333333333334,0.9740010423347336
2010-09-06 14:00:00,0.36543333333333333,0.9739654269985368
2010-09-06 15:00:00,0.9581666666666667,0.97392981166234
2010-09-06 16:00:00,1.4072333333333333,0.9738941963261433
2010-09-06 17:00:00,2.497666666666667,0.9738585809899465
2010-09-06 18:00:00,0.8907,0.9738229656537497
2010-09-06 19:00:00,1.2747333333333333,0.9737873503175529
2010-09-06 20:00:00,1.1888666666666665,0.9737517349813561
2010-09-06 21:00:00,1.7181666666666666,0.9737161196451594
2010-09-06 22:00:00,1.2335,0.9736805043089626
2010-09-06 23:00:00,0.41806666666666664,0.9736448889727658
2010-09-07 00:00:00,0.6620666666666666,0.973609273636569
2010-09-07 01:00:00,0.6508333333333333,0.9735736583003722
2010-09-07 02:00:00,0.2722,0.9735380429641755
2010-09-07 03:00:00,0.3152666666666667,0.9735024276279787
2010-09-07 04:00:00,0.305,0.9734668122917819
2010-09-07 05:00:00,0.32686666666666664,0.9734311969555851
2010-09-07 06:00:00,0.6378,0.9733955816193883
2010-09-07 07:00:00,1.8521333333333334,0.9733599662831915
2010-09-07 08:00:00,1.4305333333333332,0.9733243509469948
2010-09-07 09:00:00,1.4320333333333333,0.973288735610798
2010-09-07 10:00:00,0.6150333333333333,0.9732531202746012
2010-09-07 11:00:00,1.0950666666666666,0.9732175049384044
2010-09-07 12:00:00,0.4864666666666667,0.9731818896022076
2010-09-07 13:00:00,0.4363666666666666,0.9731462742660109
2010-09-07 14:00:00,0.3362,0.9731106589298141
2010-09-07 15:00:00,0.3363333333333333,0.9730750435936173
2010-09-07 16:00:00,0.9365000000000001,0.9730394282574205
2010-09-07 17:00:00,0.3335,0.9730038129212237
2010-09-07 18:00:00,1.0712666666666666,0.972968197585027
2010-09-07 19:00:00,2.7609333333333335,0.9729325822488302
2010-09-07 20:00:00,2.1508333333333334,0.9728969669126334
2010-09-07 21:00:00,2.2494333333333336,0.9728613515764366
2010-09-07 22:00:00,2.4007666666666667,0.9728257362402398
2010-09-07 23:00:00,1.1041333333333334,0.972790120904043
2010-09-08 00:00:00,0.36596666666666666,0.9727545055678463
2010-09-08 01:00:00,0.34976666666666667,0.9727188902316495
2010-09-08 02:00:00,0.45790000000000003,0.9726832748954527
2010-09-08 03:00:00,0.3013333333333333,0.9726476595592559
2010-09-08 04:00:00,0.346,0.9726120442230591
2010-09-08 05:00:00,0.32243333333333335,0.9725764288868624
2010-09-08 06:00:00,0.7884333333333333,0.9725408135506656
2010-09-08 07:00:00,1.9181,0.9725051982144688
2010-09-08 08:00:00,1.6187,0.972469582878272
2010-09-08 09:00:00,1.4468333333333334,0.9724339675420752
2010-09-08 10:00:00,0.4638666666666667,0.9723983522058784
2010-09-08 11:00:00,0.3372,0.9723627368696817
2010-09-08 12:00:00,0.6727666666666666,0.9723271215334849
2010-09-08 13:00:00,0.45713333333333334,0.9722915061972881
2010-09-08 14:00:00,0.5007,0.9722558908610913
2010-09-08 15:00:00,0.45720000000000005,0.9722202755248945
2010-09-08 16:00:00,0.5627333333333334,0.9721846601886978
2010-09-08 17:00:00,0.9294,0.972149044852501
2010-09-08 18:00:00,1.6340333333333334,0.9721134295163042
2010-09-08 19:00:00,0.7245333333333334,0.9720778141801074
2010-09-08 20:00:00,1.8530000000000002,0.9720421988439106
2010-09-08 21:00:00,2.8006,0.9720065835077139
2010-09-08 22:00:00,1.4298333333333333,0.9719709681715171
2010-09-08 23:00:00,0.9917333333333332,0.9719353528353203
2010-09-09 00:00:00,0.9049666666666667,0.9718997374991235
2010-09-09 01:00:00,0.47246666666666665,0.9718641221629267
2010-09-09 02:00:00,0.32793333333333335,0.9718285068267299
2010-09-09 03:00:00,0.2828,0.9717928914905332
2010-09-09 04:00:00,0.24960000000000002,0.9717572761543364
2010-09-09 05:00:00,0.7349333333333334,0.9717216608181396
2010-09-09 06:00:00,0.8782666666666666,0.9716860454819428
2010-09-09 07:00:00,1.9045999999999998,0.971650430145746
2010-09-09 08:00:00,1.4102,0.9716148148095493
2010-09-09 09:00:00,0.9942666666666666,0.9715791994733525
2010-09-09 10:00:00,0.4267666666666666,0.9715435841371557
2010-09-09 11:00:00,0.8445666666666667,0.9715079688009589
2010-09-09 12:00:00,0.8244666666666667,0.9714723534647621
2010-09-09 13:00:00,0.958,0.9714367381285653
2010-09-09 14:00:00,0.42096666666666666,0.9714011227923686
2010-09-09 15:00:00,0.7772333333333333,0.9713655074561718
2010-09-09 16:00:00,0.3003666666666666,0.971329892119975
2010-09-09 17:00:00,0.7164666666666667,0.9712942767837782
2010-09-09 18:00:00,0.47,0.9712586614475814
2010-09-09 19:00:00,1.5420666666666667,0.9712230461113847
2010-09-09 20:00:00,2.6474333333333333,0.9711874307751879
2010-09-09 21:00:00,1.2951666666666666,0.9711518154389911
2010-09-09 22:00:00,0.8265333333333333,0.9711162001027943
2010-09-09 23:00:00,0.43516666666666665,0.9710805847665975
2010-09-10 00:00:00,0.3246,0.9710449694304008
2010-09-10 01:00:00,0.8062666666666666,0.971009354094204
2010-09-10 02:00:00,0.4391,0.9709737387580072
2010-09-10 03:00:00,0.33616666666666667,0.9709381234218104
2010-09-10 04:00:00,0.2793333333333334,0.9709025080856136
2010-09-10 05:00:00,0.26126666666666665,0.9708668927494168
2010-09-10 06:00:00,0.9106666666666666,0.9708312774132201
2010-09-10 07:00:00,1.698,0.9707956620770233
2010-09-10 08:00:00,0.31983333333333336,0.9707600467408265
2010-09-10 09:00:00,0.30700000000000005,0.9707244314046297
2010-09-10 10:00:00,0.3499333333333333,0.9706888160684329
2010-09-10 11:00:00,0.46993333333333337,0.9706532007322362
2010-09-10 12:00:00,0.23243333333333333,0.9706175853960394
2010-09-10 13:00:00,0.37426666666666664,0.9705819700598426
2010-09-10 14:00:00,0.4270333333333333,0.9705463547236458
2010-09-10 15:00:00,0.3281,0.970510739387449
2010-09-10 16:00:00,0.9026,0.9704751240512522
2010-09-10 17:00:00,1.0888,0.9704395087150555
2010-09-10 18:00:00,2.1483,0.9704038933788587
2010-09-10 19:00:00,1.8013000000000001,0.9703682780426619
2010-09-10 20:00:00,2.3795,0.9703326627064651
2010-09-10 21:00:00,2.0765000000000002,0.9702970473702683
2010-09-10 22:00:00,2.3522000000000003,0.9702614320340716
2010-09-10 23:00:00,1.5219999999999998,0.9702258166978748
2010-09-11 00:00:00,1.0361333333333334,0.970190201361678
2010-09-11 01:00:00,0.461,0.9701545860254812
2010-09-11 02:00:00,0.345,0.9701189706892844
2010-09-11 03:00:00,0.2740666666666666,0.9700833553530877
2010-09-11 04:00:00,0.34280000000000005,0.9700477400168909
2010-09-11 05:00:00,0.30256666666666665,0.9700121246806941
2010-09-11 06:00:00,0.7187666666666667,0.9699765093444973
2010-09-11 07:00:00,1.6514,0.9699408940083005
2010-09-11 08:00:00,1.4151,0.9699052786721037
2010-09-11 09:00:00,0.8931,0.969869663335907
2010-09-11 10:00:00,1.3423,0.9698340479997102
2010-09-11 11:00:00,0.4276666666666667,0.9697984326635134
2010-09-11 12:00:00,1.0580333333333334,0.9697628173273166
2010-09-11 13:00:00,1.7219,0.9697272019911198
2010-09-11 14:00:00,1.8109,0.969691586654923
2010-09-11 15:00:00,0.9680666666666667,0.9696559713187263
2010-09-11 16:00:00,0.4590666666666667,0.9696203559825295
2010-09-11 17:00:00,1.2209333333333334,0.9695847406463327
2010-09-11 18:00:00,0.7318333333333332,0.9695491253101359
2010-09-11 19:00:00,0.38176666666666664,0.9695135099739391
2010-09-11 20:00:00,1.0722999999999998,0.9694778946377424
2010-09-11 21:00:00,1.8523999999999998,0.9694422793015456
2010-09-11 22:00:00,1.9503333333333333,0.9694066639653488
2010-09-11 23:00:00,1.9510666666666665,0.969371048629152
2010-09-12 00:00:00,1.9163,0.9693354332929552
2010-09-12 01:00:00,1.7626333333333333,0.9692998179567585
2010-09-12 02:00:00,2.2741,0.9692642026205617
2010-09-12 03:00:00,2.235966666666667,0.9692285872843649
2010-09-12 04:00:00,1.4288333333333334,0.9691929719481681
2010-09-12 05:00:00,0.2998,0.9691573566119713
2010-09-12 06:00:00,0.2696,0.9691217412757746
2010-09-12 07:00:00,0.3461,0.9690861259395778
2010-09-12 08:00:00,0.3628,0.969050510603381
2010-09-12 09:00:00,0.4345,0.9690148952671842
2010-09-12 10:00:00,0.26186666666666664,0.9689792799309874
2010-09-12 11:00:00,0.8206,0.9689436645947906
2010-09-12 12:00:00,1.1534333333333333,0.9689080492585939
2010-09-12 13:00:00,2.1095333333333333,0.9688724339223971
2010-09-12 14:00:00,1.6432,0.9688368185862003
2010-09-12 15:00:00,1.5487333333333335,0.9688012032500035
2010-09-12 16:00:00,1.0166,0.9687655879138067
2010-09-12 17:00:00,0.4826,0.96872997257761
2010-09-12 18:00:00,0.4251666666666667,0.9686943572414132
2010-09-12 19:00:00,0.3076666666666667,0.9686587419052164
2010-09-12 20:00:00,1.3974,0.9686231265690196
2010-09-12 21:00:00,1.5438333333333332,0.9685875112328228
2010-09-12 22:00:00,1.5374333333333332,0.968551895896626
2010-09-12 23:00:00,1.2895,0.9685162805604293
2010-09-13 00:00:00,0.7721333333333333,0.9684806652242325
2010-09-13 01:00:00,0.3366,0.9684450498880357
2010-09-13 02:00:00,0.9683333333333334,0.9684094345518389
2010-09-13 03:00:00,0.3106666666666667,0.9683738192156421
2010-09-13 04:00:00,0.2142,0.9683382038794454
2010-09-13 05:00:00,0.2632,0.9683025885432486
2010-09-13 06:00:00,0.6192333333333333,0.9682669732070518
2010-09-13 07:00:00,1.9085666666666665,0.968231357870855
2010-09-13 08:00:00,1.4395666666666667,0.9681957425346582
2010-09-13 09:00:00,0.5902333333333334,0.9681601271984615
2010-09-13 10:00:00,0.3597666666666666,0.9681245118622647
2010-09-13 11:00:00,0.3375666666666667,0.9680888965260679
2010-09-13 12:00:00,0.26786666666666664,0.9680532811898711
2010-09-13 13:00:00,1.2969000000000002,0.9680176658536743
2010-09-13 14:00:00,0.3499666666666667,0.9679820505174775
2010-09-13 15:00:00,0.24180000000000001,0.9679464351812808
2010-09-13 16:00:00,0.3480666666666667,0.967910819845084
2010-09-13 17:00:00,0.34590000000000004,0.9678752045088872
2010-09-13 18:00:00,0.7102666666666667,0.9678395891726904
2010-09-13 19:00:00,1.2278333333333333,0.9678039738364936
2010-09-13 20:00:00,1.4990999999999999,0.9677683585002969
2010-09-13 21:00:00,1.7951000000000001,0.9677327431641001
2010-09-13 22:00:00,1.4222333333333335,0.9676971278279033
2010-09-13 23:00:00,0.31356666666666666,0.9676615124917065
2010-09-14 00:00:00,0.3368333333333334,0.9676258971555097
2010-09-14 01:00:00,0.3358,0.967590281819313
2010-09-14 02:00:00,0.3402,0.9675546664831162
2010-09-14 03:00:00,0.27923333333333333,0.9675190511469194
2010-09-14 04:00:00,0.25666666666666665,0.9674834358107226
2010-09-14 05:00:00,0.2604,0.9674478204745258
2010-09-14 06:00:00,0.6287,0.967412205138329
2010-09-14 07:00:00,1.7493333333333334,0.9673765898021323
2010-09-14 08:00:00,1.4405000000000001,0.9673409744659355
2010-09-14 09:00:00,2.193433333333333,0.9673053591297387
2010-09-14 10:00:00,0.9704666666666667,0.9672697437935419
2010-09-14 11:00:00,1.7899,0.9672341284573451
2010-09-14 12:00:00,0.5667666666666666,0.9671985131211484
2010-09-14 13:00:00,0.5091666666666667,0.9671628977849516
2010-09-14 14:00:00,0.9451666666666667,0.9671272824487548
2010-09-14 15:00:00,0.3289666666666667,0.967091667112558
2010-09-14 16:00:00,0.3869666666666667,0.9670560517763612
2010-09-14 17:00:00,0.5251666666666667,0.9670204364401644
2010-09-14 18:00:00,1.5987,0.9669848211039677
2010-09-14 19:00:00,1.9842333333333333,0.9669492057677709
2010-09-14 20:00:00,2.0944333333333334,0.9669135904315741
2010-09-14 21:00:00,2.1402666666666668,0.9668779750953773
2010-09-14 22:00:00,1.3248333333333333,0.9668423597591805
2010-09-14 23:00:00,0.8584999999999999,0.9668067444229838
2010-09-15 00:00:00,0.3932,0.966771129086787
2010-09-15 01:00:00,0.40836666666666666,0.9667355137505902
2010-09-15 02:00:00,0.38073333333333337,0.9666998984143934
2010-09-15 03:00:00,0.351,0.9666642830781966
2010-09-15 04:00:00,0.23933333333333331,0.9666286677419998
2010-09-15 05:00:00,0.305,0.9665930524058031
2010-09-15 06:00:00,0.8122666666666667,0.9665574370696063
2010-09-15 07:00:00,2.0184,0.9665218217334095
2010-09-15 08:00:00,1.5053666666666667,0.9664862063972127
2010-09-15 09:00:00,1.1082333333333334,0.9664505910610159
2010-09-15 10:00:00,0.31056666666666666,0.9664149757248192
2010-09-15 11:00:00,0.22896666666666665,0.9663793603886224
2010-09-15 12:00:00,0.3728666666666667,0.9663437450524256
2010-09-15 13:00:00,0.27376666666666666,0.9663081297162288
2010-09-15 14:00:00,0.3443333333333333,0.966272514380032
2010-09-15 15:00:00,0.35886666666666667,0.9662368990438353
2010-09-15 16:00:00,0.4031333333333333,0.9662012837076385
2010-09-15 17:00:00,0.3624,0.9661656683714417
2010-09-15 18:00:00,0.9830333333333333,0.9661300530352449
2010-09-15 19:00:00,0.20803333333333332,0.9660944376990481
2010-09-15 20:00:00,0.7553,0.9660588223628513
2010-09-15 21:00:00,1.5866666666666667,0.9660232070266546
2010-09-15 22:00:00,1.7083666666666666,0.9659875916904578
2010-09-15 23:00:00,1.0167,0.965951976354261
2010-09-16 00:00:00,0.4185666666666667,0.9659163610180642
2010-09-16 01:00:00,0.3141333333333333,0.9658807456818674
2010-09-16 02:00:00,0.26486666666666664,0.9658451303456707
2010-09-16 03:00:00,0.9834999999999999,0.9658095150094739
2010-09-16 04:00:00,0.2645,0.9657738996732771
2010-09-16 05:00:00,0.31039999999999995,0.9657382843370803
2010-09-16 06:00:00,0.6315666666666666,0.9657026690008835
2010-09-16 07:00:00,1.9140666666666666,0.9656670536646867
2010-09-16 08:00:00,1.4490333333333334,0.96563143832849
2010-09-16 09:00:00,0.5514666666666667,0.9655958229922932
2010-09-16 10:00:00,0.5208333333333334,0.9655602076560964
2010-09-16 11:00:00,1.34,0.9655245923198996
2010-09-16 12:00:00,1.4146666666666665,0.9654889769837028
2010-09-16 13:00:00,1.4808333333333332,0.9654533616475061
2010-09-16 14:00:00,0.5958666666666667,0.9654177463113093
2010-09-16 15:00:00,0.2752666666666667,0.9653821309751125
2010-09-16 16:00:00,0.2105,0.9653465156389157
2010-09-16 17:00:00,0.2618333333333333,0.9653109003027189
2010-09-16 18:00:00,0.7915333333333333,0.9652752849665222
2010-09-16 19:00:00,1.3970333333333333,0.9652396696303254
2010-09-16 20:00:00,2.9842999999999997,0.9652040542941286
2010-09-16 21:00:00,1.7319333333333333,0.9651684389579318
2010-09-16 22:00:00,1.4389,0.965132823621735
2010-09-16 23:00:00,0.7833666666666667,0.9650972082855382
2010-09-17 00:00:00,0.4765666666666667,0.9650615929493415
2010-09-17 01:00:00,0.2953,0.9650259776131447
2010-09-17 02:00:00,0.5791000000000001,0.9649903622769479
2010-09-17 03:00:00,0.6627333333333334,0.9649547469407511
2010-09-17 04:00:00,0.19949999999999998,0.9649191316045543
2010-09-17 05:00:00,0.26236666666666664,0.9648835162683576
2010-09-17 06:00:00,0.6324333333333333,0.9648479009321608
2010-09-17 07:00:00,1.9198,0.964812285595964
2010-09-17 08:00:00,1.3942666666666665,0.9647766702597672
2010-09-17 09:00:00,0.8596,0.9647410549235704
2010-09-17 10:00:00,0.1999,0.9647054395873736
2010-09-17 11:00:00,0.28723333333333334,0.9646698242511769
2010-09-17 12:00:00,0.5261666666666667,0.9646342089149801
2010-09-17 13:00:00,0.3563,0.9645985935787833
2010-09-17 14:00:00,0.7945666666666666,0.9645629782425865
2010-09-17 15:00:00,1.6732333333333334,0.9645273629063897
2010-09-17 16:00:00,2.9641666666666664,0.964491747570193
2010-09-17 17:00:00,1.5464666666666667,0.9644561322339962
2010-09-17 18:00:00,1.9456333333333333,0.9644205168977994
2010-09-17 19:00:00,2.9272,0.9643849015616026
2010-09-17 20:00:00,2.8731333333333335,0.9643492862254058
2010-09-17 21:00:00,0.5738333333333333,0.964313670889209
2010-09-17 22:00:00,0.5266333333333334,0.9642780555530123
2010-09-17 23:00:00,0.484,0.9642424402168155
2010-09-18 00:00:00,0.2914333333333333,0.9642068248806187
2010-09-18 01:00:00,0.2673666666666667,0.9641712095444219
2010-09-18 02:00:00,0.8251666666666666,0.9641355942082251
2010-09-18 03:00:00,0.3550333333333333,0.9640999788720284
2010-09-18 04:00:00,0.331,0.9640643635358316
2010-09-18 05:00:00,0.20823333333333333,0.9640287481996348
2010-09-18 06:00:00,0.6108666666666667,0.963993132863438
2010-09-18 07:00:00,1.8039999999999998,0.9639575175272412
2010-09-18 08:00:00,1.3785999999999998,0.9639219021910445
2010-09-18 09:00:00,0.8287,0.9638862868548477
2010-09-18 10:00:00,0.5166333333333334,0.9638506715186509
2010-09-18 11:00:00,0.3648666666666667,0.9638150561824541
2010-09-18 12:00:00,0.3004,0.9637794408462573
2010-09-18 13:00:00,0.8346333333333333,0.9637438255100605
2010-09-18 14:00:00,1.0549333333333333,0.9637082101738638
2010-09-18 15:00:00,0.8408666666666667,0.963672594837667
2010-09-18 16:00:00,0.9072666666666667,0.9636369795014702
2010-09-18 17:00:00,1.3213666666666666,0.9636013641652734
2010-09-18 18:00:00,0.7356333333333333,0.9635657488290766
2010-09-18 19:00:00,1.5119,0.9635301334928799
2010-09-18 20:00:00,1.7384666666666666,0.9634945181566831
2010-09-18 21:00:00,1.5982333333333334,0.9634589028204863
2010-09-18 22:00:00,1.6708,0.9634232874842895
2010-09-18 23:00:00,0.5027,0.9633876721480927
2010-09-19 00:00:00,0.3826,0.963352056811896
2010-09-19 01:00:00,0.40396666666666664,0.9633164414756992
2010-09-19 02:00:00,0.414,0.9632808261395024
2010-09-19 03:00:00,0.48569999999999997,0.9632452108033056
2010-09-19 04:00:00,0.28163333333333335,0.9632095954671088
2010-09-19 05:00:00,0.1971,0.963173980130912
2010-09-19 06:00:00,0.23706666666666668,0.9631383647947153
2010-09-19 07:00:00,0.5294333333333333,0.9631027494585185
2010-09-19 08:00:00,0.9478333333333333,0.9630671341223217
2010-09-19 09:00:00,0.8190666666666666,0.9630315187861249
2010-09-19 10:00:00,0.5698333333333333,0.9629959034499281
2010-09-19 11:00:00,0.2659,0.9629602881137314
2010-09-19 12:00:00,0.21293333333333334,0.9629246727775346
2010-09-19 13:00:00,0.4809333333333334,0.9628890574413378
2010-09-19 14:00:00,0.3187333333333333,0.962853442105141
2010-09-19 15:00:00,0.2951,0.9628178267689442
2010-09-19 16:00:00,0.25279999999999997,0.9627822114327474
2010-09-19 17:00:00,0.3328,0.9627465960965507
2010-09-19 18:00:00,1.6387333333333334,0.9627109807603539
2010-09-19 19:00:00,1.0944666666666667,0.9626753654241571
2010-09-19 20:00:00,2.343566666666667,0.9626397500879603
2010-09-19 21:00:00,1.8975666666666666,0.9626041347517635
2010-09-19 22:00:00,0.7172333333333333,0.9625685194155668
2010-09-19 23:00:00,0.2076666666666667,0.96253290407937
2010-09-20 00:00:00,0.3577666666666667,0.9624972887431732
2010-09-20 01:00:00,0.3307333333333334,0.9624616734069764
2010-09-20 02:00:00,0.8504666666666666,0.9624260580707796
2010-09-20 03:00:00,0.2718666666666667,0.9623904427345829
2010-09-20 04:00:00,0.1951,0.9623548273983861
2010-09-20 05:00:00,0.2795333333333333,0.9623192120621893
2010-09-20 06:00:00,0.6302,0.9622835967259925
2010-09-20 07:00:00,2.116966666666667,0.9622479813897957
2010-09-20 08:00:00,1.4034333333333333,0.9622123660535989
2010-09-20 09:00:00,1.3784666666666667,0.9621767507174022
2010-09-20 10:00:00,1.4202666666666666,0.9621411353812054
2010-09-20 11:00:00,0.8689,0.9621055200450086
2010-09-20 12:00:00,2.172266666666667,0.9620699047088118
2010-09-20 13:00:00,1.1652666666666667,0.962034289372615
2010-09-20 14:00:00,0.9749333333333333,0.9619986740364183
2010-09-20 15:00:00,1.3373333333333333,0.9619630587002215
2010-09-20 16:00:00,1.3558999999999999,0.9619274433640247
2010-09-20 17:00:00,1.4825333333333333,0.9618918280278279
2010-09-20 18:00:00,1.1808666666666667,0.9618562126916311
2010-09-20 19:00:00,1.3009,0.9618205973554343
2010-09-20 20:00:00,2.063066666666667,0.9617849820192376
2010-09-20 21:00:00,2.5983666666666663,0.9617493666830408
2010-09-20 22:00:00,1.6893666666666667,0.961713751346844
2010-09-20 23:00:00,0.6227,0.9616781360106472
2010-09-21 00:00:00,0.4720333333333333,0.9616425206744504
2010-09-21 01:00:00,0.30283333333333334,0.9616069053382537
2010-09-21 02:00:00,0.20446666666666669,0.9615712900020569
2010-09-21 03:00:00,0.26890000000000003,0.9615356746658601
2010-09-21 04:00:00,0.27230000000000004,0.9615000593296633
2010-09-21 05:00:00,0.9105000000000001,0.9614644439934665
2010-09-21 06:00:00,0.6151666666666668,0.9614288286572698
2010-09-21 07:00:00,1.8787333333333334,0.961393213321073
2010-09-21 08:00:00,1.3339666666666665,0.9613575979848762
2010-09-21 09:00:00,1.3714666666666666,0.9613219826486794
2010-09-21 10:00:00,1.0264,0.9612863673124826
2010-09-21 11:00:00,0.7342333333333334,0.9612507519762858
2010-09-21 12:00:00,0.8323666666666667,0.9612151366400891
2010-09-21 13:00:00,0.5928666666666668,0.9611795213038923
2010-09-21 14:00:00,0.3046333333333333,0.9611439059676955
2010-09-21 15:00:00,0.4209333333333333,0.9611082906314987
2010-09-21 16:00:00,0.4111333333333333,0.9610726752953019
2010-09-21 17:00:00,0.24773333333333333,0.9610370599591052
2010-09-21 18:00:00,0.3106333333333334,0.9610014446229084
2010-09-21 19:00:00,0.5627666666666666,0.9609658292867116
2010-09-21 20:00:00,2.0710333333333333,0.9609302139505148
2010-09-21 21:00:00,2.0067666666666666,0.960894598614318
2010-09-21 22:00:00,1.0306666666666666,0.9608589832781212
2010-09-21 23:00:00,0.3404,0.9608233679419245
2010-09-22 00:00:00,0.28543333333333337,0.9607877526057277
2010-09-22 01:00:00,0.3053666666666667,0.9607521372695309
2010-09-22 02:00:00,0.32706666666666667,0.9607165219333341
2010-09-22 03:00:00,0.26043333333333335,0.9606809065971373
2010-09-22 04:00:00,0.7687,0.9606452912609406
2010-09-22 05:00:00,0.3939666666666667,0.9606096759247438
2010-09-22 06:00:00,0.5784,0.960574060588547
2010-09-22 07:00:00,2.0355333333333334,0.9605384452523502
2010-09-22 08:00:00,1.8892,0.9605028299161534
2010-09-22 09:00:00,1.8499333333333332,0.9604672145799567
2010-09-22 10:00:00,1.5564,0.9604315992437599
2010-09-22 11:00:00,0.3938333333333333,0.9603959839075631
2010-09-22 12:00:00,0.7272666666666667,0.9603603685713663
2010-09-22 13:00:00,1.4374666666666667,0.9603247532351695
2010-09-22 14:00:00,0.3046333333333333,0.9602891378989727
2010-09-22 15:00:00,0.9953000000000001,0.960253522562776
2010-09-22 16:00:00,1.3890333333333333,0.9602179072265792
2010-09-22 17:00:00,1.4524333333333332,0.9601822918903824
2010-09-22 18:00:00,1.643,0.9601466765541856
2010-09-22 19:00:00,1.6807,0.9601110612179888
2010-09-22 20:00:00,2.1387,0.9600754458817921
2010-09-22 21:00:00,1.5795666666666668,0.9600398305455953
2010-09-22 22:00:00,0.8024,0.9600042152093985
2010-09-22 23:00:00,0.3784666666666666,0.9599685998732017
2010-09-23 00:00:00,0.3320666666666667,0.9599329845370049
2010-09-23 01:00:00,0.4959,0.9598973692008081
2010-09-23 02:00:00,0.7034,0.9598617538646114
2010-09-23 03:00:00,0.29883333333333334,0.9598261385284146
2010-09-23 04:00:00,0.2033333333333333,0.9597905231922178
2010-09-23 05:00:00,0.2656,0.959754907856021
2010-09-23 06:00:00,0.7313666666666666,0.9597192925198242
2010-09-23 07:00:00,2.5547,0.9596836771836275
2010-09-23 08:00:00,1.9102333333333334,0.9596480618474307
2010-09-23 09:00:00,1.4231666666666667,0.9596124465112339
2010-09-23 10:00:00,1.8184666666666667,0.9595768311750371
2010-09-23 11:00:00,0.8200666666666667,0.9595412158388403
2010-09-23 12:00:00,1.5701,0.9595056005026436
2010-09-23 13:00:00,1.4990999999999999,0.9594699851664468
2010-09-23 14:00:00,1.401166666666667,0.95943436983025
2010-09-23 15:00:00,0.6156666666666666,0.9593987544940532
2010-09-23 16:00:00,0.3339,0.9593631391578564
2010-09-23 17:00:00,0.36843333333333333,0.9593275238216596
2010-09-23 18:00:00,0.6257333333333333,0.9592919084854629
2010-09-23 19:00:00,1.2010333333333334,0.9592562931492661
2010-09-23 20:00:00,0.9679333333333333,0.9592206778130693
2010-09-23 21:00:00,2.0422333333333333,0.9591850624768725
2010-09-23 22:00:00,1.0331,0.9591494471406757
2010-09-23 23:00:00,0.9488333333333333,0.959113831804479
2010-09-24 00:00:00,0.4999333333333333,0.9590782164682822
2010-09-24 01:00:00,0.3203,0.9590426011320854
2010-09-24 02:00:00,0.31416666666666665,0.9590069857958886
2010-09-24 03:00:00,0.26683333333333337,0.9589713704596918
2010-09-24 04:00:00,0.2029,0.958935755123495
2010-09-24 05:00:00,0.7952666666666667,0.9589001397872983
2010-09-24 06:00:00,0.7827666666666667,0.9588645244511015
2010-09-24 07:00:00,2.1366666666666663,0.9588289091149047
2010-09-24 08:00:00,1.4683333333333333,0.9587932937787079
2010-09-24 09:00:00,1.3575333333333333,0.9587576784425111
2010-09-24 10:00:00,1.2882,0.9587220631063144
2010-09-24 11:00:00,0.39576666666666666,0.9586864477701176
2010-09-24 12:00:00,0.5886666666666667,0.9586508324339208
2010-09-24 13:00:00,0.8107,0.958615217097724
2010-09-24 14:00:00,0.9828333333333333,0.9585796017615272
2010-09-24 15:00:00,0.26486666666666664,0.9585439864253305
2010-09-24 16:00:00,0.6632,0.9585083710891337
2010-09-24 17:00:00,0.7355333333333333,0.9584727557529369
2010-09-24 18:00:00,0.8364666666666667,0.9584371404167401
2010-09-24 19:00:00,2.0984,0.9584015250805433
2010-09-24 20:00:00,2.2476,0.9583659097443465
2010-09-24 21:00:00,1.5723666666666667,0.9583302944081498
2010-09-24 22:00:00,1.0881666666666667,0.958294679071953
2010-09-24 23:00:00,0.41573333333333334,0.9582590637357562
2010-09-25 00:00:00,0.35550000000000004,0.9582234483995594
2010-09-25 01:00:00,0.9487333333333333,0.9581878330633626
2010-09-25 02:00:00,0.2379666666666667,0.9581522177271659
2010-09-25 03:00:00,0.24060714285714285,0.9581166023909691
2010-09-28 22:00:00,1.0706440677966103,0.9580809870547723
2010-09-28 23:00:00,0.9712333333333334,0.9580453717185755
2010-09-29 00:00:00,0.9060333333333334,0.9580097563823787
2010-09-29 01:00:00,0.7261666666666666,0.957974141046182
2010-09-29 02:00:00,0.8463999999999999,0.9579385257099852
2010-09-29 03:00:00,0.5398333333333334,0.9579029103737884
2010-09-29 04:00:00,0.3545666666666667,0.9578672950375916
2010-09-29 05:00:00,0.3657666666666667,0.9578316797013948
2010-09-29 06:00:00,0.7652333333333333,0.957796064365198
2010-09-29 07:00:00,2.4926000000000004,0.9577604490290013
2010-09-29 08:00:00,1.5998666666666668,0.9577248336928045
2010-09-29 09:00:00,1.5772666666666666,0.9576892183566077
2010-09-29 10:00:00,1.4527,0.9576536030204109
2010-09-29 11:00:00,1.4236666666666666,0.9576179876842141
2010-09-29 12:00:00,1.0519666666666667,0.9575823723480174
2010-09-29 13:00:00,0.39596666666666663,0.9575467570118206
2010-09-29 14:00:00,1.1739333333333333,0.9575111416756238
2010-09-29 15:00:00,1.6014333333333333,0.957475526339427
2010-09-29 16:00:00,1.4675333333333331,0.9574399110032302
2010-09-29 17:00:00,1.4179666666666668,0.9574042956670334
2010-09-29 18:00:00,1.231,0.9573686803308367
2010-09-29 19:00:00,0.9260666666666667,0.9573330649946399
2010-09-29 20:00:00,1.7860666666666667,0.9572974496584431
2010-09-29 21:00:00,1.5102666666666666,0.9572618343222463
2010-09-29 22:00:00,1.3882,0.9572262189860495
2010-09-29 23:00:00,1.0732666666666666,0.9571906036498528
2010-09-30 00:00:00,0.4951,0.957154988313656
2010-09-30 01:00:00,0.6155666666666666,0.9571193729774592
2010-09-30 02:00:00,0.6082,0.9570837576412624
2010-09-30 03:00:00,0.49779999999999996,0.9570481423050656
2010-09-30 04:00:00,0.5483,0.9570125269688688
2010-09-30 05:00:00,0.4808,0.9569769116326721
2010-09-30 06:00:00,0.9968333333333333,0.9569412962964753
2010-09-30 07:00:00,2.6383666666666667,0.9569056809602785
2010-09-30 08:00:00,1.6083,0.9568700656240817
2010-09-30 09:00:00,1.3473333333333335,0.9568344502878849
2010-09-30 10:00:00,1.4476333333333333,0.9567988349516882
2010-09-30 11:00:00,1.1480333333333335,0.9567632196154914
2010-09-30 12:00:00,0.5352,0.9567276042792946
2010-09-30 13:00:00,0.5711333333333334,0.9566919889430978
2010-09-30 14:00:00,0.6650666666666666,0.956656373606901
2010-09-30 15:00:00,0.6374333333333334,0.9566207582707043
2010-09-30 16:00:00,0.45386666666666664,0.9565851429345075
2010-09-30 17:00:00,0.6844,0.9565495275983107
2010-09-30 18:00:00,2.0233333333333334,0.9565139122621139
2010-09-30 19:00:00,0.7304333333333334,0.9564782969259171
2010-09-30 20:00:00,0.44453333333333334,0.9564426815897203
2010-09-30 21:00:00,0.3501666666666667,0.9564070662535236
2010-09-30 22:00:00,0.45716666666666667,0.9563714509173268
2010-09-30 23:00:00,0.8196333333333333,0.95633583558113
2010-10-01 00:00:00,0.46653333333333336,0.9563002202449332
2010-10-01 01:00:00,0.4644666666666667,0.9562646049087364
2010-10-01 02:00:00,0.39353333333333335,0.9562289895725397
2010-10-01 03:00:00,1.1539666666666666,0.9561933742363429
2010-10-01 04:00:00,0.29843333333333333,0.9561577589001461
2010-10-01 05:00:00,0.34769999999999995,0.9561221435639493
2010-10-01 06:00:00,0.7348666666666667,0.9560865282277525
2010-10-01 07:00:00,2.3709,0.9560509128915557
2010-10-01 08:00:00,1.4533999999999998,0.956015297555359
2010-10-01 09:00:00,0.46159999999999995,0.9559796822191622
2010-10-01 10:00:00,0.4330666666666667,0.9559440668829654
2010-10-01 11:00:00,1.5200666666666665,0.9559084515467686
2010-10-01 12:00:00,2.4493666666666667,0.9558728362105718
2010-10-01 13:00:00,1.7681666666666667,0.9558372208743751
2010-10-01 14:00:00,1.4742666666666666,0.9558016055381783
2010-10-01 15:00:00,1.0447666666666666,0.9557659902019815
2010-10-01 16:00:00,1.7117666666666667,0.9557303748657847
2010-10-01 17:00:00,0.3544333333333334,0.9556947595295879
2010-10-01 18:00:00,0.5629000000000001,0.9556591441933912
2010-10-01 19:00:00,1.1308333333333331,0.9556235288571944
2010-10-01 20:00:00,0.7974666666666667,0.9555879135209976
2010-10-01 21:00:00,2.1828333333333334,0.9555522981848008
2010-10-01 22:00:00,0.6092,0.955516682848604
2010-10-01 23:00:00,0.8957999999999999,0.9554810675124072
2010-10-02 00:00:00,0.36519999999999997,0.9554454521762105
2010-10-02 01:00:00,0.8989666666666667,0.9554098368400137
2010-10-02 02:00:00,0.3085333333333333,0.9553742215038169
2010-10-02 03:00:00,0.9448000000000001,0.9553386061676201
2010-10-02 04:00:00,0.36136666666666667,0.9553029908314233
2010-10-02 05:00:00,0.42223333333333335,0.9552673754952266
2010-10-02 06:00:00,0.8281666666666666,0.9552317601590298
2010-10-02 07:00:00,2.1751666666666667,0.955196144822833
2010-10-02 08:00:00,1.8114666666666668,0.9551605294866362
2010-10-02 09:00:00,0.4921333333333333,0.9551249141504394
2010-10-02 10:00:00,0.417,0.9550892988142426
2010-10-02 11:00:00,0.8097,0.9550536834780459
2010-10-02 12:00:00,0.5983,0.9550180681418491
2010-10-02 13:00:00,0.7486333333333334,0.9549824528056523
2010-10-02 14:00:00,1.8700666666666665,0.9549468374694555
2010-10-02 15:00:00,2.1852333333333336,0.9549112221332587
2010-10-02 16:00:00,1.9975666666666667,0.954875606797062
2010-10-02 17:00:00,1.5547666666666666,0.9548399914608652
2010-10-02 18:00:00,0.7696666666666666,0.9548043761246684
2010-10-02 19:00:00,1.5142666666666666,0.9547687607884716
2010-10-02 20:00:00,3.9403,0.9547331454522748
2010-10-02 21:00:00,3.7497333333333334,0.954697530116078
2010-10-02 22:00:00,1.6859,0.9546619147798813
2010-10-02 23:00:00,1.6050666666666666,0.9546262994436845
2010-10-03 00:00:00,0.3721,0.9545906841074877
2010-10-03 01:00:00,0.3647,0.9545550687712909
2010-10-03 02:00:00,0.44966666666666666,0.9545194534350941
2010-10-03 03:00:00,0.4408,0.9544838380988974
2010-10-03 04:00:00,0.3455333333333333,0.9544482227627006
2010-10-03 05:00:00,0.38326666666666664,0.9544126074265038
2010-10-03 06:00:00,0.3012333333333333,0.954376992090307
2010-10-03 07:00:00,0.6125333333333334,0.9543413767541102
2010-10-03 08:00:00,1.1061,0.9543057614179135
2010-10-03 09:00:00,2.2386,0.9542701460817167
2010-10-03 10:00:00,2.4140333333333337,0.9542345307455199
2010-10-03 11:00:00,3.395,0.9541989154093231
2010-10-03 12:00:00,0.9115666666666667,0.9541633000731263
2010-10-03 13:00:00,0.49683333333333335,0.9541276847369295
2010-10-03 14:00:00,1.9401000000000002,0.9540920694007328
2010-10-03 15:00:00,1.2537999999999998,0.954056454064536
2010-10-03 16:00:00,0.9990666666666667,0.9540208387283392
2010-10-03 17:00:00,0.4815666666666667,0.9539852233921424
2010-10-03 18:00:00,0.6803333333333333,0.9539496080559456
2010-10-03 19:00:00,2.3235666666666663,0.9539139927197489
2010-10-03 20:00:00,3.3895333333333335,0.9538783773835521
2010-10-03 21:00:00,2.5301666666666667,0.9538427620473553
2010-10-03 22:00:00,1.6654000000000002,0.9538071467111585
2010-10-03 23:00:00,1.4159,0.9537715313749617
2010-10-04 00:00:00,0.9609333333333333,0.953735916038765
2010-10-04 01:00:00,0.8805999999999999,0.9537003007025682
2010-10-04 02:00:00,0.8617,0.9536646853663714
2010-10-04 03:00:00,0.9168000000000001,0.9536290700301746
2010-10-04 04:00:00,0.8580666666666666,0.9535934546939778
2010-10-04 05:00:00,0.8383,0.953557839357781
2010-10-04 06:00:00,1.1786666666666668,0.9535222240215843
2010-10-04 07:00:00,2.6861,0.9534866086853875
2010-10-04 08:00:00,2.0932666666666666,0.9534509933491907
2010-10-04 09:00:00,2.0266,0.9534153780129939
2010-10-04 10:00:00,1.3338999999999999,0.9533797626767971
2010-10-04 11:00:00,0.7101666666666666,0.9533441473406004
2010-10-04 12:00:00,2.3162666666666665,0.9533085320044036
2010-10-04 13:00:00,0.7096,0.9532729166682068
2010-10-04 14:00:00,0.5258333333333334,0.95323730133201
2010-10-04 15:00:00,0.3916,0.9532016859958132
2010-10-04 16:00:00,0.39926666666666666,0.9531660706596164
2010-10-04 17:00:00,0.4111,0.9531304553234197
2010-10-04 18:00:00,1.7182,0.9530948399872229
2010-10-04 19:00:00,1.9817,0.9530592246510261
2010-10-04 20:00:00,3.039833333333333,0.9530236093148293
2010-10-04 21:00:00,1.7196666666666665,0.9529879939786325
2010-10-04 22:00:00,0.5482,0.9529523786424358
2010-10-04 23:00:00,0.49296666666666666,0.952916763306239
2010-10-05 00:00:00,0.8594333333333334,0.9528811479700422
2010-10-05 01:00:00,0.5624,0.9528455326338454
2010-10-05 02:00:00,0.358,0.9528099172976486
2010-10-05 03:00:00,0.30883333333333335,0.9527743019614519
2010-10-05 04:00:00,0.3718,0.9527386866252551
2010-10-05 05:00:00,0.43066666666666664,0.9527030712890583
2010-10-05 06:00:00,0.7420333333333333,0.9526674559528615
2010-10-05 07:00:00,2.0004,0.9526318406166647
2010-10-05 08:00:00,1.517,0.952596225280468
2010-10-05 09:00:00,1.8257,0.9525606099442712
2010-10-05 10:00:00,1.846,0.9525249946080744
2010-10-05 11:00:00,1.7279333333333333,0.9524893792718776
2010-10-05 12:00:00,1.7133666666666665,0.9524537639356808
2010-10-05 13:00:00,1.4542666666666666,0.952418148599484
2010-10-05 14:00:00,2.089933333333333,0.9523825332632873
2010-10-05 15:00:00,1.9053333333333335,0.9523469179270905
2010-10-05 16:00:00,1.0108666666666666,0.9523113025908937
2010-10-05 17:00:00,0.6083666666666667,0.9522756872546969
2010-10-05 18:00:00,0.7721666666666667,0.9522400719185001
2010-10-05 19:00:00,1.6627,0.9522044565823033
2010-10-05 20:00:00,2.654733333333333,0.9521688412461066
2010-10-05 21:00:00,2.0591666666666666,0.9521332259099098
2010-10-05 22:00:00,1.4242,0.952097610573713
2010-10-05 23:00:00,1.0050999999999999,0.9520619952375162
2010-10-06 00:00:00,0.8750666666666667,0.9520263799013194
2010-10-06 01:00:00,0.6805666666666668,0.9519907645651227
2010-10-06 02:00:00,0.9842333333333334,0.9519551492289259
2010-10-06 03:00:00,0.4594,0.9519195338927291
2010-10-06 04:00:00,0.37279999999999996,0.9518839185565323
2010-10-06 05:00:00,0.3991,0.9518483032203355
2010-10-06 06:00:00,0.7513333333333333,0.9518126878841388
2010-10-06 07:00:00,2.597066666666667,0.951777072547942
2010-10-06 08:00:00,1.6357333333333335,0.9517414572117452
2010-10-06 09:00:00,1.5241333333333336,0.9517058418755484
2010-10-06 10:00:00,1.1807,0.9516702265393516
2010-10-06 11:00:00,0.5537333333333333,0.9516346112031548
2010-10-06 12:00:00,0.8956999999999999,0.9515989958669581
2010-10-06 13:00:00,0.5153333333333333,0.9515633805307613
2010-10-06 14:00:00,0.8986666666666667,0.9515277651945645
2010-10-06 15:00:00,0.33549999999999996,0.9514921498583677
2010-10-06 16:00:00,1.0196666666666667,0.9514565345221709
2010-10-06 17:00:00,0.6263000000000001,0.9514209191859742
2010-10-06 18:00:00,0.8464666666666667,0.9513853038497774
2010-10-06 19:00:00,0.5906,0.9513496885135806
2010-10-06 20:00:00,0.32639999999999997,0.9513140731773838
2010-10-06 21:00:00,0.6318333333333332,0.951278457841187
2010-10-06 22:00:00,2.0092,0.9512428425049902
2010-10-06 23:00:00,1.2147333333333334,0.9512072271687935
2010-10-07 00:00:00,1.0243666666666666,0.9511716118325967
2010-10-07 01:00:00,0.38563333333333333,0.9511359964963999
2010-10-07 02:00:00,0.38966666666666666,0.9511003811602031
2010-10-07 03:00:00,0.35553333333333337,0.9510647658240063
2010-10-07 04:00:00,0.3215,0.9510291504878096
2010-10-07 05:00:00,0.4098,0.9509935351516128
2010-10-07 06:00:00,1.0831666666666668,0.950957919815416
2010-10-07 07:00:00,1.9995333333333332,0.9509223044792192
2010-10-07 08:00:00,1.6685333333333332,0.9508866891430224
2010-10-07 09:00:00,1.3728333333333333,0.9508510738068257
2010-10-07 10:00:00,0.3074333333333333,0.9508154584706289
2010-10-07 11:00:00,2.0634666666666663,0.9507798431344321
2010-10-07 12:00:00,2.740333333333333,0.9507442277982353
2010-10-07 13:00:00,1.7775,0.9507086124620385
2010-10-07 14:00:00,1.4842333333333333,0.9506729971258417
2010-10-07 15:00:00,1.5586,0.950637381789645
2010-10-07 16:00:00,0.8323333333333333,0.9506017664534482
2010-10-07 17:00:00,0.35850000000000004,0.9505661511172514
2010-10-07 18:00:00,1.3071,0.9505305357810546
2010-10-07 19:00:00,1.5182333333333333,0.9504949204448578
2010-10-07 20:00:00,2.6653333333333333,0.9504593051086611
2010-10-07 21:00:00,2.6905666666666668,0.9504236897724643
2010-10-07 22:00:00,1.0739333333333334,0.9503880744362675
2010-10-07 23:00:00,0.7777666666666667,0.9503524591000707
2010-10-08 00:00:00,0.6089333333333333,0.9503168437638739
2010-10-08 01:00:00,0.37006666666666665,0.9502812284276771
2010-10-08 02:00:00,0.3442,0.9502456130914804
2010-10-08 03:00:00,0.39343333333333336,0.9502099977552836
2010-10-08 04:00:00,0.36926666666666663,0.9501743824190868
2010-10-08 05:00:00,0.9103333333333333,0.95013876708289
2010-10-08 06:00:00,1.2194333333333334,0.9501031517466932
2010-10-08 07:00:00,2.505133333333333,0.9500675364104965
2010-10-08 08:00:00,1.4521666666666666,0.9500319210742997
2010-10-08 09:00:00,1.4495333333333333,0.9499963057381029
2010-10-08 10:00:00,1.1779000000000002,0.9499606904019061
2010-10-08 11:00:00,0.8395666666666666,0.9499250750657093
2010-10-08 12:00:00,1.4639,0.9498894597295126
2010-10-08 13:00:00,0.8123333333333334,0.9498538443933158
2010-10-08 14:00:00,0.5837333333333333,0.949818229057119
2010-10-08 15:00:00,0.538,0.9497826137209222
2010-10-08 16:00:00,0.45840000000000003,0.9497469983847254
2010-10-08 17:00:00,1.0036,0.9497113830485286
2010-10-08 18:00:00,1.0515333333333332,0.9496757677123319
2010-10-08 19:00:00,1.6870666666666665,0.9496401523761351
2010-10-08 20:00:00,2.4364333333333335,0.9496045370399383
2010-10-08 21:00:00,2.3099333333333334,0.9495689217037415
2010-10-08 22:00:00,0.6566333333333334,0.9495333063675447
2010-10-08 23:00:00,0.5327333333333333,0.949497691031348
2010-10-09 00:00:00,0.5206333333333333,0.9494620756951512
2010-10-09 01:00:00,0.46199999999999997,0.9494264603589544
2010-10-09 02:00:00,0.44806666666666667,0.9493908450227576
2010-10-09 03:00:00,0.4321,0.9493552296865608
2010-10-09 04:00:00,0.3716666666666667,0.949319614350364
2010-10-09 05:00:00,0.43496666666666667,0.9492839990141673
2010-10-09 06:00:00,0.9831333333333333,0.9492483836779705
2010-10-09 07:00:00,2.269966666666667,0.9492127683417737
2010-10-09 08:00:00,1.6211666666666666,0.9491771530055769
2010-10-09 09:00:00,1.1513666666666666,0.9491415376693801
2010-10-09 10:00:00,0.4325333333333334,0.9491059223331834
2010-10-09 11:00:00,0.6496666666666666,0.9490703069969866
2010-10-09 12:00:00,0.457,0.9490346916607898
2010-10-09 13:00:00,1.6798333333333335,0.948999076324593
2010-10-09 14:00:00,1.0910333333333333,0.9489634609883962
2010-10-09 15:00:00,1.7415666666666667,0.9489278456521995
2010-10-09 16:00:00,2.0009,0.9488922303160027
2010-10-09 17:00:00,1.1672666666666667,0.9488566149798059
2010-10-09 18:00:00,1.4580666666666666,0.9488209996436091
2010-10-09 19:00:00,1.998,0.9487853843074123
2010-10-09 20:00:00,1.6389333333333334,0.9487497689712155
2010-10-09 21:00:00,1.7664666666666666,0.9487141536350188
2010-10-09 22:00:00,1.3904333333333334,0.948678538298822
2010-10-09 23:00:00,0.6962333333333334,0.9486429229626252
2010-10-10 00:00:00,0.8864,0.9486073076264284
2010-10-10 01:00:00,0.4669666666666667,0.9485716922902316
2010-10-10 02:00:00,0.5641333333333333,0.9485360769540349
2010-10-10 03:00:00,0.44109999999999994,0.9485004616178381
2010-10-10 04:00:00,0.6176666666666667,0.9484648462816413
2010-10-10 05:00:00,0.4273666666666667,0.9484292309454445
2010-10-10 06:00:00,0.4357666666666667,0.9483936156092477
2010-10-10 07:00:00,0.7048666666666666,0.948358000273051
2010-10-10 08:00:00,0.9307,0.9483223849368542
2010-10-10 09:00:00,0.9249333333333334,0.9482867696006574
2010-10-10 10:00:00,0.8739,0.9482511542644606
2010-10-10 11:00:00,2.3828666666666667,0.9482155389282638
2010-10-10 12:00:00,2.1923000000000004,0.948179923592067
2010-10-10 13:00:00,1.5573666666666666,0.9481443082558703
2010-10-10 14:00:00,1.1002333333333332,0.9481086929196735
2010-10-10 15:00:00,0.5263,0.9480730775834767
2010-10-10 16:00:00,0.9970333333333333,0.9480374622472799
2010-10-10 17:00:00,1.6078666666666666,0.9480018469110831
2010-10-10 18:00:00,1.8290666666666666,0.9479662315748864
2010-10-10 19:00:00,3.4918,0.9479306162386896
2010-10-10 20:00:00,3.3115,0.9478950009024928
2010-10-10 21:00:00,3.9012666666666664,0.947859385566296
2010-10-10 22:00:00,1.9866,0.9478237702300992
2010-10-10 23:00:00,1.1570666666666667,0.9477881548939024
2010-10-11 00:00:00,0.5145333333333333,0.9477525395577057
2010-10-11 01:00:00,0.4487333333333333,0.9477169242215089
2010-10-11 02:00:00,0.5646666666666668,0.9476813088853121
2010-10-11 03:00:00,0.44289999999999996,0.9476456935491153
2010-10-11 04:00:00,0.5548666666666667,0.9476100782129185
2010-10-11 05:00:00,0.8806999999999999,0.9475744628767218
2010-10-11 06:00:00,0.9417333333333333,0.947538847540525
2010-10-11 07:00:00,2.378833333333333,0.9475032322043282
2010-10-11 08:00:00,1.6553,0.9474676168681314
2010-10-11 09:00:00,1.6319666666666668,0.9474320015319346
2010-10-11 10:00:00,1.0574333333333332,0.9473963861957378
2010-10-11 11:00:00,0.4408333333333333,0.9473607708595411
2010-10-11 12:00:00,0.6579666666666667,0.9473251555233443
2010-10-11 13:00:00,0.5452333333333333,0.9472895401871475
2010-10-11 14:00:00,1.0426666666666666,0.9472539248509507
2010-10-11 15:00:00,0.6156666666666666,0.9472183095147539
2010-10-11 16:00:00,0.4349,0.9471826941785572
2010-10-11 17:00:00,0.9638666666666666,0.9471470788423604
2010-10-11 18:00:00,0.7316,0.9471114635061636
2010-10-11 19:00:00,3.093166666666667,0.9470758481699668
2010-10-11 20:00:00,2.285566666666667,0.94704023283377
2010-10-11 21:00:00,3.043,0.9470046174975733
2010-10-11 22:00:00,1.514,0.9469690021613765
2010-10-11 23:00:00,0.6030333333333334,0.9469333868251797
2010-10-12 00:00:00,0.39453333333333335,0.9468977714889829
2010-10-12 01:00:00,0.39763333333333334,0.9468621561527861
2010-10-12 02:00:00,0.4686333333333333,0.9468265408165893
2010-10-12 03:00:00,0.3374666666666667,0.9467909254803926
2010-10-12 04:00:00,0.33383333333333337,0.9467553101441958
2010-10-12 05:00:00,0.45113333333333333,0.946719694807999
2010-10-12 06:00:00,1.1301666666666668,0.9466840794718022
2010-10-12 07:00:00,2.5198666666666667,0.9466484641356054
2010-10-12 08:00:00,1.7209333333333334,0.9466128487994087
2010-10-12 09:00:00,1.7519333333333333,0.9465772334632119
2010-10-12 10:00:00,1.8285666666666667,0.9465416181270151
2010-10-12 11:00:00,0.9488666666666667,0.9465060027908183
2010-10-12 12:00:00,1.8454000000000002,0.9464703874546215
2010-10-12 13:00:00,0.8567,0.9464347721184247
2010-10-12 14:00:00,0.4580666666666667,0.946399156782228
2010-10-12 15:00:00,0.5882333333333333,0.9463635414460312
2010-10-12 16:00:00,0.41600000000000004,0.9463279261098344
2010-10-12 17:00:00,0.41026666666666667,0.9462923107736376
2010-10-12 18:00:00,2.1127333333333334,0.9462566954374408
2010-10-12 19:00:00,2.1564666666666668,0.9462210801012441
2010-10-12 20:00:00,1.9102,0.9461854647650473
2010-10-12 21:00:00,1.3085666666666667,0.9461498494288505
2010-10-12 22:00:00,1.2893000000000001,0.9461142340926537
2010-10-12 23:00:00,0.6927,0.9460786187564569
2010-10-13 00:00:00,0.38376666666666664,0.9460430034202602
2010-10-13 01:00:00,0.45859999999999995,0.9460073880840634
2010-10-13 02:00:00,0.3169666666666667,0.9459717727478666
2010-10-13 03:00:00,0.36466666666666664,0.9459361574116698
2010-10-13 04:00:00,0.9848,0.945900542075473
2010-10-13 05:00:00,0.4641,0.9458649267392762
2010-10-13 06:00:00,0.9301333333333334,0.9458293114030795
2010-10-13 07:00:00,2.844266666666667,0.9457936960668827
2010-10-13 08:00:00,2.3646666666666665,0.9457580807306859
2010-10-13 09:00:00,1.6671,0.9457224653944891
2010-10-13 10:00:00,2.0778666666666665,0.9456868500582923
2010-10-13 11:00:00,1.5266,0.9456512347220956
2010-10-13 12:00:00,1.6007666666666667,0.9456156193858988
2010-10-13 13:00:00,1.5731666666666666,0.945580004049702
2010-10-13 14:00:00,1.9104999999999999,0.9455443887135052
2010-10-13 15:00:00,1.9113,0.9455087733773084
2010-10-13 16:00:00,1.6611,0.9454731580411116
2010-10-13 17:00:00,1.5491,0.9454375427049149
2010-10-13 18:00:00,0.9845666666666666,0.9454019273687181
2010-10-13 19:00:00,2.0344,0.9453663120325213
2010-10-13 20:00:00,2.3770000000000002,0.9453306966963245
2010-10-13 21:00:00,2.1648666666666667,0.9452950813601277
2010-10-13 22:00:00,2.0436,0.945259466023931
2010-10-13 23:00:00,0.3708666666666666,0.9452238506877342
2010-10-14 00:00:00,0.37043333333333334,0.9451882353515374
2010-10-14 01:00:00,0.47763333333333335,0.9451526200153406
2010-10-14 02:00:00,0.3412,0.9451170046791438
2010-10-14 03:00:00,0.3867333333333333,0.945081389342947
2010-10-14 04:00:00,0.3780333333333334,0.9450457740067503
2010-10-14 05:00:00,0.4393333333333333,0.9450101586705535
2010-10-14 06:00:00,1.1876,0.9449745433343567
2010-10-14 07:00:00,2.9720999999999997,0.9449389279981599
2010-10-14 08:00:00,1.7274,0.9449033126619631
2010-10-14 09:00:00,3.2096,0.9448676973257664
2010-10-14 10:00:00,1.8472666666666666,0.9448320819895696
2010-10-14 11:00:00,0.9929333333333333,0.9447964666533728
2010-10-14 12:00:00,0.9460666666666667,0.944760851317176
2010-10-14 13:00:00,1.2267666666666666,0.9447252359809792
2010-10-14 14:00:00,1.9145,0.9446896206447825
2010-10-14 15:00:00,0.9038,0.9446540053085857
2010-10-14 16:00:00,0.9570333333333333,0.9446183899723889
2010-10-14 17:00:00,0.41783333333333333,0.9445827746361921
2010-10-14 18:00:00,1.7473333333333334,0.9445471592999953
2010-10-14 19:00:00,4.117766666666666,0.9445115439637985
2010-10-14 20:00:00,2.9112999999999998,0.9444759286276018
2010-10-14 21:00:00,3.2242,0.944440313291405
2010-10-14 22:00:00,2.3347333333333333,0.9444046979552082
2010-10-14 23:00:00,0.5537666666666666,0.9443690826190114
2010-10-15 00:00:00,0.4012333333333334,0.9443334672828146
2010-10-15 01:00:00,0.41296666666666665,0.9442978519466179
2010-10-15 02:00:00,0.4409666666666667,0.9442622366104211
2010-10-15 03:00:00,0.32880000000000004,0.9442266212742243
2010-10-15 04:00:00,0.3322333333333333,0.9441910059380275
2010-10-15 05:00:00,0.43626666666666664,0.9441553906018307
2010-10-15 06:00:00,1.1134666666666668,0.944119775265634
2010-10-15 07:00:00,2.0124,0.9440841599294372
2010-10-15 08:00:00,1.8972,0.9440485445932404
2010-10-15 09:00:00,1.5839666666666665,0.9440129292570436
2010-10-15 10:00:00,1.6329333333333333,0.9439773139208468
2010-10-15 11:00:00,1.8261,0.94394169858465
2010-10-15 12:00:00,2.0656666666666665,0.9439060832484533
2010-10-15 13:00:00,1.5737666666666668,0.9438704679122565
2010-10-15 14:00:00,1.4675333333333331,0.9438348525760597
2010-10-15 15:00:00,0.5948666666666667,0.9437992372398629
2010-10-15 16:00:00,0.5592,0.9437636219036661
2010-10-15 17:00:00,0.5644333333333333,0.9437280065674694
2010-10-15 18:00:00,1.4324666666666666,0.9436923912312726
2010-10-15 19:00:00,1.8231666666666666,0.9436567758950758
2010-10-15 20:00:00,1.4465333333333334,0.943621160558879
2010-10-15 21:00:00,1.1575,0.9435855452226822
2010-10-15 22:00:00,1.0036333333333334,0.9435499298864855
2010-10-15 23:00:00,0.4981,0.9435143145502887
2010-10-16 00:00:00,0.32736666666666664,0.9434786992140919
2010-10-16 01:00:00,0.3091333333333333,0.9434430838778951
2010-10-16 02:00:00,0.4311666666666667,0.9434074685416983
2010-10-16 03:00:00,0.3812,0.9433718532055015
2010-10-16 04:00:00,0.3765,0.9433362378693048
2010-10-16 05:00:00,0.3411666666666667,0.943300622533108
2010-10-16 06:00:00,0.7945333333333333,0.9432650071969112
2010-10-16 07:00:00,2.1443999999999996,0.9432293918607144
2010-10-16 08:00:00,1.9714333333333334,0.9431937765245176
2010-10-16 09:00:00,0.9703999999999999,0.9431581611883209
2010-10-16 10:00:00,1.8662333333333334,0.9431225458521241
2010-10-16 11:00:00,1.3443666666666667,0.9430869305159273
2010-10-16 12:00:00,0.7357,0.9430513151797305
2010-10-16 13:00:00,0.35850000000000004,0.9430156998435337
2010-10-16 14:00:00,0.4908,0.942980084507337
2010-10-16 15:00:00,0.37156666666666666,0.9429444691711402
2010-10-16 16:00:00,0.317,0.9429088538349434
2010-10-16 17:00:00,0.41803333333333337,0.9428732384987466
2010-10-16 18:00:00,0.3341333333333333,0.9428376231625498
2010-10-16 19:00:00,0.373,0.942802007826353
2010-10-16 20:00:00,0.8722333333333333,0.9427663924901563
2010-10-16 21:00:00,0.38303333333333334,0.9427307771539595
2010-10-16 22:00:00,0.41023333333333334,0.9426951618177627
2010-10-16 23:00:00,0.34476666666666667,0.9426595464815659
2010-10-17 00:00:00,0.3717333333333333,0.9426239311453691
2010-10-17 01:00:00,0.33290000000000003,0.9425883158091724
2010-10-17 02:00:00,0.4126,0.9425527004729756
2010-10-17 03:00:00,0.31310000000000004,0.9425170851367788
2010-10-17 04:00:00,0.3627666666666666,0.942481469800582
2010-10-17 05:00:00,0.3623333333333333,0.9424458544643852
2010-10-17 06:00:00,1.0407333333333333,0.9424102391281884
2010-10-17 07:00:00,0.3727,0.9423746237919917
2010-10-17 08:00:00,0.3803,0.9423390084557949
2010-10-17 09:00:00,0.37629999999999997,0.9423033931195981
2010-10-17 10:00:00,0.3289666666666667,0.9422677777834013
2010-10-17 11:00:00,0.3000666666666667,0.9422321624472045
2010-10-17 12:00:00,0.31323333333333336,0.9421965471110078
2010-10-17 13:00:00,0.3651666666666667,0.942160931774811
2010-10-17 14:00:00,0.4966,0.9421253164386142
2010-10-17 15:00:00,0.37656666666666666,0.9420897011024174
2010-10-17 16:00:00,1.1914333333333333,0.9420540857662206
2010-10-17 17:00:00,0.49260000000000004,0.9420184704300238
2010-10-17 18:00:00,0.5668333333333333,0.9419828550938271
2010-10-17 19:00:00,2.0301,0.9419472397576303
2010-10-17 20:00:00,2.4540333333333333,0.9419116244214335
2010-10-17 21:00:00,2.1380666666666666,0.9418760090852367
2010-10-17 22:00:00,0.9011,0.9418403937490399
2010-10-17 23:00:00,1.1761333333333333,0.9418047784128432
2010-10-18 00:00:00,0.5301333333333333,0.9417691630766464
2010-10-18 01:00:00,0.3841,0.9417335477404496
2010-10-18 02:00:00,0.3213666666666667,0.9416979324042528
2010-10-18 03:00:00,0.3314333333333333,0.941662317068056
2010-10-18 04:00:00,0.43443333333333334,0.9416267017318593
2010-10-18 05:00:00,0.3197,0.9415910863956625
2010-10-18 06:00:00,0.7896,0.9415554710594657
2010-10-18 07:00:00,2.4543000000000004,0.9415198557232689
2010-10-18 08:00:00,2.4651,0.9414842403870721
2010-10-18 09:00:00,3.6570666666666667,0.9414486250508753
2010-10-18 10:00:00,2.6036,0.9414130097146786
2010-10-18 11:00:00,2.8090333333333333,0.9413773943784818
2010-10-18 12:00:00,3.8364333333333334,0.941341779042285
2010-10-18 13:00:00,3.2431,0.9413061637060882
2010-10-18 14:00:00,1.9637,0.9412705483698914
2010-10-18 15:00:00,0.5180666666666667,0.9412349330336947
2010-10-18 16:00:00,0.46040000000000003,0.9411993176974979
2010-10-18 17:00:00,0.6647333333333333,0.9411637023613011
2010-10-18 18:00:00,3.3914666666666666,0.9411280870251043
2010-10-18 19:00:00,3.7569666666666666,0.9410924716889075
2010-10-18 20:00:00,2.67,0.9410568563527107
2010-10-18 21:00:00,3.3769,0.941021241016514
2010-10-18 22:00:00,2.5095,0.9409856256803172
2010-10-18 23:00:00,1.7402666666666666,0.9409500103441204
2010-10-19 00:00:00,1.5425666666666666,0.9409143950079236
2010-10-19 01:00:00,0.6851,0.9408787796717268
2010-10-19 02:00:00,0.31743333333333335,0.9408431643355301
2010-10-19 03:00:00,0.3078,0.9408075489993333
2010-10-19 04:00:00,0.4394666666666667,0.9407719336631365
2010-10-19 05:00:00,0.3994666666666667,0.9407363183269397
2010-10-19 06:00:00,1.0450333333333333,0.9407007029907429
2010-10-19 07:00:00,2.9890333333333334,0.9406650876545462
2010-10-19 08:00:00,2.1062,0.9406294723183494
2010-10-19 09:00:00,1.7980333333333334,0.9405938569821526
2010-10-19 10:00:00,0.5930333333333333,0.9405582416459558
2010-10-19 11:00:00,1.8148000000000002,0.940522626309759
2010-10-19 12:00:00,1.1293,0.9404870109735622
2010-10-19 13:00:00,0.5172333333333333,0.9404513956373655
2010-10-19 14:00:00,0.4046,0.9404157803011687
2010-10-19 15:00:00,0.4017666666666667,0.9403801649649719
2010-10-19 16:00:00,0.4735,0.9403445496287751
2010-10-19 17:00:00,1.1286666666666667,0.9403089342925783
2010-10-19 18:00:00,3.5383333333333336,0.9402733189563816
2010-10-19 19:00:00,2.9301000000000004,0.9402377036201848
2010-10-19 20:00:00,2.9603333333333333,0.940202088283988
2010-10-19 21:00:00,2.530066666666667,0.9401664729477912
2010-10-19 22:00:00,1.3266333333333333,0.9401308576115944
2010-10-19 23:00:00,0.7211333333333333,0.9400952422753976
2010-10-20 00:00:00,1.0303333333333333,0.9400596269392009
2010-10-20 01:00:00,0.39339999999999997,0.9400240116030041
2010-10-20 02:00:00,0.32939999999999997,0.9399883962668073
2010-10-20 03:00:00,0.4425666666666667,0.9399527809306105
2010-10-20 04:00:00,0.31930000000000003,0.9399171655944137
2010-10-20 05:00:00,0.3124333333333333,0.939881550258217
2010-10-20 06:00:00,0.9232333333333334,0.9398459349220202
2010-10-20 07:00:00,2.8661000000000003,0.9398103195858234
2010-10-20 08:00:00,1.8684666666666667,0.9397747042496266
2010-10-20 09:00:00,1.8460666666666665,0.9397390889134298
2010-10-20 10:00:00,2.010866666666667,0.939703473577233
2010-10-20 11:00:00,1.8959333333333332,0.9396678582410363
2010-10-20 12:00:00,1.3926666666666667,0.9396322429048395
2010-10-20 13:00:00,0.40853333333333336,0.9395966275686427
2010-10-20 14:00:00,0.5300666666666667,0.9395610122324459
2010-10-20 15:00:00,0.5278333333333333,0.9395253968962491
2010-10-20 16:00:00,0.33186666666666664,0.9394897815600524
2010-10-20 17:00:00,0.33213333333333334,0.9394541662238556
2010-10-20 18:00:00,1.3226666666666667,0.9394185508876588
2010-10-20 19:00:00,2.1848,0.939382935551462
2010-10-20 20:00:00,2.2927666666666666,0.9393473202152652
2010-10-20 21:00:00,2.804333333333333,0.9393117048790685
2010-10-20 22:00:00,1.6536333333333333,0.9392760895428717
2010-10-20 23:00:00,0.7799999999999999,0.9392404742066749
2010-10-21 00:00:00,0.4468,0.9392048588704781
2010-10-21 01:00:00,0.6637666666666667,0.9391692435342813
2010-10-21 02:00:00,0.4378666666666666,0.9391336281980845
2010-10-21 03:00:00,0.3406333333333333,0.9390980128618878
2010-10-21 04:00:00,0.341,0.939062397525691
2010-10-21 05:00:00,1.0228666666666666,0.9390267821894942
2010-10-21 06:00:00,1.2183666666666668,0.9389911668532974
2010-10-21 07:00:00,2.4748666666666663,0.9389555515171006
2010-10-21 08:00:00,1.2261666666666668,0.9389199361809039
2010-10-21 09:00:00,0.3173333333333333,0.9388843208447071
2010-10-21 10:00:00,0.3232333333333334,0.9388487055085103
2010-10-21 11:00:00,0.3919666666666667,0.9388130901723135
2010-10-21 12:00:00,0.4943666666666667,0.9387774748361167
2010-10-21 13:00:00,0.38803333333333334,0.93874185949992
2010-10-21 14:00:00,0.47696666666666665,0.9387062441637232
2010-10-21 15:00:00,0.32703333333333334,0.9386706288275264
2010-10-21 16:00:00,0.9159333333333334,0.9386350134913296
2010-10-21 17:00:00,0.36683333333333334,0.9385993981551328
2010-10-21 18:00:00,1.3011333333333333,0.938563782818936
2010-10-21 19:00:00,1.8244333333333331,0.9385281674827393
2010-10-21 20:00:00,1.9475666666666667,0.9384925521465425
2010-10-21 21:00:00,2.5819666666666667,0.9384569368103457
2010-10-21 22:00:00,1.9928666666666668,0.9384213214741489
2010-10-21 23:00:00,0.7646333333333334,0.9383857061379521
2010-10-22 00:00:00,0.5243666666666666,0.9383500908017554
2010-10-22 01:00:00,0.6322666666666666,0.9383144754655586
2010-10-22 02:00:00,0.5181,0.9382788601293618
2010-10-22 03:00:00,0.5205666666666667,0.938243244793165
2010-10-22 04:00:00,0.5208666666666667,0.9382076294569682
2010-10-22 05:00:00,0.5856,0.9381720141207714
2010-10-22 06:00:00,1.7711666666666666,0.9381363987845747
2010-10-22 07:00:00,2.4587999999999997,0.9381007834483779
2010-10-22 08:00:00,1.5222,0.9380651681121811
2010-10-22 09:00:00,1.5559333333333332,0.9380295527759843
2010-10-22 10:00:00,1.3845999999999998,0.9379939374397875
2010-10-22 11:00:00,1.373,0.9379583221035908
2010-10-22 12:00:00,1.7621666666666667,0.937922706767394
2010-10-22 13:00:00,1.5787,0.9378870914311972
2010-10-22 14:00:00,1.4756,0.9378514760950004
2010-10-22 15:00:00,0.767,0.9378158607588036
2010-10-22 16:00:00,1.1825666666666665,0.9377802454226069
2010-10-22 17:00:00,0.48210000000000003,0.9377446300864101
2010-10-22 18:00:00,0.7137,0.9377090147502133
2010-10-22 19:00:00,1.4246666666666667,0.9376733994140165
2010-10-22 20:00:00,1.3845,0.9376377840778197
2010-10-22 21:00:00,2.2917666666666667,0.9376021687416229
2010-10-22 22:00:00,1.0726666666666667,0.9375665534054262
2010-10-22 23:00:00,0.31196666666666667,0.9375309380692294
2010-10-23 00:00:00,1.4291666666666667,0.9374953227330326
2010-10-23 01:00:00,0.36633333333333334,0.9374597073968358
2010-10-23 02:00:00,0.48646666666666666,0.937424092060639
2010-10-23 03:00:00,0.38813333333333333,0.9373884767244423
2010-10-23 04:00:00,0.37733333333333335,0.9373528613882455
2010-10-23 05:00:00,0.32753333333333334,0.9373172460520487
2010-10-23 06:00:00,0.6353000000000001,0.9372816307158519
2010-10-23 07:00:00,2.3587333333333333,0.9372460153796551
2010-10-23 08:00:00,1.5689333333333333,0.9372104000434583
2010-10-23 09:00:00,1.2997666666666667,0.9371747847072616
2010-10-23 10:00:00,0.4229,0.9371391693710648
2010-10-23 11:00:00,1.0934,0.937103554034868
2010-10-23 12:00:00,2.0735,0.9370679386986712
2010-10-23 13:00:00,1.7854666666666668,0.9370323233624744
2010-10-23 14:00:00,2.6106,0.9369967080262777
2010-10-23 15:00:00,2.4896000000000003,0.9369610926900809
2010-10-23 16:00:00,2.5465,0.9369254773538841
2010-10-23 17:00:00,3.2707333333333333,0.9368898620176873
2010-10-23 18:00:00,2.5242999999999998,0.9368542466814905
2010-10-23 19:00:00,1.7952666666666666,0.9368186313452938
2010-10-23 20:00:00,1.6555,0.936783016009097
2010-10-23 21:00:00,3.3083,0.9367474006729002
2010-10-23 22:00:00,1.2988333333333333,0.9367117853367034
2010-10-23 23:00:00,2.108,0.9366761700005066
2010-10-24 00:00:00,1.7188666666666668,0.9366405546643098
2010-10-24 01:00:00,1.4979333333333333,0.9366049393281131
2010-10-24 02:00:00,1.9704000000000002,0.9365693239919163
2010-10-24 03:00:00,1.7044333333333335,0.9365337086557195
2010-10-24 04:00:00,0.8521333333333333,0.9364980933195227
2010-10-24 05:00:00,0.3794666666666667,0.9364624779833259
2010-10-24 06:00:00,0.36746666666666666,0.9364268626471292
2010-10-24 07:00:00,0.3862,0.9363912473109324
2010-10-24 08:00:00,0.6389,0.9363556319747356
2010-10-24 09:00:00,1.1032000000000002,0.9363200166385388
2010-10-24 10:00:00,1.5886666666666664,0.936284401302342
2010-10-24 11:00:00,1.8669,0.9362487859661452
2010-10-24 12:00:00,2.8367333333333336,0.9362131706299485
2010-10-24 13:00:00,2.8522333333333334,0.9361775552937517
2010-10-24 14:00:00,3.734,0.9361419399575549
2010-10-24 15:00:00,1.7423666666666666,0.9361063246213581
2010-10-24 16:00:00,1.4822,0.9360707092851613
2010-10-24 17:00:00,1.9752666666666667,0.9360350939489646
2010-10-24 18:00:00,2.5342,0.9359994786127678
2010-10-24 19:00:00,2.580433333333333,0.935963863276571
2010-10-24 20:00:00,1.3936333333333333,0.9359282479403742
2010-10-24 21:00:00,1.0190666666666666,0.9358926326041774
2010-10-24 22:00:00,2.3188666666666666,0.9358570172679807
2010-10-24 23:00:00,1.3281666666666667,0.9358214019317839
2010-10-25 00:00:00,0.6191666666666666,0.9357857865955871
2010-10-25 01:00:00,0.5782666666666666,0.9357501712593903
2010-10-25 02:00:00,0.3816,0.9357145559231935
2010-10-25 03:00:00,0.3448333333333334,0.9356789405869967
2010-10-25 04:00:00,0.34140000000000004,0.9356433252508
2010-10-25 05:00:00,0.3576666666666667,0.9356077099146032
2010-10-25 06:00:00,0.4922333333333333,0.9355720945784064
2010-10-25 07:00:00,1.7558333333333331,0.9355364792422096
2010-10-25 08:00:00,2.1565333333333334,0.9355008639060128
2010-10-25 09:00:00,1.4889333333333332,0.935465248569816
2010-10-25 10:00:00,1.5511000000000001,0.9354296332336193
2010-10-25 11:00:00,0.7614,0.9353940178974225
2010-10-25 12:00:00,0.32749999999999996,0.9353584025612257
2010-10-25 13:00:00,0.3194666666666667,0.9353227872250289
2010-10-25 14:00:00,0.35879999999999995,0.9352871718888321
2010-10-25 15:00:00,0.3935,0.9352515565526354
2010-10-25 16:00:00,0.4519666666666666,0.9352159412164386
2010-10-25 17:00:00,0.3531666666666667,0.9351803258802418
2010-10-25 18:00:00,0.4421,0.935144710544045
2010-10-25 19:00:00,1.4117666666666666,0.9351090952078482
2010-10-25 20:00:00,1.0944,0.9350734798716515
2010-10-25 21:00:00,0.9947,0.9350378645354547
2010-10-25 22:00:00,1.2006333333333332,0.9350022491992579
2010-10-25 23:00:00,1.2112333333333334,0.9349666338630611
2010-10-26 00:00:00,0.6891,0.9349310185268643
2010-10-26 01:00:00,0.31656666666666666,0.9348954031906676
2010-10-26 02:00:00,1.0714666666666666,0.9348597878544708
2010-10-26 03:00:00,0.35366666666666663,0.934824172518274
2010-10-26 04:00:00,0.5006666666666667,0.9347885571820772
2010-10-26 05:00:00,0.32306666666666667,0.9347529418458804
2010-10-26 06:00:00,0.3164666666666667,0.9347173265096836
2010-10-26 07:00:00,0.6149666666666666,0.9346817111734869
2010-10-26 08:00:00,0.6816333333333334,0.9346460958372901
2010-10-26 09:00:00,1.0353,0.9346104805010933
2010-10-26 10:00:00,0.6316666666666666,0.9345748651648965
2010-10-26 11:00:00,3.0101,0.9345392498286997
2010-10-26 12:00:00,1.1093666666666666,0.934503634492503
2010-10-26 13:00:00,0.4098333333333333,0.9344680191563062
2010-10-26 14:00:00,0.3274666666666667,0.9344324038201094
2010-10-26 15:00:00,0.33549999999999996,0.9343967884839126
2010-10-26 16:00:00,0.35383333333333333,0.9343611731477158
2010-10-26 17:00:00,0.5167333333333334,0.934325557811519
2010-10-26 18:00:00,0.3454,0.9342899424753223
2010-10-26 19:00:00,0.29933333333333334,0.9342543271391255
2010-10-26 20:00:00,1.0135333333333334,0.9342187118029287
2010-10-26 21:00:00,0.3625666666666667,0.9341830964667319
2010-10-26 22:00:00,0.4894,0.9341474811305351
2010-10-26 23:00:00,0.6574333333333333,0.9341118657943384
2010-10-27 00:00:00,0.7889666666666667,0.9340762504581416
2010-10-27 01:00:00,0.7074,0.9340406351219448
2010-10-27 02:00:00,0.8959333333333334,0.934005019785748
2010-10-27 03:00:00,0.3767,0.9339694044495512
2010-10-27 04:00:00,0.32256666666666667,0.9339337891133545
2010-10-27 05:00:00,0.31406666666666666,0.9338981737771577
2010-10-27 06:00:00,0.3945,0.9338625584409609
2010-10-27 07:00:00,1.7022666666666666,0.9338269431047641
2010-10-27 08:00:00,1.8992666666666667,0.9337913277685673
2010-10-27 09:00:00,1.5356999999999998,0.9337557124323705
2010-10-27 10:00:00,1.8381,0.9337200970961738
2010-10-27 11:00:00,2.5886,0.933684481759977
2010-10-27 12:00:00,0.3977,0.9336488664237802
2010-10-27 13:00:00,0.6810666666666666,0.9336132510875834
2010-10-27 14:00:00,0.5176666666666666,0.9335776357513866
2010-10-27 15:00:00,0.47103333333333336,0.9335420204151899
2010-10-27 16:00:00,0.6847666666666666,0.9335064050789931
2010-10-27 17:00:00,0.5363,0.9334707897427963
2010-10-27 18:00:00,0.5009,0.9334351744065995
2010-10-27 19:00:00,0.8276,0.9333995590704027
2010-10-27 20:00:00,1.0392333333333332,0.933363943734206
2010-10-27 21:00:00,0.3815666666666667,0.9333283283980092
2010-10-27 22:00:00,0.8087,0.9332927130618124
2010-10-27 23:00:00,0.7940333333333334,0.9332570977256156
2010-10-28 00:00:00,2.0628,0.9332214823894188
2010-10-28 01:00:00,0.5760000000000001,0.933185867053222
2010-10-28 02:00:00,0.3520333333333333,0.9331502517170253
2010-10-28 03:00:00,0.3282666666666667,0.9331146363808285
2010-10-28 04:00:00,0.41796666666666665,0.9330790210446317
2010-10-28 05:00:00,0.39540000000000003,0.9330434057084349
2010-10-28 06:00:00,0.3842,0.9330077903722381
2010-10-28 07:00:00,0.4864,0.9329721750360414
2010-10-28 08:00:00,0.7909333333333334,0.9329365596998446
2010-10-28 09:00:00,1.6559,0.9329009443636478
2010-10-28 10:00:00,1.3800666666666668,0.932865329027451
2010-10-28 11:00:00,0.3667666666666667,0.9328297136912542
2010-10-28 12:00:00,0.4730666666666667,0.9327940983550574
2010-10-28 13:00:00,0.5296666666666667,0.9327584830188607
2010-10-28 14:00:00,1.4190333333333334,0.9327228676826639
2010-10-28 15:00:00,2.2539000000000002,0.9326872523464671
2010-10-28 16:00:00,2.0625,0.9326516370102703
2010-10-28 17:00:00,2.1038666666666668,0.9326160216740735
2010-10-28 18:00:00,1.3175333333333334,0.9325804063378768
2010-10-28 19:00:00,2.4234999999999998,0.93254479100168
2010-10-28 20:00:00,0.5319,0.9325091756654832
2010-10-28 21:00:00,0.42783333333333334,0.9324735603292864
2010-10-28 22:00:00,0.7487999999999999,0.9324379449930896
2010-10-28 23:00:00,0.9004333333333334,0.9324023296568928
2010-10-29 00:00:00,1.0362,0.9323667143206961
2010-10-29 01:00:00,0.5989,0.9323310989844993
2010-10-29 02:00:00,0.46509999999999996,0.9322954836483025
2010-10-29 03:00:00,0.31679999999999997,0.9322598683121057
2010-10-29 04:00:00,0.31620000000000004,0.9322242529759089
2010-10-29 05:00:00,0.3864,0.9321886376397122
2010-10-29 06:00:00,0.5107,0.9321530223035154
2010-10-29 07:00:00,0.3061666666666667,0.9321174069673186
2010-10-29 08:00:00,0.47936666666666666,0.9320817916311218
2010-10-29 09:00:00,1.4061666666666668,0.932046176294925
2010-10-29 10:00:00,0.5284666666666666,0.9320105609587283
2010-10-29 11:00:00,0.6154,0.9319749456225315
2010-10-29 12:00:00,1.0566666666666666,0.9319393302863347
2010-10-29 13:00:00,0.8221333333333334,0.9319037149501379
2010-10-29 14:00:00,0.7339333333333333,0.9318680996139411
2010-10-29 15:00:00,1.3253,0.9318324842777443
2010-10-29 16:00:00,0.5244333333333333,0.9317968689415476
2010-10-29 17:00:00,0.6262333333333333,0.9317612536053508
2010-10-29 18:00:00,1.2063666666666668,0.931725638269154
2010-10-29 19:00:00,1.314,0.9316900229329572
2010-10-29 20:00:00,1.5519666666666665,0.9316544075967604
2010-10-29 21:00:00,1.6412333333333333,0.9316187922605637
2010-10-29 22:00:00,0.9650666666666666,0.9315831769243669
2010-10-29 23:00:00,1.3404999999999998,0.9315475615881701
2010-10-30 00:00:00,1.6557,0.9315119462519733
2010-10-30 01:00:00,1.2114666666666667,0.9314763309157765
2010-10-30 02:00:00,0.9088666666666666,0.9314407155795797
2010-10-30 03:00:00,0.5199,0.931405100243383
2010-10-30 04:00:00,0.36356666666666665,0.9313694849071862
2010-10-30 05:00:00,0.31160000000000004,0.9313338695709894
2010-10-30 06:00:00,0.32016666666666665,0.9312982542347926
2010-10-30 07:00:00,0.4655666666666667,0.9312626388985958
2010-10-30 08:00:00,0.4008333333333333,0.9312270235623991
2010-10-30 09:00:00,0.37793333333333334,0.9311914082262023
2010-10-30 10:00:00,0.7758666666666667,0.9311557928900055
2010-10-30 11:00:00,3.1332333333333335,0.9311201775538087
2010-10-30 12:00:00,0.9049999999999999,0.9310845622176119
2010-10-30 13:00:00,1.2232666666666667,0.9310489468814152
2010-10-30 14:00:00,1.7464000000000002,0.9310133315452184
2010-10-30 15:00:00,1.5429,0.9309777162090216
2010-10-30 16:00:00,1.6637,0.9309421008728248
2010-10-30 17:00:00,1.5299,0.930906485536628
2010-10-30 18:00:00,2.1401666666666666,0.9308708702004312
2010-10-30 19:00:00,2.602633333333333,0.9308352548642345
2010-10-30 20:00:00,3.3127,0.9307996395280377
2010-10-30 21:00:00,3.0156,0.9307640241918409
2010-10-30 22:00:00,2.8801666666666668,0.9307284088556441
2010-10-30 23:00:00,2.8712,0.9306927935194473
2010-10-31 00:00:00,1.8089666666666666,0.9306571781832506
2010-10-31 01:00:00,1.4759,0.9306215628470538
2010-10-31 02:00:00,1.4299,0.930585947510857
2010-10-31 03:00:00,1.5552333333333332,0.9305503321746602
2010-10-31 04:00:00,1.4665,0.9305147168384634
2010-10-31 05:00:00,2.9103,0.9304791015022666
2010-10-31 06:00:00,1.9305666666666668,0.9304434861660699
2010-10-31 07:00:00,0.3292,0.9304078708298731
2010-10-31 08:00:00,0.35500000000000004,0.9303722554936763
2010-10-31 09:00:00,0.39823333333333333,0.9303366401574795
2010-10-31 10:00:00,0.5090333333333333,0.9303010248212827
2010-10-31 11:00:00,0.31976666666666664,0.930265409485086
2010-10-31 12:00:00,0.3359333333333333,0.9302297941488892
2010-10-31 13:00:00,1.1764333333333332,0.9301941788126924
2010-10-31 14:00:00,1.5386666666666666,0.9301585634764956
2010-10-31 15:00:00,0.5955999999999999,0.9301229481402988
2010-10-31 16:00:00,0.3451666666666667,0.930087332804102
2010-10-31 17:00:00,0.4587333333333333,0.9300517174679053
2010-10-31 18:00:00,0.3284666666666667,0.9300161021317085
2010-10-31 19:00:00,0.36433333333333334,0.9299804867955117
2010-10-31 20:00:00,0.39280000000000004,0.9299448714593149
2010-10-31 21:00:00,1.2171666666666667,0.9299092561231181
2010-10-31 22:00:00,1.3272666666666666,0.9298736407869214
2010-10-31 23:00:00,2.038,0.9298380254507246
2010-11-01 00:00:00,1.3194000000000001,0.9298024101145278
2010-11-01 01:00:00,1.4804333333333333,0.929766794778331
2010-11-01 02:00:00,1.2860333333333334,0.9297311794421342
2010-11-01 03:00:00,1.0646666666666667,0.9296955641059375
2010-11-01 04:00:00,0.32743333333333335,0.9296599487697407
2010-11-01 05:00:00,0.4504,0.9296243334335439
2010-11-01 06:00:00,0.40496666666666664,0.9295887180973471
2010-11-01 07:00:00,0.38456666666666667,0.9295531027611503
2010-11-01 08:00:00,0.3178,0.9295174874249535
2010-11-01 09:00:00,1.1984,0.9294818720887568
2010-11-01 10:00:00,0.4413,0.92944625675256
2010-11-01 11:00:00,0.40673333333333334,0.9294106414163632
2010-11-01 12:00:00,0.7283333333333334,0.9293750260801664
2010-11-01 13:00:00,1.8742666666666667,0.9293394107439696
2010-11-01 14:00:00,1.4406999999999999,0.9293037954077729
2010-11-01 15:00:00,1.4621666666666668,0.9292681800715761
2010-11-01 16:00:00,1.6175,0.9292325647353793
2010-11-01 17:00:00,1.4483,0.9291969493991825
2010-11-01 18:00:00,0.6616333333333333,0.9291613340629857
2010-11-01 19:00:00,0.33193333333333336,0.929125718726789
2010-11-01 20:00:00,0.475,0.9290901033905922
2010-11-01 21:00:00,1.0677333333333332,0.9290544880543954
2010-11-01 22:00:00,1.3896666666666666,0.9290188727181986
2010-11-01 23:00:00,1.4736333333333331,0.9289832573820018
2010-11-02 00:00:00,1.4327333333333334,0.928947642045805
2010-11-02 01:00:00,1.2633666666666667,0.9289120267096083
2010-11-02 02:00:00,0.39633333333333337,0.9288764113734115
2010-11-02 03:00:00,0.3301,0.9288407960372147
2010-11-02 04:00:00,1.4277333333333333,0.9288051807010179
2010-11-02 05:00:00,0.3799666666666667,0.9287695653648211
2010-11-02 06:00:00,0.40353333333333335,0.9287339500286244
2010-11-02 07:00:00,0.4835,0.9286983346924276
2010-11-02 08:00:00,0.5343333333333333,0.9286627193562308
2010-11-02 09:00:00,1.4453333333333334,0.928627104020034
2010-11-02 10:00:00,0.8653666666666666,0.9285914886838372
2010-11-02 11:00:00,0.43026666666666663,0.9285558733476404
2010-11-02 12:00:00,0.3439666666666667,0.9285202580114437
2010-11-02 13:00:00,0.40273333333333333,0.9284846426752469
2010-11-02 14:00:00,0.3610666666666667,0.9284490273390501
2010-11-02 15:00:00,0.37656666666666666,0.9284134120028533
2010-11-02 16:00:00,0.3728,0.9283777966666565
2010-11-02 17:00:00,0.3232,0.9283421813304598
2010-11-02 18:00:00,1.1502333333333332,0.928306565994263
2010-11-02 19:00:00,0.8409,0.9282709506580662
2010-11-02 20:00:00,1.2145000000000001,0.9282353353218694
2010-11-02 21:00:00,1.3573666666666668,0.9281997199856726
2010-11-02 22:00:00,1.4289999999999998,0.9281641046494759
2010-11-02 23:00:00,2.2864666666666666,0.9281284893132791
2010-11-03 00:00:00,0.6133000000000001,0.9280928739770823
2010-11-03 01:00:00,0.9561666666666667,0.9280572586408855
2010-11-03 02:00:00,1.0623,0.9280216433046887
2010-11-03 03:00:00,0.40226666666666666,0.9279860279684919
2010-11-03 04:00:00,0.33,0.9279504126322952
2010-11-03 05:00:00,0.38843333333333335,0.9279147972960984
2010-11-03 06:00:00,0.5263333333333333,0.9278791819599016
2010-11-03 07:00:00,1.0215,0.9278435666237048
2010-11-03 08:00:00,1.9960666666666667,0.927807951287508
2010-11-03 09:00:00,2.0325,0.9277723359513113
2010-11-03 10:00:00,1.0415666666666668,0.9277367206151145
2010-11-03 11:00:00,0.38856666666666667,0.9277011052789177
2010-11-03 12:00:00,0.3289,0.9276654899427209
2010-11-03 13:00:00,0.4435333333333334,0.9276298746065241
2010-11-03 14:00:00,0.32583333333333336,0.9275942592703273
2010-11-03 15:00:00,0.3891,0.9275586439341306
2010-11-03 16:00:00,0.3891666666666667,0.9275230285979338
2010-11-03 17:00:00,0.6790666666666667,0.927487413261737
2010-11-03 18:00:00,0.9811,0.9274517979255402
2010-11-03 19:00:00,1.2302,0.9274161825893434
2010-11-03 20:00:00,1.6190333333333333,0.9273805672531467
2010-11-03 21:00:00,3.1431666666666667,0.9273449519169499
2010-11-03 22:00:00,0.8998,0.9273093365807531
2010-11-03 23:00:00,0.3670666666666667,0.9272737212445563
2010-11-04 00:00:00,0.5018333333333334,0.9272381059083595
2010-11-04 01:00:00,0.8423,0.9272024905721628
2010-11-04 02:00:00,0.5743666666666667,0.927166875235966
2010-11-04 03:00:00,0.34276666666666666,0.9271312598997692
2010-11-04 04:00:00,0.4557333333333334,0.9270956445635724
2010-11-04 05:00:00,0.3952666666666667,0.9270600292273756
2010-11-04 06:00:00,0.8127333333333333,0.9270244138911788
2010-11-04 07:00:00,2.2721999999999998,0.9269887985549821
2010-11-04 08:00:00,4.4189,0.9269531832187853
2010-11-04 09:00:00,2.2490333333333337,0.9269175678825885
2010-11-04 10:00:00,3.626633333333333,0.9268819525463917
2010-11-04 11:00:00,3.2412666666666667,0.9268463372101949
2010-11-04 12:00:00,2.1015666666666664,0.9268107218739982
2010-11-04 13:00:00,2.1523,0.9267751065378014
2010-11-04 14:00:00,0.8233,0.9267394912016046
2010-11-04 15:00:00,0.7059,0.9267038758654078
2010-11-04 16:00:00,0.44949999999999996,0.926668260529211
2010-11-04 17:00:00,0.6564666666666666,0.9266326451930142
2010-11-04 18:00:00,1.6958666666666666,0.9265970298568175
2010-11-04 19:00:00,4.053766666666666,0.9265614145206207
2010-11-04 20:00:00,4.462599999999999,0.9265257991844239
2010-11-04 21:00:00,3.097166666666667,0.9264901838482271
2010-11-04 22:00:00,2.0152666666666668,0.9264545685120303
2010-11-04 23:00:00,0.6390333333333333,0.9264189531758336
2010-11-05 00:00:00,0.4877666666666666,0.9263833378396368
2010-11-05 01:00:00,0.34176666666666666,0.92634772250344
2010-11-05 02:00:00,0.3838666666666667,0.9263121071672432
2010-11-05 03:00:00,0.4214333333333334,0.9262764918310464
2010-11-05 04:00:00,0.47933333333333333,0.9262408764948497
2010-11-05 05:00:00,0.34576666666666667,0.9262052611586529
2010-11-05 06:00:00,0.7456,0.9261696458224561
2010-11-05 07:00:00,2.7622,0.9261340304862593
2010-11-05 08:00:00,1.8461333333333334,0.9260984151500625
2010-11-05 09:00:00,1.5481,0.9260627998138657
2010-11-05 10:00:00,1.4172333333333333,0.926027184477669
2010-11-05 11:00:00,1.4705000000000001,0.9259915691414722
2010-11-05 12:00:00,1.7144333333333333,0.9259559538052754
2010-11-05 13:00:00,1.6337000000000002,0.9259203384690786
2010-11-05 14:00:00,1.4995666666666667,0.9258847231328818
2010-11-05 15:00:00,1.5889666666666666,0.9258491077966851
2010-11-05 16:00:00,0.8524666666666667,0.9258134924604883
2010-11-05 17:00:00,0.7742666666666668,0.9257778771242915
2010-11-05 18:00:00,1.1300999999999999,0.9257422617880947
2010-11-05 19:00:00,1.7654999999999998,0.9257066464518979
2010-11-05 20:00:00,2.204533333333333,0.9256710311157011
2010-11-05 21:00:00,1.8398666666666665,0.9256354157795044
2010-11-05 22:00:00,1.3280333333333334,0.9255998004433076
2010-11-05 23:00:00,0.35366666666666663,0.9255641851071108
2010-11-06 00:00:00,0.3185,0.925528569770914
2010-11-06 01:00:00,0.4849333333333333,0.9254929544347172
2010-11-06 02:00:00,1.0021333333333333,0.9254573390985205
2010-11-06 03:00:00,0.3465,0.9254217237623237
2010-11-06 04:00:00,0.33843333333333336,0.9253861084261269
2010-11-06 05:00:00,0.43973333333333336,0.9253504930899301
2010-11-06 06:00:00,0.6567333333333334,0.9253148777537333
2010-11-06 07:00:00,2.6104333333333334,0.9252792624175366
2010-11-06 08:00:00,2.1137333333333332,0.9252436470813398
2010-11-06 09:00:00,1.3696,0.925208031745143
2010-11-06 10:00:00,1.1997333333333333,0.9251724164089462
2010-11-06 11:00:00,2.4701333333333335,0.9251368010727494
2010-11-06 12:00:00,1.9629666666666665,0.9251011857365526
2010-11-06 13:00:00,1.1770333333333334,0.9250655704003559
2010-11-06 14:00:00,0.5483333333333333,0.9250299550641591
2010-11-06 15:00:00,1.8848999999999998,0.9249943397279623
2010-11-06 16:00:00,1.7088333333333334,0.9249587243917655
2010-11-06 17:00:00,1.5478333333333334,0.9249231090555687
2010-11-06 18:00:00,2.0902333333333334,0.924887493719372
2010-11-06 19:00:00,1.8949333333333334,0.9248518783831752
2010-11-06 20:00:00,1.2521666666666667,0.9248162630469784
2010-11-06 21:00:00,1.1034333333333335,0.9247806477107816
2010-11-06 22:00:00,1.0556666666666668,0.9247450323745848
2010-11-06 23:00:00,0.5132,0.924709417038388
2010-11-07 00:00:00,0.511,0.9246738017021913
2010-11-07 01:00:00,0.3605,0.9246381863659945
2010-11-07 02:00:00,0.37623333333333336,0.9246025710297977
2010-11-07 03:00:00,0.3991,0.9245669556936009
2010-11-07 04:00:00,0.4824,0.9245313403574041
2010-11-07 05:00:00,0.32783333333333337,0.9244957250212074
2010-11-07 06:00:00,0.33849999999999997,0.9244601096850106
2010-11-07 07:00:00,1.0311,0.9244244943488138
2010-11-07 08:00:00,0.6107666666666667,0.924388879012617
2010-11-07 09:00:00,1.5049666666666668,0.9243532636764202
2010-11-07 10:00:00,1.7558333333333331,0.9243176483402235
2010-11-07 11:00:00,2.0469333333333335,0.9242820330040267
2010-11-07 12:00:00,1.7646000000000002,0.9242464176678299
2010-11-07 13:00:00,1.2351333333333334,0.9242108023316331
2010-11-07 14:00:00,1.4556,0.9241751869954363
2010-11-07 15:00:00,1.7619,0.9241395716592395
2010-11-07 16:00:00,1.2386000000000001,0.9241039563230428
2010-11-07 17:00:00,1.2321333333333333,0.924068340986846
2010-11-07 18:00:00,1.9365999999999999,0.9240327256506492
2010-11-07 19:00:00,1.9461000000000002,0.9239971103144524
2010-11-07 20:00:00,2.108233333333333,0.9239614949782556
2010-11-07 21:00:00,1.7344333333333333,0.9239258796420589
2010-11-07 22:00:00,1.2988333333333335,0.9238902643058621
2010-11-07 23:00:00,0.43960000000000005,0.9238546489696653
2010-11-08 00:00:00,0.3135,0.9238190336334685
2010-11-08 01:00:00,0.40163333333333334,0.9237834182972717
2010-11-08 02:00:00,0.376,0.923747802961075
2010-11-08 03:00:00,1.0100666666666667,0.9237121876248782
2010-11-08 04:00:00,0.3308,0.9236765722886814
2010-11-08 05:00:00,0.3314333333333333,0.9236409569524846
2010-11-08 06:00:00,0.9282,0.9236053416162878
2010-11-08 07:00:00,2.6106666666666665,0.923569726280091
2010-11-08 08:00:00,1.7462000000000002,0.9235341109438943
2010-11-08 09:00:00,1.488,0.9234984956076975
2010-11-08 10:00:00,1.3425666666666667,0.9234628802715007
2010-11-08 11:00:00,1.3471333333333333,0.9234272649353039
2010-11-08 12:00:00,1.5107333333333335,0.9233916495991071
2010-11-08 13:00:00,2.0889333333333333,0.9233560342629104
2010-11-08 14:00:00,1.2387000000000001,0.9233204189267136
2010-11-08 15:00:00,0.9437333333333334,0.9232848035905168
2010-11-08 16:00:00,0.4469666666666667,0.92324918825432
2010-11-08 17:00:00,0.6663333333333334,0.9232135729181232
2010-11-08 18:00:00,1.5786000000000002,0.9231779575819264
2010-11-08 19:00:00,2.1504333333333334,0.9231423422457297
2010-11-08 20:00:00,2.5562666666666667,0.9231067269095329
2010-11-08 21:00:00,2.6497333333333333,0.9230711115733361
2010-11-08 22:00:00,1.8272333333333333,0.9230354962371393
2010-11-08 23:00:00,0.5418000000000001,0.9229998809009425
2010-11-09 00:00:00,0.3769,0.9229642655647458
2010-11-09 01:00:00,0.3479,0.922928650228549
2010-11-09 02:00:00,0.31756666666666666,0.9228930348923522
2010-11-09 03:00:00,0.3158666666666667,0.9228574195561554
2010-11-09 04:00:00,0.31166666666666665,0.9228218042199586
2010-11-09 05:00:00,0.39126666666666665,0.9227861888837618
2010-11-09 06:00:00,1.6284999999999998,0.9227505735475651
2010-11-09 07:00:00,1.9789666666666668,0.9227149582113683
2010-11-09 08:00:00,1.9015333333333333,0.9226793428751715
2010-11-09 09:00:00,1.7798333333333334,0.9226437275389747
2010-11-09 10:00:00,1.0868333333333333,0.9226081122027779
2010-11-09 11:00:00,1.5032,0.9225724968665812
2010-11-09 12:00:00,1.3461333333333334,0.9225368815303844
2010-11-09 13:00:00,0.9226,0.9225012661941876
2010-11-09 14:00:00,0.5484333333333333,0.9224656508579908
2010-11-09 15:00:00,0.4860666666666667,0.922430035521794
2010-11-09 16:00:00,0.6602,0.9223944201855973
2010-11-09 17:00:00,2.2828,0.9223588048494005
2010-11-09 18:00:00,2.809833333333333,0.9223231895132037
2010-11-09 19:00:00,2.416,0.9222875741770069
2010-11-09 20:00:00,3.7867,0.9222519588408101
2010-11-09 21:00:00,2.9360666666666666,0.9222163435046133
2010-11-09 22:00:00,2.340733333333333,0.9221807281684166
2010-11-09 23:00:00,1.2260333333333333,0.9221451128322198
2010-11-10 00:00:00,0.7873333333333333,0.922109497496023
2010-11-10 01:00:00,0.4217,0.9220738821598262
2010-11-10 02:00:00,0.32753333333333334,0.9220382668236294
2010-11-10 03:00:00,0.3299333333333333,0.9220026514874327
2010-11-10 04:00:00,0.30846666666666667,0.9219670361512359
2010-11-10 05:00:00,0.3451666666666667,0.9219314208150391
2010-11-10 06:00:00,0.7614333333333333,0.9218958054788423
2010-11-10 07:00:00,2.8744333333333336,0.9218601901426455
2010-11-10 08:00:00,2.3632333333333335,0.9218245748064487
2010-11-10 09:00:00,1.7861,0.921788959470252
2010-11-10 10:00:00,3.372,0.9217533441340552
2010-11-10 11:00:00,3.2857333333333334,0.9217177287978584
2010-11-10 12:00:00,1.4770333333333334,0.9216821134616616
2010-11-10 13:00:00,2.4002333333333334,0.9216464981254648
2010-11-10 14:00:00,2.0136666666666665,0.9216108827892681
2010-11-10 15:00:00,1.5725666666666667,0.9215752674530713
2010-11-10 16:00:00,1.5676666666666668,0.9215396521168745
2010-11-10 17:00:00,1.308,0.9215040367806777
2010-11-10 18:00:00,1.7590333333333334,0.9214684214444809
2010-11-10 19:00:00,0.9631666666666666,0.9214328061082842
2010-11-10 20:00:00,0.39333333333333337,0.9213971907720874
2010-11-10 21:00:00,0.4352,0.9213615754358906
2010-11-10 22:00:00,0.38683333333333336,0.9213259600996938
2010-11-10 23:00:00,1.2024333333333332,0.921290344763497
2010-11-11 00:00:00,0.5653333333333334,0.9212547294273002
2010-11-11 01:00:00,0.3524333333333333,0.9212191140911035
2010-11-11 02:00:00,0.3161,0.9211834987549067
2010-11-11 03:00:00,0.34573333333333334,0.9211478834187099
2010-11-11 04:00:00,0.3668666666666667,0.9211122680825131
2010-11-11 05:00:00,0.3636666666666667,0.9210766527463163
2010-11-11 06:00:00,1.1501666666666668,0.9210410374101196
2010-11-11 07:00:00,0.6459333333333334,0.9210054220739228
2010-11-11 08:00:00,0.8163,0.920969806737726
2010-11-11 09:00:00,1.1073333333333333,0.9209341914015292
2010-11-11 10:00:00,1.4271666666666667,0.9208985760653324
2010-11-11 11:00:00,2.6264333333333334,0.9208629607291356
2010-11-11 12:00:00,1.8741333333333332,0.9208273453929389
2010-11-11 13:00:00,1.2342000000000002,0.9207917300567421
2010-11-11 14:00:00,1.7211666666666665,0.9207561147205453
2010-11-11 15:00:00,2.8895,0.9207204993843485
2010-11-11 16:00:00,2.7048,0.9206848840481517
2010-11-11 17:00:00,2.3609,0.920649268711955
2010-11-11 18:00:00,1.5769333333333333,0.9206136533757582
2010-11-11 19:00:00,1.6116333333333335,0.9205780380395614
2010-11-11 20:00:00,1.8592666666666666,0.9205424227033646
2010-11-11 21:00:00,0.8788,0.9205068073671678
2010-11-11 22:00:00,0.4840666666666667,0.920471192030971
2010-11-11 23:00:00,0.28099999999999997,0.9204355766947743
2010-11-12 00:00:00,0.881,0.9203999613585775
2010-11-12 01:00:00,0.2672666666666667,0.9203643460223807
2010-11-12 02:00:00,0.35063333333333335,0.9203287306861839
2010-11-12 03:00:00,0.3204,0.9202931153499871
2010-11-12 04:00:00,0.2792,0.9202575000137904
2010-11-12 05:00:00,0.2896,0.9202218846775936
2010-11-12 06:00:00,0.6563666666666667,0.9201862693413968
2010-11-12 07:00:00,2.694,0.9201506540052
2010-11-12 08:00:00,2.3759,0.9201150386690032
2010-11-12 09:00:00,1.5554666666666668,0.9200794233328065
2010-11-12 10:00:00,1.8644333333333334,0.9200438079966097
2010-11-12 11:00:00,1.4117333333333335,0.9200081926604129
2010-11-12 12:00:00,1.4349333333333334,0.9199725773242161
2010-11-12 13:00:00,0.8018333333333333,0.9199369619880193
2010-11-12 14:00:00,1.3209333333333333,0.9199013466518225
2010-11-12 15:00:00,1.7907666666666666,0.9198657313156258
2010-11-12 16:00:00,1.3616666666666668,0.919830115979429
2010-11-12 17:00:00,2.4560999999999997,0.9197945006432322
2010-11-12 18:00:00,2.280866666666667,0.9197588853070354
2010-11-12 19:00:00,2.391966666666667,0.9197232699708386
2010-11-12 20:00:00,1.7533333333333334,0.9196876546346419
2010-11-12 21:00:00,1.1149,0.9196520392984451
2010-11-12 22:00:00,0.32053333333333334,0.9196164239622483
2010-11-12 23:00:00,0.6398666666666666,0.9195808086260515
2010-11-13 00:00:00,0.6910333333333334,0.9195451932898547
2010-11-13 01:00:00,0.8481,0.919509577953658
2010-11-13 02:00:00,0.3094,0.9194739626174612
2010-11-13 03:00:00,0.28396666666666665,0.9194383472812644
2010-11-13 04:00:00,0.3494333333333334,0.9194027319450676
2010-11-13 05:00:00,0.37116666666666664,0.9193671166088708
2010-11-13 06:00:00,0.5848,0.919331501272674
2010-11-13 07:00:00,2.1326,0.9192958859364773
2010-11-13 08:00:00,1.4960333333333333,0.9192602706002805
2010-11-13 09:00:00,0.7291666666666666,0.9192246552640837
2010-11-13 10:00:00,0.4220333333333333,0.9191890399278869
2010-11-13 11:00:00,1.1491,0.9191534245916901
2010-11-13 12:00:00,1.1453,0.9191178092554934
2010-11-13 13:00:00,2.062,0.9190821939192966
2010-11-13 14:00:00,2.097933333333333,0.9190465785830998
2010-11-13 15:00:00,2.1959666666666666,0.919010963246903
2010-11-13 16:00:00,3.2211333333333334,0.9189753479107062
2010-11-13 17:00:00,2.7615666666666665,0.9189397325745094
2010-11-13 18:00:00,1.7152999999999998,0.9189041172383127
2010-11-13 19:00:00,2.292333333333333,0.9188685019021159
2010-11-13 20:00:00,1.7131666666666665,0.9188328865659191
2010-11-13 21:00:00,1.7058,0.9187972712297223
2010-11-13 22:00:00,1.6986333333333334,0.9187616558935255
2010-11-13 23:00:00,1.7436,0.9187260405573288
2010-11-14 00:00:00,1.845,0.918690425221132
2010-11-14 01:00:00,1.5677333333333332,0.9186548098849352
2010-11-14 02:00:00,1.0019666666666667,0.9186191945487384
2010-11-14 03:00:00,0.5980666666666666,0.9185835792125416
2010-11-14 04:00:00,0.3370666666666667,0.9185479638763449
2010-11-14 05:00:00,0.3650333333333334,0.9185123485401481
2010-11-14 06:00:00,0.2871666666666667,0.9184767332039513
2010-11-14 07:00:00,0.3058666666666667,0.9184411178677545
2010-11-14 08:00:00,0.5280333333333334,0.9184055025315577
2010-11-14 09:00:00,1.1209333333333333,0.918369887195361
2010-11-14 10:00:00,1.1384666666666667,0.9183342718591642
2010-11-14 11:00:00,1.027,0.9182986565229674
2010-11-14 12:00:00,1.3779666666666666,0.9182630411867706
2010-11-14 13:00:00,1.2797666666666667,0.9182274258505738
2010-11-14 14:00:00,1.4889666666666665,0.918191810514377
2010-11-14 15:00:00,4.1565666666666665,0.9181561951781803
2010-11-14 16:00:00,2.8365333333333336,0.9181205798419835
2010-11-14 17:00:00,2.359366666666667,0.9180849645057867
2010-11-14 18:00:00,2.384533333333333,0.9180493491695899
2010-11-14 19:00:00,1.4889333333333332,0.9180137338333931
2010-11-14 20:00:00,2.6314333333333333,0.9179781184971963
2010-11-14 21:00:00,2.5521666666666665,0.9179425031609996
2010-11-14 22:00:00,0.9064666666666666,0.9179068878248028
2010-11-14 23:00:00,0.38816666666666666,0.917871272488606
2010-11-15 00:00:00,0.28103333333333336,0.9178356571524092
2010-11-15 01:00:00,0.34606666666666663,0.9178000418162124
2010-11-15 02:00:00,0.3284666666666667,0.9177644264800157
2010-11-15 03:00:00,0.5818666666666666,0.9177288111438189
2010-11-15 04:00:00,0.6005,0.9176931958076221
2010-11-15 05:00:00,0.3533,0.9176575804714253
2010-11-15 06:00:00,0.8714999999999999,0.9176219651352285
2010-11-15 07:00:00,2.627533333333333,0.9175863497990318
2010-11-15 08:00:00,1.5821,0.917550734462835
2010-11-15 09:00:00,1.3828,0.9175151191266382
2010-11-15 10:00:00,1.3088666666666666,0.9174795037904414
2010-11-15 11:00:00,1.3804,0.9174438884542446
2010-11-15 12:00:00,3.321066666666667,0.9174082731180478
2010-11-15 13:00:00,2.809266666666667,0.9173726577818511
2010-11-15 14:00:00,0.4295333333333333,0.9173370424456543
2010-11-15 15:00:00,0.3873,0.9173014271094575
2010-11-15 16:00:00,0.5152333333333333,0.9172658117732607
2010-11-15 17:00:00,0.8739333333333333,0.9172301964370639
2010-11-15 18:00:00,1.3073333333333332,0.9171945811008672
2010-11-15 19:00:00,1.5779333333333334,0.9171589657646704
2010-11-15 20:00:00,2.9928000000000003,0.9171233504284736
2010-11-15 21:00:00,1.5087666666666666,0.9170877350922768
2010-11-15 22:00:00,1.2497,0.91705211975608
2010-11-15 23:00:00,0.5057333333333334,0.9170165044198832
2010-11-16 00:00:00,0.32380000000000003,0.9169808890836865
2010-11-16 01:00:00,0.2922666666666667,0.9169452737474897
2010-11-16 02:00:00,1.0268333333333333,0.9169096584112929
2010-11-16 03:00:00,0.30073333333333335,0.9168740430750961
2010-11-16 04:00:00,0.27913333333333334,0.9168384277388993
2010-11-16 05:00:00,0.3375666666666667,0.9168028124027026
2010-11-16 06:00:00,1.2221666666666666,0.9167671970665058
2010-11-16 07:00:00,2.455233333333333,0.916731581730309
2010-11-16 08:00:00,1.6832333333333334,0.9166959663941122
2010-11-16 09:00:00,1.5805,0.9166603510579154
2010-11-16 10:00:00,1.4629666666666667,0.9166247357217187
2010-11-16 11:00:00,0.9056666666666667,0.9165891203855219
2010-11-16 12:00:00,0.3705333333333333,0.9165535050493251
2010-11-16 13:00:00,0.36646666666666666,0.9165178897131283
2010-11-16 14:00:00,0.28203333333333336,0.9164822743769315
2010-11-16 15:00:00,0.31460000000000005,0.9164466590407347
2010-11-16 16:00:00,0.5390999999999999,0.916411043704538
2010-11-16 17:00:00,1.4056,0.9163754283683412
2010-11-16 18:00:00,2.062866666666667,0.9163398130321444
2010-11-16 19:00:00,1.9874,0.9163041976959476
2010-11-16 20:00:00,2.177233333333333,0.9162685823597508
2010-11-16 21:00:00,2.5300333333333334,0.9162329670235541
2010-11-16 22:00:00,0.7507,0.9161973516873573
2010-11-16 23:00:00,0.5058,0.9161617363511605
2010-11-17 00:00:00,0.3677,0.9161261210149637
2010-11-17 01:00:00,0.29406666666666664,0.9160905056787669
2010-11-17 02:00:00,0.32846666666666663,0.9160548903425701
2010-11-17 03:00:00,0.32553333333333334,0.9160192750063734
2010-11-17 04:00:00,0.5885,0.9159836596701766
2010-11-17 05:00:00,0.7421666666666666,0.9159480443339798
2010-11-17 06:00:00,0.9257000000000001,0.915912428997783
2010-11-17 07:00:00,2.7571333333333334,0.9158768136615862
2010-11-17 08:00:00,1.4536666666666667,0.9158411983253895
2010-11-17 09:00:00,1.3489333333333335,0.9158055829891927
2010-11-17 10:00:00,1.3998333333333333,0.9157699676529959
2010-11-17 11:00:00,1.4121,0.9157343523167991
2010-11-17 12:00:00,1.5148000000000001,0.9156987369806023
2010-11-17 13:00:00,0.6901666666666666,0.9156631216444056
2010-11-17 14:00:00,0.28030000000000005,0.9156275063082088
2010-11-17 15:00:00,0.45990000000000003,0.915591890972012
2010-11-17 16:00:00,0.8000666666666666,0.9155562756358152
2010-11-17 17:00:00,1.0461,0.9155206602996184
2010-11-17 18:00:00,1.6297333333333335,0.9154850449634216
2010-11-17 19:00:00,2.3266666666666667,0.9154494296272249
2010-11-17 20:00:00,2.244666666666667,0.9154138142910281
2010-11-17 21:00:00,1.7382666666666668,0.9153781989548313
2010-11-17 22:00:00,1.0596,0.9153425836186345
2010-11-17 23:00:00,0.6331333333333333,0.9153069682824377
2010-11-18 00:00:00,0.4418666666666667,0.915271352946241
2010-11-18 01:00:00,0.39063333333333333,0.9152357376100442
2010-11-18 02:00:00,0.5135333333333334,0.9152001222738474
2010-11-18 03:00:00,1.0192,0.9151645069376506
2010-11-18 04:00:00,0.4596,0.9151288916014538
2010-11-18 05:00:00,0.38533333333333336,0.915093276265257
2010-11-18 06:00:00,0.9687,0.9150576609290603
2010-11-18 07:00:00,2.6866666666666665,0.9150220455928635
2010-11-18 08:00:00,1.5315,0.9149864302566667
2010-11-18 09:00:00,1.3510666666666666,0.9149508149204699
2010-11-18 10:00:00,1.3487333333333333,0.9149151995842731
2010-11-18 11:00:00,1.3437666666666668,0.9148795842480764
2010-11-18 12:00:00,1.5857999999999999,0.9148439689118796
2010-11-18 13:00:00,0.9234666666666667,0.9148083535756828
2010-11-18 14:00:00,0.41346666666666665,0.914772738239486
2010-11-18 15:00:00,0.32563333333333333,0.9147371229032892
2010-11-18 16:00:00,0.46526666666666666,0.9147015075670925
2010-11-18 17:00:00,0.5778333333333333,0.9146658922308957
2010-11-18 18:00:00,2.7284333333333333,0.9146302768946989
2010-11-18 19:00:00,2.5739333333333336,0.9145946615585021
2010-11-18 20:00:00,2.1646666666666667,0.9145590462223053
2010-11-18 21:00:00,1.9349666666666667,0.9145234308861085
2010-11-18 22:00:00,0.9224333333333334,0.9144878155499118
2010-11-18 23:00:00,0.47936666666666666,0.914452200213715
2010-11-19 00:00:00,0.3419,0.9144165848775182
2010-11-19 01:00:00,0.27706666666666663,0.9143809695413214
2010-11-19 02:00:00,0.9548666666666666,0.9143453542051246
2010-11-19 03:00:00,0.31470000000000004,0.9143097388689279
2010-11-19 04:00:00,0.3387333333333333,0.9142741235327311
2010-11-19 05:00:00,0.26493333333333335,0.9142385081965343
2010-11-19 06:00:00,0.8500666666666666,0.9142028928603375
2010-11-19 07:00:00,2.2033,0.9141672775241407
2010-11-19 08:00:00,1.4469666666666667,0.914131662187944
2010-11-19 09:00:00,1.3643666666666665,0.9140960468517472
2010-11-19 10:00:00,1.3499,0.9140604315155504
2010-11-19 11:00:00,1.3954666666666666,0.9140248161793536
2010-11-19 12:00:00,1.3907,0.9139892008431568
2010-11-19 13:00:00,1.5944,0.91395358550696
2010-11-19 14:00:00,1.5211000000000001,0.9139179701707633
2010-11-19 15:00:00,1.6228666666666667,0.9138823548345665
2010-11-19 16:00:00,1.4697,0.9138467394983697
2010-11-19 17:00:00,0.8242666666666667,0.9138111241621729
2010-11-19 18:00:00,1.0184666666666666,0.9137755088259761
2010-11-19 19:00:00,1.2497666666666667,0.9137398934897794
2010-11-19 20:00:00,1.6652666666666667,0.9137042781535826
2010-11-19 21:00:00,1.7783666666666667,0.9136686628173858
2010-11-19 22:00:00,0.6019666666666666,0.913633047481189
2010-11-19 23:00:00,0.3342,0.9135974321449922
2010-11-20 00:00:00,0.3169666666666667,0.9135618168087954
2010-11-20 01:00:00,0.28490000000000004,0.9135262014725987
2010-11-20 02:00:00,0.3567,0.9134905861364019
2010-11-20 03:00:00,0.31026666666666664,0.9134549708002051
2010-11-20 04:00:00,0.3265333333333333,0.9134193554640083
2010-11-20 05:00:00,0.8852666666666666,0.9133837401278115
2010-11-20 06:00:00,0.7865666666666667,0.9133481247916148
2010-11-20 07:00:00,2.6342333333333334,0.913312509455418
2010-11-20 08:00:00,1.9728333333333334,0.9132768941192212
2010-11-20 09:00:00,1.8750666666666664,0.9132412787830244
2010-11-20 10:00:00,1.2921333333333334,0.9132056634468276
2010-11-20 11:00:00,2.691133333333333,0.9131700481106308
2010-11-20 12:00:00,1.1306,0.9131344327744341
2010-11-20 13:00:00,1.2979999999999998,0.9130988174382373
2010-11-20 14:00:00,1.0514333333333332,0.9130632021020405
2010-11-20 15:00:00,1.2581666666666667,0.9130275867658437
2010-11-20 16:00:00,1.5170333333333335,0.9129919714296469
2010-11-20 17:00:00,1.7953000000000001,0.9129563560934502
2010-11-20 18:00:00,5.626833333333334,0.9129207407572534
2010-11-20 19:00:00,3.2597,0.9128851254210566
2010-11-20 20:00:00,2.1171333333333333,0.9128495100848598
2010-11-20 21:00:00,1.7741,0.912813894748663
2010-11-20 22:00:00,1.3264,0.9127782794124663
2010-11-20 23:00:00,0.7294666666666667,0.9127426640762695
2010-11-21 00:00:00,0.5199,0.9127070487400727
2010-11-21 01:00:00,0.2938,0.9126714334038759
2010-11-21 02:00:00,0.8968,0.9126358180676791
2010-11-21 03:00:00,0.3299,0.9126002027314823
2010-11-21 04:00:00,0.34456666666666663,0.9125645873952856
2010-11-21 05:00:00,0.2902666666666667,0.9125289720590888
2010-11-21 06:00:00,0.33686666666666665,0.912493356722892
2010-11-21 07:00:00,2.0713,0.9124577413866952
2010-11-21 08:00:00,1.4247,0.9124221260504984
2010-11-21 09:00:00,1.2906333333333333,0.9123865107143017
2010-11-21 10:00:00,0.26809999999999995,0.9123508953781049
2010-11-21 11:00:00,0.29916666666666664,0.9123152800419081
2010-11-21 12:00:00,0.34963333333333335,0.9122796647057113
2010-11-21 13:00:00,0.2768666666666667,0.9122440493695145
2010-11-21 14:00:00,0.2809666666666667,0.9122084340333177
2010-11-21 15:00:00,0.29733333333333334,0.912172818697121
2010-11-21 16:00:00,0.35083333333333333,0.9121372033609242
2010-11-21 17:00:00,0.7239333333333333,0.9121015880247274
2010-11-21 18:00:00,0.45113333333333333,0.9120659726885306
2010-11-21 19:00:00,0.2954666666666667,0.9120303573523338
2010-11-21 20:00:00,0.6047666666666667,0.9119947420161371
2010-11-21 21:00:00,1.2213,0.9119591266799403
2010-11-21 22:00:00,1.4937666666666667,0.9119235113437435
2010-11-21 23:00:00,0.3031666666666667,0.9118878960075467
2010-11-22 00:00:00,0.3675,0.9118522806713499
2010-11-22 01:00:00,0.2798666666666667,0.9118166653351532
2010-11-22 02:00:00,0.28336666666666666,0.9117810499989564
2010-11-22 03:00:00,0.2749333333333333,0.9117454346627596
2010-11-22 04:00:00,0.36829999999999996,0.9117098193265628
2010-11-22 05:00:00,0.2859,0.911674203990366
2010-11-22 06:00:00,0.9530333333333334,0.9116385886541692
2010-11-22 07:00:00,2.137,0.9116029733179725
2010-11-22 08:00:00,2.590233333333333,0.9115673579817757
2010-11-22 09:00:00,1.4276000000000002,0.9115317426455789
2010-11-22 10:00:00,3.105366666666667,0.9114961273093821
2010-11-22 11:00:00,2.6391333333333336,0.9114605119731853
2010-11-22 12:00:00,1.8669333333333331,0.9114248966369886
2010-11-22 13:00:00,1.9867666666666668,0.9113892813007918
2010-11-22 14:00:00,1.5176666666666667,0.911353665964595
2010-11-22 15:00:00,1.3865666666666667,0.9113180506283982
2010-11-22 16:00:00,0.6926333333333333,0.9112824352922014
2010-11-22 17:00:00,0.6457666666666667,0.9112468199560047
2010-11-22 18:00:00,3.1683000000000003,0.9112112046198079
2010-11-22 19:00:00,2.5895,0.9111755892836111
2010-11-22 20:00:00,1.5825333333333333,0.9111399739474143
2010-11-22 21:00:00,2.3887,0.9111043586112175
2010-11-22 22:00:00,1.1652,0.9110687432750207
2010-11-22 23:00:00,0.3228,0.911033127938824
2010-11-23 00:00:00,0.3651666666666667,0.9109975126026272
2010-11-23 01:00:00,0.2924333333333333,0.9109618972664304
2010-11-23 02:00:00,0.28236666666666665,0.9109262819302336
2010-11-23 03:00:00,0.27449999999999997,0.9108906665940368
2010-11-23 04:00:00,0.36016666666666663,0.91085505125784
2010-11-23 05:00:00,0.2802,0.9108194359216433
2010-11-23 06:00:00,0.6357333333333333,0.9107838205854465
2010-11-23 07:00:00,2.5486,0.9107482052492497
2010-11-23 08:00:00,1.7040666666666666,0.9107125899130529
2010-11-23 09:00:00,1.4006333333333332,0.9106769745768561
2010-11-23 10:00:00,1.57,0.9106413592406594
2010-11-23 11:00:00,1.7039666666666666,0.9106057439044626
2010-11-23 12:00:00,1.0491666666666668,0.9105701285682658
2010-11-23 13:00:00,0.8319,0.910534513232069
2010-11-23 14:00:00,1.5486333333333333,0.9104988978958722
2010-11-23 15:00:00,0.4,0.9104632825596755
2010-11-23 16:00:00,0.5092666666666666,0.9104276672234787
2010-11-23 17:00:00,0.9787333333333333,0.9103920518872819
2010-11-23 18:00:00,1.8401,0.9103564365510851
2010-11-23 19:00:00,2.221233333333333,0.9103208212148883
2010-11-23 20:00:00,2.6366666666666663,0.9102852058786916
2010-11-23 21:00:00,1.4262333333333332,0.9102495905424948
2010-11-23 22:00:00,0.8328000000000001,0.910213975206298
2010-11-23 23:00:00,0.5997,0.9101783598701012
2010-11-24 00:00:00,0.35836666666666667,0.9101427445339044
2010-11-24 01:00:00,0.26530000000000004,0.9101071291977076
2010-11-24 02:00:00,0.5021,0.9100715138615109
2010-11-24 03:00:00,0.7512333333333333,0.9100358985253141
2010-11-24 04:00:00,0.3203,0.9100002831891173
2010-11-24 05:00:00,0.2844,0.9099646678529205
2010-11-24 06:00:00,0.8289666666666666,0.9099290525167237
2010-11-24 07:00:00,2.8502333333333336,0.909893437180527
2010-11-24 08:00:00,1.5541666666666667,0.9098578218443302
2010-11-24 09:00:00,1.3640333333333332,0.9098222065081334
2010-11-24 10:00:00,1.3725999999999998,0.9097865911719366
2010-11-24 11:00:00,1.3923666666666668,0.9097509758357398
2010-11-24 12:00:00,1.5837666666666665,0.909715360499543
2010-11-24 13:00:00,1.9610333333333334,0.9096797451633463
2010-11-24 14:00:00,2.0177666666666667,0.9096441298271495
2010-11-24 15:00:00,1.5020333333333333,0.9096085144909527
2010-11-24 16:00:00,0.8740666666666667,0.9095728991547559
2010-11-24 17:00:00,1.9389333333333334,0.9095372838185591
2010-11-24 18:00:00,2.0611333333333333,0.9095016684823624
2010-11-24 19:00:00,1.4982333333333335,0.9094660531461656
2010-11-24 20:00:00,2.3128666666666664,0.9094304378099688
2010-11-24 21:00:00,1.5683666666666667,0.909394822473772
2010-11-24 22:00:00,0.42210000000000003,0.9093592071375752
2010-11-24 23:00:00,0.3531,0.9093235918013785
2010-11-25 00:00:00,0.3034666666666667,0.9092879764651817
2010-11-25 01:00:00,0.28966666666666663,0.9092523611289849
2010-11-25 02:00:00,0.26636666666666664,0.9092167457927881
2010-11-25 03:00:00,0.33573333333333333,0.9091811304565913
2010-11-25 04:00:00,0.37706666666666666,0.9091455151203945
2010-11-25 05:00:00,0.8805333333333334,0.9091098997841978
2010-11-25 06:00:00,0.9632000000000001,0.909074284448001
2010-11-25 07:00:00,2.627133333333333,0.9090386691118042
2010-11-25 08:00:00,1.6294,0.9090030537756074
2010-11-25 09:00:00,1.2577,0.9089674384394106
2010-11-25 10:00:00,0.6454666666666667,0.9089318231032139
2010-11-25 11:00:00,1.0280666666666667,0.9088962077670171
2010-11-25 12:00:00,0.49973333333333336,0.9088605924308203
2010-11-25 13:00:00,0.3562333333333333,0.9088249770946235
2010-11-25 14:00:00,0.30066666666666664,0.9087893617584267
2010-11-25 15:00:00,0.333,0.90875374642223
2010-11-25 16:00:00,0.5418000000000001,0.9087181310860332
2010-11-25 17:00:00,1.4801,0.9086825157498364
2010-11-25 18:00:00,2.2116,0.9086469004136396
2010-11-25 19:00:00,2.3304666666666667,0.9086112850774428
2010-11-25 20:00:00,1.6478333333333335,0.908575669741246
2010-11-25 21:00:00,1.3429333333333333,0.9085400544050493
2010-11-25 22:00:00,1.2475666666666667,0.9085044390688525
2010-11-25 23:00:00,0.9570000000000001,0.9084688237326557
2010-11-26 00:00:00,0.2943,0.9084332083964589
2010-11-26 01:00:00,0.28099999999999997,0.9083975930602621
2010-11-26 02:00:00,0.2734333333333333,0.9083619777240654
2010-11-26 03:00:00,0.29836666666666667,0.9083263623878686
2010-11-26 04:00:00,0.31403333333333333,0.9082907470516718
2010-11-26 05:00:00,0.2825666666666667,0.908255131715475
2010-11-26 06:00:00,1.0087666666666668,0.9082195163792782
2010-11-26 07:00:00,2.8839333333333332,0.9081839010430814
2010-11-26 08:00:00,1.9993,0.9081482857068847
2010-11-26 09:00:00,1.8499666666666668,0.9081126703706879
2010-11-26 10:00:00,1.3527666666666667,0.9080770550344911
2010-11-26 11:00:00,1.3389,0.9080414396982943
2010-11-26 12:00:00,1.4902000000000002,0.9080058243620975
2010-11-26 13:00:00,1.6129333333333333,0.9079702090259008
2010-11-26 14:00:00,1.4077666666666668,0.907934593689704
2010-11-26 15:00:00,0.8764333333333333,0.9078989783535072
2010-11-26 16:00:00,1.0679333333333332,0.9078633630173104
2010-11-26 17:00:00,1.7259,0.9078277476811136
2010-11-26 18:00:00,1.5734666666666668,0.9077921323449168
2010-11-26 19:00:00,1.6593333333333333,0.9077565170087201
2010-11-26 20:00:00,1.1637,0.9077209016725233
2010-11-26 21:00:00,0.9346666666666668,0.9076852863363265
