Date,cluster,cluster_name,avg_consumption,peak_consumption,min_consumption,std_consumption,is_weekend
2006-12-17,2,Peak-Heavy Pattern,2.354486111111111,7.064,0.206,1.2057954435344829,1
2006-12-18,1,High Consumption Pattern,1.5304347222222223,6.158,0.202,1.0050741549206366,0
2006-12-19,2,Peak-Heavy Pattern,1.1570791666666667,7.84,0.194,1.23760241627707,0
2006-12-20,2,Peak-Heavy Pattern,1.5456583333333334,5.988,0.202,1.3209679795468874,0
2006-12-21,1,High Consumption Pattern,1.1924402777777778,5.854,0.194,0.9933702942045325,0
2006-12-22,2,Peak-Heavy Pattern,1.6259291666666669,7.884,0.202,1.436179939204263,0
2006-12-23,2,Peak-Heavy Pattern,3.314851388888889,8.698,0.208,1.5032763052392701,1
2006-12-24,2,Peak-Heavy Pattern,1.7708416666666669,6.824,0.196,1.2753698232947774,1
2006-12-25,2,Peak-Heavy Pattern,1.9049444444444443,6.702,0.198,1.4257552983044437,0
2006-12-26,2,Peak-Heavy Pattern,2.7320208333333333,6.496,0.418,0.9575494766645732,0
2006-12-27,1,High Consumption Pattern,1.0616388888888888,5.56,0.21,0.8255954029902615,0
2006-12-28,2,Peak-Heavy Pattern,1.4393319444444443,9.132,0.218,1.4362921419326407,0
2006-12-29,2,Peak-Heavy Pattern,2.204438888888889,7.238,0.216,1.3134129206327072,0
2006-12-30,2,Peak-Heavy Pattern,1.9460666666666666,9.078,0.204,1.748584490660682,1
2006-12-31,2,Peak-Heavy Pattern,2.426525,6.722,0.206,1.1642050770809431,1
2007-01-01,1,High Consumption Pattern,1.9090305555555556,3.558,0.204,0.9120673043449209,0
2007-01-02,1,High Consumption Pattern,0.8814138888888889,3.688,0.358,0.702746183396342,0
2007-01-03,0,Low Consumption Pattern,0.7042041666666666,5.19,0.23,0.562507154444502,0
2007-01-04,2,Peak-Heavy Pattern,2.2634805555555553,5.976,0.26,1.16080006300786,0
2007-01-05,2,Peak-Heavy Pattern,1.8842805555555555,5.73,0.222,1.0255427941793696,0
2007-01-06,3,Moderate Consumption Pattern,1.047484722222222,8.044,0.234,0.963160297111451,1
2007-01-07,2,Peak-Heavy Pattern,1.6997361111111111,7.774,0.24,1.6683028431485156,1
2007-01-08,1,High Consumption Pattern,1.5565,4.97,0.216,0.9102043970863523,0
2007-01-09,2,Peak-Heavy Pattern,1.2979541666666667,8.67,0.202,1.2559920993228828,0
2007-01-10,2,Peak-Heavy Pattern,1.496388888888889,6.836,0.212,1.2914481935287252,0
2007-01-11,2,Peak-Heavy Pattern,1.5661069444444444,7.754,0.21,1.4847192483337939,0
2007-01-12,1,High Consumption Pattern,1.014788888888889,6.478,0.206,0.9285887817857009,0
2007-01-13,2,Peak-Heavy Pattern,2.2130652777777775,9.272,0.212,1.901305509911016,1
2007-01-14,2,Peak-Heavy Pattern,2.090992361111111,7.64,0.202,1.3837106076802297,1
2007-01-15,1,High Consumption Pattern,1.4921375,5.896,0.208,0.9610469913121188,0
2007-01-16,1,High Consumption Pattern,1.1711138888888888,5.57,0.212,0.9961406379026229,0
2007-01-17,2,Peak-Heavy Pattern,1.977561111111111,8.0,0.206,1.4381090691128076,0
2007-01-18,1,High Consumption Pattern,1.2649041666666667,6.808,0.212,1.0897883769725356,0
2007-01-19,3,Moderate Consumption Pattern,1.0280833333333335,6.132,0.198,0.9973114846221709,0
2007-01-20,2,Peak-Heavy Pattern,2.1762027777777777,8.658,0.218,1.5066381088692833,1
2007-01-21,2,Peak-Heavy Pattern,2.366154166666667,8.018,0.206,1.8551407862702096,1
2007-01-22,2,Peak-Heavy Pattern,1.5142319444444445,7.722,0.212,1.234595759646174,0
2007-01-23,1,High Consumption Pattern,1.2344722222222222,6.036,0.202,1.226923858070117,0
2007-01-24,2,Peak-Heavy Pattern,2.074898611111111,7.248,0.212,1.172317007860733,0
2007-01-25,1,High Consumption Pattern,1.1085722222222223,5.832,0.206,0.9896069121153739,0
2007-01-26,1,High Consumption Pattern,1.1235916666666665,5.024,0.208,0.9023785355787479,0
2007-01-27,1,High Consumption Pattern,1.4194944444444444,6.204,0.214,1.1191024895776893,1
2007-01-28,2,Peak-Heavy Pattern,2.1475173611111114,7.552,0.224,1.3526013630155005,1
2007-01-29,1,High Consumption Pattern,1.37685,4.908,0.222,0.9339334437077871,0
2007-01-30,1,High Consumption Pattern,1.1859708333333334,6.166,0.228,1.1651166165719002,0
2007-01-31,2,Peak-Heavy Pattern,1.6414944444444444,6.59,0.226,1.2872800788324854,0
2007-02-01,1,High Consumption Pattern,1.2671944444444445,7.482,0.222,1.107042024571097,0
2007-02-02,1,High Consumption Pattern,1.15815,5.448,0.22,0.9902841673858678,0
2007-02-03,2,Peak-Heavy Pattern,2.7984180555555556,7.904,0.236,1.3898937081788412,1
2007-02-04,2,Peak-Heavy Pattern,2.4971805555555555,7.698,0.22,1.2693117539592433,1
2007-02-05,1,High Consumption Pattern,1.1425555555555555,5.816,0.222,1.0649207859938055,0
2007-02-06,3,Moderate Consumption Pattern,0.8843611111111112,4.816,0.214,0.7795022111362108,0
2007-02-07,2,Peak-Heavy Pattern,1.6166791666666667,6.694,0.218,1.1937195517184798,0
2007-02-08,1,High Consumption Pattern,1.2509819444444443,5.58,0.216,1.0524453273929169,0
2007-02-09,1,High Consumption Pattern,1.1251375000000001,6.146,0.218,1.0075205699836784,0
2007-02-10,2,Peak-Heavy Pattern,1.964811111111111,6.88,0.254,1.506024559569056,1
2007-02-11,2,Peak-Heavy Pattern,2.4800194444444443,7.426,0.252,1.2343661608050598,1
2007-02-12,1,High Consumption Pattern,1.3038958333333333,6.514,0.222,1.0520934900786523,0
2007-02-13,3,Moderate Consumption Pattern,0.9823236111111111,4.972,0.214,0.9400883244759494,0
2007-02-14,2,Peak-Heavy Pattern,1.735188888888889,6.008,0.212,1.3674042417678116,0
2007-02-15,1,High Consumption Pattern,1.3787125,7.234,0.246,1.226902915355341,0
2007-02-16,1,High Consumption Pattern,1.182311111111111,6.316,0.252,1.1356684238903967,0
2007-02-17,2,Peak-Heavy Pattern,1.4423,7.33,0.214,1.2620182624621759,1
2007-02-18,2,Peak-Heavy Pattern,2.6595569444444447,7.16,0.226,1.5581848979008395,1
2007-02-19,2,Peak-Heavy Pattern,1.5184819444444444,7.682,0.218,1.3736757781673479,0
2007-02-20,2,Peak-Heavy Pattern,2.18745,8.374,0.25,1.2994659394792045,0
2007-02-21,2,Peak-Heavy Pattern,1.4394958333333332,8.974,0.21,1.2632524415356827,0
2007-02-22,2,Peak-Heavy Pattern,2.3454305555555557,9.41,0.252,1.5606845431367138,0
2007-02-23,1,High Consumption Pattern,0.9121388888888889,5.468,0.206,0.7174993270934723,0
2007-02-24,0,Low Consumption Pattern,0.4964736111111111,2.464,0.204,0.5261700347682237,1
2007-02-25,0,Low Consumption Pattern,0.3484305555555556,1.536,0.21,0.2741823564661453,1
2007-02-26,0,Low Consumption Pattern,0.3947805555555556,1.558,0.21,0.34001052456379266,0
2007-02-27,0,Low Consumption Pattern,0.35979999999999995,1.47,0.21,0.2854327589866136,0
2007-02-28,0,Low Consumption Pattern,0.36164861111111113,1.486,0.21,0.2900275252294228,0
2007-03-01,0,Low Consumption Pattern,0.3594194444444444,1.472,0.208,0.2912436378801564,0
2007-03-02,0,Low Consumption Pattern,0.35811666666666664,1.468,0.208,0.28547255533083393,0
2007-03-03,0,Low Consumption Pattern,0.5688347222222222,4.242,0.206,0.5387863595652465,1
2007-03-04,2,Peak-Heavy Pattern,1.4518749999999998,10.67,0.208,1.8109022660060146,1
2007-03-05,2,Peak-Heavy Pattern,1.8474527777777776,9.486,0.208,1.6879739517249077,0
2007-03-06,3,Moderate Consumption Pattern,0.865625,6.508,0.202,0.9187487115240118,0
2007-03-07,2,Peak-Heavy Pattern,1.6494486111111113,5.98,0.204,1.3953245602192672,0
2007-03-08,1,High Consumption Pattern,1.0917583333333334,6.354,0.224,1.239105966765082,0
2007-03-09,1,High Consumption Pattern,0.8837583333333334,5.444,0.22,0.7856486526119284,0
2007-03-10,2,Peak-Heavy Pattern,1.7254944444444444,6.35,0.22,1.3745720587342534,1
2007-03-11,2,Peak-Heavy Pattern,2.417108333333333,7.142,0.228,1.1711840682325403,1
2007-03-12,1,High Consumption Pattern,1.3546305555555556,6.078,0.216,1.0449341322929513,0
2007-03-13,3,Moderate Consumption Pattern,0.8959333333333334,5.77,0.212,0.9987887068291796,0
2007-03-14,1,High Consumption Pattern,1.2453916666666667,6.114,0.224,1.1545171624784376,0
2007-03-15,1,High Consumption Pattern,1.3088986111111112,4.574,0.21,1.083266627363986,0
2007-03-16,3,Moderate Consumption Pattern,1.1819819444444446,5.342,0.222,1.0731534029298813,0
2007-03-17,1,High Consumption Pattern,1.4083958333333333,5.642,0.206,1.1748510583451204,1
2007-03-18,2,Peak-Heavy Pattern,1.6465597222222221,7.994,0.226,1.5691392099571915,1
2007-03-19,2,Peak-Heavy Pattern,1.4948041666666667,7.452,0.214,1.2503256361876263,0
2007-03-20,2,Peak-Heavy Pattern,1.4487694444444446,6.55,0.216,1.4397605611912994,0
2007-03-21,2,Peak-Heavy Pattern,1.487563888888889,5.88,0.218,1.056957014609023,0
2007-03-22,1,High Consumption Pattern,1.010401388888889,5.744,0.202,0.91658506461708,0
2007-03-23,1,High Consumption Pattern,0.9090333333333334,4.314,0.204,0.8196419693301586,0
2007-03-24,2,Peak-Heavy Pattern,2.0614097222222223,7.186,0.2,1.5966665184052828,1
2007-03-25,2,Peak-Heavy Pattern,2.317120138888889,7.918,0.242,1.2018202115370298,1
2007-03-26,1,High Consumption Pattern,0.9833902777777779,5.804,0.218,0.8601080514017377,0
2007-03-27,3,Moderate Consumption Pattern,0.7674583333333334,5.938,0.212,0.9524884118844432,0
2007-03-28,2,Peak-Heavy Pattern,1.6207625,6.714,0.218,1.3273216739403761,0
2007-03-29,1,High Consumption Pattern,1.1044486111111111,6.49,0.212,1.099647947389622,0
2007-03-30,1,High Consumption Pattern,0.9738847222222222,5.098,0.214,0.8902802616655321,0
2007-03-31,2,Peak-Heavy Pattern,2.4371597222222223,7.098,0.308,1.3013207283857426,1
2007-04-01,2,Peak-Heavy Pattern,1.9346888888888887,8.16,0.222,1.4205547499176876,1
2007-04-02,1,High Consumption Pattern,1.3616513888888888,6.338,0.206,1.0475510383267197,0
2007-04-03,2,Peak-Heavy Pattern,1.1408472222222221,7.928,0.21,1.3179436312459225,0
2007-04-04,1,High Consumption Pattern,1.4249083333333332,6.266,0.212,1.1245997783660833,0
2007-04-05,2,Peak-Heavy Pattern,1.2806097222222221,8.102,0.21,1.423730535253956,0
2007-04-06,1,High Consumption Pattern,1.111902777777778,5.812,0.224,1.004046197184094,0
2007-04-07,1,High Consumption Pattern,1.079113888888889,5.44,0.216,1.1766989566381523,1
2007-04-08,0,Low Consumption Pattern,1.1172333333333333,3.598,0.208,0.9118121863839938,1
2007-04-09,0,Low Consumption Pattern,0.6950833333333333,3.766,0.21,0.7570647599311926,0
2007-04-10,0,Low Consumption Pattern,0.5398361111111112,3.076,0.212,0.45382389928818184,0
2007-04-11,0,Low Consumption Pattern,0.6163069444444444,2.906,0.212,0.5147247497304727,0
2007-04-12,0,Low Consumption Pattern,0.37340694444444444,1.542,0.21,0.2811334567809056,0
2007-04-13,0,Low Consumption Pattern,0.3826541666666667,1.466,0.21,0.2865075458925478,0
2007-04-14,0,Low Consumption Pattern,0.38490833333333335,1.526,0.212,0.2879180206029285,1
2007-04-15,0,Low Consumption Pattern,0.5042805555555555,3.906,0.122,0.5637374478558692,1
2007-04-16,3,Moderate Consumption Pattern,0.6613819444444444,6.026,0.124,0.8049052663453741,0
2007-04-17,3,Moderate Consumption Pattern,0.8498152777777778,6.41,0.14,0.8766192161247344,0
2007-04-18,3,Moderate Consumption Pattern,0.6932263888888889,6.054,0.122,0.776786698419657,0
2007-04-19,3,Moderate Consumption Pattern,0.7143458333333332,5.798,0.128,0.6297265959661628,0
2007-04-20,3,Moderate Consumption Pattern,0.5712361111111112,5.814,0.118,0.7870400207407171,0
2007-04-21,3,Moderate Consumption Pattern,1.162261111111111,7.336,0.112,1.2294766984072902,1
2007-04-22,2,Peak-Heavy Pattern,1.5511902777777777,6.958,0.138,1.2789670812424907,1
2007-04-23,3,Moderate Consumption Pattern,0.7323375,4.676,0.104,0.7502263656421678,0
2007-04-24,3,Moderate Consumption Pattern,0.716736111111111,5.638,0.108,0.7279933312101591,0
2007-04-25,3,Moderate Consumption Pattern,0.8778902777777778,4.602,0.106,0.8892194524704037,0
2007-04-26,3,Moderate Consumption Pattern,0.8857402777777778,5.394,0.106,0.8845660879257086,0
2007-04-27,3,Moderate Consumption Pattern,0.7599527777777778,4.658,0.104,0.90268431626783,0
2007-05-01,3,Moderate Consumption Pattern,1.1554569444444445,6.096,0.126,1.1133166682055686,0
2007-05-02,3,Moderate Consumption Pattern,0.6968652777777777,5.76,0.122,0.6677569965471921,0
2007-05-03,3,Moderate Consumption Pattern,0.7571097222222223,4.712,0.106,0.8035407669721326,0
2007-05-04,3,Moderate Consumption Pattern,0.6931444444444445,5.702,0.112,0.8905908783202836,0
2007-05-05,3,Moderate Consumption Pattern,1.0854527777777778,5.642,0.11,1.036089373685157,1
2007-05-06,3,Moderate Consumption Pattern,1.4597944444444444,6.126,0.13,1.116840837353394,1
2007-05-07,3,Moderate Consumption Pattern,1.1414333333333333,7.572,0.118,1.1717913614878464,0
2007-05-08,3,Moderate Consumption Pattern,1.2425638888888888,7.672,0.128,1.1678211300900476,0
2007-05-09,3,Moderate Consumption Pattern,1.1567611111111111,6.356,0.116,1.1485286347731307,0
2007-05-10,3,Moderate Consumption Pattern,0.4915861111111111,4.276,0.112,0.6202291811855025,0
2007-05-11,3,Moderate Consumption Pattern,0.6799680555555555,4.724,0.11,0.6778406146796981,0
2007-05-12,3,Moderate Consumption Pattern,1.0010875000000001,7.172,0.148,1.0008804674875291,1
2007-05-13,3,Moderate Consumption Pattern,1.1352347222222223,5.562,0.142,1.0523378020684186,1
2007-05-14,3,Moderate Consumption Pattern,1.0192930555555555,5.62,0.2,1.1082444055781084,0
2007-05-15,3,Moderate Consumption Pattern,0.62805,4.228,0.226,0.4654596063787461,0
2007-05-16,3,Moderate Consumption Pattern,1.1756555555555555,5.64,0.206,1.0040077013247248,0
2007-05-17,3,Moderate Consumption Pattern,0.8554277777777778,5.81,0.214,0.7975003863439967,0
2007-05-18,3,Moderate Consumption Pattern,1.1330069444444444,6.126,0.206,1.1266190739665571,0
2007-05-19,3,Moderate Consumption Pattern,0.9926680555555556,4.524,0.216,0.9131887610044533,1
2007-05-20,2,Peak-Heavy Pattern,1.3668944444444444,5.344,0.218,1.2517567208071467,1
2007-05-21,3,Moderate Consumption Pattern,0.7778208333333333,4.572,0.206,0.6164935151215594,0
2007-05-22,3,Moderate Consumption Pattern,0.7867027777777779,5.328,0.2,0.9379385261289804,0
2007-05-23,3,Moderate Consumption Pattern,1.0173166666666666,5.432,0.204,0.8089247350422476,0
2007-05-24,3,Moderate Consumption Pattern,0.8016583333333333,5.462,0.204,0.9463775961434627,0
2007-05-25,2,Peak-Heavy Pattern,1.1209861111111112,6.98,0.206,1.3490825440710876,0
2007-05-26,3,Moderate Consumption Pattern,1.0501722222222223,4.974,0.216,0.8965671436140525,1
2007-05-27,2,Peak-Heavy Pattern,1.4957,6.776,0.218,1.4121226735065446,1
2007-05-28,3,Moderate Consumption Pattern,1.1371305555555555,5.798,0.204,0.982652924989621,0
2007-05-29,3,Moderate Consumption Pattern,0.7370416666666666,4.226,0.206,0.6835899582814525,0
2007-05-30,3,Moderate Consumption Pattern,1.1179625,6.124,0.204,0.9941799369476279,0
2007-05-31,3,Moderate Consumption Pattern,0.6517708333333333,4.5,0.198,0.6546671065614045,0
2007-06-01,3,Moderate Consumption Pattern,0.7259513888888888,5.354,0.204,0.5796601869303918,0
2007-06-02,3,Moderate Consumption Pattern,1.0308069444444445,6.602,0.21,1.005027681684657,1
2007-06-03,2,Peak-Heavy Pattern,1.4639069444444444,6.79,0.218,1.383839311774835,1
2007-06-04,3,Moderate Consumption Pattern,0.6330680555555556,4.452,0.18,0.6471509815054634,0
2007-06-05,3,Moderate Consumption Pattern,1.0131194444444445,5.518,0.182,0.9256658432015404,0
2007-06-06,3,Moderate Consumption Pattern,1.1776479166666667,5.326,0.176,0.9159884556771489,0
2007-06-07,3,Moderate Consumption Pattern,0.6840291666666667,3.682,0.17,0.570441962433701,0
2007-06-08,2,Peak-Heavy Pattern,1.491698611111111,7.614,0.172,1.5189161055330969,0
2007-06-09,0,Low Consumption Pattern,0.7199674074074074,4.548,0.19,0.551296884002882,1
2007-06-10,3,Moderate Consumption Pattern,0.9311194444444444,5.842,0.1,0.953317051454839,1
2007-06-11,0,Low Consumption Pattern,0.5518430555555556,5.044,0.11,0.5405142125691673,0
2007-06-12,3,Moderate Consumption Pattern,0.6380319444444444,6.092,0.096,0.7423191176058569,0
2007-06-13,3,Moderate Consumption Pattern,0.643938888888889,4.652,0.098,0.6418128395971308,0
2007-06-14,3,Moderate Consumption Pattern,0.8743638888888889,6.476,0.096,1.140624795356451,0
2007-06-15,3,Moderate Consumption Pattern,0.687225,5.376,0.084,0.8744788830819298,0
2007-06-16,3,Moderate Consumption Pattern,1.4012236111111112,4.928,0.098,1.1384460423059093,1
2007-06-17,2,Peak-Heavy Pattern,1.3521458333333334,6.436,0.098,1.2606173910643648,1
2007-06-18,0,Low Consumption Pattern,0.47116250000000004,4.638,0.084,0.5378472687350507,0
2007-06-19,3,Moderate Consumption Pattern,0.5870180555555555,5.202,0.084,0.6098512365753233,0
2007-06-20,3,Moderate Consumption Pattern,0.7460319444444445,6.496,0.082,0.9445425594703705,0
2007-06-21,3,Moderate Consumption Pattern,0.5603791666666667,6.522,0.106,0.7320067351481772,0
2007-06-22,0,Low Consumption Pattern,0.3932597222222222,4.22,0.116,0.4091433098492055,0
2007-06-23,0,Low Consumption Pattern,0.33164305555555557,2.926,0.118,0.3504713281607939,1
2007-06-24,0,Low Consumption Pattern,0.49628888888888884,3.34,0.12,0.4554032644837405,1
2007-06-25,3,Moderate Consumption Pattern,0.7445847222222223,7.164,0.112,1.0551576756133465,0
2007-06-26,3,Moderate Consumption Pattern,0.6561861111111111,7.29,0.118,0.8681204118235872,0
2007-06-27,2,Peak-Heavy Pattern,1.0283513888888889,7.436,0.122,1.3484467584290216,0
2007-06-28,3,Moderate Consumption Pattern,0.8996097222222222,6.2,0.15,0.8790952139443763,0
2007-06-29,3,Moderate Consumption Pattern,0.9058902777777778,5.188,0.124,1.0090209163512869,0
2007-06-30,3,Moderate Consumption Pattern,0.9273013888888889,6.376,0.126,0.960120378859947,1
2007-07-01,0,Low Consumption Pattern,0.7129611111111112,2.966,0.156,0.6277467508463966,1
2007-07-02,3,Moderate Consumption Pattern,0.67155,6.694,0.11,1.0351852185440764,0
2007-07-03,3,Moderate Consumption Pattern,0.73605,6.702,0.166,0.9378837993727058,0
2007-07-04,3,Moderate Consumption Pattern,0.6968125,5.346,0.144,0.8583840229797379,0
2007-07-05,3,Moderate Consumption Pattern,0.7342291666666666,5.564,0.124,0.9024028276551287,0
2007-07-06,3,Moderate Consumption Pattern,0.7427250000000001,7.24,0.124,1.1142556611111636,0
2007-07-07,3,Moderate Consumption Pattern,0.943198611111111,6.962,0.11,0.8970723842263242,1
2007-07-08,3,Moderate Consumption Pattern,0.7563055555555555,6.17,0.13,0.8100484227650541,1
2007-07-09,3,Moderate Consumption Pattern,0.8195541666666666,5.914,0.134,0.7998017430567812,0
2007-07-10,3,Moderate Consumption Pattern,0.6307805555555556,6.284,0.124,0.8656840661990106,0
2007-07-11,0,Low Consumption Pattern,0.5016333333333333,4.166,0.12,0.6022924876857788,0
2007-07-12,3,Moderate Consumption Pattern,0.7427652777777779,5.822,0.128,0.9742875762380814,0
2007-07-13,0,Low Consumption Pattern,0.5516541666666667,5.456,0.132,0.5410750525493797,0
2007-07-14,3,Moderate Consumption Pattern,0.8945625,4.874,0.116,1.0009506545820681,1
2007-07-15,0,Low Consumption Pattern,0.6430863121185701,3.71,0.138,0.6472722374992307,1
2007-07-16,3,Moderate Consumption Pattern,0.5928291666666666,4.35,0.124,0.5566733053146125,0
2007-07-17,3,Moderate Consumption Pattern,0.49974444444444444,3.67,0.116,0.6110064936978168,0
2007-07-18,3,Moderate Consumption Pattern,0.5257513888888888,5.104,0.112,0.6732270076947754,0
2007-07-19,3,Moderate Consumption Pattern,0.47075416666666664,4.222,0.116,0.5330996859628899,0
2007-07-20,3,Moderate Consumption Pattern,0.771126388888889,5.686,0.116,0.8265421398589597,0
2007-07-21,3,Moderate Consumption Pattern,0.7362833333333334,4.724,0.11,0.6641377175350568,1
2007-07-22,3,Moderate Consumption Pattern,0.9564895833333333,6.596,0.12,1.2225996806165151,1
2007-07-23,3,Moderate Consumption Pattern,0.6882069444444444,5.518,0.116,0.8082811687542416,0
2007-07-24,3,Moderate Consumption Pattern,0.5731138888888889,3.052,0.11,0.6156599679964124,0
2007-07-25,0,Low Consumption Pattern,0.32816666666666666,3.946,0.122,0.3774028360060834,0
2007-07-26,3,Moderate Consumption Pattern,0.6420138888888889,5.476,0.112,0.8574781064686849,0
2007-07-27,3,Moderate Consumption Pattern,0.8350791666666666,4.608,0.112,0.7977619419572741,0
2007-07-28,3,Moderate Consumption Pattern,1.1262930555555557,5.802,0.102,1.2274306798723817,1
2007-07-29,0,Low Consumption Pattern,0.2229972222222222,1.298,0.098,0.23404232730881352,1
2007-07-30,0,Low Consumption Pattern,0.3241777777777778,4.1,0.098,0.3941809626725877,0
2007-07-31,3,Moderate Consumption Pattern,0.5641194444444444,3.848,0.098,0.7306780668842339,0
2007-08-01,3,Moderate Consumption Pattern,0.7210436681222708,3.71,0.1,0.7367275031986699,0
2007-08-02,3,Moderate Consumption Pattern,0.7079277777777778,3.596,0.1,0.7012711304438151,0
2007-08-03,3,Moderate Consumption Pattern,0.7384472222222223,4.548,0.102,0.6532399733740136,0
2007-08-04,3,Moderate Consumption Pattern,0.7951319444444445,3.64,0.098,0.7129272950009005,1
2007-08-05,3,Moderate Consumption Pattern,0.5465958333333333,4.294,0.1,0.6181888433050186,1
2007-08-06,3,Moderate Consumption Pattern,0.75675,5.146,0.102,0.8499917368686365,0
2007-08-07,3,Moderate Consumption Pattern,1.0302638888888889,4.778,0.098,0.8117641645673718,0
2007-08-08,3,Moderate Consumption Pattern,0.7815847222222222,5.702,0.102,0.8685005312625087,0
2007-08-09,3,Moderate Consumption Pattern,0.7442222222222222,6.332,0.1,0.9993638702507377,0
2007-08-10,3,Moderate Consumption Pattern,0.7138958333333333,5.572,0.102,0.8659477394187526,0
2007-08-11,3,Moderate Consumption Pattern,0.7580902777777778,5.602,0.102,0.7897313625042285,1
2007-08-12,3,Moderate Consumption Pattern,0.8624333333333334,7.548,0.102,1.178614841003175,1
2007-08-13,3,Moderate Consumption Pattern,0.8007027777777778,3.36,0.1,0.6560693114903506,0
2007-08-14,3,Moderate Consumption Pattern,0.6536041666666667,5.534,0.102,0.8095337561064918,0
2007-08-15,3,Moderate Consumption Pattern,0.8276805555555555,6.508,0.106,0.8865657225731579,0
2007-08-16,3,Moderate Consumption Pattern,0.6656222222222222,4.146,0.104,0.7866436661301891,0
2007-08-17,3,Moderate Consumption Pattern,0.7013138888888888,5.142,0.1,0.9206902032701612,0
2007-08-18,0,Low Consumption Pattern,0.24163888888888888,1.384,0.102,0.2814198540887717,1
2007-08-19,3,Moderate Consumption Pattern,0.9877041666666667,6.63,0.102,1.3469775472660177,1
2007-08-20,3,Moderate Consumption Pattern,0.929751388888889,5.084,0.11,0.9041687511987747,0
2007-08-21,0,Low Consumption Pattern,0.44621944444444445,4.96,0.104,0.5540870313042829,0
2007-08-22,3,Moderate Consumption Pattern,0.8401444444444445,5.332,0.108,1.0775951508853616,0
2007-08-23,3,Moderate Consumption Pattern,0.7724388888888888,5.17,0.106,0.8487898832423282,0
2007-08-24,3,Moderate Consumption Pattern,1.1503569444444444,8.694,0.112,1.1767406619545617,0
2007-08-25,3,Moderate Consumption Pattern,0.7992222222222223,6.796,0.112,1.0529792225619876,1
2007-08-26,3,Moderate Consumption Pattern,0.9131291666666667,8.166,0.114,1.13626991037568,1
2007-08-27,3,Moderate Consumption Pattern,0.8414791666666667,5.194,0.114,0.9572398259301418,0
2007-08-28,3,Moderate Consumption Pattern,0.6923638888888889,4.104,0.108,0.765816708449023,0
2007-08-29,0,Low Consumption Pattern,0.5194388888888889,4.292,0.108,0.6455229611823553,0
2007-08-30,3,Moderate Consumption Pattern,0.8350402777777778,5.018,0.106,1.0681508840485685,0
2007-08-31,3,Moderate Consumption Pattern,0.8887652777777777,5.164,0.104,0.8423261352012102,0
2007-09-01,3,Moderate Consumption Pattern,1.1815875,4.934,0.11,0.9859875599435558,1
2007-09-02,3,Moderate Consumption Pattern,1.1544916666666667,5.306,0.098,1.061413544724978,1
2007-09-03,3,Moderate Consumption Pattern,0.7214736111111111,5.002,0.118,0.8427797799357407,0
2007-09-04,3,Moderate Consumption Pattern,1.1006555555555555,5.868,0.12,1.0700278516490884,0
2007-09-05,3,Moderate Consumption Pattern,0.8587305555555554,7.98,0.112,1.0627107168578385,0
2007-09-06,3,Moderate Consumption Pattern,0.6260236111111112,5.748,0.11,0.8290386384664726,0
2007-09-07,3,Moderate Consumption Pattern,0.9281222222222223,5.656,0.108,0.9803722550669901,0
2007-09-08,3,Moderate Consumption Pattern,1.020661111111111,5.896,0.112,1.0314398400233376,1
2007-09-09,3,Moderate Consumption Pattern,1.1663208333333333,5.69,0.122,1.1518418087179474,1
2007-09-10,3,Moderate Consumption Pattern,0.7759555555555555,6.106,0.106,1.0548073862406315,0
2007-09-11,3,Moderate Consumption Pattern,0.6830361111111111,4.736,0.106,0.8655976521623223,0
2007-09-12,3,Moderate Consumption Pattern,0.8942805555555555,6.18,0.114,1.0213368307903172,0
2007-09-13,3,Moderate Consumption Pattern,0.7960986111111111,6.752,0.106,0.9741282469750616,0
2007-09-14,3,Moderate Consumption Pattern,0.7885208333333333,5.246,0.118,0.7849083945855707,0
2007-09-15,3,Moderate Consumption Pattern,0.7606333333333333,5.452,0.124,0.7362068620373694,1
2007-09-16,3,Moderate Consumption Pattern,1.1473777777777778,6.04,0.11,1.204533706443091,1
2007-09-17,3,Moderate Consumption Pattern,1.0147125,8.11,0.11,1.4728662777913817,0
2007-09-18,3,Moderate Consumption Pattern,0.8107777777777778,5.242,0.106,0.9704202111983323,0
2007-09-19,3,Moderate Consumption Pattern,0.9018638888888889,5.992,0.106,0.9632738670606269,0
2007-09-20,3,Moderate Consumption Pattern,0.8718972222222222,6.148,0.106,0.954170711248739,0
2007-09-21,3,Moderate Consumption Pattern,0.8602638888888888,6.406,0.104,1.1299943051884465,0
2007-09-22,3,Moderate Consumption Pattern,0.8167861111111111,5.804,0.11,0.7884132489326775,1
2007-09-23,3,Moderate Consumption Pattern,0.9847013888888889,5.098,0.112,1.0600778340827461,1
2007-09-24,3,Moderate Consumption Pattern,0.9406458333333333,6.81,0.108,1.1755292851860768,0
2007-09-25,3,Moderate Consumption Pattern,1.2252375,5.85,0.11,1.0846338159879452,0
2007-09-26,2,Peak-Heavy Pattern,1.271875,7.03,0.2,1.2504406877103715,0
2007-09-27,3,Moderate Consumption Pattern,0.9670833333333333,5.786,0.202,1.0127180628946713,0
2007-09-28,1,High Consumption Pattern,1.1670125,7.244,0.204,1.141157614148935,0
2007-09-29,2,Peak-Heavy Pattern,1.5948069444444444,7.592,0.214,1.424132196492257,1
2007-09-30,1,High Consumption Pattern,1.0529791666666666,4.17,0.21,0.9125321799327338,1
2007-10-01,2,Peak-Heavy Pattern,1.1950847222222223,7.624,0.194,1.1627893274017067,0
2007-10-02,2,Peak-Heavy Pattern,1.526988888888889,6.034,0.2,1.0648819540075634,0
2007-10-03,3,Moderate Consumption Pattern,0.8892041666666667,5.604,0.202,0.9443719026221215,0
2007-10-04,1,High Consumption Pattern,1.0544847222222222,6.446,0.202,1.022621349797554,0
2007-10-05,3,Moderate Consumption Pattern,0.9681194444444445,5.038,0.202,0.7457785292109681,0
2007-10-06,3,Moderate Consumption Pattern,1.2196111111111112,6.252,0.202,1.0344488530707223,1
2007-10-07,2,Peak-Heavy Pattern,1.4625791666666668,6.16,0.25,1.3513145461965315,1
2007-10-08,3,Moderate Consumption Pattern,0.7605847222222222,5.372,0.22,0.7404225938992944,0
2007-10-09,3,Moderate Consumption Pattern,1.172123611111111,6.796,0.214,1.2140902461431204,0
2007-10-10,3,Moderate Consumption Pattern,0.8103972222222222,6.722,0.212,1.0289365313457373,0
2007-10-11,3,Moderate Consumption Pattern,1.2030874999999999,6.426,0.214,1.2395066036744087,0
2007-10-12,2,Peak-Heavy Pattern,1.3295166666666667,5.688,0.218,1.207250617695572,0
2007-10-13,2,Peak-Heavy Pattern,1.3380055555555557,9.036,0.216,1.4678022505798247,1
2007-10-14,2,Peak-Heavy Pattern,1.431425,7.884,0.218,1.308193554708536,1
2007-10-15,3,Moderate Consumption Pattern,0.8793958333333333,4.846,0.216,0.8614002750725503,0
2007-10-16,2,Peak-Heavy Pattern,1.3641958333333333,7.152,0.21,1.2306313517128609,0
2007-10-17,1,High Consumption Pattern,1.0950902777777778,6.9,0.208,1.0048855432401875,0
2007-10-18,1,High Consumption Pattern,1.054534722222222,5.78,0.226,0.9824901212049845,0
2007-10-19,1,High Consumption Pattern,1.4483666666666668,6.192,0.218,1.1519983514774705,0
2007-10-20,1,High Consumption Pattern,1.1529486111111111,5.57,0.22,0.8858980579859674,1
2007-10-21,2,Peak-Heavy Pattern,1.3485694444444445,7.44,0.22,1.3882029351639276,1
2007-10-22,1,High Consumption Pattern,1.1478444444444444,5.326,0.216,0.6869434193590211,0
2007-10-23,2,Peak-Heavy Pattern,1.3608972222222222,8.498,0.218,1.3308622264162024,0
2007-10-24,2,Peak-Heavy Pattern,1.2955805555555555,5.826,0.218,1.2881144880939328,0
2007-10-25,2,Peak-Heavy Pattern,1.2874430555555554,6.544,0.198,1.3131507048634965,0
2007-10-26,1,High Consumption Pattern,0.9983111111111111,5.802,0.386,0.8004142901483441,0
2007-10-27,1,High Consumption Pattern,1.2400611111111113,6.678,0.196,1.3734892800375973,1
2007-10-28,0,Low Consumption Pattern,0.3556652777777778,1.516,0.196,0.2953479222542607,1
2007-10-29,0,Low Consumption Pattern,0.37876944444444444,1.606,0.194,0.33564710141614335,0
2007-10-30,3,Moderate Consumption Pattern,0.5632,7.922,0.196,0.8292043417908236,0
2007-10-31,3,Moderate Consumption Pattern,0.8911180555555556,6.206,0.196,1.0152141042684528,0
2007-11-01,0,Low Consumption Pattern,0.3445944444444444,1.444,0.196,0.2909678693799451,0
2007-11-02,3,Moderate Consumption Pattern,1.002501388888889,5.582,0.194,0.9553940532991486,0
2007-11-03,0,Low Consumption Pattern,0.3420486111111111,1.504,0.194,0.28667210931786175,1
2007-11-04,3,Moderate Consumption Pattern,1.0317263888888888,5.506,0.196,1.294414396988384,1
2007-11-05,3,Moderate Consumption Pattern,1.0420777777777779,3.844,0.218,0.7807738429323996,0
2007-11-06,2,Peak-Heavy Pattern,1.4460958333333334,5.844,0.218,1.087268125584048,0
2007-11-07,2,Peak-Heavy Pattern,1.2810819444444446,6.456,0.216,1.2888586215882483,0
2007-11-08,1,High Consumption Pattern,1.0424027777777778,6.46,0.224,1.0565518458225185,0
2007-11-09,2,Peak-Heavy Pattern,1.5077958333333334,7.046,0.22,1.1186007242294722,0
2007-11-10,2,Peak-Heavy Pattern,1.813611111111111,6.622,0.222,1.4194133325541713,1
2007-11-11,2,Peak-Heavy Pattern,1.3105027777777778,9.326,0.246,1.1943548466200549,1
2007-11-12,2,Peak-Heavy Pattern,1.4973236111111112,8.026,0.242,1.2647346721601402,0
2007-11-13,2,Peak-Heavy Pattern,1.537776388888889,8.848,0.222,1.4735863368480964,0
2007-11-14,1,High Consumption Pattern,1.4222180555555555,4.604,0.226,0.8798325475316358,0
2007-11-15,1,High Consumption Pattern,1.0361027777777778,4.874,0.212,1.0052649838878578,0
2007-11-16,2,Peak-Heavy Pattern,1.6039958333333333,6.606,0.224,1.247606449986513,0
2007-11-17,2,Peak-Heavy Pattern,1.8125652777777779,6.498,0.216,1.4416862318168773,1
2007-11-18,2,Peak-Heavy Pattern,1.5165680555555556,6.41,0.222,1.4225244469517941,1
2007-11-19,1,High Consumption Pattern,1.1969819444444445,6.078,0.218,1.118773119197119,0
2007-11-20,2,Peak-Heavy Pattern,1.4554555555555557,6.26,0.218,1.190531434279679,0
2007-11-21,1,High Consumption Pattern,1.2187916666666667,5.954,0.216,1.0529656749617586,0
2007-11-22,2,Peak-Heavy Pattern,1.3419291666666666,7.96,0.22,1.3045455072114904,0
2007-11-23,2,Peak-Heavy Pattern,1.7518180555555556,7.308,0.214,1.439678675332616,0
2007-11-24,1,High Consumption Pattern,1.3187875,6.068,0.214,1.1021571441399518,1
2007-11-25,3,Moderate Consumption Pattern,0.9691652777777777,6.456,0.214,1.110559658529028,1
2007-11-26,1,High Consumption Pattern,1.0900805555555555,6.34,0.214,1.0127384869674385,0
2007-11-27,2,Peak-Heavy Pattern,1.9451472222222224,7.212,0.22,1.4365370880258281,0
2007-11-28,1,High Consumption Pattern,1.1423194444444444,5.75,0.224,1.0104142212871217,0
2007-11-29,1,High Consumption Pattern,1.1940680555555556,5.144,0.216,1.0394028265354949,0
2007-11-30,2,Peak-Heavy Pattern,1.6192555555555557,7.446,0.214,1.2654890799627245,0
2007-12-01,2,Peak-Heavy Pattern,2.1770430555555556,7.738,0.214,1.6024922991016293,1
2007-12-02,2,Peak-Heavy Pattern,2.045963888888889,8.594,0.196,1.420503775342568,1
2007-12-03,1,High Consumption Pattern,1.2236527777777777,6.33,0.22,0.9681173330373615,0
2007-12-04,2,Peak-Heavy Pattern,1.4358583333333332,7.448,0.22,1.4747460815116562,0
2007-12-05,2,Peak-Heavy Pattern,1.4952222222222222,7.604,0.242,1.2412080401008134,0
2007-12-06,2,Peak-Heavy Pattern,1.7277319444444446,6.838,0.222,1.293613945495155,0
2007-12-07,1,High Consumption Pattern,1.2284833333333334,7.154,0.222,1.044871729411919,0
2007-12-08,2,Peak-Heavy Pattern,1.5370861111111112,6.222,0.222,1.4068527760117404,1
2007-12-09,2,Peak-Heavy Pattern,1.5795722222222222,8.054,0.214,1.6615223125369991,1
2007-12-10,1,High Consumption Pattern,1.2213569444444443,7.312,0.214,1.1361114913291113,0
2007-12-11,2,Peak-Heavy Pattern,1.6007666666666664,6.56,0.214,1.171562169212879,0
2007-12-12,1,High Consumption Pattern,1.1028208333333334,5.256,0.208,0.9421213453942825,0
2007-12-13,1,High Consumption Pattern,1.2831569444444446,6.1,0.216,1.1513976630808274,0
2007-12-14,2,Peak-Heavy Pattern,1.3713944444444444,9.224,0.224,1.2107796189167233,0
2007-12-15,2,Peak-Heavy Pattern,1.9006083333333335,8.784,0.224,1.447355416114488,1
2007-12-16,2,Peak-Heavy Pattern,1.9182069444444443,7.908,0.216,1.3347648053892256,1
2007-12-17,1,High Consumption Pattern,1.2489555555555556,6.796,0.208,1.2526880321436755,0
2007-12-18,2,Peak-Heavy Pattern,1.8216625,7.226,0.212,1.432960596895475,0
2007-12-19,1,High Consumption Pattern,1.5250361111111113,5.892,0.214,1.1690651962249492,0
2007-12-20,1,High Consumption Pattern,1.353998611111111,5.552,0.206,0.9612903058481324,0
2007-12-21,1,High Consumption Pattern,1.3767888888888888,6.486,0.22,1.027067027761624,0
2007-12-22,2,Peak-Heavy Pattern,1.8133777777777778,8.526,0.22,1.5262298474500224,1
2007-12-23,2,Peak-Heavy Pattern,1.67295,9.686,0.228,1.4362257997545065,1
2007-12-24,2,Peak-Heavy Pattern,1.56795,6.382,0.224,1.2480006916972126,0
2007-12-25,2,Peak-Heavy Pattern,1.8715055555555555,6.756,0.224,1.4607716410587386,0
2007-12-26,1,High Consumption Pattern,1.7918611111111113,6.394,0.23,1.1139651658393188,0
2007-12-27,2,Peak-Heavy Pattern,1.7584708333333332,7.924,0.244,1.4328214468880152,0
2007-12-28,2,Peak-Heavy Pattern,2.1618416666666667,9.59,0.238,1.9121963918309237,0
2007-12-29,2,Peak-Heavy Pattern,2.290941666666667,6.608,0.226,1.2346350064276466,1
2007-12-30,2,Peak-Heavy Pattern,1.777025,7.364,0.22,1.5248045439400724,1
2007-12-31,1,High Consumption Pattern,1.5392652777777778,6.158,0.226,1.1981950320049126,0
2008-01-01,2,Peak-Heavy Pattern,1.916484722222222,5.686,0.226,1.0256950665122688,0
2008-01-02,1,High Consumption Pattern,1.1417402777777779,5.6,0.278,0.7969808957577595,0
2008-01-03,1,High Consumption Pattern,1.048686111111111,5.662,0.234,0.9064998682866805,0
2008-01-04,2,Peak-Heavy Pattern,1.5915638888888888,6.324,0.228,1.241769870020967,0
2008-01-05,1,High Consumption Pattern,1.5161444444444445,5.326,0.226,1.1007957529685906,1
2008-01-06,3,Moderate Consumption Pattern,1.2674888888888889,6.376,0.22,1.1637985109821014,1
2008-01-07,1,High Consumption Pattern,1.177648611111111,5.864,0.212,1.0421718656231005,0
2008-01-08,2,Peak-Heavy Pattern,1.4191319444444443,7.296,0.212,1.3968170446060009,0
2008-01-09,1,High Consumption Pattern,1.2419722222222223,7.54,0.214,1.0617243919331942,0
2008-01-10,1,High Consumption Pattern,1.3153305555555557,5.124,0.224,0.9554893432674565,0
2008-01-11,1,High Consumption Pattern,1.1845958333333333,4.692,0.222,0.8340414649382101,0
2008-01-12,2,Peak-Heavy Pattern,1.9940333333333333,8.282,0.388,1.6455349855722257,1
2008-01-13,2,Peak-Heavy Pattern,2.0042395833333333,6.922,0.218,1.418802329038043,1
2008-01-14,2,Peak-Heavy Pattern,1.4062027777777777,8.362,0.22,1.4944127279707966,0
2008-01-15,2,Peak-Heavy Pattern,1.865911111111111,8.666,0.33,1.3605188675779532,0
2008-01-16,1,High Consumption Pattern,1.4832305555555554,5.312,0.32,1.0402914100523657,0
2008-01-17,1,High Consumption Pattern,1.0918625,6.0,0.312,0.8802324984952706,0
2008-01-18,1,High Consumption Pattern,1.5187416666666667,5.55,0.23,0.9875956384929296,0
2008-01-19,2,Peak-Heavy Pattern,1.3752125,6.33,0.216,1.3170566883562718,1
2008-01-20,3,Moderate Consumption Pattern,1.208588888888889,5.106,0.23,1.0117522833434798,1
2008-01-21,1,High Consumption Pattern,1.2909708333333334,5.36,0.324,0.9251461499307869,0
2008-01-22,2,Peak-Heavy Pattern,1.6145958333333335,8.12,0.316,1.6656338176313268,0
2008-01-23,1,High Consumption Pattern,1.3071583333333334,5.306,0.22,0.858237476632219,0
2008-01-24,1,High Consumption Pattern,1.142376388888889,5.54,0.216,1.042543209983106,0
2008-01-25,1,High Consumption Pattern,1.5554555555555558,5.522,0.32,0.9386705298212664,0
2008-01-26,2,Peak-Heavy Pattern,1.9687416666666666,9.666,0.322,1.6048560568161168,1
2008-01-27,2,Peak-Heavy Pattern,1.6540041666666667,10.162,0.226,1.427800727929554,1
2008-01-28,1,High Consumption Pattern,1.6029138888888887,4.816,0.318,0.9503402987020989,0
2008-01-29,2,Peak-Heavy Pattern,1.85835,7.962,0.328,1.3072518999608904,0
2008-01-30,1,High Consumption Pattern,1.1393375,6.134,0.314,0.8743749575257503,0
2008-01-31,1,High Consumption Pattern,1.3568902777777778,6.188,0.322,1.2242177853661789,0
2008-02-01,1,High Consumption Pattern,1.0657305555555556,6.56,0.214,0.8053657405142903,0
2008-02-02,2,Peak-Heavy Pattern,2.0419770833333333,8.716,0.222,1.765375830317181,1
2008-02-03,2,Peak-Heavy Pattern,1.4476166666666668,5.5,0.216,1.2202303876838592,1
2008-02-04,1,High Consumption Pattern,1.130651388888889,5.108,0.21,0.9944253822483505,0
2008-02-05,2,Peak-Heavy Pattern,1.7169833333333335,7.706,0.216,1.3628178916122295,0
2008-02-06,3,Moderate Consumption Pattern,1.1594027777777778,5.764,0.202,1.1524785069995116,0
2008-02-07,1,High Consumption Pattern,1.0543819444444444,5.796,0.214,1.0026232645683109,0
2008-02-08,1,High Consumption Pattern,1.3545583333333333,5.364,0.222,0.9917995770529401,0
2008-02-09,2,Peak-Heavy Pattern,1.4599138888888887,5.912,0.21,1.2216349396880923,1
2008-02-10,2,Peak-Heavy Pattern,1.5171625,6.726,0.216,1.4497679443303761,1
2008-02-11,1,High Consumption Pattern,1.1750111111111112,5.864,0.216,1.1079080876416265,0
2008-02-12,1,High Consumption Pattern,1.3804152777777778,5.736,0.216,1.042607951713203,0
2008-02-13,2,Peak-Heavy Pattern,1.319790277777778,5.484,0.22,1.124804812243222,0
2008-02-14,1,High Consumption Pattern,1.1143208333333334,5.564,0.21,0.9199745622125308,0
2008-02-15,1,High Consumption Pattern,1.3925055555555557,6.916,0.208,1.1340569690902444,0
2008-02-16,2,Peak-Heavy Pattern,1.6298249999999999,4.92,0.242,1.2833756987282292,1
2008-02-17,1,High Consumption Pattern,1.3426166666666666,6.116,0.22,1.2164280421191913,1
2008-02-18,1,High Consumption Pattern,1.0516694444444445,5.916,0.218,0.9469565288784453,0
2008-02-19,2,Peak-Heavy Pattern,1.477025,5.718,0.234,1.191902682660788,0
2008-02-20,2,Peak-Heavy Pattern,1.5651319444444445,8.136,0.224,1.4753954852966509,0
2008-02-21,1,High Consumption Pattern,1.1346180555555554,5.246,0.214,0.9506588819809122,0
2008-02-22,1,High Consumption Pattern,1.2031694444444445,6.686,0.222,1.0942438562111476,0
2008-02-23,2,Peak-Heavy Pattern,1.2753708333333333,7.694,0.216,1.2412229286332805,1
2008-02-24,1,High Consumption Pattern,0.8770888888888889,4.94,0.202,0.8059145835194145,1
2008-02-25,0,Low Consumption Pattern,0.35033888888888887,1.5,0.204,0.28685161484346905,0
2008-02-26,0,Low Consumption Pattern,0.3521666666666667,1.454,0.202,0.29551831475763474,0
2008-02-27,0,Low Consumption Pattern,0.39355555555555555,1.52,0.204,0.3441823170603574,0
2008-02-28,0,Low Consumption Pattern,0.35359999999999997,1.442,0.204,0.2916728602406692,0
2008-02-29,3,Moderate Consumption Pattern,0.9259361111111111,3.88,0.204,0.872153113618427,0
2008-03-01,1,High Consumption Pattern,0.7929694444444444,4.038,0.478,0.555190249467005,1
2008-03-02,3,Moderate Consumption Pattern,0.8071013888888889,5.13,0.204,0.8780444857577424,1
2008-03-03,0,Low Consumption Pattern,0.7226041666666666,2.92,0.488,0.4450131670132352,0
2008-03-04,1,High Consumption Pattern,1.1590208333333334,6.606,0.218,0.9755729363391769,0
2008-03-05,2,Peak-Heavy Pattern,1.4147277777777778,8.336,0.21,1.6840880432386403,0
2008-03-06,1,High Consumption Pattern,1.7383388888888889,6.924,0.22,0.8827246225707763,0
2008-03-07,1,High Consumption Pattern,1.2937194444444444,6.686,0.208,1.2295641127388766,0
2008-03-08,2,Peak-Heavy Pattern,1.5615694444444443,7.224,0.26,1.4651784022977556,1
2008-03-09,1,High Consumption Pattern,1.083651388888889,5.83,0.246,1.003280101009761,1
2008-03-10,1,High Consumption Pattern,1.1240875,5.38,0.218,0.9907249565464542,0
2008-03-11,2,Peak-Heavy Pattern,1.5278069444444444,8.662,0.216,1.2989737068113356,0
2008-03-12,1,High Consumption Pattern,1.2321055555555556,5.696,0.212,1.0817013109763076,0
2008-03-13,2,Peak-Heavy Pattern,1.1635513888888889,7.778,0.202,1.4795371987831858,0
2008-03-14,2,Peak-Heavy Pattern,1.5348749999999998,6.096,0.212,1.0419143662317503,0
2008-03-15,1,High Consumption Pattern,1.0946527777777777,5.094,0.22,0.9122618045233938,1
2008-03-16,1,High Consumption Pattern,1.2513611111111111,6.728,0.22,1.1406092480431185,1
2008-03-17,1,High Consumption Pattern,1.1853597222222223,5.844,0.216,0.9919339284750588,0
2008-03-18,1,High Consumption Pattern,1.3316430555555556,6.766,0.216,1.0272641971455099,0
2008-03-19,1,High Consumption Pattern,0.9086444444444445,4.518,0.214,0.8937445529287957,0
2008-03-20,1,High Consumption Pattern,0.8703291666666667,4.492,0.216,0.8521276253626482,0
2008-03-21,2,Peak-Heavy Pattern,1.4350291666666666,8.126,0.216,1.2296265501915875,0
2008-03-22,2,Peak-Heavy Pattern,1.4260527777777778,6.086,0.216,1.260286366740125,1
2008-03-23,2,Peak-Heavy Pattern,1.6152708333333332,7.564,0.222,1.386391713615726,1
2008-03-24,2,Peak-Heavy Pattern,1.3724097222222222,6.978,0.216,1.2153083492608383,0
2008-03-25,2,Peak-Heavy Pattern,1.3999,6.62,0.22,1.140629006577634,0
2008-03-26,1,High Consumption Pattern,1.1343555555555556,5.528,0.218,0.9620715581922106,0
2008-03-27,1,High Consumption Pattern,0.9519597222222222,4.754,0.214,0.727537994997729,0
2008-03-28,1,High Consumption Pattern,1.3093222222222223,5.33,0.208,1.2148017126978612,0
2008-03-29,2,Peak-Heavy Pattern,1.716076388888889,6.94,0.218,1.2794735919156235,1
2008-03-30,2,Peak-Heavy Pattern,1.4905499999999998,5.634,0.21,1.2862586339396513,1
2008-03-31,1,High Consumption Pattern,0.9566458333333333,5.914,0.224,0.9519253520463979,0
2008-04-01,2,Peak-Heavy Pattern,1.4785083333333335,6.32,0.228,1.2819420779598119,0
2008-04-02,3,Moderate Consumption Pattern,1.1747722222222223,5.322,0.22,1.0195262404134158,0
2008-04-03,3,Moderate Consumption Pattern,0.7838583333333334,6.066,0.21,0.7103345232250343,0
2008-04-04,1,High Consumption Pattern,1.1332763888888888,5.458,0.21,0.9351204543107485,0
2008-04-05,1,High Consumption Pattern,1.3685847222222223,5.354,0.21,1.073684846300691,1
2008-04-06,1,High Consumption Pattern,1.1779986111111111,6.16,0.252,1.0631401754517793,1
2008-04-07,1,High Consumption Pattern,1.0686375,5.228,0.258,0.9882477690716294,0
2008-04-08,2,Peak-Heavy Pattern,1.8454972222222223,6.768,0.254,1.5775189931420917,0
2008-04-09,1,High Consumption Pattern,0.8464250000000001,6.398,0.248,0.7439522819682236,0
2008-04-10,1,High Consumption Pattern,1.0262125,6.382,0.246,1.0376554032579193,0
2008-04-11,1,High Consumption Pattern,1.3039333333333334,6.082,0.248,0.8692997036147292,0
2008-04-12,2,Peak-Heavy Pattern,1.9444541666666668,9.482,0.252,1.6347409319236488,1
2008-04-13,2,Peak-Heavy Pattern,1.5506847222222222,6.342,0.252,1.225403987749516,1
2008-04-14,1,High Consumption Pattern,1.1038763888888887,6.89,0.266,0.9045870342699471,0
2008-04-15,1,High Consumption Pattern,1.1600041666666667,7.394,0.26,1.1835486609861747,0
2008-04-16,1,High Consumption Pattern,1.0340722222222223,4.48,0.252,0.6826166597453068,0
2008-04-17,1,High Consumption Pattern,0.9693486111111111,5.736,0.252,1.0386251620479883,0
2008-04-18,2,Peak-Heavy Pattern,1.293326388888889,8.244,0.254,1.2290072556040759,0
2008-04-19,2,Peak-Heavy Pattern,1.565076388888889,5.354,0.26,1.138514851213234,1
2008-04-20,2,Peak-Heavy Pattern,1.2440402777777777,8.268,0.25,1.3445318060164198,1
2008-04-21,1,High Consumption Pattern,0.8084416666666666,4.152,0.248,0.6643967931508492,0
2008-04-22,1,High Consumption Pattern,1.1303305555555556,5.808,0.248,1.1016066284129813,0
2008-04-23,1,High Consumption Pattern,0.9425888888888889,4.678,0.252,0.8159049549416997,0
2008-04-24,0,Low Consumption Pattern,0.7248416666666666,4.08,0.244,0.674394442240451,0
2008-04-25,1,High Consumption Pattern,0.8803708333333333,5.438,0.244,0.8579713414655725,0
2008-04-26,0,Low Consumption Pattern,0.6271986111111112,4.078,0.242,0.4391253793812124,1
2008-04-27,0,Low Consumption Pattern,0.7001666666666667,3.734,0.246,0.5303069194060915,1
2008-04-28,0,Low Consumption Pattern,0.457675,1.984,0.246,0.2970453526932153,0
2008-04-29,2,Peak-Heavy Pattern,1.3698722222222222,8.264,0.24,1.389632441113846,0
2008-04-30,1,High Consumption Pattern,0.7650874999999999,5.038,0.242,0.7755509458535381,0
2008-05-01,0,Low Consumption Pattern,0.40000972222222225,1.5,0.24,0.26449986878341036,0
2008-05-02,1,High Consumption Pattern,1.0401166666666666,5.85,0.24,0.9766932612016528,0
2008-05-03,1,High Consumption Pattern,0.8955555555555554,5.166,0.246,0.9640329564072482,1
2008-05-04,1,High Consumption Pattern,1.0215069444444445,6.576,0.248,1.1140794689743192,1
2008-05-05,1,High Consumption Pattern,0.9492583333333333,5.858,0.252,0.7204112175533157,0
2008-05-06,2,Peak-Heavy Pattern,1.2430416666666666,7.294,0.25,1.1668251935547618,0
2008-05-07,1,High Consumption Pattern,0.81685,5.404,0.252,0.674129513913194,0
2008-05-08,1,High Consumption Pattern,1.4699291666666665,4.718,0.25,0.915150519362225,0
2008-05-09,1,High Consumption Pattern,1.2133833333333333,5.32,0.25,0.919297497597838,0
2008-05-10,2,Peak-Heavy Pattern,1.3257833333333333,6.902,0.248,1.0731304535778063,1
2008-05-11,3,Moderate Consumption Pattern,1.1186944444444444,4.198,0.158,0.7671445577269019,1
2008-05-12,3,Moderate Consumption Pattern,1.058475,5.604,0.16,0.9603242456459893,0
2008-05-13,3,Moderate Consumption Pattern,1.0256208333333334,6.748,0.156,1.0618612702114727,0
2008-05-14,3,Moderate Consumption Pattern,1.1001819444444445,4.332,0.162,0.8635333029735301,0
2008-05-15,3,Moderate Consumption Pattern,0.8074777777777778,4.106,0.158,0.7823434297259513,0
2008-05-16,3,Moderate Consumption Pattern,1.1465583333333333,6.542,0.154,1.1253304808868523,0
2008-05-17,3,Moderate Consumption Pattern,1.1510097222222222,5.9,0.164,1.0597807422231904,1
2008-05-18,2,Peak-Heavy Pattern,1.2527486111111112,7.782,0.16,1.318517592907115,1
2008-05-19,3,Moderate Consumption Pattern,0.7154597222222222,4.388,0.154,0.7602641834753183,0
2008-05-20,3,Moderate Consumption Pattern,1.0981486111111112,8.944,0.158,1.1828069946176698,0
2008-05-21,3,Moderate Consumption Pattern,0.9195222222222222,4.98,0.154,0.8347294790463211,0
2008-05-22,3,Moderate Consumption Pattern,0.6783805555555555,3.994,0.152,0.6437760906851405,0
2008-05-23,3,Moderate Consumption Pattern,1.0311916666666667,5.196,0.152,0.7659513059765424,0
2008-05-24,3,Moderate Consumption Pattern,1.0973444444444445,6.052,0.156,0.8176164059762028,1
2008-05-25,2,Peak-Heavy Pattern,1.4225722222222221,6.538,0.172,1.3717159745095668,1
2008-05-26,3,Moderate Consumption Pattern,0.8956319444444445,4.828,0.17,0.7663788596955784,0
2008-05-27,3,Moderate Consumption Pattern,1.1865972222222223,7.044,0.16,1.079332382637108,0
2008-05-28,3,Moderate Consumption Pattern,0.7738694444444445,4.686,0.156,0.816542278259939,0
2008-05-29,3,Moderate Consumption Pattern,0.7882472222222222,4.576,0.158,0.7145205636302662,0
2008-05-30,3,Moderate Consumption Pattern,0.9703083333333333,6.216,0.158,0.8787318611941254,0
2008-05-31,3,Moderate Consumption Pattern,1.1399097222222223,6.044,0.156,0.9439554854376141,1
2008-06-01,1,High Consumption Pattern,1.2839416666666668,4.954,0.16,0.9997112533439563,1
2008-06-02,3,Moderate Consumption Pattern,0.7458416666666666,4.454,0.154,0.729499499952436,0
2008-06-03,3,Moderate Consumption Pattern,1.1095944444444445,6.758,0.148,1.1580198944125037,0
2008-06-04,3,Moderate Consumption Pattern,1.1034111111111111,5.672,0.154,1.0084981026001156,0
2008-06-05,3,Moderate Consumption Pattern,0.7778319444444445,4.304,0.146,0.7311050720375073,0
2008-06-06,3,Moderate Consumption Pattern,0.8456347222222221,5.964,0.156,0.8652425962853473,0
2008-06-07,1,High Consumption Pattern,1.3072805555555556,6.022,0.226,0.9822707077646979,1
2008-06-08,3,Moderate Consumption Pattern,1.0710569444444444,7.578,0.152,1.123399297430206,1
2008-06-09,3,Moderate Consumption Pattern,0.9206236111111111,6.014,0.158,0.9957392105353955,0
2008-06-10,3,Moderate Consumption Pattern,0.7410347222222222,4.378,0.154,0.7075903762479002,0
2008-06-11,3,Moderate Consumption Pattern,0.7800041666666666,4.32,0.152,0.7875444706439344,0
2008-06-12,3,Moderate Consumption Pattern,0.8745361111111112,4.816,0.166,0.842694745278149,0
2008-06-13,2,Peak-Heavy Pattern,1.3020819444444445,5.486,0.154,1.1411914145164506,0
2008-06-14,1,High Consumption Pattern,0.9617500000000001,5.58,0.248,0.8050777205995066,1
2008-06-15,2,Peak-Heavy Pattern,1.5896541666666666,6.252,0.154,1.4033367680727036,1
2008-06-16,3,Moderate Consumption Pattern,0.9048916666666668,5.29,0.146,0.943416354384764,0
2008-06-17,3,Moderate Consumption Pattern,0.7951972222222222,4.524,0.088,0.7757477112171034,0
2008-06-18,2,Peak-Heavy Pattern,1.3150055555555555,5.906,0.136,1.2018829956372274,0
2008-06-19,3,Moderate Consumption Pattern,1.1028347222222221,7.52,0.136,1.158724457657075,0
2008-06-20,3,Moderate Consumption Pattern,1.1639611111111112,5.992,0.134,1.1013565246803725,0
2008-06-21,3,Moderate Consumption Pattern,1.2043430555555554,6.368,0.136,1.0384131645444437,1
2008-06-22,3,Moderate Consumption Pattern,1.087788888888889,4.922,0.134,0.9715226222661307,1
2008-06-23,3,Moderate Consumption Pattern,0.8693027777777778,5.662,0.132,0.8502815378034838,0
2008-06-24,3,Moderate Consumption Pattern,1.2183694444444444,5.798,0.134,0.9891410314832227,0
2008-06-25,3,Moderate Consumption Pattern,0.8762291666666666,4.542,0.132,0.8245383151801615,0
2008-06-26,3,Moderate Consumption Pattern,0.7333472222222223,5.428,0.132,0.6909298014569004,0
2008-06-27,3,Moderate Consumption Pattern,1.2188555555555556,6.366,0.132,1.1921626630282138,0
2008-06-28,3,Moderate Consumption Pattern,0.8394444444444444,4.22,0.124,0.6533199310316666,1
2008-06-29,0,Low Consumption Pattern,0.5203833333333333,3.09,0.136,0.4989256312773655,1
2008-06-30,0,Low Consumption Pattern,0.5584694444444445,4.166,0.136,0.5160936468288667,0
2008-07-01,3,Moderate Consumption Pattern,0.8439166666666666,4.622,0.134,0.943805670596387,0
2008-07-02,3,Moderate Consumption Pattern,0.7966680555555555,4.842,0.136,0.7194905778966877,0
2008-07-03,3,Moderate Consumption Pattern,0.7627499999999999,7.126,0.134,1.030416430118404,0
2008-07-04,0,Low Consumption Pattern,0.6541805555555555,3.454,0.14,0.5459267280454492,0
2008-07-05,3,Moderate Consumption Pattern,1.0202,5.904,0.136,1.046619368126407,1
2008-07-06,3,Moderate Consumption Pattern,1.2535166666666666,6.302,0.138,1.1059430659148646,1
2008-07-07,3,Moderate Consumption Pattern,0.6829097222222222,4.052,0.136,0.7018501372756207,0
2008-07-08,3,Moderate Consumption Pattern,0.7820930555555555,4.562,0.136,0.7385432083204935,0
2008-07-09,3,Moderate Consumption Pattern,0.6384152777777777,4.298,0.136,0.6341510550117712,0
2008-07-10,3,Moderate Consumption Pattern,0.8689416666666667,4.806,0.134,0.7721778390240918,0
2008-07-11,3,Moderate Consumption Pattern,0.8709833333333332,4.896,0.134,0.7274360504575038,0
2008-07-12,3,Moderate Consumption Pattern,0.9228138888888889,6.88,0.134,1.0920305121276626,1
2008-07-13,3,Moderate Consumption Pattern,0.8712736111111111,5.408,0.144,0.9079682976855311,1
2008-07-14,3,Moderate Consumption Pattern,0.7902263888888889,4.324,0.146,0.8416163583528605,0
2008-07-15,3,Moderate Consumption Pattern,0.8026805555555555,4.748,0.152,0.6578363745344029,0
2008-07-16,3,Moderate Consumption Pattern,0.7479597222222222,6.98,0.152,0.9531335080305217,0
2008-07-17,3,Moderate Consumption Pattern,0.9160569444444445,4.764,0.158,0.6917909637652789,0
2008-07-18,3,Moderate Consumption Pattern,0.8761,4.416,0.162,0.6624086198926844,0
2008-07-19,3,Moderate Consumption Pattern,0.9333430555555555,5.376,0.144,0.9883530606178305,1
2008-07-20,3,Moderate Consumption Pattern,0.6538430555555556,4.726,0.142,0.7704699073043275,1
2008-07-21,3,Moderate Consumption Pattern,0.8031097222222223,5.938,0.144,0.7872080407484179,0
2008-07-22,0,Low Consumption Pattern,0.5140569444444444,3.16,0.146,0.4354636704604245,0
2008-07-23,3,Moderate Consumption Pattern,0.6546041666666667,5.886,0.146,0.5974646912116354,0
2008-07-24,3,Moderate Consumption Pattern,0.7593402777777778,4.574,0.15,0.6991294265106615,0
2008-07-25,3,Moderate Consumption Pattern,0.6010652777777777,5.766,0.144,0.6593762218871667,0
2008-07-26,0,Low Consumption Pattern,0.5664472222222222,4.398,0.144,0.5616506052298269,1
2008-07-27,3,Moderate Consumption Pattern,0.7968027777777777,3.896,0.144,0.6948472877497492,1
2008-07-28,0,Low Consumption Pattern,0.573475,5.044,0.15,0.5098540383725066,0
2008-07-29,1,High Consumption Pattern,0.8101097222222222,3.976,0.348,0.6044062729509105,0
2008-07-30,3,Moderate Consumption Pattern,0.9027138888888888,4.392,0.218,0.7617310568721936,0
2008-07-31,3,Moderate Consumption Pattern,0.9671097222222221,5.368,0.15,0.9905769591842105,0
2008-08-01,0,Low Consumption Pattern,0.5135944444444445,4.284,0.138,0.5774805906960728,0
2008-08-02,0,Low Consumption Pattern,0.35123333333333334,2.038,0.134,0.31328493093343224,1
2008-08-03,0,Low Consumption Pattern,0.35054305555555554,1.95,0.132,0.32385256828332826,1
2008-08-04,3,Moderate Consumption Pattern,0.7822923611111111,5.89,0.134,0.9595761898634545,0
2008-08-05,3,Moderate Consumption Pattern,0.5743875,5.796,0.078,0.6944319458609635,0
2008-08-06,0,Low Consumption Pattern,0.22646666666666668,0.976,0.078,0.1907066526897398,0
2008-08-07,0,Low Consumption Pattern,0.23255833333333334,1.05,0.078,0.20379569662403058,0
2008-08-08,0,Low Consumption Pattern,0.2098611111111111,0.976,0.078,0.1701546453996851,0
2008-08-09,0,Low Consumption Pattern,0.24925277777777777,2.696,0.078,0.29058930322234366,1
2008-08-10,0,Low Consumption Pattern,0.24446666666666667,1.064,0.078,0.1823402923378922,1
2008-08-11,0,Low Consumption Pattern,0.258275,1.2,0.078,0.1845719784227877,0
2008-08-12,0,Low Consumption Pattern,0.20068333333333332,0.958,0.076,0.16449688198704773,0
2008-08-13,0,Low Consumption Pattern,0.19623888888888888,0.962,0.078,0.15316209743436818,0
2008-08-14,0,Low Consumption Pattern,0.18767916666666665,0.958,0.078,0.1465069017317554,0
2008-08-15,0,Low Consumption Pattern,0.1900375,1.008,0.078,0.1566798898738968,0
2008-08-16,0,Low Consumption Pattern,0.19084305555555556,1.12,0.08,0.15408935913301516,1
2008-08-17,0,Low Consumption Pattern,0.19083055555555556,1.018,0.08,0.1643526409510946,1
2008-08-18,0,Low Consumption Pattern,0.19010972222222222,0.934,0.08,0.15487268115755273,0
2008-08-19,0,Low Consumption Pattern,0.19075833333333334,0.946,0.078,0.15077798685604393,0
2008-08-20,0,Low Consumption Pattern,0.18643888888888888,0.954,0.08,0.1446495336191891,0
2008-08-21,0,Low Consumption Pattern,0.18145694444444443,0.926,0.078,0.1385925764426089,0
2008-08-22,0,Low Consumption Pattern,0.1855027777777778,1.02,0.078,0.1494064699117356,0
2008-08-23,0,Low Consumption Pattern,0.1768347222222222,1.02,0.078,0.13195610875539568,1
2008-08-24,0,Low Consumption Pattern,0.1768861111111111,0.912,0.078,0.13321016777754052,1
2008-08-25,0,Low Consumption Pattern,0.17381805555555555,0.958,0.078,0.13198870255778647,0
2008-08-26,0,Low Consumption Pattern,0.1788638888888889,0.952,0.078,0.13093670476522506,0
2008-08-27,0,Low Consumption Pattern,0.17924583333333333,1.006,0.078,0.14434645069537733,0
2008-08-28,0,Low Consumption Pattern,0.18628194444444443,1.18,0.076,0.14971925901099586,0
2008-08-29,0,Low Consumption Pattern,0.18582500000000002,0.924,0.078,0.142269317324016,0
2008-08-30,0,Low Consumption Pattern,0.18779444444444443,0.924,0.078,0.14657278893762357,1
2008-08-31,3,Moderate Consumption Pattern,1.0433541666666668,7.52,0.078,1.2530749446062124,1
2008-09-01,3,Moderate Consumption Pattern,0.8663263888888889,4.184,0.142,0.7756496251074141,0
2008-09-02,3,Moderate Consumption Pattern,0.9612180555555555,4.962,0.142,0.933524834575371,0
2008-09-03,3,Moderate Consumption Pattern,0.964226388888889,5.61,0.146,0.866461157178263,0
2008-09-04,3,Moderate Consumption Pattern,0.8508472222222222,7.02,0.144,0.8362856121024993,0
2008-09-05,3,Moderate Consumption Pattern,0.6069166666666667,4.952,0.14,0.6753900877819269,0
2008-09-06,2,Peak-Heavy Pattern,1.2976208333333334,6.0,0.144,1.1476609578014967,1
2008-09-07,3,Moderate Consumption Pattern,0.9532333333333333,6.146,0.168,1.1066377659206188,1
2008-09-08,3,Moderate Consumption Pattern,0.9092527777777778,5.916,0.146,0.9750629922057378,0
2008-09-09,3,Moderate Consumption Pattern,0.8053152777777778,5.02,0.144,0.7420251540890147,0
2008-09-10,3,Moderate Consumption Pattern,0.9033083333333333,5.858,0.142,0.8877148209116242,0
2008-09-11,3,Moderate Consumption Pattern,0.7143847222222222,4.206,0.144,0.6610434477356424,0
2008-09-12,3,Moderate Consumption Pattern,0.9671958333333333,6.29,0.142,0.9433699888751795,0
2008-09-13,3,Moderate Consumption Pattern,1.1329416666666665,6.306,0.144,1.13587229603413,1
2008-09-14,3,Moderate Consumption Pattern,1.0946708333333333,5.128,0.176,1.1188449928923239,1
2008-09-15,1,High Consumption Pattern,1.178963888888889,5.278,0.228,0.8303551414669169,0
2008-09-16,3,Moderate Consumption Pattern,0.8485152777777778,6.788,0.158,0.7421692102661307,0
2008-09-17,3,Moderate Consumption Pattern,1.0550069444444445,5.91,0.152,1.0179163882193512,0
2008-09-18,3,Moderate Consumption Pattern,1.0453402777777778,6.08,0.156,1.0980688339927345,0
2008-09-19,1,High Consumption Pattern,1.0547541666666667,6.296,0.154,0.8978110516616262,0
2008-09-20,3,Moderate Consumption Pattern,0.9059722222222222,4.202,0.15,0.6115869143299517,1
2008-09-21,3,Moderate Consumption Pattern,1.0646319444444443,6.862,0.154,1.1704928836348034,1
2008-09-22,3,Moderate Consumption Pattern,0.9434472222222223,7.318,0.154,1.0931944125450868,0
2008-09-23,3,Moderate Consumption Pattern,0.8561027777777778,5.714,0.158,0.8254373536081833,0
2008-09-24,3,Moderate Consumption Pattern,1.193298611111111,6.412,0.154,1.0172349417675153,0
2008-09-25,3,Moderate Consumption Pattern,0.7855694444444444,5.774,0.146,0.8034056060259926,0
2008-09-26,3,Moderate Consumption Pattern,0.9940625000000001,6.012,0.148,0.9475585123787952,0
2008-09-27,2,Peak-Heavy Pattern,1.4773930555555554,5.688,0.148,1.3074261835855423,1
2008-09-28,3,Moderate Consumption Pattern,1.2021555555555556,5.992,0.164,0.9812601041757206,1
2008-09-29,1,High Consumption Pattern,1.0428736111111112,4.288,0.234,0.7993723567248102,0
2008-09-30,1,High Consumption Pattern,0.9548652777777779,5.532,0.23,1.0174502782461603,0
2008-10-01,2,Peak-Heavy Pattern,1.3002527777777777,6.254,0.232,1.1252265805304449,0
2008-10-02,1,High Consumption Pattern,0.9342652777777778,6.048,0.22,0.824419591425881,0
2008-10-03,1,High Consumption Pattern,1.1198472222222222,4.7,0.226,1.1145981910275535,0
2008-10-04,1,High Consumption Pattern,1.4586777777777777,5.57,0.244,0.9101890365968661,1
2008-10-05,1,High Consumption Pattern,1.0763541666666667,5.698,0.24,1.043441312685796,1
2008-10-06,1,High Consumption Pattern,0.9887374999999999,6.052,0.246,0.830971723170007,0
2008-10-07,1,High Consumption Pattern,1.1990055555555554,6.536,0.25,0.9684289305038339,0
2008-10-08,1,High Consumption Pattern,1.2920666666666667,5.112,0.248,0.9498973638276982,0
2008-10-09,1,High Consumption Pattern,1.3775569444444444,6.486,0.25,1.142597030071213,0
2008-10-10,1,High Consumption Pattern,1.0544013888888888,5.952,0.236,0.7287362522634003,0
2008-10-11,1,High Consumption Pattern,1.1592958333333334,6.362,0.232,0.9004047557052297,1
2008-10-12,2,Peak-Heavy Pattern,1.3249583333333335,8.22,0.236,1.5039901853942848,1
2008-10-13,1,High Consumption Pattern,1.015261111111111,6.784,0.238,0.8930803522149139,0
2008-10-14,1,High Consumption Pattern,1.1174,5.592,0.236,0.8921924777609234,0
2008-10-15,2,Peak-Heavy Pattern,1.4978444444444445,6.496,0.292,1.0928153659303974,0
2008-10-16,1,High Consumption Pattern,1.0997777777777777,4.376,0.288,0.8310740160031896,0
2008-10-17,2,Peak-Heavy Pattern,1.296448611111111,6.246,0.244,1.274830651985583,0
2008-10-18,2,Peak-Heavy Pattern,1.5549930555555556,7.146,0.238,1.3788905572303445,1
2008-10-19,2,Peak-Heavy Pattern,1.3693986111111112,10.29,0.252,1.6032415450703705,1
2008-10-20,1,High Consumption Pattern,1.158023611111111,6.124,0.24,0.9803587844308416,0
2008-10-21,1,High Consumption Pattern,1.433136111111111,6.156,0.246,1.1771476383274488,0
2008-10-22,1,High Consumption Pattern,1.1430625,5.174,0.242,0.8952353107162179,0
2008-10-23,1,High Consumption Pattern,1.2711763888888887,6.974,0.228,1.204148318305914,0
2008-10-24,2,Peak-Heavy Pattern,1.4814069444444444,7.978,0.24,1.625151076214633,0
2008-10-25,1,High Consumption Pattern,1.0297864661654135,5.056,0.198,0.7615798494480539,1
2008-10-26,0,Low Consumption Pattern,0.36353611111111106,1.518,0.2,0.29275803123421734,1
2008-10-27,0,Low Consumption Pattern,0.36381388888888894,1.538,0.198,0.2950798458770487,0
2008-10-28,3,Moderate Consumption Pattern,0.9217291666666666,5.018,0.198,1.0628726577396446,0
2008-10-29,1,High Consumption Pattern,1.1198444444444444,5.042,0.66,0.6982423824922951,0
2008-10-30,0,Low Consumption Pattern,0.7629166666666666,2.626,0.2,0.38274180564000654,0
2008-10-31,0,Low Consumption Pattern,0.892938888888889,3.178,0.192,0.6655026673826441,0
2008-11-01,0,Low Consumption Pattern,0.5767347222222222,1.672,0.418,0.28722336924195396,1
2008-11-02,0,Low Consumption Pattern,0.6323708333333333,2.29,0.418,0.36750317511735064,1
2008-11-03,0,Low Consumption Pattern,0.5886111111111111,2.682,0.25,0.3870510434437171,0
2008-11-04,2,Peak-Heavy Pattern,1.0849416666666667,7.816,0.25,1.4735210088008064,0
2008-11-05,2,Peak-Heavy Pattern,2.177034722222222,8.862,0.258,1.657537833893385,0
2008-11-06,1,High Consumption Pattern,1.1030819444444444,6.71,0.212,0.9027572459537493,0
2008-11-07,1,High Consumption Pattern,1.1244333333333334,4.724,0.258,0.7829975977498278,0
2008-11-08,1,High Consumption Pattern,1.2035680555555555,5.978,0.256,1.0288044240611158,1
2008-11-09,2,Peak-Heavy Pattern,1.7906513888888889,5.638,0.252,1.3258398167180727,1
2008-11-10,1,High Consumption Pattern,1.4296809116809117,5.672,0.262,1.0020181833711592,0
2008-11-11,2,Peak-Heavy Pattern,1.7055208333333332,5.348,0.258,1.0956173204991606,0
2008-11-12,1,High Consumption Pattern,1.5209125000000001,7.072,0.268,0.7937420563830981,0
2008-11-13,1,High Consumption Pattern,0.8600416666666667,5.828,0.254,0.7556821297589151,0
2008-11-14,1,High Consumption Pattern,1.1262069444444445,4.898,0.256,0.8402531627879126,0
2008-11-15,2,Peak-Heavy Pattern,2.105297222222222,7.732,0.256,1.6591680243008327,1
2008-11-16,2,Peak-Heavy Pattern,1.642661111111111,6.466,0.22,1.2431990752364115,1
2008-11-17,1,High Consumption Pattern,1.0580805555555555,5.094,0.212,0.7426161138858274,0
2008-11-18,1,High Consumption Pattern,1.2146180555555555,7.71,0.26,0.9932926684404704,0
2008-11-19,1,High Consumption Pattern,1.2779430555555555,5.804,0.258,1.0396073159230592,0
2008-11-20,1,High Consumption Pattern,1.1752333333333334,5.254,0.282,1.0059708532603966,0
2008-11-21,1,High Consumption Pattern,1.162451388888889,4.628,0.26,0.8117383771325669,0
2008-11-22,1,High Consumption Pattern,1.18845,7.366,0.258,1.0527189180879895,1
2008-11-23,2,Peak-Heavy Pattern,2.366253472222222,8.556,0.256,1.9776590917824257,1
2008-11-24,2,Peak-Heavy Pattern,2.231248611111111,7.73,0.64,0.9549652340950663,0
2008-11-25,2,Peak-Heavy Pattern,1.8769791666666666,6.734,0.21,1.129893904683472,0
2008-11-26,1,High Consumption Pattern,1.0527458333333333,5.956,0.204,0.9700763325728893,0
2008-11-27,2,Peak-Heavy Pattern,1.6404291666666666,7.468,0.204,1.2398149615281484,0
2008-11-28,1,High Consumption Pattern,1.3096972222222223,5.07,0.204,1.0523510024587217,0
2008-11-29,2,Peak-Heavy Pattern,1.6907416666666668,8.114,0.194,1.3906735230604943,1
2008-11-30,2,Peak-Heavy Pattern,1.6676305555555555,10.348,0.21,1.4811489228493495,1
2008-12-01,1,High Consumption Pattern,1.1225958333333332,5.932,0.276,0.8786825016409869,0
2008-12-02,1,High Consumption Pattern,1.2454472222222222,6.366,0.292,0.8544978409004131,0
2008-12-03,1,High Consumption Pattern,1.218863888888889,5.88,0.264,0.9485643580870484,0
2008-12-04,1,High Consumption Pattern,1.2073874999999998,4.726,0.262,0.9388219222251101,0
2008-12-05,1,High Consumption Pattern,1.4295958333333334,6.13,0.256,0.9534950159808637,0
2008-12-06,2,Peak-Heavy Pattern,1.7526638888888888,7.494,0.206,1.4411805014948578,1
2008-12-07,2,Peak-Heavy Pattern,1.7130138888888888,4.996,0.236,1.173195928391704,1
2008-12-08,1,High Consumption Pattern,1.297663888888889,5.512,0.204,0.8743159078312274,0
2008-12-09,2,Peak-Heavy Pattern,1.3910722222222223,7.136,0.206,1.182251930790917,0
2008-12-10,2,Peak-Heavy Pattern,1.5335768025078371,6.07,0.208,1.2895974272201483,0
2008-12-11,1,High Consumption Pattern,0.9948069444444444,5.614,0.212,0.9183452238646235,0
2008-12-12,1,High Consumption Pattern,1.2607875,5.202,0.21,0.9088663225900884,0
2008-12-13,1,High Consumption Pattern,1.2677597222222223,6.434,0.206,1.1465137587798493,1
2008-12-14,1,High Consumption Pattern,1.390361111111111,6.006,0.264,1.2184016016797719,1
2008-12-15,1,High Consumption Pattern,1.2468402777777778,4.94,0.264,0.9162021389740687,0
2008-12-16,1,High Consumption Pattern,1.2479791666666666,6.164,0.268,0.9158640616449516,0
2008-12-17,1,High Consumption Pattern,1.4574902777777778,4.936,0.268,1.1529595786659002,0
2008-12-18,1,High Consumption Pattern,1.2062083333333333,5.266,0.214,0.8698646007040564,0
2008-12-19,1,High Consumption Pattern,1.3070222222222223,5.238,0.226,0.9901947946055838,0
2008-12-20,2,Peak-Heavy Pattern,1.5584458333333333,6.224,0.218,1.2448241332998509,1
2008-12-21,2,Peak-Heavy Pattern,1.8358402777777778,7.212,0.208,1.56020224791137,1
2008-12-22,1,High Consumption Pattern,1.3998666666666666,5.388,0.216,0.9833051123577465,0
2008-12-23,1,High Consumption Pattern,1.2486722222222222,6.8,0.21,1.0492301626348177,0
2008-12-24,1,High Consumption Pattern,0.8816930555555555,3.878,0.208,0.6745603650694976,0
2008-12-25,0,Low Consumption Pattern,0.7368874999999999,4.814,0.2,0.6394412333272562,0
2008-12-26,1,High Consumption Pattern,0.8498138888888889,4.11,0.204,0.7376803105205455,0
2008-12-27,1,High Consumption Pattern,2.064002777777778,5.548,0.61,0.7419553678535185,1
2008-12-28,1,High Consumption Pattern,1.0907236111111112,4.08,0.2,0.8188911509857516,1
2008-12-29,0,Low Consumption Pattern,0.38560972222222223,2.478,0.2,0.37008064469062346,0
2008-12-30,0,Low Consumption Pattern,0.8300263888888889,4.14,0.2,0.7423732032447798,0
2008-12-31,1,High Consumption Pattern,1.3640194444444445,6.026,0.204,1.1260182813252957,0
2009-01-01,3,Moderate Consumption Pattern,0.9768694444444445,8.584,0.204,1.0124220264266548,0
2009-01-02,2,Peak-Heavy Pattern,1.616326388888889,7.6,0.218,1.3604473129494872,0
2009-01-03,2,Peak-Heavy Pattern,1.3288166666666668,6.698,0.204,1.2232226247560498,1
2009-01-04,1,High Consumption Pattern,1.3472180555555555,5.274,0.268,1.234266433385732,1
2009-01-05,1,High Consumption Pattern,1.113888888888889,5.53,0.274,1.0064418966482145,0
2009-01-06,1,High Consumption Pattern,1.1735152777777778,6.038,0.268,0.8027971433773252,0
2009-01-07,1,High Consumption Pattern,1.4446333333333332,6.256,0.278,1.1926998654339889,0
2009-01-08,1,High Consumption Pattern,1.1342152777777779,5.254,0.26,0.9925408424943433,0
2009-01-09,1,High Consumption Pattern,1.2421541666666667,5.512,0.21,1.0413167727009909,0
2009-01-10,2,Peak-Heavy Pattern,1.4603805555555556,8.78,0.206,1.4700336519186026,1
2009-01-11,2,Peak-Heavy Pattern,1.3722138888888888,6.418,0.21,1.466920894404108,1
2009-01-12,1,High Consumption Pattern,1.1036652777777778,4.552,0.208,0.702801396627865,0
2009-01-13,1,High Consumption Pattern,1.5156944444444445,6.876,0.258,0.9523567408004877,0
2009-01-14,1,High Consumption Pattern,1.2372076388888888,5.694,0.208,1.0782868896271935,0
2009-01-15,1,High Consumption Pattern,1.0861583333333333,5.348,0.204,1.0376146282113838,0
2009-01-16,2,Peak-Heavy Pattern,1.9212180555555556,8.108,0.256,1.7951915288091396,0
2009-01-17,2,Peak-Heavy Pattern,2.304041666666667,6.738,0.3,1.0700593417133688,1
2009-01-18,2,Peak-Heavy Pattern,2.1904125,7.594,0.212,1.7308867653382793,1
2009-01-19,1,High Consumption Pattern,1.1804625,6.15,0.214,1.0682418436551664,0
2009-01-20,1,High Consumption Pattern,1.206963888888889,5.848,0.2,0.7598860481679435,0
2009-01-21,1,High Consumption Pattern,1.2079402777777777,6.08,0.206,1.0028567474552545,0
2009-01-22,1,High Consumption Pattern,0.859275,3.43,0.256,0.6741768960839158,0
2009-01-23,1,High Consumption Pattern,1.326761111111111,5.952,0.266,0.9829697192448027,0
2009-01-24,2,Peak-Heavy Pattern,1.5283125,8.556,0.214,1.560286547197065,1
2009-01-25,2,Peak-Heavy Pattern,1.9747666666666668,9.59,0.212,1.2931214916692149,1
2009-01-26,1,High Consumption Pattern,1.1628277777777778,4.316,0.21,0.8503512405508596,0
2009-01-27,1,High Consumption Pattern,0.9896041666666666,5.12,0.288,0.8147738894190731,0
2009-01-28,2,Peak-Heavy Pattern,1.8900930555555555,6.87,0.214,1.4120894713660495,0
2009-01-29,1,High Consumption Pattern,1.0928458333333333,4.608,0.218,0.7163485151224493,0
2009-01-30,1,High Consumption Pattern,1.4298875,5.46,0.23,0.9993562659703795,0
2009-01-31,2,Peak-Heavy Pattern,2.3005916666666666,7.164,0.222,1.724500682666441,1
2009-02-01,1,High Consumption Pattern,1.282707462686567,6.56,0.212,1.125625804972304,1
2009-02-02,1,High Consumption Pattern,1.1134027777777777,7.17,0.206,0.9666759269443741,0
2009-02-03,1,High Consumption Pattern,1.2974930555555557,6.102,0.212,0.7941485525452824,0
2009-02-04,2,Peak-Heavy Pattern,1.708975,7.918,0.208,1.3545102767107684,0
2009-02-05,1,High Consumption Pattern,1.1452,6.066,0.214,0.7932188478933361,0
2009-02-06,1,High Consumption Pattern,1.4224972222222223,5.702,0.254,0.9581105319920918,0
2009-02-07,2,Peak-Heavy Pattern,2.1746777777777777,6.442,0.21,1.5687035875016366,1
2009-02-08,2,Peak-Heavy Pattern,1.5158791666666667,6.266,0.214,1.261267707508393,1
2009-02-09,1,High Consumption Pattern,1.1851652777777777,6.098,0.214,0.9515104150528545,0
2009-02-10,1,High Consumption Pattern,1.349876388888889,4.77,0.214,0.7768819835717313,0
2009-02-11,2,Peak-Heavy Pattern,1.8329097222222221,7.852,0.216,1.6755869228339433,0
2009-02-12,1,High Consumption Pattern,1.3671250000000001,5.844,0.222,0.9859606708210202,0
2009-02-13,1,High Consumption Pattern,1.173626388888889,5.406,0.214,0.8931490474634486,0
2009-02-14,2,Peak-Heavy Pattern,1.621747222222222,6.286,0.212,1.0924312166374295,1
2009-02-15,1,High Consumption Pattern,1.1014111111111111,4.28,0.198,0.7121526355971188,1
2009-02-16,1,High Consumption Pattern,0.9159680555555555,4.422,0.204,0.7732445736155028,0
2009-02-17,0,Low Consumption Pattern,0.5453362573099415,2.586,0.198,0.5067626623898203,0
2009-02-18,0,Low Consumption Pattern,0.5739236111111111,1.582,0.198,0.42602439645811374,0
2009-02-19,0,Low Consumption Pattern,0.5119916666666667,2.764,0.284,0.4281988002997904,0
2009-02-20,1,High Consumption Pattern,1.3060666666666667,6.322,0.218,1.07410654165283,0
2009-02-21,0,Low Consumption Pattern,0.9140166666666667,3.71,0.228,0.7329999851154774,1
2009-02-22,2,Peak-Heavy Pattern,1.5544986111111112,11.122,0.198,1.8630944120052861,1
2009-02-23,2,Peak-Heavy Pattern,1.8983722222222221,7.694,0.234,1.1071642873575998,0
2009-02-24,1,High Consumption Pattern,1.2382944444444444,4.846,0.22,0.8101170786599872,0
2009-02-25,1,High Consumption Pattern,0.8123916666666667,6.29,0.206,0.8090030907014005,0
2009-02-26,0,Low Consumption Pattern,0.8033694444444445,2.884,0.208,0.6341299706176556,0
2009-02-27,1,High Consumption Pattern,1.4089708333333333,5.106,0.208,0.928878812894597,0
2009-02-28,1,High Consumption Pattern,1.1324652777777777,6.788,0.268,1.0597681929733531,1
2009-03-01,2,Peak-Heavy Pattern,1.7170284722222224,6.714,0.256,1.6382224153948228,1
2009-03-02,1,High Consumption Pattern,1.0260013888888888,4.578,0.264,0.816405295591209,0
2009-03-03,1,High Consumption Pattern,1.2839944444444444,8.31,0.258,0.93948497118791,0
2009-03-04,1,High Consumption Pattern,1.2792569444444446,4.992,0.254,1.0105539969599624,0
2009-03-05,1,High Consumption Pattern,1.0012583333333334,5.194,0.298,0.7535963457501669,0
2009-03-06,1,High Consumption Pattern,1.238523611111111,5.726,0.26,0.9082167795695075,0
2009-03-07,1,High Consumption Pattern,1.1781013888888887,5.468,0.254,0.8699515044023831,1
2009-03-08,2,Peak-Heavy Pattern,1.6369208333333334,7.854,0.208,1.4638998831704613,1
2009-03-09,1,High Consumption Pattern,1.170525,4.758,0.22,0.8877919745427663,0
2009-03-10,1,High Consumption Pattern,1.2751458333333334,5.542,0.268,0.7818418985040573,0
2009-03-11,2,Peak-Heavy Pattern,1.6707666666666667,7.64,0.22,1.221433339758922,0
2009-03-12,1,High Consumption Pattern,1.3105972222222222,5.602,0.214,0.8801650195854178,0
2009-03-13,1,High Consumption Pattern,1.0038333333333334,5.656,0.206,0.7431010320608461,0
2009-03-14,1,High Consumption Pattern,1.4923805555555554,5.88,0.212,1.0030924052610475,1
2009-03-15,2,Peak-Heavy Pattern,1.3486541666666665,7.166,0.214,1.1261704280707934,1
2009-03-16,1,High Consumption Pattern,0.9292534722222222,4.322,0.214,0.797913050348008,0
2009-03-17,2,Peak-Heavy Pattern,1.3416041666666667,7.88,0.21,1.1083166816549352,0
2009-03-18,1,High Consumption Pattern,1.0074166666666666,5.724,0.212,0.7833757805935604,0
2009-03-19,1,High Consumption Pattern,0.8274527777777777,4.296,0.214,0.5557656707127561,0
2009-03-20,1,High Consumption Pattern,1.016601388888889,6.028,0.214,0.8487459756607351,0
2009-03-21,2,Peak-Heavy Pattern,1.3402930555555554,7.502,0.212,1.2363190293818924,1
2009-03-22,3,Moderate Consumption Pattern,1.1730347222222224,5.182,0.218,1.070705811213013,1
2009-03-23,1,High Consumption Pattern,0.9003125000000001,5.12,0.262,0.7852827287826922,0
2009-03-24,1,High Consumption Pattern,1.1539666666666666,5.848,0.222,1.0191091991019576,0
2009-03-25,1,High Consumption Pattern,1.2769263888888889,6.584,0.196,1.0568836722799313,0
2009-03-26,1,High Consumption Pattern,0.8409749999999999,3.638,0.21,0.7039188226600185,0
2009-03-27,1,High Consumption Pattern,1.1902263888888889,5.226,0.264,0.9032954238739813,0
2009-03-28,2,Peak-Heavy Pattern,1.5701222222222222,6.856,0.264,1.1898637697113812,1
2009-03-29,1,High Consumption Pattern,1.5393402777777778,5.512,0.214,1.0109385703865137,1
2009-03-30,1,High Consumption Pattern,1.0260083333333334,4.554,0.262,0.8126799221966947,0
2009-03-31,1,High Consumption Pattern,1.2663069444444444,7.096,0.216,1.1028215617374588,0
2009-04-01,1,High Consumption Pattern,1.1396805555555556,4.232,0.212,1.0347179588573405,0
2009-04-02,1,High Consumption Pattern,1.1418986111111111,4.76,0.264,0.8238125732232487,0
2009-04-03,1,High Consumption Pattern,0.9467083333333334,5.736,0.262,0.7223003546262864,0
2009-04-04,2,Peak-Heavy Pattern,1.5216888888888889,5.124,0.296,1.063410066978179,1
2009-04-05,1,High Consumption Pattern,0.9553583333333333,6.502,0.264,0.9694261167824646,1
2009-04-06,1,High Consumption Pattern,1.0087736111111112,4.308,0.268,0.7252330473957322,0
2009-04-07,1,High Consumption Pattern,1.0000638888888889,5.762,0.266,0.8758734324756198,0
2009-04-08,1,High Consumption Pattern,1.0656944444444443,5.318,0.27,0.8612341491103642,0
2009-04-09,1,High Consumption Pattern,1.3128277777777777,6.308,0.256,1.1600673164937483,0
2009-04-10,1,High Consumption Pattern,1.2792458333333334,5.314,0.254,0.9907453175300822,0
2009-04-11,2,Peak-Heavy Pattern,1.7100319444444443,6.968,0.256,1.3150467795235805,1
2009-04-12,2,Peak-Heavy Pattern,1.486813888888889,7.972,0.258,1.481480240855753,1
2009-04-13,1,High Consumption Pattern,1.1110027777777778,6.272,0.314,1.0788538830002874,0
2009-04-14,1,High Consumption Pattern,1.0427347222222223,6.254,0.31,0.9188598891802426,0
2009-04-15,1,High Consumption Pattern,0.8444875,4.718,0.306,0.7656577698635775,0
2009-04-16,1,High Consumption Pattern,1.0864749999999999,6.188,0.306,0.940645251568371,0
2009-04-17,2,Peak-Heavy Pattern,1.4186180555555554,7.454,0.3,1.1003070384333458,0
2009-04-18,1,High Consumption Pattern,1.0501847222222223,6.32,0.29,0.8121457140076649,1
2009-04-19,1,High Consumption Pattern,0.8933805555555556,6.322,0.244,0.8499241021813461,1
2009-04-20,1,High Consumption Pattern,1.0322986111111112,6.042,0.256,0.7661930490824618,0
2009-04-21,1,High Consumption Pattern,1.3156930555555555,6.72,0.252,0.9224972498854683,0
2009-04-22,1,High Consumption Pattern,1.0390263888888889,4.494,0.26,0.796487500484179,0
2009-04-23,1,High Consumption Pattern,0.7926805555555556,5.716,0.302,0.7820254830814091,0
2009-04-24,1,High Consumption Pattern,0.8292,3.274,0.312,0.5512628035036965,0
2009-04-25,1,High Consumption Pattern,1.404363888888889,6.12,0.26,1.1073233387752657,1
2009-04-26,1,High Consumption Pattern,1.2372402777777778,7.016,0.286,1.046067928195302,1
2009-04-27,1,High Consumption Pattern,0.9386305555555555,6.02,0.302,0.9078168711128396,0
2009-04-28,1,High Consumption Pattern,1.1849902777777777,6.134,0.304,0.8594813633482343,0
2009-04-29,1,High Consumption Pattern,1.1560277777777779,5.594,0.302,0.8793160550858161,0
2009-04-30,1,High Consumption Pattern,1.2741402777777777,4.278,0.302,0.8322055726347396,0
2009-05-01,1,High Consumption Pattern,1.0505569444444445,4.738,0.252,0.6615026029932841,0
2009-05-02,1,High Consumption Pattern,0.9679930555555556,5.726,0.252,0.7448225947556114,1
2009-05-03,2,Peak-Heavy Pattern,1.1172763888888888,7.856,0.236,1.2608658182113825,1
2009-05-04,1,High Consumption Pattern,1.158251388888889,5.192,0.25,0.8603290193529497,0
2009-05-05,1,High Consumption Pattern,1.2024124999999999,4.288,0.246,0.92331212680916,0
2009-05-06,1,High Consumption Pattern,0.9374319444444444,4.604,0.256,0.7289745419334226,0
2009-05-07,0,Low Consumption Pattern,0.7032277777777778,4.288,0.244,0.5406384955102443,0
2009-05-08,1,High Consumption Pattern,1.2896916666666667,4.5,0.25,0.927349298861373,0
2009-05-09,1,High Consumption Pattern,0.8759388888888889,4.682,0.304,0.6975218452108636,1
2009-05-10,2,Peak-Heavy Pattern,1.3665916666666666,6.012,0.268,1.249537389838014,1
2009-05-11,1,High Consumption Pattern,1.0535944444444445,5.33,0.25,0.9462554926498902,0
2009-05-12,1,High Consumption Pattern,1.1291361111111111,6.34,0.314,0.8792873122195695,0
2009-05-13,1,High Consumption Pattern,0.8655541666666666,5.408,0.298,0.7486654245003251,0
2009-05-14,1,High Consumption Pattern,1.115961111111111,7.396,0.228,1.1482464782698376,0
2009-05-15,1,High Consumption Pattern,0.9876569444444445,5.256,0.208,0.7831805020366416,0
2009-05-16,2,Peak-Heavy Pattern,1.3940124999999999,6.732,0.144,1.0949509379329263,1
2009-05-17,1,High Consumption Pattern,1.0720583333333333,6.54,0.246,1.041349918759734,1
2009-05-18,1,High Consumption Pattern,0.8402124999999999,5.016,0.234,0.7769430317711777,0
2009-05-19,1,High Consumption Pattern,1.1231555555555557,5.458,0.244,0.9094487181370721,0
2009-05-20,1,High Consumption Pattern,0.907751388888889,5.39,0.248,0.741865632307056,0
2009-05-21,1,High Consumption Pattern,1.0938541666666668,5.744,0.226,0.8713411122089754,0
2009-05-22,1,High Consumption Pattern,0.7463930555555556,4.59,0.23,0.6049968840371149,0
2009-05-23,1,High Consumption Pattern,1.0629152777777777,4.284,0.23,0.7565521245817064,1
2009-05-24,1,High Consumption Pattern,0.8942958333333334,5.078,0.224,0.7888913544512113,1
2009-05-25,3,Moderate Consumption Pattern,0.9403444444444444,4.62,0.22,0.7592524125476228,0
2009-05-26,3,Moderate Consumption Pattern,0.9298423611111111,4.084,0.21,0.7239516681869893,0
2009-05-27,3,Moderate Consumption Pattern,1.072425,5.324,0.228,0.7986163033212554,0
2009-05-28,3,Moderate Consumption Pattern,0.8192611111111112,4.978,0.208,0.7425953912430101,0
2009-05-29,1,High Consumption Pattern,0.8630875,4.798,0.23,0.6861254972939212,0
2009-05-30,1,High Consumption Pattern,1.1521569444444444,6.24,0.238,0.8715242853402558,1
2009-05-31,0,Low Consumption Pattern,0.6645069444444445,3.77,0.136,0.6991143379245626,1
2009-06-01,3,Moderate Consumption Pattern,1.0022638888888888,5.322,0.136,0.9698344326585504,0
2009-06-02,0,Low Consumption Pattern,0.7573875,2.992,0.206,0.5994984652612468,0
2009-06-03,1,High Consumption Pattern,0.9420680555555555,4.262,0.206,0.7709300815506672,0
2009-06-04,3,Moderate Consumption Pattern,0.7192083333333333,4.892,0.134,0.7650101533616079,0
2009-06-05,3,Moderate Consumption Pattern,0.8544166666666666,4.19,0.19,0.5778804036693929,0
2009-06-06,3,Moderate Consumption Pattern,1.0246180555555555,6.282,0.192,0.9430004211310511,1
2009-06-07,3,Moderate Consumption Pattern,0.8384666666666667,8.76,0.164,0.96635919840785,1
2009-06-08,3,Moderate Consumption Pattern,0.8185944444444445,5.106,0.232,0.7390831477876354,0
2009-06-09,1,High Consumption Pattern,0.9255902777777777,4.96,0.206,0.84167654683697,0
2009-06-10,1,High Consumption Pattern,1.1131916666666668,5.322,0.208,0.9362095783718322,0
2009-06-11,1,High Consumption Pattern,0.9032291666666667,4.732,0.314,0.6142867683387636,0
2009-06-12,1,High Consumption Pattern,0.7650916666666666,4.524,0.292,0.6463833009263701,0
2009-06-16,3,Moderate Consumption Pattern,1.047772222222222,6.866,0.136,0.9554821584778463,0
2009-06-17,3,Moderate Consumption Pattern,0.6861222222222222,5.432,0.134,0.7282427346251528,0
2009-06-18,3,Moderate Consumption Pattern,0.8095138888888889,3.244,0.134,0.6000913271485,0
2009-06-19,3,Moderate Consumption Pattern,0.7547680555555556,4.888,0.134,0.6999734783671038,0
2009-06-20,3,Moderate Consumption Pattern,0.7688194444444444,5.5,0.134,0.744784734632774,1
2009-06-21,0,Low Consumption Pattern,0.5938486111111112,3.892,0.146,0.5921702484883331,1
2009-06-22,3,Moderate Consumption Pattern,0.7597902777777777,4.096,0.134,0.6475978280939285,0
2009-06-23,3,Moderate Consumption Pattern,0.7216763888888889,4.098,0.134,0.7286249509236995,0
2009-06-24,3,Moderate Consumption Pattern,1.0658847222222223,4.91,0.138,0.8870315171089507,0
2009-06-25,0,Low Consumption Pattern,0.5356680555555555,4.558,0.134,0.5564280236198228,0
2009-06-26,3,Moderate Consumption Pattern,0.8870291666666665,6.216,0.136,0.814717805557754,0
2009-06-27,1,High Consumption Pattern,1.1868416666666666,5.076,0.152,0.9924482765285224,1
2009-06-28,0,Low Consumption Pattern,0.7356902777777777,3.592,0.152,0.6526154968293347,1
2009-06-29,3,Moderate Consumption Pattern,0.7014819444444444,4.76,0.158,0.6671356181173177,0
2009-06-30,3,Moderate Consumption Pattern,0.8280875,5.222,0.14,0.6714112966275255,0
2009-07-01,1,High Consumption Pattern,0.8460708333333334,3.644,0.186,0.6501294791523923,0
2009-07-02,1,High Consumption Pattern,0.8629013888888889,5.174,0.184,0.7009656884997592,0
2009-07-03,0,Low Consumption Pattern,0.6001027777777778,4.226,0.134,0.589570466363541,0
2009-07-04,3,Moderate Consumption Pattern,0.8601166666666666,5.156,0.136,0.7794188371453512,1
2009-07-05,3,Moderate Consumption Pattern,0.9796777777777779,4.594,0.204,0.8722759581166565,1
2009-07-06,3,Moderate Consumption Pattern,0.6626805555555555,5.13,0.134,0.6357500159142141,0
2009-07-07,3,Moderate Consumption Pattern,0.7709277777777778,5.398,0.136,0.843162939073395,0
2009-07-08,1,High Consumption Pattern,0.8572222222222223,5.928,0.186,0.7997812352420074,0
2009-07-09,0,Low Consumption Pattern,0.587675,5.484,0.184,0.5050995649033979,0
2009-07-10,3,Moderate Consumption Pattern,0.8282819444444444,3.904,0.142,0.8180242377827862,0
2009-07-11,0,Low Consumption Pattern,0.6902555555555555,4.512,0.128,0.693315087784019,1
2009-07-12,0,Low Consumption Pattern,0.3565819444444444,2.122,0.128,0.3420936685493315,1
2009-07-13,0,Low Consumption Pattern,0.3449625,1.918,0.128,0.32298717584057496,0
2009-07-14,0,Low Consumption Pattern,0.6329374999999999,4.432,0.128,0.738734869925456,0
2009-07-15,0,Low Consumption Pattern,0.49866249999999995,4.228,0.122,0.5506785478679928,0
2009-07-16,0,Low Consumption Pattern,0.41635694444444443,2.362,0.142,0.3395121756202708,0
2009-07-17,0,Low Consumption Pattern,0.5082,2.062,0.138,0.44578506492924175,0
2009-07-18,0,Low Consumption Pattern,0.6711180555555555,2.63,0.138,0.51602776127205,1
2009-07-19,0,Low Consumption Pattern,0.8358638888888889,3.492,0.122,0.639083541473869,1
2009-07-20,0,Low Consumption Pattern,0.4600597222222222,4.632,0.128,0.5620206266285991,0
2009-07-21,0,Low Consumption Pattern,0.5651125,2.178,0.146,0.5065387799886435,0
2009-07-22,0,Low Consumption Pattern,0.5135638888888889,2.46,0.146,0.4220586942986652,0
2009-07-23,0,Low Consumption Pattern,0.7152777777777778,3.988,0.128,0.6271213787531806,0
2009-07-24,0,Low Consumption Pattern,0.39009583333333336,2.294,0.128,0.3688957120972711,0
2009-07-25,0,Low Consumption Pattern,0.3727,2.18,0.13,0.34134236744617497,1
2009-07-26,0,Low Consumption Pattern,0.3770944444444444,2.512,0.142,0.3488373174537611,1
2009-07-27,0,Low Consumption Pattern,0.4781708333333334,2.51,0.23,0.41281093234277266,0
2009-07-28,0,Low Consumption Pattern,0.6269791666666666,5.34,0.158,0.7071614171405892,0
2009-07-29,0,Low Consumption Pattern,0.6263888888888889,3.98,0.138,0.5496488829475771,0
2009-07-30,0,Low Consumption Pattern,0.5502263888888889,2.898,0.138,0.5413690686748505,0
2009-07-31,3,Moderate Consumption Pattern,0.6776597222222223,5.468,0.136,0.8278685162747634,0
2009-08-01,0,Low Consumption Pattern,0.4909486111111111,2.14,0.136,0.46676811744928043,1
2009-08-02,0,Low Consumption Pattern,0.3400861111111111,2.056,0.132,0.3179463695343683,1
2009-08-03,0,Low Consumption Pattern,0.3474291666666667,1.972,0.134,0.3246258580645018,0
2009-08-04,0,Low Consumption Pattern,0.3533972222222222,1.914,0.132,0.32797997022362024,0
2009-08-05,0,Low Consumption Pattern,0.360175,2.104,0.134,0.3235910088378458,0
2009-08-06,0,Low Consumption Pattern,0.36991111111111113,1.988,0.134,0.330697341228558,0
2009-08-07,0,Low Consumption Pattern,0.37451111111111113,2.018,0.134,0.3364416087466802,0
2009-08-08,0,Low Consumption Pattern,0.3656055555555555,2.012,0.136,0.3299956492601313,1
2009-08-09,3,Moderate Consumption Pattern,0.6932180555555556,5.446,0.136,0.8781308199757889,1
2009-08-10,3,Moderate Consumption Pattern,0.7426097222222222,5.344,0.152,0.8808232884674,0
2009-08-11,3,Moderate Consumption Pattern,0.6603847222222222,5.06,0.154,0.714206604259354,0
2009-08-12,0,Low Consumption Pattern,0.5725250000000001,3.648,0.152,0.5551933013611595,0
2009-08-14,0,Low Consumption Pattern,0.5199138888888889,3.422,0.154,0.41912655241217545,0
2009-08-15,3,Moderate Consumption Pattern,1.0514319444444444,5.516,0.15,0.9930527641804994,1
2009-08-16,3,Moderate Consumption Pattern,0.8456333333333333,4.448,0.154,0.7270980437696483,1
2009-08-17,0,Low Consumption Pattern,0.5457694444444444,3.232,0.144,0.49516132906732746,0
2009-08-18,3,Moderate Consumption Pattern,0.7504152777777777,5.698,0.146,0.9065834555971095,0
2009-08-19,0,Low Consumption Pattern,0.6116263888888889,4.73,0.142,0.593189953016259,0
2009-08-20,0,Low Consumption Pattern,0.5386958333333334,2.41,0.138,0.44706845189249667,0
2009-08-21,3,Moderate Consumption Pattern,0.8067680555555556,5.912,0.14,0.8767601815405749,0
2009-08-22,3,Moderate Consumption Pattern,1.0755125,7.696,0.14,1.0959134597088196,1
2009-08-23,3,Moderate Consumption Pattern,0.7407694444444445,4.554,0.14,0.7383119014569041,1
2009-08-24,3,Moderate Consumption Pattern,0.8696208333333333,4.81,0.148,0.8668487660286496,0
2009-08-25,0,Low Consumption Pattern,0.6552847222222222,4.518,0.154,0.6794423516001501,0
2009-08-26,3,Moderate Consumption Pattern,0.7892680555555556,7.056,0.15,0.9650938493039155,0
2009-08-27,0,Low Consumption Pattern,0.5204625,2.676,0.15,0.41567054761215516,0
2009-08-28,3,Moderate Consumption Pattern,0.7769736111111112,4.25,0.14,0.7834422427591946,0
2009-08-29,3,Moderate Consumption Pattern,0.9641763888888889,4.75,0.142,0.7957728413363276,1
2009-08-30,3,Moderate Consumption Pattern,1.1585708333333333,6.93,0.192,1.0538769929709126,1
2009-08-31,3,Moderate Consumption Pattern,0.8788347222222221,4.784,0.18,0.7147035097053814,0
2009-09-01,0,Low Consumption Pattern,0.6809277777777777,3.414,0.186,0.6029331827453006,0
2009-09-02,1,High Consumption Pattern,0.8491763888888889,4.358,0.188,0.7651519914221099,0
2009-09-03,3,Moderate Consumption Pattern,0.8688805555555557,4.45,0.182,0.7921679735392554,0
2009-09-04,0,Low Consumption Pattern,0.7113805555555555,3.678,0.186,0.6327601402072766,0
2009-09-05,3,Moderate Consumption Pattern,1.0512958333333333,5.862,0.186,0.9247115246038811,1
2009-09-06,3,Moderate Consumption Pattern,0.8532152777777778,4.412,0.136,0.8458761104363995,1
2009-09-07,3,Moderate Consumption Pattern,0.8482347222222223,6.746,0.132,1.0072101198944106,0
2009-09-08,3,Moderate Consumption Pattern,0.7543430555555555,4.792,0.134,0.7728334420870834,0
2009-09-09,3,Moderate Consumption Pattern,1.056488888888889,4.854,0.134,0.8994834653252292,0
2009-09-10,3,Moderate Consumption Pattern,0.7724680555555555,5.39,0.132,0.8323771665628853,0
2009-09-11,3,Moderate Consumption Pattern,0.8431569444444444,3.764,0.132,0.6820197921571356,0
2009-09-12,2,Peak-Heavy Pattern,1.4335819444444446,5.758,0.132,1.3892294944097543,1
2009-09-13,3,Moderate Consumption Pattern,1.0914083333333333,5.894,0.13,1.0007604057838084,1
2009-09-14,1,High Consumption Pattern,1.0936513888888888,7.344,0.186,1.0189308070591274,0
2009-09-15,1,High Consumption Pattern,1.0116708333333333,6.06,0.182,1.0000633864466042,0
2009-09-16,1,High Consumption Pattern,1.2105291666666667,5.696,0.182,1.0610601542750866,0
2009-09-17,1,High Consumption Pattern,0.8496013888888888,3.308,0.182,0.6530539574166772,0
2009-09-18,3,Moderate Consumption Pattern,0.9541888888888889,6.83,0.136,0.9993607785409867,0
2009-09-19,2,Peak-Heavy Pattern,1.4831319444444444,7.826,0.154,1.1412232561826308,1
2009-09-20,2,Peak-Heavy Pattern,1.4134222222222221,6.754,0.136,1.1073497385940008,1
2009-09-21,1,High Consumption Pattern,0.9846305555555556,5.59,0.184,0.8932646324481532,0
2009-09-22,3,Moderate Consumption Pattern,0.86565,4.648,0.182,0.7137386964111522,0
2009-09-23,3,Moderate Consumption Pattern,1.1365347222222222,5.574,0.132,0.9751648360381804,0
2009-09-24,3,Moderate Consumption Pattern,0.9904569444444444,5.794,0.128,1.0987565830163286,0
2009-09-25,0,Low Consumption Pattern,0.8062611111111112,3.08,0.13,0.6075334048087058,0
2009-09-26,1,High Consumption Pattern,1.0807319444444443,3.818,0.134,0.8030115867344946,1
2009-09-27,3,Moderate Consumption Pattern,0.9794944444444444,5.604,0.128,1.0249517461668638,1
2009-09-28,3,Moderate Consumption Pattern,0.9024,3.806,0.122,0.8058221780435335,0
2009-09-29,3,Moderate Consumption Pattern,0.7961097222222222,4.814,0.122,0.8060831932433448,0
2009-09-30,3,Moderate Consumption Pattern,1.2336583333333333,4.702,0.124,1.0244259363382717,0
2009-10-01,3,Moderate Consumption Pattern,0.893925,5.406,0.124,1.0677860503257788,0
2009-10-02,3,Moderate Consumption Pattern,0.8004638888888889,3.7,0.122,0.6877991580456865,0
2009-10-03,1,High Consumption Pattern,1.1921805555555556,5.594,0.154,1.0192693649176334,1
2009-10-04,3,Moderate Consumption Pattern,1.1257680555555556,6.332,0.124,1.1554775512573725,1
2009-10-05,1,High Consumption Pattern,0.8857791666666667,4.084,0.214,0.7553380835185536,0
2009-10-06,1,High Consumption Pattern,0.9919777777777778,5.036,0.22,0.9013002541995735,0
2009-10-07,1,High Consumption Pattern,1.2651625,6.284,0.244,1.0110149167547555,0
2009-10-08,1,High Consumption Pattern,1.0952541666666666,5.026,0.218,0.8608620608560953,0
2009-10-09,1,High Consumption Pattern,0.9387930555555556,3.404,0.218,0.6337385561579726,0
2009-10-10,2,Peak-Heavy Pattern,1.3977472222222223,6.658,0.228,1.1601796954071748,1
2009-10-11,2,Peak-Heavy Pattern,1.3464381944444446,6.492,0.226,1.3850473850593839,1
2009-10-12,1,High Consumption Pattern,0.938613888888889,3.756,0.212,0.854263246172455,0
2009-10-13,1,High Consumption Pattern,1.0063194444444443,4.736,0.216,0.8616103372258389,0
2009-10-14,1,High Consumption Pattern,1.18835,5.246,0.212,0.974117164357429,0
2009-10-15,1,High Consumption Pattern,1.0347055555555555,5.266,0.218,0.9554376775968993,0
2009-10-16,1,High Consumption Pattern,1.053375,5.082,0.22,0.8351810968638604,0
2009-10-17,2,Peak-Heavy Pattern,1.9042222222222223,8.126,0.222,1.40979300421187,1
2009-10-18,1,High Consumption Pattern,1.0806694444444445,4.58,0.222,0.789334267331734,1
2009-10-19,1,High Consumption Pattern,0.9507694444444444,4.67,0.218,0.9715137824567976,0
2009-10-20,1,High Consumption Pattern,1.1963944444444445,5.124,0.23,0.941163008287753,0
2009-10-21,2,Peak-Heavy Pattern,1.3677125,5.17,0.224,1.1464556266182855,0
2009-10-22,1,High Consumption Pattern,0.9720208333333333,5.146,0.23,0.7420959571191721,0
2009-10-23,1,High Consumption Pattern,1.2204513888888888,8.708,0.226,1.1758017655782445,0
2009-10-24,2,Peak-Heavy Pattern,1.815561111111111,5.752,0.232,1.4058645762752993,1
2009-10-25,2,Peak-Heavy Pattern,1.6712055555555556,6.586,0.224,1.2650907372291142,1
2009-10-26,0,Low Consumption Pattern,0.7724611111111112,3.848,0.226,0.666197109851567,0
2009-10-27,1,High Consumption Pattern,0.775525,5.014,0.212,0.6906635593822165,0
2009-10-28,1,High Consumption Pattern,0.8810472222222223,5.218,0.218,0.7310109085565638,0
2009-10-29,2,Peak-Heavy Pattern,1.3760000000000001,6.032,0.218,1.279078703362468,0
2009-10-30,1,High Consumption Pattern,1.0370541666666666,5.978,0.22,0.9072084713044359,0
2009-10-31,1,High Consumption Pattern,1.3027375,6.064,0.216,1.1095160777908097,1
2009-11-01,1,High Consumption Pattern,1.2799777777777777,5.216,0.218,0.9816104080802549,1
2009-11-02,1,High Consumption Pattern,1.0446013888888888,4.366,0.226,0.8971178851129842,0
2009-11-03,2,Peak-Heavy Pattern,1.5740888888888889,6.938,0.212,1.3893975068288007,0
2009-11-04,1,High Consumption Pattern,1.25125,5.97,0.24,1.0338295238404362,0
2009-11-05,1,High Consumption Pattern,1.0836569444444444,5.268,0.214,0.9677214271777133,0
2009-11-06,1,High Consumption Pattern,0.9655902777777778,4.19,0.218,0.6629332056909701,0
2009-11-07,1,High Consumption Pattern,1.0813722222222222,4.318,0.22,0.7939326419480325,1
2009-11-08,2,Peak-Heavy Pattern,1.7416680555555555,6.23,0.22,1.3927951302061221,1
2009-11-09,1,High Consumption Pattern,0.9774145833333334,5.818,0.23,0.9641161638570993,0
2009-11-10,1,High Consumption Pattern,1.1154055555555555,5.452,0.232,0.7711376049749498,0
2009-11-11,2,Peak-Heavy Pattern,1.417,6.91,0.254,1.254082746786967,0
2009-11-12,1,High Consumption Pattern,1.0160180555555556,5.83,0.224,0.9959648467924217,0
2009-11-13,1,High Consumption Pattern,1.0645319444444443,4.838,0.222,0.8625153014648401,0
2009-11-14,2,Peak-Heavy Pattern,1.7780944444444446,6.038,0.224,1.261608110205233,1
2009-11-15,2,Peak-Heavy Pattern,1.366186111111111,8.726,0.218,1.3627528566263871,1
2009-11-16,1,High Consumption Pattern,1.0517138888888888,7.116,0.216,0.9995088252118225,0
2009-11-17,1,High Consumption Pattern,1.186315277777778,4.04,0.222,0.7982730060087401,0
2009-11-18,2,Peak-Heavy Pattern,1.8327597222222223,8.432,0.218,1.4825524814403959,0
2009-11-19,1,High Consumption Pattern,1.0242,3.968,0.226,0.6732512830010378,0
2009-11-20,1,High Consumption Pattern,1.3618166666666667,6.408,0.22,1.0155881420232362,0
2009-11-21,2,Peak-Heavy Pattern,1.733927777777778,8.018,0.22,1.445303149112508,1
2009-11-22,2,Peak-Heavy Pattern,1.7020666666666668,7.84,0.224,1.5296002488216571,1
2009-11-23,1,High Consumption Pattern,1.0216125,4.764,0.224,0.8534341744066558,0
2009-11-24,2,Peak-Heavy Pattern,1.4783722222222224,9.732,0.228,1.3913498219195082,0
2009-11-25,1,High Consumption Pattern,1.3750902777777778,5.69,0.232,1.0707509851397863,0
2009-11-26,1,High Consumption Pattern,1.110851388888889,5.964,0.226,0.9740191995592045,0
2009-11-27,1,High Consumption Pattern,0.9583513888888889,3.038,0.216,0.6615791804091292,0
2009-11-28,1,High Consumption Pattern,1.2909375,5.834,0.216,0.9481718609795594,1
2009-11-29,1,High Consumption Pattern,1.1465013888888889,6.436,0.226,1.052612330610192,1
2009-11-30,1,High Consumption Pattern,1.2119375000000001,4.854,0.29,0.8174850084056793,0
2009-12-01,1,High Consumption Pattern,1.2197069444444444,4.088,0.28,0.8664742005322588,0
2009-12-02,2,Peak-Heavy Pattern,1.6289361111111111,6.044,0.23,1.0723244747268135,0
2009-12-03,1,High Consumption Pattern,1.0275611111111111,5.486,0.284,0.8120258157104858,0
2009-12-04,1,High Consumption Pattern,1.1883986111111111,4.63,0.284,0.9471170399796905,0
2009-12-05,2,Peak-Heavy Pattern,1.6331680555555557,6.01,0.26,1.347569111255978,1
2009-12-06,2,Peak-Heavy Pattern,1.651588888888889,8.494,0.268,1.4361770223848733,1
2009-12-07,1,High Consumption Pattern,1.2101652777777778,5.038,0.236,0.9601872112541044,0
2009-12-08,1,High Consumption Pattern,1.3936694444444444,6.022,0.24,1.047063919274393,0
2009-12-09,1,High Consumption Pattern,1.2516361111111112,5.09,0.24,1.014772948557728,0
2009-12-10,1,High Consumption Pattern,1.4299750000000002,5.662,0.244,1.0191507750881377,0
2009-12-11,1,High Consumption Pattern,1.2392097222222223,5.6,0.236,0.9385464374940605,0
2009-12-12,1,High Consumption Pattern,1.2613750000000001,6.788,0.234,1.2616634390462416,1
2009-12-13,1,High Consumption Pattern,1.4852874999999999,4.6,0.238,1.1728765992244623,1
2009-12-14,1,High Consumption Pattern,1.2464319444444445,6.974,0.238,1.2842538309247904,0
2009-12-15,1,High Consumption Pattern,1.3473027777777777,5.132,0.246,0.9258533722913385,0
2009-12-16,1,High Consumption Pattern,0.9686625,4.884,0.242,0.885559925020685,0
2009-12-17,1,High Consumption Pattern,1.1924875,4.24,0.24,0.7706243120233401,0
2009-12-18,1,High Consumption Pattern,1.2116013888888888,4.936,0.242,0.9195965665270432,0
2009-12-19,1,High Consumption Pattern,1.5307875,5.698,0.194,0.9652121303369985,1
2009-12-20,1,High Consumption Pattern,0.7945597222222222,5.688,0.204,0.7643593823376148,1
2009-12-21,1,High Consumption Pattern,1.4131708333333333,7.2,0.2,1.1952608637016153,0
2009-12-22,1,High Consumption Pattern,1.3111263888888889,4.636,0.214,0.8659757931693356,0
2009-12-23,1,High Consumption Pattern,1.0105555555555557,5.276,0.194,0.7784588986029677,0
2009-12-24,2,Peak-Heavy Pattern,2.0179819444444442,7.57,0.2,1.8151260512765,0
2009-12-25,2,Peak-Heavy Pattern,1.4775333333333334,5.878,0.244,1.074308786101264,0
2009-12-26,2,Peak-Heavy Pattern,1.5164013888888888,6.446,0.24,1.01438985450688,1
2009-12-27,2,Peak-Heavy Pattern,1.5246194444444443,6.464,0.242,1.1824750451583346,1
2009-12-28,1,High Consumption Pattern,1.4542347222222223,4.952,0.266,1.0679624487702004,0
2009-12-29,1,High Consumption Pattern,1.4222000000000001,5.216,0.25,1.051770793908394,0
2009-12-30,2,Peak-Heavy Pattern,1.7021597222222222,7.84,0.248,1.5313782786849224,0
2009-12-31,1,High Consumption Pattern,1.536036111111111,4.69,0.242,0.9198219477982139,0
2010-01-01,1,High Consumption Pattern,0.850175,4.976,0.322,0.6972807283347351,0
2010-01-02,1,High Consumption Pattern,0.910982638888889,6.236,0.248,0.9290496921498069,1
2010-01-03,2,Peak-Heavy Pattern,1.4468430555555556,6.382,0.272,1.300597058736592,1
2010-01-04,1,High Consumption Pattern,1.1139805555555555,4.56,0.298,0.8035526050351403,0
2010-01-05,1,High Consumption Pattern,1.541513888888889,5.544,0.252,1.0008005647885312,0
2010-01-06,1,High Consumption Pattern,1.2341527777777779,5.304,0.242,1.0095076743329399,0
2010-01-07,1,High Consumption Pattern,1.2287791666666668,4.908,0.24,0.952200048537974,0
2010-01-08,1,High Consumption Pattern,1.248061111111111,5.454,0.242,0.8740690091840574,0
2010-01-09,2,Peak-Heavy Pattern,1.6228472222222223,8.154,0.246,1.4835480165585961,1
2010-01-10,2,Peak-Heavy Pattern,1.7419902777777776,7.35,0.238,1.4442775658398381,1
2010-01-11,1,High Consumption Pattern,1.0546416666666667,5.36,0.246,0.905890917156891,0
2010-01-15,2,Peak-Heavy Pattern,1.525527777777778,9.098,0.238,1.3875600031197723,0
2010-01-16,1,High Consumption Pattern,1.4931333333333334,6.634,0.244,1.11535840240238,1
2010-01-17,1,High Consumption Pattern,1.3239972222222223,5.12,0.244,0.9872325390520864,1
2010-01-18,1,High Consumption Pattern,1.3063180555555556,4.906,0.24,0.80876046095491,0
2010-01-19,2,Peak-Heavy Pattern,1.689936111111111,6.674,0.244,1.193834257746977,0
2010-01-20,2,Peak-Heavy Pattern,1.6331444444444445,6.01,0.26,1.2502635835939246,0
2010-01-21,1,High Consumption Pattern,1.484622222222222,5.348,0.238,1.0589672163553605,0
2010-01-22,1,High Consumption Pattern,1.2434902777777777,5.228,0.236,0.7798824940729375,0
2010-01-23,2,Peak-Heavy Pattern,1.813570138888889,7.042,0.234,1.4009249557702126,1
2010-01-24,2,Peak-Heavy Pattern,1.575986111111111,9.122,0.258,1.3833795862754268,1
2010-01-25,1,High Consumption Pattern,1.3406319444444443,6.048,0.256,1.0692289197950218,0
2010-01-26,1,High Consumption Pattern,1.4358083333333331,4.666,0.256,0.7772285839995609,0
2010-01-27,2,Peak-Heavy Pattern,1.9172930555555556,7.078,0.27,1.271434038586241,0
2010-01-28,1,High Consumption Pattern,1.4654402777777777,5.166,0.264,1.03444927046454,0
2010-01-29,1,High Consumption Pattern,1.4534652777777777,5.964,0.234,1.0138957899472474,0
2010-01-30,2,Peak-Heavy Pattern,1.9741166666666667,8.006,0.238,1.5574798919724573,1
2010-01-31,1,High Consumption Pattern,1.2494416666666666,4.89,0.24,1.0077647339184936,1
2010-02-01,1,High Consumption Pattern,1.1762347222222223,4.3,0.226,0.928380528075038,0
2010-02-02,1,High Consumption Pattern,1.4982166666666665,5.124,0.228,0.8195395800570315,0
2010-02-03,2,Peak-Heavy Pattern,2.0159819444444445,7.388,0.252,1.3174980952868487,0
2010-02-04,1,High Consumption Pattern,1.6085208333333334,6.124,0.25,0.852928753714188,0
2010-02-05,1,High Consumption Pattern,1.4575638888888887,4.482,0.238,0.8869036447873336,0
2010-02-06,2,Peak-Heavy Pattern,1.8840180555555555,7.416,0.24,1.382981982160875,1
2010-02-07,1,High Consumption Pattern,1.1289638888888889,6.0,0.248,1.0220471866736422,1
2010-02-08,1,High Consumption Pattern,1.7932208333333333,5.154,0.244,1.131968865912273,0
2010-02-09,1,High Consumption Pattern,1.6812027777777776,5.348,0.288,0.9129681278631895,0
2010-02-10,1,High Consumption Pattern,1.3527944444444444,4.846,0.242,0.878723388228539,0
2010-02-11,1,High Consumption Pattern,0.9512277777777778,3.54,0.246,0.7576181749531756,0
2010-02-12,1,High Consumption Pattern,1.3145819444444444,5.396,0.246,0.8855898072429094,0
2010-02-13,2,Peak-Heavy Pattern,1.633025,8.724,0.244,1.2631654071402099,1
2010-02-14,1,High Consumption Pattern,1.1725694444444446,5.37,0.238,0.7521626752911574,1
2010-02-15,2,Peak-Heavy Pattern,1.4563416666666666,6.174,0.242,1.2884932109333223,0
2010-02-16,1,High Consumption Pattern,1.2484416666666667,6.014,0.33,0.9110863774329243,0
2010-02-17,2,Peak-Heavy Pattern,1.4267777777777777,7.33,0.268,1.182393659669783,0
2010-02-18,1,High Consumption Pattern,1.223025,5.154,0.246,0.8803796827244468,0
2010-02-19,1,High Consumption Pattern,1.3566472222222221,5.544,0.252,1.0276267364047076,0
2010-02-20,1,High Consumption Pattern,1.377588888888889,5.288,0.252,1.0110552399048924,1
2010-02-21,2,Peak-Heavy Pattern,1.9029958333333332,8.38,0.27,1.615948547053222,1
2010-02-22,1,High Consumption Pattern,1.0236361111111112,6.084,0.238,0.9992112251652956,0
2010-02-23,1,High Consumption Pattern,1.0147777777777778,6.758,0.24,1.0651251062345328,0
2010-02-24,1,High Consumption Pattern,1.3293597222222222,6.512,0.252,0.9488062027249397,0
2010-02-25,1,High Consumption Pattern,1.3056972222222223,3.836,0.242,0.6410254185331673,0
2010-02-26,1,High Consumption Pattern,1.4723305555555555,5.188,0.244,1.0533478138088304,0
2010-02-27,1,High Consumption Pattern,1.2257333333333333,4.752,0.242,0.951065033958574,1
2010-02-28,0,Low Consumption Pattern,0.49421250000000005,1.712,0.236,0.3033751521745221,1
2010-03-01,1,High Consumption Pattern,0.9018944444444444,4.682,0.238,0.7283404918735054,0
2010-03-02,0,Low Consumption Pattern,0.5325736111111111,2.978,0.246,0.38361885528128814,0
2010-03-03,0,Low Consumption Pattern,0.6498847222222222,2.128,0.258,0.4677348375876891,0
2010-03-04,0,Low Consumption Pattern,0.4742222222222222,1.586,0.262,0.29273941917546087,0
2010-03-05,0,Low Consumption Pattern,0.7873097222222223,4.464,0.248,0.6836332392027168,0
2010-03-06,0,Low Consumption Pattern,0.5518833333333333,2.662,0.242,0.43123030387790057,1
2010-03-07,1,High Consumption Pattern,0.9531055555555555,7.14,0.238,0.9114177212735841,1
2010-03-08,2,Peak-Heavy Pattern,1.7757625,7.08,0.264,1.3637158131966551,0
2010-03-09,1,High Consumption Pattern,1.2223000000000002,4.216,0.264,0.9163090714300453,0
2010-03-10,1,High Consumption Pattern,1.2657166666666666,4.38,0.266,0.7463094747526858,0
2010-03-11,1,High Consumption Pattern,1.3549236111111111,5.704,0.236,1.0604110468697017,0
2010-03-12,1,High Consumption Pattern,1.1426555555555555,6.226,0.244,0.8190959359544654,0
2010-03-13,2,Peak-Heavy Pattern,1.6548680555555555,6.21,0.242,1.2725726087053222,1
2010-03-14,1,High Consumption Pattern,1.0879958333333333,6.154,0.244,0.8723298223459612,1
2010-03-15,1,High Consumption Pattern,1.2443402777777777,5.578,0.248,0.8864772570213206,0
2010-03-16,1,High Consumption Pattern,1.0712847222222224,3.45,0.236,0.6809383070041799,0
2010-03-17,1,High Consumption Pattern,1.3952291666666665,5.504,0.244,0.9828877439195806,0
2010-03-18,1,High Consumption Pattern,1.0851958333333334,5.28,0.24,0.8535999199462089,0
2010-03-19,1,High Consumption Pattern,1.1551277777777778,4.292,0.238,0.6630864511942568,0
2010-03-22,1,High Consumption Pattern,1.1240208333333332,3.69,0.236,0.7187992435921192,0
2010-03-23,1,High Consumption Pattern,1.265390277777778,5.308,0.238,0.953283746731117,0
2010-03-24,1,High Consumption Pattern,1.3852444444444445,5.888,0.238,1.050108426168416,0
2010-03-25,1,High Consumption Pattern,1.166586111111111,4.3,0.232,0.7572255167373907,0
2010-03-26,1,High Consumption Pattern,1.146725,4.052,0.236,0.842815214930542,0
2010-03-27,1,High Consumption Pattern,1.2833125,6.896,0.238,0.9870731752778127,1
2010-03-28,2,Peak-Heavy Pattern,1.2487597222222222,6.152,0.234,1.1926372284256213,1
2010-03-29,1,High Consumption Pattern,1.126901388888889,4.196,0.242,0.6302952582530259,0
2010-03-30,1,High Consumption Pattern,1.3239263888888888,4.878,0.35,0.9091980002242033,0
2010-03-31,2,Peak-Heavy Pattern,1.3359736111111111,5.848,0.23,1.039579955733185,0
2010-04-01,1,High Consumption Pattern,1.1718333333333333,5.066,0.236,0.8914225655714617,0
2010-04-02,1,High Consumption Pattern,1.1448763888888889,4.398,0.226,0.7300087798253622,0
2010-04-03,1,High Consumption Pattern,1.2536652777777777,4.446,0.232,0.8028035009876187,1
2010-04-04,1,High Consumption Pattern,1.1738805555555556,4.372,0.232,0.9330283077753782,1
2010-04-05,1,High Consumption Pattern,0.7769583333333333,7.15,0.222,0.8460492683580723,0
2010-04-06,1,High Consumption Pattern,1.267952777777778,5.604,0.232,0.9023028082305369,0
2010-04-07,1,High Consumption Pattern,1.1090152777777778,4.65,0.23,0.8763729630137618,0
2010-04-08,1,High Consumption Pattern,1.1452916666666666,6.57,0.25,0.8265978724494834,0
2010-04-09,1,High Consumption Pattern,0.8564930555555554,4.254,0.232,0.741926263796303,0
2010-04-10,1,High Consumption Pattern,0.8265333333333333,5.532,0.228,0.7033530486529076,1
2010-04-11,2,Peak-Heavy Pattern,1.113320138888889,8.32,0.226,1.3137871096316596,1
2010-04-12,1,High Consumption Pattern,0.9996013888888888,3.708,0.226,0.7128779943885258,0
2010-04-13,1,High Consumption Pattern,1.0504888888888888,3.772,0.228,0.7531489233742968,0
2010-04-14,1,High Consumption Pattern,1.1530305555555556,5.34,0.23,1.0022359209873064,0
2010-04-15,1,High Consumption Pattern,1.3001236111111112,5.544,0.228,0.8646040624752234,0
2010-04-16,1,High Consumption Pattern,1.0847652777777776,5.11,0.244,0.847008205212284,0
2010-04-17,1,High Consumption Pattern,1.0817444444444444,5.92,0.246,0.9241926138313526,1
2010-04-18,1,High Consumption Pattern,1.0250736111111112,4.29,0.246,0.7829278739010498,1
2010-04-19,1,High Consumption Pattern,1.186523611111111,5.84,0.242,0.9358586374534321,0
2010-04-20,1,High Consumption Pattern,1.2733527777777778,4.484,0.242,0.769716565971608,0
2010-04-21,1,High Consumption Pattern,1.0971625,2.73,0.252,0.5986241359423551,0
2010-04-22,1,High Consumption Pattern,1.0145166666666667,3.824,0.236,0.7293402806860942,0
2010-04-23,1,High Consumption Pattern,0.8198166666666667,4.758,0.234,0.6063856395478826,0
2010-04-24,1,High Consumption Pattern,1.0544569444444443,4.34,0.24,1.0325444661548018,1
2010-04-25,1,High Consumption Pattern,1.071348611111111,4.356,0.25,0.8534196237504608,1
2010-04-26,0,Low Consumption Pattern,0.751886111111111,3.706,0.24,0.6462935460666748,0
2010-04-27,1,High Consumption Pattern,0.8687083333333334,3.76,0.238,0.5336326512338053,0
2010-04-28,0,Low Consumption Pattern,0.6026791666666667,3.692,0.234,0.5303043586835554,0
2010-04-29,1,High Consumption Pattern,0.7664749999999999,4.368,0.236,0.5576747983821048,0
2010-04-30,3,Moderate Consumption Pattern,0.776825,4.32,0.234,0.783156076283214,0
2010-05-01,3,Moderate Consumption Pattern,0.9167763888888888,5.038,0.232,0.9685865445943176,1
2010-05-02,2,Peak-Heavy Pattern,1.5193819444444443,7.33,0.236,1.3357046103338495,1
2010-05-03,3,Moderate Consumption Pattern,0.9800708333333332,4.35,0.228,0.8396146427260874,0
2010-05-04,3,Moderate Consumption Pattern,1.0534444444444444,3.72,0.234,0.6766129456475822,0
2010-05-05,3,Moderate Consumption Pattern,1.253686111111111,5.204,0.236,0.9784982019136135,0
2010-05-06,3,Moderate Consumption Pattern,0.9022569444444445,3.496,0.234,0.5808983271845004,0
2010-05-07,1,High Consumption Pattern,1.1416694444444444,4.174,0.23,0.8056957260388686,0
2010-05-08,1,High Consumption Pattern,1.0648763888888888,6.492,0.226,1.0972647406380143,1
2010-05-09,1,High Consumption Pattern,1.0878541666666666,6.066,0.23,1.0370443907391083,1
2010-05-10,1,High Consumption Pattern,1.0193694444444446,4.602,0.244,0.7882181466686133,0
2010-05-11,1,High Consumption Pattern,1.0912277777777777,4.414,0.242,0.7238296370657329,0
2010-05-12,1,High Consumption Pattern,1.4134847222222222,5.89,0.242,0.9852874019968122,0
2010-05-13,1,High Consumption Pattern,1.0792972222222224,4.688,0.24,0.9557338643420747,0
2010-05-14,1,High Consumption Pattern,1.1959347222222223,4.632,0.254,0.7631244823637653,0
2010-05-15,1,High Consumption Pattern,1.3505361111111112,6.714,0.258,1.200248226041394,1
2010-05-16,2,Peak-Heavy Pattern,1.4586291666666666,8.418,0.262,1.2439140835992866,1
2010-05-17,1,High Consumption Pattern,1.1306819444444445,4.16,0.27,0.690386187930672,0
2010-05-18,1,High Consumption Pattern,0.9869333333333333,3.086,0.268,0.5808580803608573,0
2010-05-19,1,High Consumption Pattern,0.9908,5.322,0.27,0.7249675626684776,0
2010-05-20,1,High Consumption Pattern,0.8013180555555555,3.332,0.268,0.5760845615449359,0
2010-05-21,1,High Consumption Pattern,0.898886111111111,4.658,0.268,0.691181633837007,0
2010-05-22,2,Peak-Heavy Pattern,1.4553972222222222,7.806,0.302,1.0680585039625174,1
2010-05-23,1,High Consumption Pattern,1.033025,4.612,0.266,0.6967491829740329,1
2010-05-24,3,Moderate Consumption Pattern,0.9314805555555556,5.124,0.186,0.8307155465549475,0
2010-05-25,3,Moderate Consumption Pattern,0.8323791666666667,4.832,0.164,0.7125746859774771,0
2010-05-26,3,Moderate Consumption Pattern,0.9638083333333334,6.53,0.158,0.9956216796097626,0
2010-05-27,3,Moderate Consumption Pattern,0.9189875000000001,3.846,0.158,0.6801652416319531,0
2010-05-28,3,Moderate Consumption Pattern,0.9709472222222222,3.684,0.158,0.6419744668712188,0
2010-05-29,1,High Consumption Pattern,1.4234777777777778,5.614,0.166,1.0370874808179278,1
2010-05-30,3,Moderate Consumption Pattern,1.1567361111111112,5.658,0.172,0.9984682931365636,1
2010-05-31,3,Moderate Consumption Pattern,0.9308763888888889,4.164,0.168,0.7571493160955438,0
2010-06-01,3,Moderate Consumption Pattern,0.8812249999999999,4.162,0.17,0.6899434785140939,0
2010-06-02,0,Low Consumption Pattern,0.6811791666666667,2.956,0.168,0.5574800356198084,0
2010-06-03,3,Moderate Consumption Pattern,0.9681847222222222,5.038,0.166,0.8155972188488302,0
2010-06-04,3,Moderate Consumption Pattern,0.9864958333333333,4.46,0.166,0.7884161240704253,0
2010-06-05,2,Peak-Heavy Pattern,1.3955861111111112,5.326,0.18,1.1101656248546476,1
2010-06-06,3,Moderate Consumption Pattern,1.21305,4.836,0.18,1.0855330111408787,1
2010-06-07,3,Moderate Consumption Pattern,0.7028347222222222,4.088,0.174,0.6862258711656427,0
2010-06-08,1,High Consumption Pattern,0.9458569444444446,4.626,0.172,0.7588882978387744,0
2010-06-09,3,Moderate Consumption Pattern,1.065751388888889,4.986,0.178,0.8847910779170727,0
2010-06-10,1,High Consumption Pattern,0.8438819444444445,2.982,0.184,0.6034270991793566,0
2010-06-11,1,High Consumption Pattern,1.0213,5.15,0.168,0.7991550256168878,0
2010-06-12,1,High Consumption Pattern,1.3711576388888889,4.222,0.174,0.8703065347113871,1
2010-06-13,3,Moderate Consumption Pattern,1.1627472222222222,6.244,0.172,1.0474104445369778,1
2010-06-14,1,High Consumption Pattern,0.8458222222222221,4.168,0.174,0.6645407232221608,0
2010-06-15,0,Low Consumption Pattern,0.8499763888888888,3.394,0.17,0.5985058505064889,0
2010-06-16,1,High Consumption Pattern,1.2278416666666667,4.798,0.18,0.7771114472579501,0
2010-06-17,0,Low Consumption Pattern,0.7139013888888889,3.516,0.174,0.5586774850592928,0
2010-06-18,1,High Consumption Pattern,0.9252194444444445,4.1,0.172,0.7177361379806756,0
2010-06-19,1,High Consumption Pattern,0.9834861111111112,6.22,0.204,0.9216898806443286,1
2010-06-20,3,Moderate Consumption Pattern,1.1614930555555556,5.84,0.178,1.004215634688305,1
2010-06-21,2,Peak-Heavy Pattern,1.1533958333333334,7.508,0.192,1.0571645551741085,0
2010-06-22,3,Moderate Consumption Pattern,1.055963888888889,4.956,0.158,0.9606391744221568,0
2010-06-23,3,Moderate Consumption Pattern,1.0014333333333334,5.452,0.152,1.0554013380859595,0
2010-06-24,3,Moderate Consumption Pattern,0.7609583333333333,3.638,0.196,0.663648192874425,0
2010-06-25,3,Moderate Consumption Pattern,0.7634986111111112,3.334,0.152,0.6596544476232169,0
2010-06-26,0,Low Consumption Pattern,0.6816805555555555,3.976,0.152,0.6105469568813058,1
2010-06-27,3,Moderate Consumption Pattern,0.7916416666666666,4.486,0.152,0.7398992508374728,1
2010-06-28,3,Moderate Consumption Pattern,1.021763888888889,3.242,0.166,0.7065803718655393,0
2010-06-29,3,Moderate Consumption Pattern,0.9503770833333333,5.104,0.156,0.8258566257268567,0
2010-06-30,0,Low Consumption Pattern,0.9612055555555555,3.736,0.15,0.6215817407451462,0
2010-07-01,3,Moderate Consumption Pattern,0.9368069444444445,5.404,0.208,0.7252895586871654,0
2010-07-02,0,Low Consumption Pattern,0.7923111111111112,4.07,0.196,0.5819560583092118,0
2010-07-03,0,Low Consumption Pattern,0.7778291666666667,3.286,0.224,0.5853032914640157,1
2010-07-04,1,High Consumption Pattern,1.0681166666666666,3.394,0.174,0.7356311224366665,1
2010-07-05,0,Low Consumption Pattern,0.7736041666666666,4.428,0.168,0.6631070559110548,0
2010-07-06,0,Low Consumption Pattern,0.6985652777777778,2.368,0.16,0.5145185892080537,0
2010-07-07,0,Low Consumption Pattern,0.5797138888888889,3.712,0.16,0.5720671185553234,0
2010-07-08,3,Moderate Consumption Pattern,0.8421194444444444,5.126,0.158,0.7651544437319309,0
2010-07-09,0,Low Consumption Pattern,0.7524152777777778,2.392,0.164,0.477475294824141,0
2010-07-10,3,Moderate Consumption Pattern,0.8017388888888888,3.906,0.158,0.694928835239558,1
2010-07-11,3,Moderate Consumption Pattern,0.8288694444444445,4.632,0.162,0.7087783730542924,1
2010-07-12,3,Moderate Consumption Pattern,0.7705375000000001,3.758,0.174,0.6358109451787015,0
2010-07-13,3,Moderate Consumption Pattern,0.9598013888888889,5.016,0.174,0.8290700112344542,0
2010-07-14,3,Moderate Consumption Pattern,0.9788,5.902,0.208,0.9036186346192355,0
2010-07-15,3,Moderate Consumption Pattern,1.1359812500000002,4.676,0.18,0.7877970218702602,0
2010-07-16,0,Low Consumption Pattern,0.5694833333333333,2.376,0.152,0.4277741927374803,0
2010-07-17,0,Low Consumption Pattern,0.5599666666666666,2.766,0.154,0.45061569986470607,1
2010-07-18,0,Low Consumption Pattern,0.5639152777777778,2.626,0.154,0.47720089115999986,1
2010-07-19,0,Low Consumption Pattern,0.5563597222222222,2.474,0.15,0.4613671029213274,0
2010-07-20,0,Low Consumption Pattern,0.5943222222222222,2.676,0.154,0.4556684255352839,0
2010-07-21,0,Low Consumption Pattern,0.7390041666666666,3.728,0.15,0.7399283589342331,0
2010-07-22,0,Low Consumption Pattern,0.8086430555555555,3.344,0.242,0.6934365902854696,0
2010-07-23,0,Low Consumption Pattern,0.8167763888888888,3.66,0.24,0.5835508234797492,0
2010-07-24,0,Low Consumption Pattern,0.6400472222222222,3.162,0.242,0.4633535107003189,1
2010-07-25,3,Moderate Consumption Pattern,0.7850069444444445,5.916,0.24,0.721219166978818,1
2010-07-26,0,Low Consumption Pattern,0.6139930555555555,3.508,0.156,0.6405129350494335,0
2010-07-27,0,Low Consumption Pattern,0.6613611111111111,3.572,0.15,0.5824760525442286,0
2010-07-28,0,Low Consumption Pattern,0.5990652777777777,4.21,0.15,0.6064575833983397,0
2010-07-29,0,Low Consumption Pattern,0.38132222222222223,2.162,0.15,0.34096025385788453,0
2010-07-30,0,Low Consumption Pattern,0.38281944444444443,2.044,0.15,0.34713169678098493,0
2010-07-31,0,Low Consumption Pattern,0.38515,2.03,0.15,0.3343324794426723,1
2010-08-01,0,Low Consumption Pattern,0.38587777777777776,2.08,0.15,0.33713619827019237,1
2010-08-02,0,Low Consumption Pattern,0.38158472222222223,2.04,0.15,0.3420827225460981,0
2010-08-03,0,Low Consumption Pattern,0.42723055555555556,2.052,0.154,0.3416349313329203,0
2010-08-04,0,Low Consumption Pattern,0.37733055555555556,2.06,0.154,0.3403060498195985,0
2010-08-05,0,Low Consumption Pattern,0.37046944444444446,1.914,0.154,0.3294310240727958,0
2010-08-06,0,Low Consumption Pattern,0.36440694444444444,1.716,0.152,0.32432205179488155,0
2010-08-07,0,Low Consumption Pattern,0.36630277777777775,1.988,0.154,0.331401526098282,1
2010-08-08,0,Low Consumption Pattern,0.3669861111111111,1.984,0.152,0.33086235559159344,1
2010-08-09,0,Low Consumption Pattern,0.3715722222222222,1.93,0.152,0.32945549080738273,0
2010-08-10,0,Low Consumption Pattern,0.3783041666666667,2.094,0.152,0.3485987344719848,0
2010-08-11,0,Low Consumption Pattern,0.3763902777777777,1.992,0.15,0.340534543482737,0
2010-08-12,0,Low Consumption Pattern,0.3678458333333333,2.038,0.152,0.33331904903086207,0
2010-08-13,0,Low Consumption Pattern,0.37103749999999996,1.974,0.152,0.3322317379634517,0
2010-08-14,0,Low Consumption Pattern,0.3849097222222222,1.984,0.154,0.36659665749557435,1
2010-08-15,3,Moderate Consumption Pattern,0.7333236111111112,4.78,0.154,0.773961613396474,1
2010-08-16,0,Low Consumption Pattern,0.7845347222222222,3.242,0.164,0.6429229726481885,0
2010-08-17,0,Low Consumption Pattern,0.775120443740095,4.378,0.16,0.6290710317285269,0
2010-08-23,0,Low Consumption Pattern,0.5348314606741573,2.26,0.17,0.43892176674545647,0
2010-08-24,0,Low Consumption Pattern,0.5020472222222222,2.136,0.17,0.4338327311651596,0
2010-08-25,3,Moderate Consumption Pattern,0.6808388888888889,3.948,0.17,0.6514068223801301,0
2010-08-26,0,Low Consumption Pattern,0.5258694444444444,3.33,0.17,0.45787704168930965,0
2010-08-27,2,Peak-Heavy Pattern,1.4101736111111112,5.33,0.174,1.143513435637043,0
2010-08-28,1,High Consumption Pattern,1.0019833333333332,5.042,0.172,0.8880715525329858,1
2010-08-29,1,High Consumption Pattern,1.1586666666666667,5.578,0.174,1.0117716811004647,1
2010-08-30,3,Moderate Consumption Pattern,1.0380569444444443,5.12,0.172,0.8163033913784291,0
2010-08-31,3,Moderate Consumption Pattern,0.9479902777777778,4.624,0.174,0.7604378552278805,0
2010-09-01,1,High Consumption Pattern,1.1064708333333333,4.796,0.172,0.8818372210820732,0
2010-09-02,1,High Consumption Pattern,0.9670083333333334,4.486,0.172,0.7174583739465824,0
2010-09-03,3,Moderate Consumption Pattern,0.9350097222222222,5.5,0.176,0.722081020800533,0
2010-09-04,1,High Consumption Pattern,1.2109999999999999,4.808,0.174,0.8689068192036771,1
2010-09-05,3,Moderate Consumption Pattern,0.9187625,4.352,0.162,0.792392072905149,1
2010-09-06,3,Moderate Consumption Pattern,0.9881083333333334,5.074,0.16,0.8296527598614953,0
2010-09-07,1,High Consumption Pattern,1.0082319444444445,5.192,0.16,0.8834113102664637,0
2010-09-08,3,Moderate Consumption Pattern,0.9054249999999999,4.13,0.186,0.7798210784881887,0
2010-09-09,3,Moderate Consumption Pattern,0.8602180555555555,6.426,0.156,0.8053318876659239,0
2010-09-10,3,Moderate Consumption Pattern,0.9222972222222222,4.396,0.158,0.8901940574363493,0
2010-09-11,3,Moderate Consumption Pattern,1.0161875,3.788,0.16,0.7649165871192583,1
2010-09-12,3,Moderate Consumption Pattern,1.1195083333333333,5.156,0.142,0.907533769436995,1
2010-09-13,3,Moderate Consumption Pattern,0.7474444444444444,3.848,0.142,0.7001472155112489,0
2010-09-14,3,Moderate Consumption Pattern,0.993526388888889,4.804,0.138,0.8781794869250177,0
2010-09-15,0,Low Consumption Pattern,0.6847875,3.384,0.14,0.6182421576649765,0
2010-09-16,3,Moderate Consumption Pattern,0.9303736111111112,5.28,0.14,0.8209161863355149,0
2010-09-17,3,Moderate Consumption Pattern,1.0400055555555556,5.758,0.14,1.103572015707972,0
2010-09-18,3,Moderate Consumption Pattern,0.8666291666666666,2.974,0.144,0.6697313381541643,1
2010-09-19,0,Low Consumption Pattern,0.6386111111111111,3.762,0.138,0.6892631703595176,1
2010-09-20,1,High Consumption Pattern,1.1686333333333334,6.17,0.146,0.9115615657303384,0
2010-09-21,3,Moderate Consumption Pattern,0.7717888888888889,3.636,0.14,0.7148863771191647,0
2010-09-22,3,Moderate Consumption Pattern,1.0488847222222222,4.484,0.146,0.8405596454898681,0
2010-09-23,3,Moderate Consumption Pattern,1.0068486111111112,3.92,0.142,0.7749204317006655,0
2010-09-24,3,Moderate Consumption Pattern,0.9222166666666667,3.952,0.14,0.772648312720224,0
2010-09-29,1,High Consumption Pattern,1.1697402777777777,4.422,0.238,0.7078752922445577,0
2010-09-30,1,High Consumption Pattern,0.8668597222222222,3.932,0.242,0.623792166427552,0
2010-10-01,1,High Consumption Pattern,1.045013888888889,4.136,0.234,0.8038066209562698,0
2010-10-02,2,Peak-Heavy Pattern,1.3355930555555555,6.414,0.238,1.1501900974497248,1
2010-10-03,2,Peak-Heavy Pattern,1.2713083333333333,6.796,0.24,1.1785037565950087,1
2010-10-04,1,High Consumption Pattern,1.2333055555555557,5.212,0.25,0.9173914833984789,0
2010-10-05,1,High Consumption Pattern,1.2879333333333334,5.252,0.238,0.8039250073067605,0
2010-10-06,1,High Consumption Pattern,0.913511111111111,4.174,0.244,0.7185912207058226,0
2010-10-07,1,High Consumption Pattern,1.2569124999999999,4.94,0.236,0.9248393722543693,0
2010-10-08,1,High Consumption Pattern,1.0489277777777777,5.226,0.238,0.8133990626292203,0
2010-10-09,1,High Consumption Pattern,1.1192916666666666,4.048,0.304,0.7597949274821847,1
2010-10-10,2,Peak-Heavy Pattern,1.3881277777777778,6.892,0.334,1.192989354546708,1
2010-10-11,1,High Consumption Pattern,1.126798611111111,6.158,0.274,0.9904536572970528,0
2010-10-12,1,High Consumption Pattern,1.0970083333333334,5.696,0.26,0.9155778877786954,0
2010-10-13,1,High Consumption Pattern,1.4401986111111111,3.962,0.25,0.9247615229643057,0
2010-10-14,2,Peak-Heavy Pattern,1.482723611111111,6.298,0.26,1.2936264378348172,0
2010-10-15,1,High Consumption Pattern,1.1085583333333333,4.238,0.262,0.7625222543603029,0
2010-10-16,0,Low Consumption Pattern,0.6944541666666667,3.35,0.246,0.6232709982826152,1
2010-10-17,0,Low Consumption Pattern,0.7273486111111112,4.326,0.242,0.7389983383783324,1
2010-10-18,2,Peak-Heavy Pattern,1.8846416666666668,6.29,0.248,1.5569328089029724,0
2010-10-19,2,Peak-Heavy Pattern,1.3374847222222224,6.492,0.248,1.182055715626952,0
2010-10-20,1,High Consumption Pattern,1.199975,4.978,0.256,0.9723050390798933,0
2010-10-21,1,High Consumption Pattern,0.9411097222222223,4.762,0.254,0.881249295896254,0
2010-10-22,1,High Consumption Pattern,1.1589527777777777,4.642,0.252,0.7346682652020496,0
2010-10-23,2,Peak-Heavy Pattern,1.592525,6.234,0.25,1.1505859555331746,1
2010-10-24,2,Peak-Heavy Pattern,1.6613222222222224,6.172,0.29,1.1741969942470225,1
2010-10-25,1,High Consumption Pattern,0.8078416666666666,5.422,0.25,0.6162175616791122,0
2010-10-26,0,Low Consumption Pattern,0.6568777777777778,4.616,0.246,0.7143673323562579,0
2010-10-27,1,High Consumption Pattern,0.8751930555555556,4.29,0.258,0.7441371244558602,0
2010-10-28,1,High Consumption Pattern,1.0161986111111112,5.294,0.258,0.9022337237569762,0
2010-10-29,0,Low Consumption Pattern,0.8364041666666667,4.054,0.25,0.586760139473696,0
2010-10-30,1,High Consumption Pattern,1.4949305555555554,5.02,0.256,1.0739598944089388,1
2010-10-31,1,High Consumption Pattern,1.025298611111111,4.7,0.26,0.8120340197300258,1
2010-11-01,0,Low Consumption Pattern,0.9605416666666667,2.86,0.256,0.572570824615465,0
2010-11-02,0,Low Consumption Pattern,0.8271402777777779,3.146,0.25,0.6123411025692168,0
2010-11-03,1,High Consumption Pattern,0.8981236111111112,5.026,0.252,0.8200729191790377,0
2010-11-04,2,Peak-Heavy Pattern,1.7744069444444446,8.126,0.272,1.7019491923036802,0
2010-11-05,1,High Consumption Pattern,1.2056166666666666,5.374,0.266,0.7615713120761223,0
2010-11-06,1,High Consumption Pattern,1.2537555555555555,4.896,0.262,0.9177719409629338,1
2010-11-07,1,High Consumption Pattern,1.1623722222222221,3.338,0.254,0.7849283481987626,1
2010-11-08,1,High Consumption Pattern,1.2677361111111112,5.51,0.254,0.8926426864964169,0
2010-11-09,1,High Consumption Pattern,1.4042347222222222,5.644,0.254,1.1151637531908831,0
2010-11-10,2,Peak-Heavy Pattern,1.3517597222222224,7.638,0.256,1.171759945977182,0
2010-11-11,3,Moderate Consumption Pattern,1.231661111111111,5.506,0.23,1.0233135575108738,0
2010-11-12,1,High Consumption Pattern,1.2755708333333333,4.78,0.22,0.9297631143288614,0
2010-11-13,1,High Consumption Pattern,1.4049819444444445,5.02,0.234,0.9319406308843333,1
2010-11-14,2,Peak-Heavy Pattern,1.41555,4.946,0.226,1.091845637777539,1
2010-11-15,1,High Consumption Pattern,1.2134597222222223,7.656,0.226,1.069142694510781,0
2010-11-16,1,High Consumption Pattern,1.0484361111111111,4.27,0.226,0.8575361015593274,0
2010-11-17,1,High Consumption Pattern,1.0986333333333334,5.234,0.226,0.8478016695445676,0
2010-11-18,1,High Consumption Pattern,1.1473277777777777,4.602,0.214,0.9210788509566165,0
2010-11-19,1,High Consumption Pattern,1.0905555555555557,4.282,0.218,0.6540658083805735,0
2010-11-20,2,Peak-Heavy Pattern,1.525698611111111,9.724,0.218,1.3604261077752904,1
2010-11-21,0,Low Consumption Pattern,0.6256319444444445,3.236,0.21,0.5707234092094917,1
2010-11-22,2,Peak-Heavy Pattern,1.4177333333333333,5.938,0.222,1.1739191221506433,0
2010-11-23,1,High Consumption Pattern,1.095511111111111,4.628,0.216,0.8745303132614786,0
2010-11-24,1,High Consumption Pattern,1.2473944444444445,5.75,0.218,0.8896820960740668,0
2010-11-25,1,High Consumption Pattern,0.9938638888888889,5.074,0.214,0.8320542481956276,0
2010-11-26,1,High Consumption Pattern,1.1782296120348377,4.242,0.214,0.8440189915941234,0
