Datetime,Actual,Predicted_LSTM,Predicted_XGBoost,actual_high_demand,actual_peak,actual_extreme_peak,pred_peak_lstm,pred_peak_xgboost
2010-04-18 18:00:00,1.2978518518518518,1.3079140623526442,1.2422597688333332,False,False,False,False,False
2010-04-18 19:00:00,1.6653999999999998,1.6666603255666792,1.6636419083333331,True,False,False,False,False
2010-04-18 20:00:00,1.8225666666666667,1.83201704954654,1.8067015483333333,True,False,False,False,False
2010-04-18 21:00:00,2.1953,2.2144198272496465,2.17566393,True,False,False,False,False
2010-04-18 22:00:00,1.1287999999999998,1.1611869875125587,1.1047828173333334,False,False,False,False,False
2010-04-18 23:00:00,0.5014,0.5171707927159965,0.4888653371666667,False,False,False,False,False
2010-04-19 00:00:00,0.37879999999999997,0.3930549533847719,0.3736725023333333,False,False,False,False,False
2010-04-19 01:00:00,0.36163333333333336,0.37638822595849625,0.3601298976666667,False,False,False,False,False
2010-04-19 02:00:00,0.44126666666666664,0.45564130845554174,0.4391931515,False,False,False,False,False
2010-04-19 03:00:00,0.3892,0.401630119779706,0.38283664483333335,False,False,False,False,False
2010-04-19 04:00:00,0.3544333333333333,0.3657784855749458,0.347537184,False,False,False,False,False
2010-04-19 05:00:00,0.31926666666666664,0.33351301739960904,0.3142480601666667,False,False,False,False,False
2010-04-19 06:00:00,1.0650666666666666,1.0734958201386036,1.0594855923333333,False,False,False,False,False
2010-04-19 07:00:00,0.5800333333333333,0.6194517596606166,0.5912450956666666,False,False,False,False,False
2010-04-19 08:00:00,0.3746333333333333,0.38101672123074526,0.36888247316666667,False,False,False,False,False
2010-04-19 09:00:00,1.0735999999999999,1.087646501817182,1.069329084,False,False,False,False,False
2010-04-19 10:00:00,2.2938,2.291614063692093,2.2787079416666667,True,False,False,False,False
2010-04-19 11:00:00,1.7982666666666667,1.8115400000534951,1.786993545,True,False,False,False,False
2010-04-19 12:00:00,1.6997333333333333,1.7105109829939904,1.6989679033333334,True,False,False,False,False
2010-04-19 13:00:00,1.5137,1.5162846230231226,1.509975215,True,False,False,False,False
2010-04-19 14:00:00,1.4145333333333334,1.4270183054871857,1.4066144516666665,False,False,False,False,False
2010-04-19 15:00:00,1.4509666666666667,1.4640707036435605,1.4497063783333333,True,False,False,False,False
2010-04-19 16:00:00,1.4736666666666667,1.4848280364833772,1.4670855816666666,True,False,False,False,False
2010-04-19 17:00:00,2.682733333333333,2.6276117278523743,2.6684769483333333,True,True,False,True,True
2010-04-19 18:00:00,2.1485333333333334,2.182418999417126,2.1420888771666666,True,False,False,False,False
2010-04-19 19:00:00,2.1934666666666667,2.173267010882124,2.196970509166667,True,False,False,False,False
2010-04-19 20:00:00,1.8416333333333335,1.80215002717264,1.8301318216666667,True,False,False,False,False
2010-04-19 21:00:00,1.6705,1.648892676729709,1.657254651,True,False,False,False,False
2010-04-19 22:00:00,0.6129333333333332,0.6298217640988529,0.5926507211666667,False,False,False,False,False
2010-04-19 23:00:00,0.3441666666666666,0.3597404376156628,0.3368444238333333,False,False,False,False,False
2010-04-20 00:00:00,1.0682666666666667,1.0755474547334016,1.0627258176666667,False,False,False,False,False
2010-04-20 01:00:00,0.4288666666666667,0.44114795110076666,0.4253718743333333,False,False,False,False,False
2010-04-20 02:00:00,0.4137,0.4202749585162848,0.4078806033333333,False,False,False,False,False
2010-04-20 03:00:00,0.3510333333333333,0.36138542131856083,0.3446522828333334,False,False,False,False,False
2010-04-20 04:00:00,0.3545,0.36817984956577415,0.3507120498333334,False,False,False,False,False
2010-04-20 05:00:00,0.3012666666666666,0.3111267779886722,0.298193576,False,False,False,False,False
2010-04-20 06:00:00,0.44443333333333335,0.4416352887291461,0.4435223095,False,False,False,False,False
2010-04-20 07:00:00,1.7821,1.777252403572947,1.7743086366666667,True,False,False,False,False
2010-04-20 08:00:00,1.5909000000000002,1.5976179438576104,1.6112695883333332,True,False,False,False,False
2010-04-20 09:00:00,1.8861333333333332,1.911102905046195,1.9248097666666666,True,False,False,False,False
2010-04-20 10:00:00,1.8644666666666665,1.8702155136063694,1.8587467866666667,True,False,False,False,False
2010-04-20 11:00:00,1.5847666666666667,1.5986393828421832,1.5737428166666667,True,False,False,False,False
2010-04-20 12:00:00,1.5754666666666668,1.5796924069151284,1.5674552183333332,True,False,False,False,False
2010-04-20 13:00:00,1.6598666666666666,1.6607572598122062,1.655265845,True,False,False,False,False
2010-04-20 14:00:00,1.4857333333333334,1.500081525593996,1.4759904033333333,True,False,False,False,False
2010-04-20 15:00:00,1.4511333333333334,1.4663117043830456,1.4426450350000002,True,False,False,False,False
2010-04-20 16:00:00,1.5280333333333334,1.5496117861084642,1.520221125,True,False,False,False,False
2010-04-20 17:00:00,1.5625333333333333,1.5795199367783965,1.5526472183333333,True,False,False,False,False
2010-04-20 18:00:00,1.2556333333333332,1.2671891486417504,1.2445572611666667,False,False,False,False,False
2010-04-20 19:00:00,1.406,1.4178233575008812,1.4136723668333333,False,False,False,False,False
2010-04-20 20:00:00,2.4154,2.378830502347648,2.4008585266666667,True,True,False,True,True
2010-04-20 21:00:00,2.270566666666667,2.273825807157159,2.253837505,True,False,False,False,False
2010-04-20 22:00:00,1.4235333333333335,1.422654553431645,1.4108756743333333,False,False,False,False,False
2010-04-20 23:00:00,0.45613333333333334,0.46705838393717997,0.45376939099999997,False,False,False,False,False
2010-04-21 00:00:00,0.9508333333333333,0.9459808875206858,0.9371157698333333,False,False,False,False,False
2010-04-21 01:00:00,0.7458333333333333,0.7728613826662302,0.7400197701666666,False,False,False,False,False
2010-04-21 02:00:00,0.3594666666666667,0.3759396244652569,0.35254509533333334,False,False,False,False,False
2010-04-21 03:00:00,0.31770000000000004,0.33128033435717225,0.31041787516666663,False,False,False,False,False
2010-04-21 04:00:00,0.41733333333333333,0.4329739915113896,0.416112628,False,False,False,False,False
2010-04-21 05:00:00,0.4200666666666667,0.4360626532286406,0.42351719233333335,False,False,False,False,False
2010-04-21 06:00:00,0.47276666666666667,0.4894126816906035,0.47803754416666666,False,False,False,False,False
2010-04-21 07:00:00,1.1233333333333333,1.137048495048657,1.118942325,False,False,False,False,False
2010-04-21 08:00:00,1.4977333333333334,1.5102784584261477,1.4906709266666667,True,False,False,False,False
2010-04-21 09:00:00,1.2514333333333334,1.2545126093659549,1.2336465583333334,False,False,False,False,False
2010-04-21 10:00:00,1.7870333333333333,1.793000244253874,1.7748116866666666,True,False,False,False,False
2010-04-21 11:00:00,1.7057,1.7159858025692403,1.6950143,True,False,False,False,False
2010-04-21 12:00:00,1.4616333333333331,1.4854573558561506,1.4614905249999999,True,False,False,False,False
2010-04-21 13:00:00,1.4520666666666666,1.4696117520585656,1.451194505,True,False,False,False,False
2010-04-21 14:00:00,1.5217999999999998,1.5289437052853405,1.5171258183333334,True,False,False,False,False
2010-04-21 15:00:00,0.9395,0.9706567616462708,0.9359694878333333,False,False,False,False,False
2010-04-21 16:00:00,0.4578333333333333,0.4798409546472132,0.45606986299999996,False,False,False,False,False
2010-04-21 17:00:00,1.2767333333333333,1.2813350014198572,1.2694397178333332,False,False,False,False,False
2010-04-21 18:00:00,1.3145666666666667,1.3440036302283407,1.3051177884999998,False,False,False,False,False
2010-04-21 19:00:00,0.5893333333333334,0.593762579760328,0.5780561888333333,False,False,False,False,False
2010-04-21 20:00:00,1.2490999999999999,1.2495622484341264,1.2410399273333332,False,False,False,False,False
2010-04-21 21:00:00,1.6814666666666664,1.6866305099092425,1.66542135,True,False,False,False,False
2010-04-21 22:00:00,1.5153333333333334,1.5284692371807995,1.4988689766666667,True,False,False,False,False
2010-04-21 23:00:00,1.8233,1.8411316269621252,1.793217016,True,False,False,False,False
2010-04-22 00:00:00,0.6506000000000001,0.675304238056764,0.6382645608333333,False,False,False,False,False
2010-04-22 01:00:00,0.36979999999999996,0.3852865988027304,0.36648474733333336,False,False,False,False,False
2010-04-22 02:00:00,0.4421,0.44954676009751854,0.4349611018333333,False,False,False,False,False
2010-04-22 03:00:00,0.41696666666666665,0.43333000650219616,0.41473887849999996,False,False,False,False,False
2010-04-22 04:00:00,0.9284333333333333,0.9398927893556654,0.9276591806666666,False,False,False,False,False
2010-04-22 05:00:00,0.4116666666666667,0.45020758974328634,0.4112508678333333,False,False,False,False,False
2010-04-22 06:00:00,0.3484,0.37053101589828724,0.34348462533333335,False,False,False,False,False
2010-04-22 07:00:00,0.4622,0.4702308995351195,0.4567772925,False,False,False,False,False
2010-04-22 08:00:00,0.8830666666666667,0.9003119127988816,0.8988279553333334,False,False,False,False,False
2010-04-22 09:00:00,1.7109666666666667,1.7111684404335918,1.6965138358333334,True,False,False,False,False
2010-04-22 10:00:00,1.8938,1.904909393376112,1.8775367600000001,True,False,False,False,False
2010-04-22 11:00:00,2.0479333333333334,2.0392856243282558,2.0531752583333334,True,False,False,False,False
2010-04-22 12:00:00,2.2072999999999996,2.167376169975102,2.19723316,True,False,False,False,False
2010-04-22 13:00:00,1.9410999999999998,1.900599981367588,1.9310391633333335,True,False,False,False,False
2010-04-22 14:00:00,1.5782333333333334,1.6022703566238286,1.5779909866666666,True,False,False,False,False
2010-04-22 15:00:00,1.4151333333333334,1.4370098128743471,1.4180222366666666,False,False,False,False,False
2010-04-22 16:00:00,1.465,1.4802779503196477,1.4611251466666666,True,False,False,False,False
2010-04-22 17:00:00,1.0300333333333334,1.0635063523977994,1.0246030868333333,False,False,False,False,False
2010-04-22 18:00:00,0.4885333333333334,0.4924407143369317,0.4786410905,False,False,False,False,False
2010-04-22 19:00:00,0.5151,0.5384035325560718,0.505722401,False,False,False,False,False
2010-04-22 20:00:00,0.8746333333333334,0.8606906740136445,0.8667274605,False,False,False,False,False
2010-04-22 21:00:00,1.4799,1.5404586515583099,1.474609377,True,False,False,False,False
2010-04-22 22:00:00,0.3690333333333333,0.3853600363589823,0.36569975916666664,False,False,False,False,False
2010-04-22 23:00:00,0.41846666666666665,0.42915407679714257,0.4148870593333333,False,False,False,False,False
2010-04-23 00:00:00,0.3996,0.40704701998233794,0.39804351816666667,False,False,False,False,False
2010-04-23 01:00:00,0.3092333333333333,0.32655010092109443,0.3077369386666667,False,False,False,False,False
2010-04-23 02:00:00,0.3478,0.3672768719248473,0.34482003699999997,False,False,False,False,False
2010-04-23 03:00:00,0.3451666666666667,0.3632959849458188,0.34205969633333333,False,False,False,False,False
2010-04-23 04:00:00,0.369,0.38469340874068436,0.36668541883333333,False,False,False,False,False
2010-04-23 05:00:00,0.39759999999999995,0.40524076636619866,0.3932723573333333,False,False,False,False,False
2010-04-23 06:00:00,1.3673333333333335,1.3682575862906874,1.3462456971666665,False,False,False,False,False
2010-04-23 07:00:00,0.8757333333333334,0.8833758786700666,0.8629207461666667,False,False,False,False,False
2010-04-23 08:00:00,1.7224333333333335,1.7236287278160454,1.7176789966666666,True,False,False,False,False
2010-04-23 09:00:00,1.5311666666666668,1.5475542136326434,1.5239493633333334,True,False,False,False,False
2010-04-23 10:00:00,1.5628,1.5720837661072613,1.5524233139999999,True,False,False,False,False
2010-04-23 11:00:00,1.4343333333333335,1.4463271272972227,1.43075148,True,False,False,False,False
2010-04-23 12:00:00,1.4431666666666667,1.4615418782152234,1.4354568683333333,True,False,False,False,False
2010-04-23 13:00:00,1.4595,1.482310044361651,1.4538507733333332,True,False,False,False,False
2010-04-23 14:00:00,1.5598666666666667,1.5620208285763861,1.5565503666666667,True,False,False,False,False
2010-04-23 15:00:00,0.7483333333333333,0.7803534680407495,0.774336081,False,False,False,False,False
2010-04-23 16:00:00,0.4193,0.4403357665274292,0.4188992971666667,False,False,False,False,False
2010-04-23 17:00:00,0.4064333333333333,0.42276225306876003,0.3972448631666667,False,False,False,False,False
2010-04-23 18:00:00,0.3511666666666667,0.3675704095438122,0.3462550016666667,False,False,False,False,False
2010-04-23 19:00:00,0.8642,0.8601375732213259,0.8596255661666666,False,False,False,False,False
2010-04-23 20:00:00,0.6341,0.6754629100613295,0.6318803063333333,False,False,False,False,False
2010-04-23 21:00:00,0.41159999999999997,0.4314685006905347,0.41548842,False,False,False,False,False
2010-04-23 22:00:00,0.36393333333333333,0.3792970675423741,0.362209657,False,False,False,False,False
2010-04-23 23:00:00,0.3518,0.36816079457774753,0.35043135633333333,False,False,False,False,False
2010-04-24 00:00:00,0.30253333333333327,0.30656891661621627,0.3000586335,False,False,False,False,False
2010-04-24 01:00:00,0.39263333333333333,0.3997707263119519,0.39402121616666663,False,False,False,False,False
2010-04-24 02:00:00,0.43456666666666666,0.44435127948671577,0.4364645696666667,False,False,False,False,False
2010-04-24 03:00:00,0.37709999999999994,0.3893936331767589,0.3753039975,False,False,False,False,False
2010-04-24 04:00:00,0.35189999999999994,0.3623682044096291,0.34530668933333336,False,False,False,False,False
2010-04-24 05:00:00,1.0910333333333333,1.1055742553491146,1.0852857015,False,False,False,False,False
2010-04-24 06:00:00,0.3794666666666667,0.39325869718454776,0.3746125745,False,False,False,False,False
2010-04-24 07:00:00,0.41296666666666665,0.42470402520559725,0.41603618566666667,False,False,False,False,False
2010-04-24 08:00:00,0.34476666666666667,0.35560901321358973,0.3454349781666667,False,False,False,False,False
2010-04-24 09:00:00,0.3543333333333333,0.36119412937462325,0.3508372906666667,False,False,False,False,False
2010-04-24 10:00:00,0.3441,0.35346721239611506,0.34117399233333334,False,False,False,False,False
2010-04-24 11:00:00,0.3547666666666667,0.35591831179857253,0.35094014383333333,False,False,False,False,False
2010-04-24 12:00:00,0.5296333333333333,0.5440668164148926,0.5312882325,False,False,False,False,False
2010-04-24 13:00:00,0.6028,0.6164861865546555,0.6013853916666666,False,False,False,False,False
2010-04-24 14:00:00,0.5429999999999999,0.5586693490300327,0.5382994648333334,False,False,False,False,False
2010-04-24 15:00:00,1.2421333333333335,1.2459271356929094,1.2381404563333334,False,False,False,False,False
2010-04-24 16:00:00,0.6988,0.7321686073686927,0.7183426105,False,False,False,False,False
2010-04-24 17:00:00,1.6808333333333334,1.633005656589195,1.7800736735,True,False,False,False,False
2010-04-24 18:00:00,2.4453,2.445107518631965,2.5115677416666666,True,True,False,True,True
2010-04-24 19:00:00,2.4780666666666664,2.407402536515147,2.492148665,True,True,False,True,True
2010-04-24 20:00:00,2.0275000000000003,2.0423128188952804,2.0234984799999998,True,False,False,False,False
2010-04-24 21:00:00,3.143333333333333,3.0850378244400023,3.1820287616666665,True,True,True,True,True
2010-04-24 22:00:00,3.0312,3.007692983363569,3.0647468566666665,True,True,False,True,True
2010-04-24 23:00:00,1.7442,1.7264847594305874,1.7458111316666667,True,False,False,False,False
2010-04-25 00:00:00,1.6366333333333332,1.610992376870662,1.6279272216666667,True,False,False,False,False
2010-04-25 01:00:00,2.7611333333333334,2.6692592832818627,2.73933108,True,True,False,True,True
2010-04-25 02:00:00,1.9335333333333333,1.902862640490383,1.9173315016666665,True,False,False,False,False
2010-04-25 03:00:00,1.6507333333333334,1.6277728039510548,1.6418173583333333,True,False,False,False,False
2010-04-25 04:00:00,1.8659999999999999,1.8165637395605445,1.839033585,True,False,False,False,False
2010-04-25 05:00:00,1.7733666666666668,1.797348158530891,1.76504631,True,False,False,False,False
2010-04-25 06:00:00,0.4262666666666667,0.4680035549618304,0.43364579600000003,False,False,False,False,False
2010-04-25 07:00:00,0.4166333333333333,0.4292336737561971,0.41974427383333335,False,False,False,False,False
2010-04-25 08:00:00,0.42106666666666664,0.42649553493559356,0.42130390516666666,False,False,False,False,False
2010-04-25 09:00:00,0.4200333333333333,0.42626402067169544,0.41820421166666666,False,False,False,False,False
2010-04-25 10:00:00,1.9056666666666666,1.8533035183627158,1.9002036046666668,True,False,False,False,False
2010-04-25 11:00:00,1.8239333333333334,1.8173230970188976,1.8217738776666665,True,False,False,False,False
2010-04-25 12:00:00,1.9839666666666667,2.0088008120015264,1.9775748,True,False,False,False,False
2010-04-25 13:00:00,1.9141333333333332,1.9468618025526405,1.9070028333333333,True,False,False,False,False
2010-04-25 14:00:00,0.7066,0.746961934703961,0.6942888325,False,False,False,False,False
2010-04-25 15:00:00,0.4285333333333333,0.4442280715417117,0.4188917935,False,False,False,False,False
2010-04-25 16:00:00,0.44393333333333335,0.45624032255150376,0.43806768349999997,False,False,False,False,False
2010-04-25 17:00:00,0.3283,0.3416269370425492,0.3268256958333334,False,False,False,False,False
2010-04-25 18:00:00,0.3827666666666667,0.39654790263772005,0.3787748735,False,False,False,False,False
2010-04-25 19:00:00,0.4353666666666667,0.4497160095956176,0.43519308516666666,False,False,False,False,False
2010-04-25 20:00:00,0.3683333333333333,0.38382190433815117,0.361731708,False,False,False,False,False
2010-04-25 21:00:00,0.36783333333333335,0.3789801672626287,0.3636182293333333,False,False,False,False,False
2010-04-25 22:00:00,0.9214333333333332,0.9465906574249268,0.9160830236666667,False,False,False,False,False
2010-04-25 23:00:00,0.39616666666666667,0.41147890815958377,0.3911298675,False,False,False,False,False
2010-04-26 00:00:00,0.41950000000000004,0.4318596004791557,0.4176325951666667,False,False,False,False,False
2010-04-26 01:00:00,0.3576,0.37506516209542745,0.35304620216666666,False,False,False,False,False
2010-04-26 02:00:00,0.3525,0.3709603628281503,0.347118236,False,False,False,False,False
2010-04-26 03:00:00,0.36146666666666666,0.38485351274982094,0.3562665126666667,False,False,False,False,False
2010-04-26 04:00:00,0.3989333333333333,0.4114237519796937,0.40123679533333334,False,False,False,False,False
2010-04-26 05:00:00,0.3567,0.3744062273867428,0.3510522475,False,False,False,False,False
2010-04-26 06:00:00,0.35583333333333333,0.3719185206528753,0.3488445805,False,False,False,False,False
2010-04-26 07:00:00,0.35833333333333334,0.3762649281702935,0.35240365783333333,False,False,False,False,False
2010-04-26 08:00:00,1.1722333333333335,1.1882796718008817,1.1721654136666666,False,False,False,False,False
2010-04-26 09:00:00,0.5755666666666667,0.5939774318829179,0.5790234861666667,False,False,False,False,False
2010-04-26 10:00:00,0.399,0.42845502127073704,0.4018266068333333,False,False,False,False,False
2010-04-26 11:00:00,0.5157666666666666,0.536325271454826,0.5094898615,False,False,False,False,False
2010-04-26 12:00:00,0.41466666666666663,0.43456222037412223,0.4145506935,False,False,False,False,False
2010-04-26 13:00:00,0.5905666666666666,0.5978969154935331,0.5898483046666667,False,False,False,False,False
2010-04-26 14:00:00,0.4247666666666667,0.41501401924826203,0.42379947166666665,False,False,False,False,False
2010-04-26 15:00:00,1.7113666666666667,1.7352416923329235,1.6984052036666666,True,False,False,False,False
2010-04-26 16:00:00,0.9776,0.9975362192194909,0.9702273263333333,False,False,False,False,False
2010-04-26 17:00:00,0.376,0.39479204008281227,0.37604051183333337,False,False,False,False,False
2010-04-26 18:00:00,0.4851333333333333,0.48167741958200927,0.4829153508333333,False,False,False,False,False
2010-04-26 19:00:00,1.4830333333333334,1.5134158789388836,1.4830297216666668,True,False,False,False,False
2010-04-26 20:00:00,1.4643000000000002,1.479763417635113,1.4616802616666669,True,False,False,False,False
2010-04-26 21:00:00,1.4257666666666668,1.4443982541747393,1.42226552,False,False,False,False,False
2010-04-26 22:00:00,2.1843333333333335,2.1823931190893053,2.1700691266666667,True,False,False,False,False
2010-04-26 23:00:00,0.8843,0.9124477935366334,0.8624625463333333,False,False,False,False,False
2010-04-27 00:00:00,0.9056666666666667,0.9059727708913387,0.8864123295,False,False,False,False,False
2010-04-27 01:00:00,0.8449333333333333,0.8571784640248866,0.8394176751666667,False,False,False,False,False
2010-04-27 02:00:00,0.8372666666666666,0.8536520396076143,0.8242421293333333,False,False,False,False,False
2010-04-27 03:00:00,0.7849333333333333,0.8072183991346509,0.7674949828333334,False,False,False,False,False
2010-04-27 04:00:00,0.8844333333333334,0.8931440063748509,0.8686364685,False,False,False,False,False
2010-04-27 05:00:00,0.8394999999999999,0.8558868658561261,0.8250202368333334,False,False,False,False,False
2010-04-27 06:00:00,0.8296666666666667,0.8501932972952724,0.8123641653333333,False,False,False,False,False
2010-04-27 07:00:00,0.8049999999999999,0.8234355292484165,0.7960888343333334,False,False,False,False,False
2010-04-27 08:00:00,2.2631666666666663,2.2252276471965016,2.2515078216666664,True,False,False,False,False
2010-04-27 09:00:00,1.5056666666666667,1.532549019575119,1.502720615,True,False,False,False,False
2010-04-27 10:00:00,1.4813,1.495549408069998,1.4730965649999999,True,False,False,False,False
2010-04-27 11:00:00,1.4488666666666667,1.4766595175512134,1.447959455,True,False,False,False,False
2010-04-27 12:00:00,1.5308333333333333,1.533726311133802,1.5273043483333335,True,False,False,False,False
2010-04-27 13:00:00,1.0180333333333333,1.052193597900495,1.0150767361666666,False,False,False,False,False
2010-04-27 14:00:00,0.5065999999999999,0.5327508838001639,0.499206296,False,False,False,False,False
2010-04-27 15:00:00,0.4452333333333333,0.4716513040460646,0.43473948283333336,False,False,False,False,False
2010-04-27 16:00:00,0.43160000000000004,0.44918869723044336,0.42936158616666664,False,False,False,False,False
2010-04-27 17:00:00,0.33816666666666667,0.35938462151437994,0.3353134085,False,False,False,False,False
2010-04-27 18:00:00,0.4135333333333333,0.43612600982934235,0.41098669600000004,False,False,False,False,False
2010-04-27 19:00:00,0.3387,0.3572070185251534,0.33825916866666667,False,False,False,False,False
2010-04-27 20:00:00,0.4153,0.43509049838222563,0.4138550833333333,False,False,False,False,False
2010-04-27 21:00:00,0.3497,0.37017553105093537,0.3468165813333333,False,False,False,False,False
2010-04-27 22:00:00,0.4431333333333333,0.44909196491017933,0.437308087,False,False,False,False,False
2010-04-27 23:00:00,1.1877666666666669,1.2188170252531767,1.180177118,False,False,False,False,False
2010-04-28 00:00:00,0.41583333333333333,0.42923471689745785,0.41093113,False,False,False,False,False
2010-04-28 01:00:00,0.3376666666666666,0.35967353803813457,0.3363071871666667,False,False,False,False,False
2010-04-28 02:00:00,0.351,0.3680883672431111,0.34698902249999997,False,False,False,False,False
2010-04-28 03:00:00,0.32276666666666665,0.3470099060066044,0.32190335216666666,False,False,False,False,False
2010-04-28 04:00:00,0.4040666666666667,0.4192879089020192,0.40137841616666664,False,False,False,False,False
2010-04-28 05:00:00,0.3438,0.3643137725930661,0.3421277843333333,False,False,False,False,False
2010-04-28 06:00:00,0.3529333333333333,0.3734047685693949,0.3511077041666667,False,False,False,False,False
2010-04-28 07:00:00,0.3698333333333333,0.3924389767557382,0.3687929393333333,False,False,False,False,False
2010-04-28 08:00:00,0.381,0.39164720167666667,0.37661442283333335,False,False,False,False,False
2010-04-28 09:00:00,0.7454333333333333,0.7586857965901495,0.7396919126666667,False,False,False,False,False
2010-04-28 10:00:00,1.4462000000000002,1.4708526827782393,1.4450688666666667,True,False,False,False,False
2010-04-28 11:00:00,1.0110333333333332,1.0462440420627594,1.0058352096666667,False,False,False,False,False
2010-04-28 12:00:00,0.46066666666666667,0.4785161597594618,0.45734150300000004,False,False,False,False,False
2010-04-28 13:00:00,0.3248666666666667,0.3414519807867705,0.32022831583333333,False,False,False,False,False
2010-04-28 14:00:00,0.3882333333333333,0.41585600433051584,0.3906973028333333,False,False,False,False,False
2010-04-28 15:00:00,0.3867333333333333,0.40631896704919634,0.3844455531666667,False,False,False,False,False
2010-04-28 16:00:00,0.4402333333333333,0.4566847096443176,0.4384061398333333,False,False,False,False,False
2010-04-28 17:00:00,0.3794333333333333,0.39769615426845845,0.37523394866666665,False,False,False,False,False
2010-04-28 18:00:00,0.47446666666666665,0.49617948624044655,0.4776029796666667,False,False,False,False,False
2010-04-28 19:00:00,1.3490333333333335,1.3529484520062804,1.3508639759999999,False,False,False,False,False
2010-04-28 20:00:00,1.8294666666666666,1.8143574539586902,1.8332390266666667,True,False,False,False,False
2010-04-28 21:00:00,1.0706,1.1172023443855346,1.0645819178333333,False,False,False,False,False
2010-04-28 22:00:00,0.3947,0.4160903188217431,0.39124426483333336,False,False,False,False,False
2010-04-28 23:00:00,0.4843,0.49786933530494565,0.4796038385,False,False,False,False,False
2010-04-29 00:00:00,1.5426,1.5150596816495063,1.5210409375,True,False,False,False,False
2010-04-29 01:00:00,0.7933666666666667,0.8033397228535265,0.7780932876666667,False,False,False,False,False
2010-04-29 02:00:00,0.7035666666666667,0.7212656935397537,0.6839076733333334,False,False,False,False,False
2010-04-29 03:00:00,0.7016333333333333,0.714558249282837,0.6794967656666666,False,False,False,False,False
2010-04-29 04:00:00,0.7249333333333333,0.738248106648028,0.7072986391666666,False,False,False,False,False
2010-04-29 05:00:00,0.6062666666666666,0.6319627487834544,0.5991658715,False,False,False,False,False
2010-04-29 06:00:00,0.7924,0.7957417521256953,0.7827605168333334,False,False,False,False,False
2010-04-29 07:00:00,1.4452333333333334,1.4692129483871164,1.4414593183333333,True,False,False,False,False
2010-04-29 08:00:00,1.6148333333333333,1.629072936537862,1.6157243666666665,True,False,False,False,False
2010-04-29 09:00:00,1.8318,1.8457363432772458,1.8166858833333335,True,False,False,False,False
2010-04-29 10:00:00,1.2689,1.3021937816333027,1.2684217193333334,False,False,False,False,False
2010-04-29 11:00:00,0.35363333333333336,0.37499789422936736,0.35170699183333337,False,False,False,False,False
2010-04-29 12:00:00,0.3387,0.36212758306302123,0.33687743950000004,False,False,False,False,False
2010-04-29 13:00:00,0.38339999999999996,0.3992366215266287,0.3780911806666667,False,False,False,False,False
2010-04-29 14:00:00,0.42869999999999997,0.44176244223080574,0.4236301206666667,False,False,False,False,False
2010-04-29 15:00:00,0.3749333333333333,0.3952275230973959,0.3695855605,False,False,False,False,False
2010-04-29 16:00:00,0.35006666666666664,0.373391039019823,0.34714905483333336,False,False,False,False,False
2010-04-29 17:00:00,0.5626,0.5685057033855468,0.5459024830000001,False,False,False,False,False
2010-04-29 18:00:00,0.8042666666666667,0.7959795046623797,0.7968404353333334,False,False,False,False,False
2010-04-29 19:00:00,1.2683333333333333,1.3253318440187722,1.2666145899999999,False,False,False,False,False
2010-04-29 20:00:00,0.37853333333333333,0.4017811345376074,0.3772262035,False,False,False,False,False
2010-04-29 21:00:00,0.34723333333333334,0.3669578174658119,0.3439117286666667,False,False,False,False,False
2010-04-29 22:00:00,0.3579,0.37751988677382464,0.352201663,False,False,False,False,False
2010-04-29 23:00:00,0.4215666666666667,0.4409241866700351,0.41814533899999995,False,False,False,False,False
2010-04-30 00:00:00,0.41556666666666664,0.4276883213598281,0.40986218283333337,False,False,False,False,False
2010-04-30 01:00:00,0.34750000000000003,0.3689530360184609,0.34297795433333333,False,False,False,False,False
2010-04-30 02:00:00,0.36446666666666666,0.3830106819786131,0.36279750916666664,False,False,False,False,False
2010-04-30 03:00:00,0.35,0.36934736741892993,0.3478484353333334,False,False,False,False,False
2010-04-30 04:00:00,1.0403666666666667,1.0399130668696015,1.038548851,False,False,False,False,False
2010-04-30 05:00:00,0.5292666666666667,0.5642787934947758,0.5287565795,False,False,False,False,False
2010-04-30 06:00:00,0.34483333333333327,0.37126594835147253,0.34142077016666667,False,False,False,False,False
2010-04-30 07:00:00,0.33043333333333336,0.34708136632665987,0.3265820475,False,False,False,False,False
2010-04-30 08:00:00,0.3597,0.38687402662076054,0.3603379126666667,False,False,False,False,False
2010-04-30 09:00:00,0.9388666666666666,0.9165683523982763,0.9257480946666666,False,False,False,False,False
2010-04-30 10:00:00,1.2614333333333332,1.3005278534919025,1.24631282,False,False,False,False,False
2010-04-30 11:00:00,0.6157666666666667,0.6356567492835224,0.5956183221666667,False,False,False,False,False
2010-04-30 12:00:00,1.9986,1.985247958656028,2.0356035355,True,False,False,False,False
2010-04-30 13:00:00,0.977,0.9952155975170434,0.9925903298333334,False,False,False,False,False
2010-04-30 14:00:00,1.4853333333333334,1.4863310960512608,1.5107627215000001,True,False,False,False,False
2010-04-30 15:00:00,0.8605333333333333,0.8919277468718588,0.8668848646666666,False,False,False,False,False
2010-04-30 16:00:00,0.9906,0.9931047178480774,0.981142106,False,False,False,False,False
2010-04-30 17:00:00,2.8436333333333335,2.8236843737855555,2.90971929,True,True,False,True,True
2010-04-30 18:00:00,0.7098333333333333,0.7526481155477465,0.7167552478333333,False,False,False,False,False
2010-04-30 19:00:00,0.3636333333333333,0.38776869273707265,0.36289990983333337,False,False,False,False,False
2010-04-30 20:00:00,0.3505333333333333,0.3675503724530339,0.346331924,False,False,False,False,False
2010-04-30 21:00:00,0.35133333333333333,0.37370973959267134,0.35124506499999997,False,False,False,False,False
2010-04-30 22:00:00,0.43046666666666666,0.45249638843610884,0.43234384016666666,False,False,False,False,False
2010-04-30 23:00:00,0.3841,0.404265377850458,0.3793007176666666,False,False,False,False,False
2010-05-01 00:00:00,0.34959999999999997,0.34069667930305,0.3438053885,False,False,False,False,False
2010-05-01 01:00:00,0.4738,0.4522603340044617,0.4718985566666667,False,False,False,False,False
2010-05-01 02:00:00,0.7753,0.7850701276097446,0.7785687600000001,False,False,False,False,False
2010-05-01 03:00:00,0.3889333333333333,0.3796046796813607,0.386324962,False,False,False,False,False
2010-05-01 04:00:00,0.35083333333333333,0.34443579411953684,0.3478963265,False,False,False,False,False
2010-05-01 05:00:00,0.3363,0.3344251720774919,0.33401672216666667,False,False,False,False,False
2010-05-01 06:00:00,0.3731666666666667,0.3651320335842669,0.3687430191666667,False,False,False,False,False
2010-05-01 07:00:00,0.41573333333333334,0.4020464627638459,0.4123853033333333,False,False,False,False,False
2010-05-01 08:00:00,0.31133333333333335,0.3133609959095716,0.311715227,False,False,False,False,False
2010-05-01 09:00:00,0.3417,0.34318062976822256,0.34019831766666664,False,False,False,False,False
2010-05-01 10:00:00,1.2088,1.1963828191757202,1.2136826753333334,False,False,False,False,False
2010-05-01 11:00:00,2.6106,2.5703718839243055,2.662983971666667,True,True,False,True,True
2010-05-01 12:00:00,1.5781333333333334,1.597769625238329,1.5665951016666666,True,False,False,False,False
2010-05-01 13:00:00,0.5085999999999999,0.5185968402028084,0.4922073793333333,False,False,False,False,False
2010-05-01 14:00:00,2.5501,2.4532474105034026,2.5367132603333333,True,True,False,True,True
2010-05-01 15:00:00,1.1692333333333333,1.2069027012724431,1.1712525693333333,False,False,False,False,False
2010-05-01 16:00:00,0.5044333333333333,0.5281658692069351,0.5098446023333333,False,False,False,False,False
2010-05-01 17:00:00,0.41509999999999997,0.436062158748135,0.4239207925,False,False,False,False,False
2010-05-01 18:00:00,0.3371,0.35903230312541123,0.34497132966666666,False,False,False,False,False
2010-05-01 19:00:00,0.5240333333333334,0.532295251905173,0.5311889276666667,False,False,False,False,False
2010-05-01 20:00:00,0.8862333333333333,0.922250261232257,0.8895244993333333,False,False,False,False,False
2010-05-01 21:00:00,1.5693666666666668,1.4959094125103207,1.5728629293333334,True,False,False,False,False
2010-05-01 22:00:00,2.5912333333333333,2.6083942141652106,2.5998901900000004,True,True,False,True,True
2010-05-01 23:00:00,1.4329666666666665,1.4593626086689533,1.4179924891666666,True,False,False,False,False
2010-05-02 00:00:00,0.35856666666666664,0.361770316439867,0.34999755516666664,False,False,False,False,False
2010-05-02 01:00:00,0.3565333333333333,0.3479913585953414,0.3527290596666666,False,False,False,False,False
2010-05-02 02:00:00,0.3908333333333333,0.3815469339538365,0.3878852468333333,False,False,False,False,False
2010-05-02 03:00:00,0.3836,0.3758295638035982,0.38221102516666666,False,False,False,False,False
2010-05-02 04:00:00,0.3640333333333333,0.3672619833294302,0.35983504716666664,False,False,False,False,False
2010-05-02 05:00:00,0.3622666666666667,0.363321492184326,0.35930253500000003,False,False,False,False,False
2010-05-02 06:00:00,0.3500333333333333,0.3402218394808471,0.347665881,False,False,False,False,False
2010-05-02 07:00:00,1.5182333333333335,1.5104487160883844,1.5085035166666667,True,False,False,False,False
2010-05-02 08:00:00,1.5409666666666666,1.5392296747848393,1.5361044983333334,True,False,False,False,False
2010-05-02 09:00:00,1.636,1.6469572251647713,1.63694448,True,False,False,False,False
2010-05-02 10:00:00,0.8335333333333333,0.8552866234458983,0.8249234915,False,False,False,False,False
2010-05-02 11:00:00,1.6141666666666665,1.6035937133345755,1.6039619983333333,True,False,False,False,False
2010-05-02 12:00:00,3.5630666666666664,3.455995394767076,3.5622313083333332,True,True,True,True,True
2010-05-02 13:00:00,3.5252333333333334,3.4587574010163546,3.5172578199999998,True,True,True,True,True
2010-05-02 14:00:00,1.9146333333333334,1.944432409541309,1.9207849716666667,True,False,False,False,False
2010-05-02 15:00:00,2.280533333333333,2.2632790413692594,2.279420305,True,False,False,False,False
2010-05-02 16:00:00,1.7898333333333334,1.7944537618130447,1.7913092533333335,True,False,False,False,False
2010-05-02 17:00:00,1.7991333333333333,1.8153566063433886,1.8079694800000001,True,False,False,False,False
2010-05-02 18:00:00,1.7934666666666668,1.8044807565778493,1.7934288216666667,True,False,False,False,False
2010-05-02 19:00:00,3.7739,3.7610403857432306,3.7839067195,True,True,True,True,True
2010-05-02 20:00:00,2.5308,2.40493317219615,2.5138665076666666,True,True,False,True,True
2010-05-02 21:00:00,2.7760000000000002,2.756967839086801,2.748235090333333,True,True,False,True,True
2010-05-02 22:00:00,0.6179333333333333,0.6531412912283092,0.6083028855,False,False,False,False,False
2010-05-02 23:00:00,0.3918666666666667,0.41124458063766356,0.38651217633333335,False,False,False,False,False
2010-05-03 00:00:00,0.4122333333333333,0.4010756768260151,0.40513513166666665,False,False,False,False,False
2010-05-03 01:00:00,0.37496666666666667,0.3748715836077928,0.36890413066666666,False,False,False,False,False
2010-05-03 02:00:00,0.3439,0.3515391499198973,0.340171125,False,False,False,False,False
2010-05-03 03:00:00,0.3406333333333333,0.34891506463959815,0.3383172615,False,False,False,False,False
2010-05-03 04:00:00,1.0999333333333332,1.1009510450515898,1.0957812791666666,False,False,False,False,False
2010-05-03 05:00:00,0.3263,0.3252299833662808,0.32080641000000004,False,False,False,False,False
2010-05-03 06:00:00,0.7714333333333333,0.7310688991840929,0.7637071958333334,False,False,False,False,False
2010-05-03 07:00:00,2.0927,2.1053112758025527,2.091455995,True,False,False,False,False
2010-05-03 08:00:00,1.4166999999999998,1.4312615791849794,1.42460253,False,False,False,False,False
2010-05-03 09:00:00,1.3820333333333332,1.3853321449153126,1.3826829066666666,False,False,False,False,False
2010-05-03 10:00:00,1.3711666666666666,1.3774552474044264,1.3685320366666667,False,False,False,False,False
2010-05-03 11:00:00,1.3226333333333333,1.3358414400979877,1.3205479949999999,False,False,False,False,False
2010-05-03 12:00:00,0.9827666666666667,0.9947222541108728,0.9801219276666667,False,False,False,False,False
2010-05-03 13:00:00,0.37520000000000003,0.37785298831984393,0.3752440145,False,False,False,False,False
2010-05-03 14:00:00,0.34176666666666666,0.3525770459838211,0.35028433666666664,False,False,False,False,False
2010-05-03 15:00:00,0.3299,0.342466634209454,0.3333603818333334,False,False,False,False,False
2010-05-03 16:00:00,0.3529333333333333,0.35987912328056987,0.35385972816666666,False,False,False,False,False
2010-05-03 17:00:00,0.37,0.3770770229004323,0.36979994816666667,False,False,False,False,False
2010-05-03 18:00:00,0.5388999999999999,0.5444160869933665,0.5328313543333334,False,False,False,False,False
2010-05-03 19:00:00,2.156833333333333,2.110957302223146,2.1606340335,True,False,False,False,False
2010-05-03 20:00:00,2.6444666666666667,2.6052750750288367,2.63329363,True,True,False,True,True
2010-05-03 21:00:00,2.3928000000000003,2.365308261498809,2.3975878383333336,True,True,False,True,True
2010-05-03 22:00:00,1.4212,1.446988784049079,1.417458156,False,False,False,False,False
2010-05-03 23:00:00,0.36029999999999995,0.36518457402400667,0.35637535933333336,False,False,False,False,False
2010-05-04 00:00:00,0.3779,0.3667112081728875,0.381448995,False,False,False,False,False
2010-05-04 01:00:00,0.33353333333333335,0.3280146794810891,0.33482786999999997,False,False,False,False,False
2010-05-04 02:00:00,0.3046,0.30538788387700916,0.30485845316666665,False,False,False,False,False
2010-05-04 03:00:00,0.3792666666666667,0.3789548685152083,0.3825283075,False,False,False,False,False
2010-05-04 04:00:00,0.3393333333333333,0.3436907299596816,0.34320813933333333,False,False,False,False,False
2010-05-04 05:00:00,0.2929333333333333,0.2987131157971918,0.293734809,False,False,False,False,False
2010-05-04 06:00:00,0.8967666666666666,0.8811383811295033,0.9016963474999999,False,False,False,False,False
2010-05-04 07:00:00,1.1859,1.195398654145375,1.1832908643333333,False,False,False,False,False
2010-05-04 08:00:00,1.9222333333333335,1.89198284996897,1.9315690733333333,True,False,False,False,False
2010-05-04 09:00:00,1.9374666666666667,1.9617373892232777,1.980021625,True,False,False,False,False
2010-05-04 10:00:00,1.8925333333333334,1.9383759012050927,1.9512902466666666,True,False,False,False,False
2010-05-04 11:00:00,1.4468333333333334,1.4477229408331216,1.4507712966666666,True,False,False,False,False
2010-05-04 12:00:00,1.3913000000000002,1.4034713509306311,1.3894333666666665,False,False,False,False,False
2010-05-04 13:00:00,1.3236333333333334,1.3379176821276546,1.3216964783333334,False,False,False,False,False
2010-05-04 14:00:00,1.3724,1.382395576760173,1.3670917699999998,False,False,False,False,False
2010-05-04 15:00:00,1.3889666666666665,1.3980064319387078,1.390677475,False,False,False,False,False
2010-05-04 16:00:00,0.7543333333333333,0.7773608089249582,0.7561516261666666,False,False,False,False,False
2010-05-04 17:00:00,0.5214,0.5317491643689573,0.5166228901666667,False,False,False,False,False
2010-05-04 18:00:00,0.7041000000000001,0.7134191904630512,0.6964975290000001,False,False,False,False,False
2010-05-04 19:00:00,1.3919666666666666,1.4014222106847913,1.3956625066666668,False,False,False,False,False
2010-05-04 20:00:00,1.9786333333333335,1.967531436085701,1.9720013383333332,True,False,False,False,False
2010-05-04 21:00:00,1.4030666666666667,1.4395587439760567,1.3982067716666668,False,False,False,False,False
2010-05-04 22:00:00,1.1828666666666665,1.2136060854397714,1.187461045,False,False,False,False,False
2010-05-04 23:00:00,0.5607000000000001,0.5855969776459039,0.5605345973333333,False,False,False,False,False
2010-05-05 00:00:00,0.36133333333333334,0.3576879080180078,0.3609995101666667,False,False,False,False,False
2010-05-05 01:00:00,0.2986333333333333,0.29415822748020287,0.30030075650000004,False,False,False,False,False
2010-05-05 02:00:00,0.3786333333333333,0.37354362226165827,0.3780088313333333,False,False,False,False,False
2010-05-05 03:00:00,0.8437666666666667,0.8410988207522779,0.8465764571666666,False,False,False,False,False
2010-05-05 04:00:00,0.57,0.5855591762915253,0.5677510443333333,False,False,False,False,False
2010-05-05 05:00:00,0.2920333333333333,0.2995337764933705,0.28926402766666665,False,False,False,False,False
2010-05-05 06:00:00,0.6113666666666667,0.587115715880692,0.615984863,False,False,False,False,False
2010-05-05 07:00:00,1.5195333333333332,1.557831383985281,1.5296634133333333,True,False,False,False,False
2010-05-05 08:00:00,1.2416333333333334,1.263015050091967,1.242556894,False,False,False,False,False
2010-05-05 09:00:00,2.3683,2.335710674762726,2.3621953983333333,True,True,False,True,True
2010-05-05 10:00:00,2.1899666666666664,2.1604107516035436,2.1805745699999997,True,False,False,False,False
2010-05-05 11:00:00,1.5189666666666666,1.5280359254911542,1.5197153899999998,True,False,False,False,False
2010-05-05 12:00:00,1.4798666666666667,1.4995567164935173,1.48401027,True,False,False,False,False
2010-05-05 13:00:00,1.4567666666666665,1.4745026580534877,1.4536676433333333,True,False,False,False,False
2010-05-05 14:00:00,2.4275333333333333,2.39487545517236,2.425428113333333,True,True,False,True,True
2010-05-05 15:00:00,1.9371,1.9691186122056097,1.9459338221666667,True,False,False,False,False
2010-05-05 16:00:00,0.4544666666666667,0.46725401304438713,0.45220232883333333,False,False,False,False,False
2010-05-05 17:00:00,0.5845333333333332,0.5755946040324866,0.5807035773333333,False,False,False,False,False
2010-05-05 18:00:00,0.7685666666666667,0.7986395855173468,0.767767949,False,False,False,False,False
2010-05-05 19:00:00,1.3298333333333332,1.3051296262420715,1.3594546936666667,False,False,False,False,False
2010-05-05 20:00:00,1.8826333333333334,1.868396771785617,1.9015143166666666,True,False,False,False,False
2010-05-05 21:00:00,3.1247,3.055536900755763,3.1267149900000004,True,True,False,True,True
2010-05-05 22:00:00,1.8031666666666666,1.7818548223711552,1.7874203028333333,True,False,False,False,False
2010-05-05 23:00:00,0.6451333333333333,0.670464280699566,0.6365147593333333,False,False,False,False,False
2010-05-06 00:00:00,0.3465,0.33980958744846285,0.3450894105,False,False,False,False,False
2010-05-06 01:00:00,0.38966666666666666,0.38744652599990365,0.39105738733333334,False,False,False,False,False
2010-05-06 02:00:00,0.3371,0.3431802285600453,0.3364785735,False,False,False,False,False
2010-05-06 03:00:00,0.6174999999999999,0.6093477459564804,0.6163939378333333,False,False,False,False,False
2010-05-06 04:00:00,0.7809,0.8051305110946299,0.7878002448333333,False,False,False,False,False
2010-05-06 05:00:00,0.3232666666666667,0.3301864769537001,0.3240379153333333,False,False,False,False,False
2010-05-06 06:00:00,0.5272,0.5371838315784931,0.5346720785,False,False,False,False,False
2010-05-06 07:00:00,1.2249333333333332,1.2271346036534756,1.2188569895,False,False,False,False,False
2010-05-06 08:00:00,1.7262333333333333,1.735927008022368,1.719783335,True,False,False,False,False
2010-05-06 09:00:00,1.3930666666666667,1.415219653595984,1.391015005,False,False,False,False,False
2010-05-06 10:00:00,1.3164666666666667,1.3315925590872766,1.3194334933333332,False,False,False,False,False
2010-05-06 11:00:00,1.4319666666666668,1.4419765259541573,1.4301470516666666,False,False,False,False,False
2010-05-06 12:00:00,1.4989333333333335,1.51916111831218,1.49072859,True,False,False,False,False
2010-05-06 13:00:00,1.2481666666666666,1.2745103467658163,1.247038393,False,False,False,False,False
2010-05-06 14:00:00,0.45546666666666663,0.463333304548636,0.46259533333333336,False,False,False,False,False
2010-05-06 15:00:00,0.5316,0.5400428849421441,0.5189288635,False,False,False,False,False
2010-05-06 16:00:00,0.3471666666666666,0.3618481131058186,0.3457672755,False,False,False,False,False
2010-05-06 17:00:00,0.4517999999999999,0.4537917305286973,0.44857253066666664,False,False,False,False,False
2010-05-06 18:00:00,1.2337,1.2534085708763452,1.2281838108333334,False,False,False,False,False
2010-05-06 19:00:00,1.8178666666666667,1.8044360695309938,1.8194794916666666,True,False,False,False,False
2010-05-06 20:00:00,1.4060666666666668,1.4335730293370785,1.3904311308333335,False,False,False,False,False
2010-05-06 21:00:00,0.9249333333333334,0.9388163437012584,0.9174263313333333,False,False,False,False,False
2010-05-06 22:00:00,0.8786666666666666,0.8925725830566139,0.8685020656666667,False,False,False,False,False
2010-05-06 23:00:00,0.445,0.4700607303444296,0.4399021533333334,False,False,False,False,False
2010-05-07 00:00:00,0.3311,0.3310182171680033,0.331202073,False,False,False,False,False
2010-05-07 01:00:00,0.3266666666666667,0.32484435509704046,0.3262505428333334,False,False,False,False,False
2010-05-07 02:00:00,0.3429,0.34842478550374506,0.3405912016666666,False,False,False,False,False
2010-05-07 03:00:00,0.36046666666666666,0.3710154806017876,0.359561505,False,False,False,False,False
2010-05-07 04:00:00,1.0356,1.0544308821491897,1.0389836281666667,False,False,False,False,False
2010-05-07 05:00:00,0.36173333333333335,0.3665927221395075,0.36246726500000004,False,False,False,False,False
2010-05-07 06:00:00,1.2250666666666667,1.1914070545651019,1.2205209468333333,False,False,False,False,False
2010-05-07 07:00:00,2.043266666666667,2.041437683044374,2.0425818083333334,True,False,False,False,False
2010-05-07 08:00:00,1.7176666666666667,1.7177066811427475,1.7149786733333334,True,False,False,False,False
2010-05-07 09:00:00,1.863,1.8473836286120118,1.8681922983333332,True,False,False,False,False
2010-05-07 10:00:00,1.3217666666666665,1.334892262478173,1.3206785699999999,False,False,False,False,False
2010-05-07 11:00:00,1.3786333333333334,1.3822259500578047,1.3759600616666667,False,False,False,False,False
2010-05-07 12:00:00,1.6298333333333335,1.6305400855734944,1.6281344816666667,True,False,False,False,False
2010-05-07 13:00:00,0.6733333333333333,0.6898357287056744,0.6998091780000001,False,False,False,False,False
2010-05-07 14:00:00,0.6678,0.6752690421551466,0.6651670295,False,False,False,False,False
2010-05-07 15:00:00,1.3448666666666669,1.3681011905424296,1.342708735,False,False,False,False,False
2010-05-07 16:00:00,0.9093666666666667,0.9359613552279771,0.9033928578333333,False,False,False,False,False
2010-05-07 17:00:00,0.3696333333333333,0.3836767293881625,0.3665641205,False,False,False,False,False
2010-05-07 18:00:00,0.5626,0.5632738493099809,0.5479282756666667,False,False,False,False,False
2010-05-07 19:00:00,1.4755333333333334,1.4434444863218814,1.4582889151666667,True,False,False,False,False
2010-05-07 20:00:00,2.290966666666667,2.2533352318048476,2.2722057033333334,True,False,False,False,False
2010-05-07 21:00:00,2.2999666666666667,2.305670247471333,2.2858725966666666,True,False,False,False,False
2010-05-07 22:00:00,1.5582333333333334,1.5641354247361423,1.5432248155000001,True,False,False,False,False
2010-05-07 23:00:00,1.3100666666666667,1.3121533315889538,1.2971542633333333,False,False,False,False,False
2010-05-08 00:00:00,1.0309333333333333,1.025842480745539,1.0100879041666666,False,False,False,False,False
2010-05-08 01:00:00,2.1358333333333333,2.0903569919765,2.1124715633333335,True,False,False,False,False
2010-05-08 02:00:00,1.2079,1.2296202234189957,1.1964904655,False,False,False,False,False
2010-05-08 03:00:00,0.9025,0.8983393079850823,0.8900607196666667,False,False,False,False,False
2010-05-08 04:00:00,0.31920000000000004,0.32376317587196823,0.3118227751666666,False,False,False,False,False
2010-05-08 05:00:00,0.39076666666666665,0.3944913204945623,0.3824837213333333,False,False,False,False,False
2010-05-08 06:00:00,0.33366666666666667,0.3424965115308761,0.32656148483333336,False,False,False,False,False
2010-05-08 07:00:00,0.3592,0.36373683866336937,0.35287699533333333,False,False,False,False,False
2010-05-08 08:00:00,0.5013333333333333,0.5097296594083309,0.5158564865,False,False,False,False,False
2010-05-08 09:00:00,2.4222333333333332,2.3108315279997886,2.4852195876666667,True,True,False,False,True
2010-05-08 10:00:00,2.693766666666667,2.630411237807572,2.711299665,True,True,False,True,True
2010-05-08 11:00:00,2.1389,2.150938669583202,2.1330202783333334,True,False,False,False,False
2010-05-08 12:00:00,1.4613,1.4651178432695569,1.4546563716666665,True,False,False,False,False
2010-05-08 13:00:00,1.4432666666666665,1.4441889346100392,1.4390074683333334,True,False,False,False,False
2010-05-08 14:00:00,1.4543,1.4630633419223131,1.4468083583333333,True,False,False,False,False
2010-05-08 15:00:00,0.6082333333333333,0.6364839033797384,0.6064555181666667,False,False,False,False,False
2010-05-08 16:00:00,0.35373333333333334,0.35670993462428446,0.35134184716666667,False,False,False,False,False
2010-05-08 17:00:00,0.3550666666666667,0.36329990375526244,0.357322372,False,False,False,False,False
2010-05-08 18:00:00,0.3776,0.38218097935318945,0.378063495,False,False,False,False,False
2010-05-08 19:00:00,0.3263666666666667,0.3357144905608147,0.3284773315,False,False,False,False,False
2010-05-08 20:00:00,0.4219,0.41734884097687897,0.41942581966666664,False,False,False,False,False
2010-05-08 21:00:00,3.2730333333333332,3.266299872568995,3.262457195666667,True,True,True,True,True
2010-05-08 22:00:00,0.5932999999999999,0.6160844290308654,0.5745575509999999,False,False,False,False,False
2010-05-08 23:00:00,0.4527,0.45859755501449107,0.44739366166666666,False,False,False,False,False
2010-05-09 00:00:00,0.4184333333333333,0.41746671045273537,0.40859962149999995,False,False,False,False,False
2010-05-09 01:00:00,0.5043333333333333,0.4994046081174165,0.4899667618333333,False,False,False,False,False
2010-05-09 02:00:00,0.40513333333333335,0.41369556276388464,0.39759855850000003,False,False,False,False,False
2010-05-09 03:00:00,0.4043,0.40553674003891643,0.39346766916666664,False,False,False,False,False
2010-05-09 04:00:00,0.3339,0.33895930867306884,0.3294400205,False,False,False,False,False
2010-05-09 05:00:00,0.34136666666666665,0.3489028048150241,0.34144485566666666,False,False,False,False,False
2010-05-09 06:00:00,0.9118666666666666,0.9034757492695004,0.9086279555,False,False,False,False,False
2010-05-09 07:00:00,0.5787,0.5996369663313031,0.5762033415,False,False,False,False,False
2010-05-09 08:00:00,0.4759,0.4858306738238782,0.490440593,False,False,False,False,False
2010-05-09 09:00:00,0.7206333333333333,0.6766471490368247,0.7106781115,False,False,False,False,False
2010-05-09 10:00:00,2.589,2.5899097345650195,2.64505904,True,True,False,True,True
2010-05-09 11:00:00,2.0800666666666667,2.096586797555536,2.1410409566666666,True,False,False,False,False
2010-05-09 12:00:00,1.5217,1.54987345408164,1.5372875391666667,True,False,False,False,False
2010-05-09 13:00:00,1.5006,1.4904259947352112,1.5019918306666669,True,False,False,False,False
2010-05-09 14:00:00,1.6730333333333334,1.6756521716862918,1.6663964016666666,True,False,False,False,False
2010-05-09 15:00:00,0.9791,1.0156525426521898,0.9770627835,False,False,False,False,False
2010-05-09 16:00:00,0.5596666666666666,0.5542496260333806,0.5490984358333333,False,False,False,False,False
2010-05-09 17:00:00,1.0072,1.0347687351576984,1.0042853201666666,False,False,False,False,False
2010-05-09 18:00:00,0.9243666666666667,0.9124711363084614,0.9276669096666667,False,False,False,False,False
2010-05-09 19:00:00,1.8075,1.8346714366745203,1.8034517265,True,False,False,False,False
2010-05-09 20:00:00,2.4892,2.3667058924734596,2.4744927451666667,True,True,False,True,True
2010-05-09 21:00:00,2.359266666666667,2.4058906126469375,2.355670841,True,True,False,True,True
2010-05-09 22:00:00,1.1152333333333333,1.0986940844565631,1.1080869473333335,False,False,False,False,False
2010-05-09 23:00:00,0.408,0.4241155515685678,0.40619164466666663,False,False,False,False,False
2010-05-10 00:00:00,0.4233,0.42269549751468,0.4206849325,False,False,False,False,False
2010-05-10 01:00:00,0.3498666666666666,0.355443307378143,0.3461822158333333,False,False,False,False,False
2010-05-10 02:00:00,0.4104333333333333,0.4217949765022844,0.4072135625,False,False,False,False,False
2010-05-10 03:00:00,0.3747,0.3887778972726315,0.3737381695,False,False,False,False,False
2010-05-10 04:00:00,0.359,0.37071383103355765,0.3542070001666667,False,False,False,False,False
2010-05-10 05:00:00,0.8361999999999999,0.8486838533736766,0.8338671283333333,False,False,False,False,False
2010-05-10 06:00:00,0.6329999999999999,0.6060186782419682,0.6295345046666667,False,False,False,False,False
2010-05-10 07:00:00,1.8666666666666667,1.878813055072725,1.8601990966666666,True,False,False,False,False
2010-05-10 08:00:00,1.4740666666666666,1.4870709630221128,1.4690060483333334,True,False,False,False,False
2010-05-10 09:00:00,1.3697000000000001,1.3849170528776944,1.3672191166666667,False,False,False,False,False
2010-05-10 10:00:00,1.4806,1.484378991946578,1.4754280983333332,True,False,False,False,False
2010-05-10 11:00:00,1.4476,1.460789062164724,1.4456319966666666,True,False,False,False,False
2010-05-10 12:00:00,1.1581333333333332,1.1852518846802413,1.1559927985,False,False,False,False,False
2010-05-10 13:00:00,0.3968333333333333,0.41023027767203746,0.39237303916666666,False,False,False,False,False
2010-05-10 14:00:00,0.6421666666666667,0.648061991589889,0.6367626341666667,False,False,False,False,False
2010-05-10 15:00:00,0.4062,0.42861621642895037,0.393068008,False,False,False,False,False
2010-05-10 16:00:00,0.4270333333333333,0.4417974337562918,0.421485017,False,False,False,False,False
2010-05-10 17:00:00,0.41973333333333335,0.43294675804898136,0.4139876956666667,False,False,False,False,False
2010-05-10 18:00:00,0.43106666666666665,0.455554605653882,0.4220587051666666,False,False,False,False,False
2010-05-10 19:00:00,1.1695,1.1357696299243718,1.1511449370000002,False,False,False,False,False
2010-05-10 20:00:00,2.4106666666666663,2.4076512183740735,2.390754955,True,True,False,True,True
2010-05-10 21:00:00,2.9157,2.8810472041368484,2.8984164100000003,True,True,False,True,True
2010-05-10 22:00:00,1.6507,1.6689927853107454,1.6399918466666668,True,False,False,False,False
2010-05-10 23:00:00,1.412,1.4192849609479308,1.405504955,False,False,False,False,False
2010-05-11 00:00:00,1.4787666666666666,1.4741688665665686,1.47150202,True,False,False,False,False
2010-05-11 01:00:00,1.4476333333333333,1.44582350884676,1.4350321116666669,True,False,False,False,False
2010-05-11 02:00:00,1.4576666666666667,1.4567848989389838,1.4453299883333335,True,False,False,False,False
2010-05-11 03:00:00,0.39540000000000003,0.4234234462022781,0.38634763833333335,False,False,False,False,False
2010-05-11 04:00:00,0.40703333333333336,0.4136769419036805,0.4001963595,False,False,False,False,False
2010-05-11 05:00:00,0.3084,0.3211917805414647,0.30059907883333337,False,False,False,False,False
2010-05-11 06:00:00,0.7299333333333333,0.7252900783434509,0.7214308663333333,False,False,False,False,False
2010-05-11 07:00:00,2.1199,2.0638479592829944,2.1003092151666665,True,False,False,False,False
2010-05-11 08:00:00,2.2432000000000003,2.2006742650136357,2.2252263783333333,True,False,False,False,False
2010-05-11 09:00:00,1.5963666666666667,1.6122206074655057,1.5858499033333333,True,False,False,False,False
2010-05-11 10:00:00,1.6475,1.6238034532502295,1.6571587133333334,True,False,False,False,False
2010-05-11 11:00:00,1.6040666666666668,1.6098068087644877,1.5951324599999999,True,False,False,False,False
2010-05-11 12:00:00,1.2644,1.3063629998456687,1.3147820571666666,False,False,False,False,False
2010-05-11 13:00:00,1.0311,1.0626493477273733,1.0319820065,False,False,False,False,False
2010-05-11 14:00:00,0.46913333333333335,0.4941971673879772,0.4583956215,False,False,False,False,False
2010-05-11 15:00:00,0.4855,0.5040038433115929,0.474017674,False,False,False,False,False
2010-05-11 16:00:00,0.7601666666666667,0.7647728557288647,0.7397077341666667,False,False,False,False,False
2010-05-11 17:00:00,0.8795000000000001,0.8905530896946788,0.8653517916666666,False,False,False,False,False
2010-05-11 18:00:00,1.1376333333333333,1.1482209611058236,1.1200275026666666,False,False,False,False,False
2010-05-11 19:00:00,2.0624333333333333,2.0365170993033797,2.0463572138333332,True,False,False,False,False
2010-05-11 20:00:00,1.0880666666666667,1.1139666066087783,1.0735526991666666,False,False,False,False,False
2010-05-11 21:00:00,0.5558666666666666,0.5726124037623406,0.5361204576666666,False,False,False,False,False
2010-05-11 22:00:00,0.4442,0.4411690121296793,0.43189353483333337,False,False,False,False,False
2010-05-11 23:00:00,0.5756,0.6049827168930322,0.5586020561666667,False,False,False,False,False
2010-05-12 00:00:00,0.32639999999999997,0.3381245940316468,0.3262625673333333,False,False,False,False,False
2010-05-12 01:00:00,0.9861666666666667,0.9831884874023498,0.9785588104999999,False,False,False,False,False
2010-05-12 02:00:00,0.5014666666666666,0.5283232367705554,0.49692335266666665,False,False,False,False,False
2010-05-12 03:00:00,0.3509,0.36535674102567134,0.3427976608333333,False,False,False,False,False
2010-05-12 04:00:00,0.31489999999999996,0.3286979637540876,0.30973207216666665,False,False,False,False,False
2010-05-12 05:00:00,0.31976666666666664,0.33788916713073847,0.31484022083333335,False,False,False,False,False
2010-05-12 06:00:00,0.9449666666666666,0.9228538202967494,0.9318847133333333,False,False,False,False,False
2010-05-12 07:00:00,2.4613333333333336,2.421484662346542,2.44359544,True,True,False,True,True
2010-05-12 08:00:00,2.1047,2.0625543694756927,2.08669672,True,False,False,False,False
2010-05-12 09:00:00,1.6658000000000002,1.674247495907545,1.6526149266666665,True,False,False,False,False
2010-05-12 10:00:00,1.5169666666666666,1.5350079250484707,1.5157262583333333,True,False,False,False,False
2010-05-12 11:00:00,1.9225666666666668,1.923064647718519,1.916121605,True,False,False,False,False
2010-05-12 12:00:00,1.8470333333333333,1.8561251537486914,1.8386382066666667,True,False,False,False,False
2010-05-12 13:00:00,1.4408333333333334,1.4445386386305095,1.4315115516666665,True,False,False,False,False
2010-05-12 14:00:00,2.9855333333333336,2.918232652526349,2.955048536666667,True,True,False,True,True
2010-05-12 15:00:00,1.8541999999999998,1.8831878715582193,1.84367181,True,False,False,False,False
2010-05-12 16:00:00,1.4608666666666668,1.4714018002934754,1.4523231366666667,True,False,False,False,False
2010-05-12 17:00:00,3.0760666666666667,3.0678971933439376,3.0697173016666666,True,True,False,True,True
2010-05-12 18:00:00,0.6869333333333334,0.7211076168321073,0.6884825951666667,False,False,False,False,False
2010-05-12 19:00:00,0.5411666666666667,0.5406587511532008,0.536160791,False,False,False,False,False
2010-05-12 20:00:00,1.7231333333333334,1.6956468434441836,1.7038684608333334,True,False,False,False,False
2010-05-12 21:00:00,1.7869,1.8075701871059837,1.7717580383333333,True,False,False,False,False
2010-05-12 22:00:00,1.561,1.5639985709123314,1.546825495,True,False,False,False,False
2010-05-12 23:00:00,1.5440333333333334,1.5909715333089234,1.5260915646666668,True,False,False,False,False
2010-05-13 00:00:00,0.3472,0.35905617878399787,0.34498769516666666,False,False,False,False,False
2010-05-13 01:00:00,0.3643,0.37251571799591177,0.35839587766666664,False,False,False,False,False
2010-05-13 02:00:00,0.3389,0.3528436772793531,0.33258412583333335,False,False,False,False,False
2010-05-13 03:00:00,0.3558,0.37217986285872756,0.3474654625,False,False,False,False,False
2010-05-13 04:00:00,0.34986666666666666,0.36573731544353066,0.3437087755,False,False,False,False,False
2010-05-13 05:00:00,0.3187,0.3289811481446028,0.30786357233333334,False,False,False,False,False
2010-05-13 06:00:00,0.36946666666666667,0.3887988369103521,0.36130293500000005,False,False,False,False,False
2010-05-13 07:00:00,0.3028666666666667,0.3189041210055351,0.29827669433333337,False,False,False,False,False
2010-05-13 08:00:00,1.4711333333333334,1.4676225790616124,1.469362006,True,False,False,False,False
2010-05-13 09:00:00,0.36616666666666664,0.38766949075758456,0.3571440256666667,False,False,False,False,False
2010-05-13 10:00:00,1.4741,1.4752607343889774,1.4709043368333332,True,False,False,False,False
2010-05-13 11:00:00,1.9577666666666667,1.9378488837450745,1.9501530216666665,True,False,False,False,False
2010-05-13 12:00:00,1.9802,1.9563509849570693,1.968865475,True,False,False,False,False
2010-05-13 13:00:00,1.4075666666666666,1.4181785248108207,1.4003283133333333,False,False,False,False,False
2010-05-13 14:00:00,1.4837333333333333,1.4860770187996328,1.473200095,True,False,False,False,False
2010-05-13 15:00:00,1.0083333333333333,1.036413662622869,1.0011990259999999,False,False,False,False,False
2010-05-13 16:00:00,0.6708,0.6736894855614751,0.6468535168333334,False,False,False,False,False
2010-05-13 17:00:00,0.8897333333333334,0.8790916783090682,0.865366365,False,False,False,False,False
2010-05-13 18:00:00,2.979233333333333,2.9077201080814006,2.9592417668333337,True,True,False,True,True
2010-05-13 19:00:00,1.3617333333333332,1.4021898878976704,1.348702992,False,False,False,False,False
2010-05-13 20:00:00,1.8061,1.7172249041911214,1.7867015,True,False,False,False,False
2010-05-13 21:00:00,1.8726333333333334,1.8602874931268396,1.8488746016666666,True,False,False,False,False
2010-05-13 22:00:00,2.018133333333333,2.035161929870397,1.9859025035,True,False,False,False,False
2010-05-13 23:00:00,0.4086666666666667,0.42744440942034123,0.40114336066666667,False,False,False,False,False
2010-05-14 00:00:00,0.37629999999999997,0.3887618393439799,0.37007354649999996,False,False,False,False,False
2010-05-14 01:00:00,0.3972333333333333,0.40911937475055454,0.38869945633333336,False,False,False,False,False
2010-05-14 02:00:00,0.3822333333333333,0.39668650051690635,0.3741919363333333,False,False,False,False,False
2010-05-14 03:00:00,0.38499999999999995,0.39223513351120054,0.37704168283333334,False,False,False,False,False
2010-05-14 04:00:00,0.37953333333333333,0.4045449520532041,0.376947549,False,False,False,False,False
2010-05-14 05:00:00,0.33636666666666665,0.35707302733883256,0.333773725,False,False,False,False,False
2010-05-14 06:00:00,1.0338,1.0483057829886675,1.028349325,False,False,False,False,False
2010-05-14 07:00:00,1.6064333333333332,1.57946796900332,1.5936510334999998,True,False,False,False,False
2010-05-14 08:00:00,2.3066999999999998,2.259523008598387,2.286618568333333,True,False,False,False,False
2010-05-14 09:00:00,2.3980333333333332,2.3678086292654275,2.37905836,True,True,False,True,True
2010-05-14 10:00:00,1.4895666666666665,1.5035075306907297,1.4840958716666668,True,False,False,False,False
2010-05-14 11:00:00,1.5108666666666666,1.5229514204338195,1.5068326683333335,True,False,False,False,False
2010-05-14 12:00:00,1.6402666666666665,1.6397722204141318,1.6354478083333333,True,False,False,False,False
2010-05-14 13:00:00,1.5644999999999998,1.5776310157604516,1.55827028,True,False,False,False,False
2010-05-14 14:00:00,1.5472000000000001,1.5402883554898203,1.53990475,True,False,False,False,False
2010-05-14 15:00:00,1.5001666666666664,1.5039457364343107,1.4945963766666668,True,False,False,False,False
2010-05-14 16:00:00,1.5976,1.6022219990365207,1.5868229716666666,True,False,False,False,False
2010-05-14 17:00:00,1.5977333333333334,1.648589497769624,1.6465973316666667,True,False,False,False,False
2010-05-14 18:00:00,1.7295666666666667,1.7270138124220074,1.721931985,True,False,False,False,False
2010-05-14 19:00:00,1.8975666666666666,1.9121121020376683,1.8969075883333335,True,False,False,False,False
2010-05-14 20:00:00,1.6372666666666666,1.6681019934251904,1.6265897416666666,True,False,False,False,False
2010-05-14 21:00:00,0.6121333333333333,0.6317461731802673,0.598145933,False,False,False,False,False
2010-05-14 22:00:00,0.38326666666666664,0.3986569703545421,0.3746132185,False,False,False,False,False
2010-05-14 23:00:00,0.39309999999999995,0.40574536966271696,0.38334920133333333,False,False,False,False,False
2010-05-15 00:00:00,0.3943333333333333,0.3980110505647957,0.3918465911666667,False,False,False,False,False
2010-05-15 01:00:00,0.354,0.3615023155499249,0.35254187800000003,False,False,False,False,False
2010-05-15 02:00:00,0.3796333333333333,0.38718995988592503,0.3712681493333333,False,False,False,False,False
2010-05-15 03:00:00,0.34586666666666666,0.35394148298278444,0.3378902055,False,False,False,False,False
2010-05-15 04:00:00,0.3608,0.37098149106800554,0.3499690833333334,False,False,False,False,False
2010-05-15 05:00:00,1.1044333333333332,1.111628693176806,1.095246584,False,False,False,False,False
2010-05-15 06:00:00,0.6398333333333334,0.6289890102338045,0.6244779665000001,False,False,False,False,False
2010-05-15 07:00:00,1.9829333333333332,1.973074152429402,1.9721160883333333,True,False,False,False,False
2010-05-15 08:00:00,1.8604999999999998,1.8457474536575378,1.8501349266666667,True,False,False,False,False
2010-05-15 09:00:00,2.0170666666666666,1.9992272565461697,2.0057939283333335,True,False,False,False,False
2010-05-15 10:00:00,1.2804333333333335,1.3035288207031788,1.277304771,False,False,False,False,False
2010-05-15 11:00:00,0.5046333333333333,0.5131941503137349,0.498652639,False,False,False,False,False
2010-05-15 12:00:00,0.7856333333333333,0.7606407948803157,0.7774087808333333,False,False,False,False,False
2010-05-15 13:00:00,1.6464666666666665,1.653710709603131,1.6381818283333334,True,False,False,False,False
2010-05-15 14:00:00,0.8854666666666666,0.9246879993736744,0.8905361361666666,False,False,False,False,False
2010-05-15 15:00:00,0.5612333333333334,0.5888008128572255,0.5676919651666666,False,False,False,False,False
2010-05-15 16:00:00,0.5042666666666666,0.5252465543750673,0.5081607168333334,False,False,False,False,False
2010-05-15 17:00:00,0.5530666666666666,0.5744887186136097,0.5559410265,False,False,False,False,False
2010-05-15 18:00:00,0.8153,0.8080689872175455,0.8120509648333333,False,False,False,False,False
2010-05-15 19:00:00,1.9753,1.966056438457966,1.9598314333333335,True,False,False,False,False
2010-05-15 20:00:00,3.084166666666667,3.0466308391168715,3.11082417,True,True,False,True,True
2010-05-15 21:00:00,3.7895666666666665,3.6881331306859853,3.791376308333333,True,True,True,True,True
2010-05-15 22:00:00,2.7681,2.7404752270936967,2.749636985,True,True,False,True,True
2010-05-15 23:00:00,3.8198333333333334,3.757470361313224,3.7898910666666668,True,True,True,True,True
2010-05-16 00:00:00,1.8755333333333333,1.8421565499424937,1.86396427,True,False,False,False,False
2010-05-16 01:00:00,1.7676666666666667,1.733250469402224,1.7527546083333334,True,False,False,False,False
2010-05-16 02:00:00,1.9566666666666668,1.9595783803470435,1.9471149183333334,True,False,False,False,False
2010-05-16 03:00:00,1.4462000000000002,1.4692572280533613,1.4427499236666668,True,False,False,False,False
2010-05-16 04:00:00,0.3499333333333333,0.3729091187305748,0.35752544333333336,False,False,False,False,False
2010-05-16 05:00:00,0.4307666666666667,0.44774497395157814,0.4382187493333333,False,False,False,False,False
2010-05-16 06:00:00,0.34326666666666666,0.3706886132135987,0.3482731468333334,False,False,False,False,False
2010-05-16 07:00:00,0.37526666666666664,0.393771670300886,0.37635680033333335,False,False,False,False,False
2010-05-16 08:00:00,0.4897,0.49113279625400896,0.495136295,False,False,False,False,False
2010-05-16 09:00:00,1.7531999999999999,1.7551183025836947,1.7505626433333332,True,False,False,False,False
2010-05-16 10:00:00,1.4902333333333333,1.5345610436066985,1.4861816575,True,False,False,False,False
2010-05-16 11:00:00,0.6514666666666666,0.6639056558717044,0.6442904091666667,False,False,False,False,False
2010-05-16 12:00:00,0.6923333333333334,0.7028462590437383,0.6869365608333333,False,False,False,False,False
2010-05-16 13:00:00,1.9094666666666666,1.875205504990369,1.9106469130000001,True,False,False,False,False
2010-05-16 14:00:00,3.4861666666666666,3.458886246450618,3.452509532666667,True,True,True,True,True
2010-05-16 15:00:00,1.1775,1.1580684059526771,1.1670093639999999,False,False,False,False,False
2010-05-16 16:00:00,0.47859999999999997,0.505764719254151,0.47408372249999997,False,False,False,False,False
2010-05-16 17:00:00,0.5519666666666667,0.5759621868494897,0.5486157183333333,False,False,False,False,False
2010-05-16 18:00:00,1.0913000000000002,1.0406172962669282,1.0906315166666667,False,False,False,False,False
2010-05-16 19:00:00,3.1688666666666667,3.154761179188639,3.1819447183333334,True,True,True,True,True
2010-05-16 20:00:00,2.5771666666666664,2.5589678713694215,2.5526089916666668,True,True,False,True,True
2010-05-16 21:00:00,2.7816,2.7436384017422797,2.76400875,True,True,False,True,True
2010-05-16 22:00:00,2.5822999999999996,2.593103617756069,2.5578269550000003,True,True,False,True,True
2010-05-16 23:00:00,1.5799333333333332,1.6062740191966296,1.5691629366666668,True,False,False,False,False
2010-05-17 00:00:00,0.9766,1.00612446705848,0.9713593731666667,False,False,False,False,False
2010-05-17 01:00:00,0.3819,0.40206196105852726,0.3804662991666667,False,False,False,False,False
2010-05-17 02:00:00,0.4126,0.43273435912579294,0.40991968,False,False,False,False,False
2010-05-17 03:00:00,0.3350666666666667,0.35828069481439884,0.3346237335,False,False,False,False,False
2010-05-17 04:00:00,0.4157,0.4330973681695759,0.416371051,False,False,False,False,False
2010-05-17 05:00:00,0.3313333333333333,0.3576792858142406,0.331598354,False,False,False,False,False
2010-05-17 06:00:00,0.8424333333333334,0.8371969251479954,0.8365062885000001,False,False,False,False,False
2010-05-17 07:00:00,1.9666,1.9659328553661704,1.9522721783333334,True,False,False,False,False
2010-05-17 08:00:00,1.4820666666666666,1.500718312239647,1.477343115,True,False,False,False,False
2010-05-17 09:00:00,1.4857666666666667,1.4994371029622853,1.4851944549999998,True,False,False,False,False
2010-05-17 10:00:00,1.5221666666666667,1.5329457328490912,1.5168319183333334,True,False,False,False,False
2010-05-17 11:00:00,1.460133333333333,1.4663693055324256,1.4563955816666665,True,False,False,False,False
2010-05-17 12:00:00,1.5701,1.5853736354097725,1.5631265466666666,True,False,False,False,False
2010-05-17 13:00:00,1.4874,1.5005236583769321,1.4812314466666665,True,False,False,False,False
2010-05-17 14:00:00,1.415,1.434053953807056,1.4167454383333333,False,False,False,False,False
2010-05-17 15:00:00,1.4703333333333333,1.4797158418893814,1.4630602466666667,True,False,False,False,False
2010-05-17 16:00:00,1.6582333333333332,1.6683104625657201,1.6444908633333335,True,False,False,False,False
2010-05-17 17:00:00,1.6084666666666665,1.6321591032203286,1.5948237226666668,True,False,False,False,False
2010-05-17 18:00:00,0.6601333333333332,0.678545044773072,0.6438195928333333,False,False,False,False,False
2010-05-17 19:00:00,0.8043666666666667,0.8186183920636773,0.8183719855,False,False,False,False,False
2010-05-17 20:00:00,1.5936,1.5683221829470249,1.5796578968333332,True,False,False,False,False
2010-05-17 21:00:00,1.7509333333333332,1.7686213986013086,1.7405197098333334,True,False,False,False,False
2010-05-17 22:00:00,1.0803,1.0923603179518133,1.0671478991666667,False,False,False,False,False
2010-05-17 23:00:00,0.4251333333333333,0.441215937712416,0.41911678733333335,False,False,False,False,False
2010-05-18 00:00:00,0.3448,0.36610143346786495,0.34600388783333336,False,False,False,False,False
2010-05-18 01:00:00,0.4057,0.42169999783895906,0.404124256,False,False,False,False,False
2010-05-18 02:00:00,0.3416666666666667,0.3626343755159527,0.34401680199999995,False,False,False,False,False
2010-05-18 03:00:00,0.4090666666666667,0.43032077303081745,0.4054872523333334,False,False,False,False,False
2010-05-18 04:00:00,0.9974000000000001,1.0021725363366305,0.9933518915,False,False,False,False,False
2010-05-18 05:00:00,0.4423,0.4775612637229264,0.4406430005,False,False,False,False,False
2010-05-18 06:00:00,0.8207333333333333,0.8183435157686473,0.823731138,False,False,False,False,False
2010-05-18 07:00:00,1.8852,1.890860484838486,1.8738846183333335,True,False,False,False,False
2010-05-18 08:00:00,1.4528666666666665,1.4674060384355485,1.4465478500000002,True,False,False,False,False
2010-05-18 09:00:00,1.4544,1.4617573400370778,1.4494817366666666,True,False,False,False,False
2010-05-18 10:00:00,1.5289,1.5329373726308346,1.5348255116666667,True,False,False,False,False
2010-05-18 11:00:00,1.5529000000000002,1.5739824971795082,1.56288944,True,False,False,False,False
2010-05-18 12:00:00,1.4756,1.4878176148690285,1.4698742200000001,True,False,False,False,False
2010-05-18 13:00:00,1.4676666666666667,1.4798991700224577,1.45892991,True,False,False,False,False
2010-05-18 14:00:00,1.1408999999999998,1.1524754885215314,1.1215645505,False,False,False,False,False
2010-05-18 15:00:00,0.6998333333333334,0.7223680922195316,0.6828729061666666,False,False,False,False,False
2010-05-18 16:00:00,0.7251333333333334,0.7381493943482638,0.7082285265,False,False,False,False,False
2010-05-18 17:00:00,0.6493,0.6703125341653825,0.6360777515,False,False,False,False,False
2010-05-18 18:00:00,0.6107333333333334,0.6291117236983031,0.5958431236666667,False,False,False,False,False
2010-05-18 19:00:00,0.856,0.852396471304819,0.8513656923333334,False,False,False,False,False
2010-05-18 20:00:00,1.9862666666666666,2.0085329325027765,1.9774923183333333,True,False,False,False,False
2010-05-18 21:00:00,1.1104999999999998,1.1353251536741853,1.1025384463333334,False,False,False,False,False
2010-05-18 22:00:00,0.7884333333333333,0.8191300333060325,0.778950829,False,False,False,False,False
2010-05-18 23:00:00,0.5401,0.5531179480724037,0.5220568386666666,False,False,False,False,False
2010-05-19 00:00:00,0.5312,0.5403277893841267,0.5152428673333334,False,False,False,False,False
2010-05-19 01:00:00,0.8956999999999999,0.8958899402931332,0.8847207595000001,False,False,False,False,False
2010-05-19 02:00:00,0.7556666666666667,0.7834452379211784,0.7470176978333334,False,False,False,False,False
2010-05-19 03:00:00,0.4910333333333333,0.5110242697246373,0.48530878099999997,False,False,False,False,False
2010-05-19 04:00:00,0.45836666666666664,0.47767333865538236,0.44882479366666667,False,False,False,False,False
2010-05-19 05:00:00,0.4892,0.5098680714286864,0.4765194995,False,False,False,False,False
2010-05-19 06:00:00,0.5987666666666667,0.585940701264143,0.5909345658333333,False,False,False,False,False
2010-05-19 07:00:00,1.2334,1.2582852192357181,1.2276875203333333,False,False,False,False,False
2010-05-19 08:00:00,1.7,1.7050808545805514,1.6845737533333331,True,False,False,False,False
2010-05-19 09:00:00,1.8224666666666667,1.8308623765274883,1.7985616283333334,True,False,False,False,False
2010-05-19 10:00:00,1.4854666666666667,1.5041368706382812,1.4825859200000002,True,False,False,False,False
2010-05-19 11:00:00,1.7189666666666668,1.7367029542386532,1.71540814,True,False,False,False,False
2010-05-19 12:00:00,1.5488333333333335,1.5784656083248556,1.5501854453333335,True,False,False,False,False
2010-05-19 13:00:00,0.3450333333333333,0.37004220854490993,0.34313161633333333,False,False,False,False,False
2010-05-19 14:00:00,0.9004333333333334,0.9081794645596296,0.8829233113333333,False,False,False,False,False
2010-05-19 15:00:00,0.9435333333333333,0.9270538300365209,0.9317315725,False,False,False,False,False
2010-05-19 16:00:00,0.39920000000000005,0.43713875802755353,0.40011243083333337,False,False,False,False,False
2010-05-19 17:00:00,0.412,0.4313045896615833,0.4046071506666667,False,False,False,False,False
2010-05-19 18:00:00,0.5127333333333334,0.5368420721657574,0.5028783895,False,False,False,False,False
2010-05-19 19:00:00,1.0709666666666666,1.0633735874682666,1.0668270291666666,False,False,False,False,False
2010-05-19 20:00:00,2.3200999999999996,2.348765703545511,2.4258851816666667,True,False,False,True,True
2010-05-19 21:00:00,1.1143666666666665,1.135354449415207,1.1003358268333334,False,False,False,False,False
2010-05-19 22:00:00,0.7745,0.8119597326636314,0.7594782339999999,False,False,False,False,False
2010-05-19 23:00:00,1.2572666666666668,1.2731878274485469,1.2421595388333333,False,False,False,False,False
2010-05-20 00:00:00,0.40386666666666665,0.42649582984074946,0.40207882533333333,False,False,False,False,False
2010-05-20 01:00:00,0.43953333333333333,0.46308590381257236,0.432323551,False,False,False,False,False
2010-05-20 02:00:00,0.3904333333333333,0.41234273954145606,0.38753848383333334,False,False,False,False,False
2010-05-20 03:00:00,0.42056666666666664,0.44007948434539135,0.4196770845,False,False,False,False,False
2010-05-20 04:00:00,0.32883333333333337,0.3559256857991218,0.3288769823333333,False,False,False,False,False
2010-05-20 05:00:00,0.4045666666666667,0.4272511477842927,0.4031924725,False,False,False,False,False
2010-05-20 06:00:00,0.602,0.6196673538468779,0.606095154,False,False,False,False,False
2010-05-20 07:00:00,1.7003666666666668,1.6999954648077489,1.6856441916666667,True,False,False,False,False
2010-05-20 08:00:00,1.7837999999999998,1.7989786713063718,1.7671145566666666,True,False,False,False,False
2010-05-20 09:00:00,1.4224333333333334,1.4398621231973172,1.4208912016666666,False,False,False,False,False
2010-05-20 10:00:00,1.4856333333333334,1.5007772809259594,1.4838169350000001,True,False,False,False,False
2010-05-20 11:00:00,1.4456333333333333,1.4595195338748397,1.4409725116666665,True,False,False,False,False
2010-05-20 12:00:00,1.4332666666666667,1.446431453768164,1.42781307,True,False,False,False,False
2010-05-20 13:00:00,0.8744333333333334,0.908290739133209,0.8688536566666667,False,False,False,False,False
2010-05-20 14:00:00,0.6854,0.7048042523358017,0.6935590126666666,False,False,False,False,False
2010-05-20 15:00:00,0.36696666666666666,0.39388226933591064,0.361223479,False,False,False,False,False
2010-05-20 16:00:00,0.45866666666666667,0.48039320021457965,0.45474290683333335,False,False,False,False,False
2010-05-20 17:00:00,0.41686666666666666,0.4385123240556568,0.41011835733333335,False,False,False,False,False
2010-05-20 18:00:00,1.4747333333333332,1.4639280347015708,1.4588383335000001,True,False,False,False,False
2010-05-20 19:00:00,0.8403666666666666,0.8864312119897455,0.837625909,False,False,False,False,False
2010-05-20 20:00:00,0.4433666666666667,0.46565330626443024,0.43763928966666665,False,False,False,False,False
2010-05-20 21:00:00,0.42689999999999995,0.449103054715693,0.4217068978333333,False,False,False,False,False
2010-05-20 22:00:00,0.4138666666666666,0.4357699145969003,0.4051026443333334,False,False,False,False,False
2010-05-20 23:00:00,0.5691333333333334,0.5696625737909228,0.5578490288333333,False,False,False,False,False
2010-05-21 00:00:00,0.4106333333333333,0.44956110963374374,0.406852231,False,False,False,False,False
2010-05-21 01:00:00,0.8209333333333333,0.8179761709332466,0.8206634023333332,False,False,False,False,False
2010-05-21 02:00:00,0.6970333333333333,0.7369641040015966,0.693741521,False,False,False,False,False
2010-05-21 03:00:00,0.41910000000000003,0.43945116147771474,0.4150919315,False,False,False,False,False
2010-05-21 04:00:00,0.3431666666666667,0.368452074457705,0.3421591183333333,False,False,False,False,False
2010-05-21 05:00:00,0.41146666666666665,0.4342237947613,0.411613201,False,False,False,False,False
2010-05-21 06:00:00,0.40800000000000003,0.418283444795385,0.40704236366666663,False,False,False,False,False
2010-05-21 07:00:00,1.4021000000000001,1.4009096031136812,1.3991462591666666,False,False,False,False,False
2010-05-21 08:00:00,2.0987,2.105218726334721,2.0862504416666665,True,False,False,False,False
2010-05-21 09:00:00,2.0111,1.971006180088967,2.001349263333333,True,False,False,False,False
2010-05-21 10:00:00,1.5535333333333332,1.5766465633690359,1.548327435,True,False,False,False,False
2010-05-21 11:00:00,1.549,1.5589925298295917,1.5451482616666667,True,False,False,False,False
2010-05-21 12:00:00,0.8231666666666667,0.8649368672724813,0.8188130291666667,False,False,False,False,False
2010-05-21 13:00:00,0.39033333333333337,0.41436584789194164,0.39424003716666667,False,False,False,False,False
2010-05-21 14:00:00,0.6573999999999999,0.6768254651539027,0.683186507,False,False,False,False,False
2010-05-21 15:00:00,1.3532,1.3815198812752962,1.3567532513333334,False,False,False,False,False
2010-05-21 16:00:00,0.5370333333333334,0.5632959946297109,0.5320350763333334,False,False,False,False,False
2010-05-21 17:00:00,0.3586,0.3808705902393907,0.35249619716666664,False,False,False,False,False
2010-05-21 18:00:00,0.4476333333333333,0.4712265487208962,0.44495949316666666,False,False,False,False,False
2010-05-21 19:00:00,0.8801,0.8769646892745048,0.8741991681666667,False,False,False,False,False
2010-05-21 20:00:00,1.7375666666666667,1.7512623504593967,1.731825935,True,False,False,False,False
2010-05-21 21:00:00,0.9084333333333333,0.9328746460571885,0.9048186818333334,False,False,False,False,False
2010-05-21 22:00:00,0.909,0.9480303350165487,0.8998982401666668,False,False,False,False,False
2010-05-21 23:00:00,0.44603333333333334,0.4712584224816412,0.4410384278333333,False,False,False,False,False
2010-05-22 00:00:00,0.45573333333333327,0.46075497071705757,0.4492463678333333,False,False,False,False,False
2010-05-22 01:00:00,0.49613333333333337,0.499263260076195,0.49461177949999996,False,False,False,False,False
2010-05-22 02:00:00,0.9549000000000001,0.948614883671701,0.9481481438333332,False,False,False,False,False
2010-05-22 03:00:00,0.5759666666666666,0.5972719442572444,0.5721943273333333,False,False,False,False,False
2010-05-22 04:00:00,0.46346666666666664,0.46618429328501226,0.4632050568333333,False,False,False,False,False
2010-05-22 05:00:00,0.42506666666666665,0.44380422973670064,0.4229616915,False,False,False,False,False
2010-05-22 06:00:00,0.8622333333333334,0.8624141436375677,0.8851726978333333,False,False,False,False,False
2010-05-22 07:00:00,1.8893333333333333,1.894257901966572,1.877455,True,False,False,False,False
2010-05-22 08:00:00,2.113766666666667,2.1268354923546315,2.102699265,True,False,False,False,False
2010-05-22 09:00:00,2.0202,2.002836293499172,2.012246393333333,True,False,False,False,False
2010-05-22 10:00:00,2.1044333333333336,2.0846165424115957,2.0998398650000003,True,False,False,False,False
2010-05-22 11:00:00,2.9777333333333336,2.8993989284090698,2.9756066766666667,True,True,False,True,True
2010-05-22 12:00:00,2.9287,2.947572383795679,2.9517095233333333,True,True,False,True,True
2010-05-22 13:00:00,1.3232333333333335,1.336523297167197,1.3268909721666666,False,False,False,False,False
2010-05-22 14:00:00,1.7196333333333333,1.7326422830700876,1.715104115,True,False,False,False,False
2010-05-22 15:00:00,1.7081666666666666,1.721626749762893,1.711999885,True,False,False,False,False
2010-05-22 16:00:00,1.6239666666666668,1.6358303521305324,1.6225958816666666,True,False,False,False,False
2010-05-22 17:00:00,1.3736666666666666,1.4108480097413065,1.3702221068333331,False,False,False,False,False
2010-05-22 18:00:00,0.5486,0.5849867427516728,0.5607411763333334,False,False,False,False,False
2010-05-22 19:00:00,1.6358666666666666,1.6318122323468327,1.6299083433333332,True,False,False,False,False
2010-05-22 20:00:00,2.604766666666667,2.5308920555904506,2.5994139716666664,True,True,False,True,True
2010-05-22 21:00:00,1.8646333333333334,1.8886394265457989,1.8526391500000001,True,False,False,False,False
2010-05-22 22:00:00,1.6266333333333334,1.6387009568605573,1.6099072173333333,True,False,False,False,False
2010-05-22 23:00:00,0.6326999999999999,0.6458606350190937,0.6204794039999999,False,False,False,False,False
2010-05-23 00:00:00,0.6506000000000001,0.6372997139148414,0.6344535428333333,False,False,False,False,False
2010-05-23 01:00:00,0.5380666666666667,0.5526525417860597,0.5327653736666667,False,False,False,False,False
2010-05-23 02:00:00,0.3660333333333333,0.38122051098085935,0.36627058283333336,False,False,False,False,False
2010-05-23 03:00:00,0.43883333333333335,0.44835592827722426,0.437639084,False,False,False,False,False
2010-05-23 04:00:00,0.3905333333333333,0.4042354806400835,0.3921701598333333,False,False,False,False,False
2010-05-23 05:00:00,1.0787000000000002,1.083739164184034,1.0711464615,False,False,False,False,False
2010-05-23 06:00:00,0.4126333333333333,0.42757308271229266,0.41245795150000003,False,False,False,False,False
2010-05-23 07:00:00,0.5722,0.5555892717961223,0.5824181206666666,False,False,False,False,False
2010-05-23 08:00:00,0.5780333333333334,0.6179229288112372,0.5747676591666667,False,False,False,False,False
2010-05-23 09:00:00,2.0380666666666665,2.0102621226008983,2.032532441,True,False,False,False,False
2010-05-23 10:00:00,1.4191666666666667,1.4250292305633427,1.4201266663333334,False,False,False,False,False
2010-05-23 11:00:00,1.3234,1.3303981890909375,1.3273689438333334,False,False,False,False,False
2010-05-23 12:00:00,0.6875,0.7032502544175834,0.6840671245000001,False,False,False,False,False
2010-05-23 13:00:00,1.4910666666666665,1.4865367046117783,1.4892001736666667,True,False,False,False,False
2010-05-23 14:00:00,1.8497333333333332,1.8795262948513032,1.8420190216666665,True,False,False,False,False
2010-05-23 15:00:00,1.7885666666666666,1.804976573072374,1.78369807,True,False,False,False,False
2010-05-23 16:00:00,1.7826333333333333,1.7989706608593465,1.7770760518333333,True,False,False,False,False
2010-05-23 17:00:00,0.9132666666666667,0.9217739160221071,0.9225215686666667,False,False,False,False,False
2010-05-23 18:00:00,0.6145666666666667,0.6301770692598075,0.6188846545000001,False,False,False,False,False
2010-05-23 19:00:00,0.6609666666666667,0.6695498017575593,0.6539268096666666,False,False,False,False,False
2010-05-23 20:00:00,0.7431333333333333,0.7500195449657738,0.7454113483333333,False,False,False,False,False
2010-05-23 21:00:00,1.9589333333333334,1.9642566679544748,1.9435468716666666,True,False,False,False,False
2010-05-23 22:00:00,1.5712000000000002,1.5917739043988288,1.556400215,True,False,False,False,False
2010-05-23 23:00:00,0.9247666666666667,0.9668881659157574,0.9131827566666666,False,False,False,False,False
2010-05-24 00:00:00,0.47476666666666667,0.4840310953516513,0.4682378105,False,False,False,False,False
2010-05-24 01:00:00,0.47303333333333336,0.48987512520886956,0.46371251716666667,False,False,False,False,False
2010-05-24 02:00:00,0.46336666666666665,0.46686230149902397,0.4579309336666667,False,False,False,False,False
2010-05-24 03:00:00,0.42996666666666666,0.4483557184144854,0.4267718675,False,False,False,False,False
2010-05-24 04:00:00,0.3994,0.42230722675807775,0.39271054983333337,False,False,False,False,False
2010-05-24 05:00:00,0.4326,0.4567655815538019,0.43319836466666667,False,False,False,False,False
2010-05-24 06:00:00,1.0445333333333333,1.0608733582384884,1.039161376,False,False,False,False,False
2010-05-24 07:00:00,0.5814666666666667,0.609906867614761,0.598314512,False,False,False,False,False
2010-05-24 08:00:00,0.8345333333333333,0.8292698094040156,0.8410061335,False,False,False,False,False
2010-05-24 09:00:00,0.6686,0.6975950351860374,0.662013946,False,False,False,False,False
2010-05-24 10:00:00,1.2894666666666665,1.2814412173412741,1.2858105385,False,False,False,False,False
2010-05-24 11:00:00,0.5929,0.6358308077931405,0.587150045,False,False,False,False,False
2010-05-24 12:00:00,1.4928666666666668,1.4871482556059956,1.4851632233333334,True,False,False,False,False
2010-05-24 13:00:00,0.47716666666666663,0.5174517392564565,0.47140481716666666,False,False,False,False,False
2010-05-24 14:00:00,0.45276666666666665,0.46889664093516764,0.45096902066666666,False,False,False,False,False
2010-05-24 15:00:00,0.40053333333333335,0.43034110571257767,0.3972583041666667,False,False,False,False,False
2010-05-24 16:00:00,0.9590333333333334,0.9892363762781023,0.9537421333333334,False,False,False,False,False
2010-05-24 17:00:00,1.6942666666666668,1.6488071604069323,1.6936404586666667,True,False,False,False,False
2010-05-24 18:00:00,1.7058333333333333,1.722387598206848,1.7041586565,True,False,False,False,False
2010-05-24 19:00:00,1.3048,1.3198314362775534,1.3085643866666667,False,False,False,False,False
2010-05-24 20:00:00,2.253833333333333,2.2253881812185052,2.239317778333333,True,False,False,False,False
2010-05-24 21:00:00,2.447,2.4188450993463397,2.431061601666667,True,True,False,True,True
2010-05-24 22:00:00,1.1054666666666668,1.1403661801099778,1.1017233648333333,False,False,False,False,False
2010-05-24 23:00:00,0.37733333333333335,0.3988365401614457,0.3813093141666667,False,False,False,False,False
2010-05-25 00:00:00,0.32733333333333337,0.34472499320358035,0.33645547066666665,False,False,False,False,False
2010-05-25 01:00:00,0.3826333333333333,0.3963405267037451,0.39097547883333333,False,False,False,False,False
2010-05-25 02:00:00,0.3298,0.35407028109505767,0.3364668413333333,False,False,False,False,False
2010-05-25 03:00:00,0.3657333333333333,0.3868081900734454,0.37514976466666666,False,False,False,False,False
2010-05-25 04:00:00,0.3440333333333333,0.36841381497159603,0.3527814248333333,False,False,False,False,False
2010-05-25 05:00:00,0.34303333333333336,0.3637418932005763,0.350033139,False,False,False,False,False
2010-05-25 06:00:00,0.5341,0.5112597460050136,0.5512619221666667,False,False,False,False,False
2010-05-25 07:00:00,1.6887333333333332,1.7248946459181609,1.6848481849999999,True,False,False,False,False
2010-05-25 08:00:00,1.7139666666666666,1.7268122810967268,1.7066994666666666,True,False,False,False,False
2010-05-25 09:00:00,1.5015666666666665,1.510736004461348,1.5194695950000001,True,False,False,False,False
2010-05-25 10:00:00,1.5305333333333333,1.5641449700616301,1.55987058,True,False,False,False,False
2010-05-25 11:00:00,1.4275666666666667,1.433459713059664,1.427032925,False,False,False,False,False
2010-05-25 12:00:00,0.7964666666666667,0.8342704187452793,0.8026026508333334,False,False,False,False,False
2010-05-25 13:00:00,0.3499,0.3682745628144592,0.35805556149999995,False,False,False,False,False
2010-05-25 14:00:00,0.33699999999999997,0.3691655391871929,0.34681543099999995,False,False,False,False,False
2010-05-25 15:00:00,0.3472,0.3698575883157551,0.3542300331666667,False,False,False,False,False
2010-05-25 16:00:00,0.4753,0.498877322499454,0.4772908443333333,False,False,False,False,False
2010-05-25 17:00:00,0.5867666666666665,0.6263680262584239,0.5861326303333333,False,False,False,False,False
2010-05-25 18:00:00,0.49133333333333334,0.5174584473200142,0.48918906399999995,False,False,False,False,False
2010-05-25 19:00:00,1.3298666666666668,1.3639902030676605,1.357399794,False,False,False,False,False
2010-05-25 20:00:00,1.9244999999999999,1.9071508460748943,1.909859486,True,False,False,False,False
2010-05-25 21:00:00,1.8886,1.914030623303354,1.8824403166666668,True,False,False,False,False
2010-05-25 22:00:00,0.5967333333333333,0.6606626181636006,0.6140616,False,False,False,False,False
2010-05-25 23:00:00,0.3644,0.3982712652727961,0.3805664301666667,False,False,False,False,False
2010-05-26 00:00:00,0.3423,0.36385234135389327,0.36055927266666665,False,False,False,False,False
2010-05-26 01:00:00,0.33646666666666664,0.3616403380211442,0.35474622566666664,False,False,False,False,False
2010-05-26 02:00:00,0.3501,0.3830667194448411,0.3705668365,False,False,False,False,False
2010-05-26 03:00:00,0.3263,0.3631710747808218,0.34747102,False,False,False,False,False
2010-05-26 04:00:00,0.33913333333333334,0.373408829344809,0.3584558481666667,False,False,False,False,False
2010-05-26 05:00:00,0.33626666666666666,0.37103148777931927,0.35625708933333333,False,False,False,False,False
2010-05-26 06:00:00,0.8395333333333334,0.8423814634058625,0.8544642033333333,False,False,False,False,False
2010-05-26 07:00:00,1.5743666666666667,1.5684595854315908,1.5727898978333335,True,False,False,False,False
2010-05-26 08:00:00,2.3483,2.3202681459605694,2.3366540616666667,True,True,False,False,True
2010-05-26 09:00:00,2.3270666666666666,2.283589719089866,2.3177214333333334,True,False,False,False,False
2010-05-26 10:00:00,1.6331666666666667,1.6295299682036044,1.63558168,True,False,False,False,False
2010-05-26 11:00:00,1.6315,1.6688955153029414,1.6392605285,True,False,False,False,False
2010-05-26 12:00:00,0.7616666666666667,0.7620226662606001,0.7747551538333333,False,False,False,False,False
2010-05-26 13:00:00,1.4149,1.4700120645470918,1.4087266103333334,False,False,False,False,False
2010-05-26 14:00:00,0.3886333333333333,0.42090211547985673,0.39894001583333333,False,False,False,False,False
2010-05-26 15:00:00,0.38826666666666665,0.408683585171774,0.39580670149999997,False,False,False,False,False
2010-05-26 16:00:00,0.3389666666666667,0.37087581626325844,0.34520790733333334,False,False,False,False,False
2010-05-26 17:00:00,0.4154,0.44328526387326417,0.4195414333333333,False,False,False,False,False
2010-05-26 18:00:00,0.5874,0.6060939915321767,0.5808905688333333,False,False,False,False,False
2010-05-26 19:00:00,2.6902,2.6755767291866244,2.6921444753333335,True,True,False,True,True
2010-05-26 20:00:00,2.1698,2.1912057616330687,2.15665076,True,False,False,False,False
2010-05-26 21:00:00,0.7276,0.755523056755215,0.715263621,False,False,False,False,False
2010-05-26 22:00:00,0.5349333333333333,0.5610911650363356,0.5284237236666667,False,False,False,False,False
2010-05-26 23:00:00,0.3291333333333333,0.356691917976737,0.3377999408333333,False,False,False,False,False
2010-05-27 00:00:00,0.31276666666666664,0.33054914171285926,0.3227129635,False,False,False,False,False
2010-05-27 01:00:00,0.3091666666666667,0.3266506478052586,0.31201445316666665,False,False,False,False,False
2010-05-27 02:00:00,0.3158,0.33584568014815447,0.3240816913333333,False,False,False,False,False
2010-05-27 03:00:00,0.6246666666666666,0.626531659527868,0.6288054996666667,False,False,False,False,False
2010-05-27 04:00:00,0.6682,0.712896501250565,0.6755821021666667,False,False,False,False,False
2010-05-27 05:00:00,0.2779333333333333,0.30409422685876486,0.28654596033333335,False,False,False,False,False
2010-05-27 06:00:00,0.5009666666666667,0.5261698269773275,0.5215999946666667,False,False,False,False,False
2010-05-27 07:00:00,1.0825,1.0903038613148035,1.0785596301666667,False,False,False,False,False
2010-05-27 08:00:00,1.6715666666666666,1.681528513547033,1.6592764316666666,True,False,False,False,False
2010-05-27 09:00:00,1.6833333333333333,1.7038757335767152,1.670429365,True,False,False,False,False
2010-05-27 10:00:00,1.3379666666666667,1.3628635268352929,1.3413064716666667,False,False,False,False,False
2010-05-27 11:00:00,1.3550333333333335,1.3737499534085393,1.3597891566666667,False,False,False,False,False
2010-05-27 12:00:00,1.5419333333333334,1.5488301393069328,1.5511323383333333,True,False,False,False,False
2010-05-27 13:00:00,1.7148333333333334,1.7503548916317524,1.7124141931666665,True,False,False,False,False
2010-05-27 14:00:00,0.45353333333333334,0.4724672222558409,0.45266132366666667,False,False,False,False,False
2010-05-27 15:00:00,0.7421000000000001,0.7617316579677165,0.74232164,False,False,False,False,False
2010-05-27 16:00:00,0.3142,0.3399094608515501,0.3184582321666667,False,False,False,False,False
2010-05-27 17:00:00,0.47213333333333335,0.48430561158806085,0.46155767633333333,False,False,False,False,False
2010-05-27 18:00:00,0.6200666666666667,0.6346693869326264,0.605416592,False,False,False,False,False
2010-05-27 19:00:00,1.0631666666666666,1.056016290209815,1.0641955029999999,False,False,False,False,False
2010-05-27 20:00:00,1.8888,1.891000418020785,1.8800696399999999,True,False,False,False,False
2010-05-27 21:00:00,1.4042333333333332,1.4383753266200425,1.40117385,False,False,False,False,False
2010-05-27 22:00:00,0.8867333333333334,0.9441012484710664,0.8883239913333333,False,False,False,False,False
2010-05-27 23:00:00,0.8140666666666667,0.8247255699064583,0.817131492,False,False,False,False,False
2010-05-28 00:00:00,0.5976,0.6320055374640972,0.598720591,False,False,False,False,False
2010-05-28 01:00:00,0.3832333333333333,0.4120854491952806,0.3857387603333333,False,False,False,False,False
2010-05-28 02:00:00,0.307,0.32962102237865326,0.3133699715,False,False,False,False,False
2010-05-28 03:00:00,0.3154,0.339473017680645,0.3251676,False,False,False,False,False
2010-05-28 04:00:00,0.25553333333333333,0.2805208199955523,0.2596433543333333,False,False,False,False,False
2010-05-28 05:00:00,0.2720333333333333,0.29968333044201134,0.2768085241666666,False,False,False,False,False
2010-05-28 06:00:00,0.9972666666666666,0.9920404030829668,1.001602017,False,False,False,False,False
2010-05-28 07:00:00,1.3094000000000001,1.3392242141563446,1.3081157076666665,False,False,False,False,False
2010-05-28 08:00:00,1.5994333333333333,1.6106609706863761,1.5859975266666666,True,False,False,False,False
2010-05-28 09:00:00,1.8097333333333334,1.8223037268787623,1.7983519199999998,True,False,False,False,False
2010-05-28 10:00:00,1.5336,1.5656357896938922,1.5306434466666667,True,False,False,False,False
2010-05-28 11:00:00,1.2612333333333334,1.2948341038729996,1.2570775901666666,False,False,False,False,False
2010-05-28 12:00:00,0.7979,0.8256901189431549,0.7922369735,False,False,False,False,False
2010-05-28 13:00:00,0.7848333333333333,0.79143673831895,0.7907185976666666,False,False,False,False,False
2010-05-28 14:00:00,0.9882333333333333,1.0248642323356123,0.9974828601666667,False,False,False,False,False
2010-05-28 15:00:00,1.3665,1.388535324477032,1.3856934314999998,False,False,False,False,False
2010-05-28 16:00:00,1.4591333333333334,1.4897537865512074,1.4541158183333331,True,False,False,False,False
2010-05-28 17:00:00,1.3106666666666666,1.3400030127227305,1.31050684,False,False,False,False,False
2010-05-28 18:00:00,0.8873666666666666,0.9172838828355074,0.8808186676666666,False,False,False,False,False
2010-05-28 19:00:00,0.7254333333333334,0.7558150478366763,0.7302435981666666,False,False,False,False,False
2010-05-28 20:00:00,0.6027666666666666,0.6265946300085634,0.5968182986666667,False,False,False,False,False
2010-05-28 21:00:00,0.8782333333333333,0.8898716660674661,0.8588206508333334,False,False,False,False,False
2010-05-28 22:00:00,1.5304,1.5658081919338553,1.5198915063333334,True,False,False,False,False
2010-05-28 23:00:00,1.3297999999999999,1.3122070859406143,1.3081783878333333,False,False,False,False,False
2010-05-29 00:00:00,0.5915,0.6157413782078773,0.5871188693333333,False,False,False,False,False
2010-05-29 01:00:00,0.4802,0.49729221345894037,0.4849021273333333,False,False,False,False,False
2010-05-29 02:00:00,0.3274,0.35345134444125,0.33722330483333335,False,False,False,False,False
2010-05-29 03:00:00,0.30016666666666664,0.32350302357412875,0.3102162535,False,False,False,False,False
2010-05-29 04:00:00,0.23386666666666667,0.2539921479903161,0.24393998983333331,False,False,False,False,False
2010-05-29 05:00:00,0.30946666666666667,0.3320718453932553,0.3237745226666667,False,False,False,False,False
2010-05-29 06:00:00,0.5893666666666667,0.5881141097418964,0.5931630226666668,False,False,False,False,False
2010-05-29 07:00:00,1.8147333333333333,1.832572298345715,1.8166118766666666,True,False,False,False,False
2010-05-29 08:00:00,1.426,1.4562669110633435,1.4322988,False,False,False,False,False
2010-05-29 09:00:00,1.3294333333333335,1.3608765080176295,1.3352621633333333,False,False,False,False,False
2010-05-29 10:00:00,2.6568666666666667,2.640659115162492,2.695594698333333,True,True,False,True,True
2010-05-29 11:00:00,1.0861333333333334,1.1097913538139315,1.0839020703333333,False,False,False,False,False
2010-05-29 12:00:00,2.0979666666666668,2.1083093378551307,2.11767337,True,False,False,False,False
2010-05-29 13:00:00,1.6629666666666667,1.6829974964812398,1.6503035283333332,True,False,False,False,False
2010-05-29 14:00:00,2.0310333333333337,2.035706877563894,2.0169168783333333,True,False,False,False,False
2010-05-29 15:00:00,1.0608,1.0934021314535292,1.0526256445,False,False,False,False,False
2010-05-29 16:00:00,0.8701000000000001,0.8919576660286634,0.8695862381666667,False,False,False,False,False
2010-05-29 17:00:00,1.2503666666666668,1.2076144288048147,1.278157977,False,False,False,False,False
2010-05-29 18:00:00,3.412,3.320103360915184,3.4599990966666665,True,True,True,True,True
2010-05-29 19:00:00,2.405466666666667,2.4606578414410354,2.403102853333333,True,True,False,True,True
2010-05-29 20:00:00,1.6508666666666667,1.6479987355314196,1.64024955,True,False,False,False,False
2010-05-29 21:00:00,2.2383,2.266155985188484,2.2235467483333333,True,False,False,False,False
2010-05-29 22:00:00,2.0489,2.0745480976983908,2.030915916666667,True,False,False,False,False
2010-05-29 23:00:00,2.2895666666666665,2.3121881788168106,2.263995728166667,True,False,False,False,False
2010-05-30 00:00:00,0.878,0.8460768815081567,0.8689711858333333,False,False,False,False,False
2010-05-30 01:00:00,1.4239,1.4219644328456373,1.4127807554999998,False,False,False,False,False
2010-05-30 02:00:00,0.525,0.5352069725863635,0.513517459,False,False,False,False,False
2010-05-30 03:00:00,0.46496666666666664,0.4782979765802622,0.45412242133333336,False,False,False,False,False
2010-05-30 04:00:00,0.4492,0.46133790356628596,0.43609224116666667,False,False,False,False,False
2010-05-30 05:00:00,0.47576666666666667,0.48448179547227915,0.4625735795,False,False,False,False,False
2010-05-30 06:00:00,0.46590000000000004,0.47597132509611545,0.45457517566666666,False,False,False,False,False
2010-05-30 07:00:00,0.7262666666666667,0.7312433897640556,0.7183547593333334,False,False,False,False,False
2010-05-30 08:00:00,1.3738666666666668,1.4018841124005617,1.3659945305,False,False,False,False,False
2010-05-30 09:00:00,0.6325666666666667,0.6596635336756707,0.62898988,False,False,False,False,False
2010-05-30 10:00:00,1.6635666666666666,1.6765042034327986,1.6692865521666667,True,False,False,False,False
2010-05-30 11:00:00,1.3511333333333333,1.361165471863374,1.3501101668333333,False,False,False,False,False
2010-05-30 12:00:00,0.8259000000000001,0.8486596396028996,0.8347238095,False,False,False,False,False
2010-05-30 13:00:00,0.7817333333333333,0.8072821089357138,0.8050958539999999,False,False,False,False,False
2010-05-30 14:00:00,0.40626666666666666,0.4452095453910529,0.4272857975,False,False,False,False,False
2010-05-30 15:00:00,1.6644666666666668,1.659542162784189,1.6565724701666666,True,False,False,False,False
2010-05-30 16:00:00,1.0025,1.0084852932494135,0.9893859724999999,False,False,False,False,False
2010-05-30 17:00:00,2.586,2.5646582371231172,2.586745545,True,True,False,True,True
2010-05-30 18:00:00,1.8243666666666667,1.8513331658013166,1.8137098616666667,True,False,False,False,False
2010-05-30 19:00:00,2.1343,2.103567746455595,2.1204942566666665,True,False,False,False,False
2010-05-30 20:00:00,3.004366666666667,3.046619075830281,2.9866289116666667,True,True,False,True,True
2010-05-30 21:00:00,2.281966666666667,2.303990766723454,2.266468473333333,True,False,False,False,False
2010-05-30 22:00:00,0.4955666666666667,0.5579728536918759,0.49682605316666667,False,False,False,False,False
2010-05-30 23:00:00,0.3241,0.35136853288486597,0.33042275833333334,False,False,False,False,False
2010-05-31 00:00:00,0.2886666666666666,0.3174529990363866,0.29810605366666665,False,False,False,False,False
2010-05-31 01:00:00,0.2657,0.29772290383949873,0.27753257016666666,False,False,False,False,False
2010-05-31 02:00:00,0.29439999999999994,0.32460980331003664,0.30203854500000005,False,False,False,False,False
2010-05-31 03:00:00,0.26416666666666666,0.2939692289382219,0.27053406966666665,False,False,False,False,False
2010-05-31 04:00:00,0.28153333333333325,0.31786148862764235,0.29216767683333333,False,False,False,False,False
2010-05-31 05:00:00,0.2660333333333333,0.2929272138036787,0.2732522633333333,False,False,False,False,False
2010-05-31 06:00:00,1.2971333333333335,1.3058522083416582,1.3047644746666667,False,False,False,False,False
2010-05-31 07:00:00,1.8049666666666666,1.8174906168639662,1.7900219716666668,True,False,False,False,False
2010-05-31 08:00:00,1.8329333333333333,1.8768724118053914,1.83676735,True,False,False,False,False
2010-05-31 09:00:00,1.3661999999999999,1.3919726697057486,1.3694963133333333,False,False,False,False,False
2010-05-31 10:00:00,1.3382333333333334,1.3637295439444483,1.3412633416666668,False,False,False,False,False
2010-05-31 11:00:00,1.3549666666666667,1.3817684383139015,1.3598586449999999,False,False,False,False,False
2010-05-31 12:00:00,1.0731666666666666,1.1145675122126937,1.0779160238333332,False,False,False,False,False
2010-05-31 13:00:00,0.32886666666666664,0.35859563226029273,0.33679573349999997,False,False,False,False,False
2010-05-31 14:00:00,0.27386666666666665,0.30644913642928,0.28236918633333336,False,False,False,False,False
2010-05-31 15:00:00,0.48593333333333333,0.5043823725964873,0.4868737011666667,False,False,False,False,False
2010-05-31 16:00:00,1.585,1.6019768834725023,1.5869292296666666,True,False,False,False,False
2010-05-31 17:00:00,1.1943333333333332,1.1745902396176011,1.1943416445,False,False,False,False,False
2010-05-31 18:00:00,1.7174333333333331,1.756331095922366,1.7145108073333333,True,False,False,False,False
2010-05-31 19:00:00,1.2718,1.298143591942638,1.3354620393333334,False,False,False,False,False
2010-05-31 20:00:00,0.6001333333333334,0.6418367810446769,0.6039959918333333,False,False,False,False,False
2010-05-31 21:00:00,1.2517333333333334,1.252441153029725,1.2373442078333334,False,False,False,False,False
2010-05-31 22:00:00,1.4027,1.438802817704901,1.3887188538333333,False,False,False,False,False
2010-05-31 23:00:00,0.5011333333333333,0.5439053290948271,0.49760183799999996,False,False,False,False,False
2010-06-01 00:00:00,0.30033333333333334,0.31041571707911786,0.30465075049999996,False,False,False,False,False
2010-06-01 01:00:00,0.3133666666666667,0.31700698790773746,0.31646620216666665,False,False,False,False,False
2010-06-01 02:00:00,0.25216666666666665,0.26568877778574823,0.2571913081666667,False,False,False,False,False
2010-06-01 03:00:00,0.3104666666666666,0.3206637569747865,0.31278385433333333,False,False,False,False,False
2010-06-01 04:00:00,0.23159999999999994,0.2474216666035354,0.2338390465,False,False,False,False,False
2010-06-01 05:00:00,0.3000333333333333,0.31837156687267126,0.304910962,False,False,False,False,False
2010-06-01 06:00:00,0.6143666666666667,0.6076478989213705,0.622536362,False,False,False,False,False
2010-06-01 07:00:00,1.6050333333333333,1.614583907430619,1.6003899799999999,True,False,False,False,False
2010-06-01 08:00:00,1.9330666666666667,1.9130185046933592,1.9259060083333333,True,False,False,False,False
2010-06-01 09:00:00,1.9972666666666667,1.9725260801129043,2.008109828333333,True,False,False,False,False
2010-06-01 10:00:00,1.3527333333333333,1.3512676023498178,1.3435881,False,False,False,False,False
2010-06-01 11:00:00,1.3441666666666667,1.3434674501337112,1.3399300383333332,False,False,False,False,False
2010-06-01 12:00:00,1.6768666666666665,1.6974884829357266,1.7125837033333333,True,False,False,False,False
2010-06-01 13:00:00,1.6020666666666665,1.6040310556232928,1.5967239616666666,True,False,False,False,False
2010-06-01 14:00:00,1.445366666666667,1.4592329999104143,1.4431110933333333,True,False,False,False,False
2010-06-01 15:00:00,1.4784666666666666,1.4895814961008729,1.4718986283333335,True,False,False,False,False
2010-06-01 16:00:00,0.9093333333333332,0.9435526357237249,0.9075378885000001,False,False,False,False,False
2010-06-01 17:00:00,0.34159999999999996,0.3559962497446686,0.33840609499999996,False,False,False,False,False
2010-06-01 18:00:00,0.35233333333333333,0.3639326920356601,0.3484511496666666,False,False,False,False,False
2010-06-01 19:00:00,0.3855,0.39865623652078214,0.3810714355,False,False,False,False,False
2010-06-01 20:00:00,0.5894999999999999,0.6185539819519967,0.589094421,False,False,False,False,False
2010-06-01 21:00:00,0.5218333333333333,0.5337611465651542,0.5063105635,False,False,False,False,False
2010-06-01 22:00:00,0.6503,0.6652765087723733,0.633670763,False,False,False,False,False
2010-06-01 23:00:00,0.6416333333333333,0.6635742613464595,0.6195600975000001,False,False,False,False,False
2010-06-02 00:00:00,0.3203,0.3352660077154636,0.3209227003333333,False,False,False,False,False
2010-06-02 01:00:00,0.7598,0.7395726457227022,0.7480006131666667,False,False,False,False,False
2010-06-02 02:00:00,1.1001666666666667,1.12953164312765,1.1041124283333335,False,False,False,False,False
2010-06-02 03:00:00,0.24943333333333328,0.2688356750413775,0.25387635983333334,False,False,False,False,False
2010-06-02 04:00:00,0.28026666666666666,0.29546497348658735,0.28514676483333334,False,False,False,False,False
2010-06-02 05:00:00,0.2608,0.27687826467119153,0.26472345433333333,False,False,False,False,False
2010-06-02 06:00:00,0.6466,0.6477462935630232,0.650948862,False,False,False,False,False
2010-06-02 07:00:00,1.7422333333333335,1.743695909893513,1.7297397749999999,True,False,False,False,False
2010-06-02 08:00:00,1.3471333333333333,1.361406950492412,1.3417392333333333,False,False,False,False,False
2010-06-02 09:00:00,1.3300333333333334,1.3471525300957263,1.3297944216666666,False,False,False,False,False
2010-06-02 10:00:00,1.137,1.1525658207140865,1.1356221436666667,False,False,False,False,False
2010-06-02 11:00:00,0.7223333333333334,0.7587548866957426,0.7172127741666666,False,False,False,False,False
2010-06-02 12:00:00,0.4135666666666667,0.42678420593366023,0.4183233335,False,False,False,False,False
2010-06-02 13:00:00,0.4407,0.4822154507208615,0.446293691,False,False,False,False,False
2010-06-02 14:00:00,0.27143333333333336,0.310654695186764,0.28961678,False,False,False,False,False
2010-06-02 15:00:00,1.0623666666666667,1.0852025548934938,1.067702982,False,False,False,False,False
2010-06-02 16:00:00,0.30226666666666663,0.3358256711762398,0.3151982158333333,False,False,False,False,False
2010-06-02 17:00:00,0.3100333333333333,0.3431975477226078,0.3252252506666667,False,False,False,False,False
2010-06-02 18:00:00,0.2800333333333333,0.3136632057975977,0.29290017549999997,False,False,False,False,False
2010-06-02 19:00:00,0.3494333333333334,0.3675247932028025,0.35001009,False,False,False,False,False
2010-06-02 20:00:00,0.9114333333333333,0.9016224623959511,0.9021672654999999,False,False,False,False,False
2010-06-02 21:00:00,1.2373,1.2680424066450446,1.2278952330000001,False,False,False,False,False
2010-06-02 22:00:00,0.6118333333333333,0.6295028282877058,0.5978188415000001,False,False,False,False,False
2010-06-02 23:00:00,0.2618,0.2785681939773261,0.2618922615,False,False,False,False,False
2010-06-03 00:00:00,0.5234666666666666,0.5240234503291548,0.5168833286666666,False,False,False,False,False
2010-06-03 01:00:00,0.2558666666666667,0.26953322175070643,0.2588525698333333,False,False,False,False,False
2010-06-03 02:00:00,0.3059,0.32032587042115623,0.3143686271666667,False,False,False,False,False
2010-06-03 03:00:00,1.0056333333333334,1.015819147605449,1.0084126846666668,False,False,False,False,False
2010-06-03 04:00:00,0.21769999999999995,0.24178328302726146,0.22564369283333333,False,False,False,False,False
2010-06-03 05:00:00,0.3088666666666667,0.3247678450405597,0.313429613,False,False,False,False,False
2010-06-03 06:00:00,0.9371333333333334,0.9130320349417627,0.9414995401666667,False,False,False,False,False
2010-06-03 07:00:00,1.7112333333333334,1.7118992208965123,1.6988869583333333,True,False,False,False,False
2010-06-03 08:00:00,2.2531000000000003,2.2186946091629567,2.2411431299999998,True,False,False,False,False
2010-06-03 09:00:00,1.8671,1.8636392301321032,1.8618043583333335,True,False,False,False,False
2010-06-03 10:00:00,1.3756,1.3868542985633014,1.38160945,False,False,False,False,False
2010-06-03 11:00:00,1.3288666666666666,1.3393534066185355,1.3313269566666668,False,False,False,False,False
2010-06-03 12:00:00,1.9338333333333333,1.8987630843624472,1.9579569733333335,True,False,False,False,False
2010-06-03 13:00:00,2.3048,2.2744122212588787,2.3466695733333336,True,False,False,False,True
2010-06-03 14:00:00,1.3756333333333333,1.3926787439748647,1.3793439916666665,False,False,False,False,False
2010-06-03 15:00:00,1.3578666666666668,1.3931242688529193,1.3609001991666667,False,False,False,False,False
2010-06-03 16:00:00,0.29583333333333334,0.3124726846564561,0.3000863363333333,False,False,False,False,False
2010-06-03 17:00:00,0.30856666666666666,0.32907721589952704,0.31632158050000003,False,False,False,False,False
2010-06-03 18:00:00,0.39896666666666664,0.4159240094594657,0.4004392446666667,False,False,False,False,False
2010-06-03 19:00:00,1.2475666666666667,1.2760961347740145,1.3613335738333334,False,False,False,False,False
2010-06-03 20:00:00,0.39553333333333335,0.4325035101130605,0.40162488350000003,False,False,False,False,False
2010-06-03 21:00:00,0.6004,0.6055110916025936,0.5864297491666667,False,False,False,False,False
2010-06-03 22:00:00,0.5785666666666667,0.6028517939608544,0.5688918158333334,False,False,False,False,False
2010-06-03 23:00:00,0.3484,0.37147882460951803,0.345063241,False,False,False,False,False
2010-06-04 00:00:00,0.30019999999999997,0.3154554575912654,0.304289937,False,False,False,False,False
2010-06-04 01:00:00,1.3538333333333334,1.3461806543804706,1.3465856156666667,False,False,False,False,False
2010-06-04 02:00:00,0.3077333333333333,0.3257333974406123,0.3131292418333333,False,False,False,False,False
2010-06-04 03:00:00,0.25643333333333335,0.2774834834344685,0.26282162666666664,False,False,False,False,False
2010-06-04 04:00:00,0.28013333333333335,0.2983187315881252,0.2905151206666667,False,False,False,False,False
2010-06-04 05:00:00,0.3345666666666667,0.3461332613386213,0.33405695150000003,False,False,False,False,False
2010-06-04 06:00:00,1.2161666666666666,1.1988836821086706,1.2068864045,False,False,False,False,False
2010-06-04 07:00:00,1.6454333333333333,1.655066328252107,1.6422465320000001,True,False,False,False,False
2010-06-04 08:00:00,1.5706333333333333,1.576903989508748,1.5657907633333332,True,False,False,False,False
2010-06-04 09:00:00,1.8476333333333335,1.8190546785920858,1.8419928083333335,True,False,False,False,False
2010-06-04 10:00:00,1.3328666666666666,1.3468465337626638,1.3251169466666668,False,False,False,False,False
2010-06-04 11:00:00,1.1925,1.2172614855982364,1.1902661796666665,False,False,False,False,False
2010-06-04 12:00:00,0.5806333333333333,0.6053511055555194,0.5863491493333334,False,False,False,False,False
2010-06-04 13:00:00,0.9876333333333334,0.9470149930246176,0.997699696,False,False,False,False,False
2010-06-04 14:00:00,1.0285333333333333,1.0632167322166264,1.0348254671666666,False,False,False,False,False
2010-06-04 15:00:00,1.3963666666666665,1.4057977808929982,1.39638715,False,False,False,False,False
2010-06-04 16:00:00,1.4777,1.4910591176986694,1.4712826983333334,True,False,False,False,False
2010-06-04 17:00:00,0.8026,0.8336166359610856,0.8035148241666666,False,False,False,False,False
2010-06-04 18:00:00,0.4960333333333333,0.5083185046318918,0.5045028416666667,False,False,False,False,False
2010-06-04 19:00:00,0.3717333333333333,0.386946918945387,0.3800495475,False,False,False,False,False
2010-06-04 20:00:00,0.4455,0.4781063266351819,0.4635800553333333,False,False,False,False,False
2010-06-04 21:00:00,1.8008333333333333,1.7144918356817216,1.7953191768333334,True,False,False,False,False
2010-06-04 22:00:00,1.3293333333333335,1.3655095379710198,1.3188407186666666,False,False,False,False,False
2010-06-04 23:00:00,1.3208666666666666,1.3300501488842071,1.3060677533333334,False,False,False,False,False
2010-06-05 00:00:00,1.9819333333333333,1.969283052006364,1.9683267841666667,True,False,False,False,False
2010-06-05 01:00:00,0.9362,0.9549873739667236,0.9413503676666667,False,False,False,False,False
2010-06-05 02:00:00,0.35656666666666664,0.38129607871249316,0.3734127288333333,False,False,False,False,False
2010-06-05 03:00:00,0.26943333333333336,0.29378907206431026,0.284418827,False,False,False,False,False
2010-06-05 04:00:00,0.3643,0.38764494573287667,0.38077488233333334,False,False,False,False,False
2010-06-05 05:00:00,0.31786666666666663,0.34738470782749353,0.33251415733333334,False,False,False,False,False
2010-06-05 06:00:00,0.6622666666666667,0.6626093522511423,0.6714205124999999,False,False,False,False,False
2010-06-05 07:00:00,1.5862333333333332,1.5897069992035628,1.5890739783333332,True,False,False,False,False
2010-06-05 08:00:00,1.4944,1.50861183828637,1.5006786133333334,True,False,False,False,False
2010-06-05 09:00:00,1.4394,1.4514493061453104,1.4458724116666666,True,False,False,False,False
2010-06-05 10:00:00,1.1425666666666667,1.1874883370220661,1.1508273636666668,False,False,False,False,False
2010-06-05 11:00:00,1.6338000000000001,1.6232313406769188,1.70480341,True,False,False,False,False
2010-06-05 12:00:00,2.3738666666666663,2.379459289519489,2.427830895,True,True,False,True,True
2010-06-05 13:00:00,0.9036000000000001,0.8986200391761959,0.9593727531666667,False,False,False,False,False
2010-06-05 14:00:00,1.3759000000000001,1.384317261740938,1.4044653845,False,False,False,False,False
2010-06-05 15:00:00,1.2071666666666665,1.2184144426807761,1.2141082761666666,False,False,False,False,False
2010-06-05 16:00:00,2.0770666666666666,2.073204605823755,2.194142767333333,True,False,False,False,False
2010-06-05 17:00:00,0.9001666666666667,0.9229080005463214,0.905566082,False,False,False,False,False
2010-06-05 18:00:00,2.0113,1.9946949154429139,2.0121932683333332,True,False,False,False,False
2010-06-05 19:00:00,1.8069,1.810605400349945,1.82380438,True,False,False,False,False
2010-06-05 20:00:00,1.7313,1.7433377400375902,1.7535485728333333,True,False,False,False,False
2010-06-05 21:00:00,0.6489333333333334,0.6118157976046205,0.6578287976666667,False,False,False,False,False
2010-06-05 22:00:00,3.0245666666666664,2.845663870403916,3.029757523333333,True,True,False,True,True
2010-06-05 23:00:00,3.2483333333333335,2.9656126676484944,3.2948128733333335,True,True,True,True,True
2010-06-06 00:00:00,2.7725999999999997,2.6516998045653106,2.8314315016666667,True,True,False,True,True
2010-06-06 01:00:00,1.3972333333333333,1.4057426055099815,1.4359726285,False,False,False,False,False
2010-06-06 02:00:00,0.4164,0.42110053178369994,0.42315207683333333,False,False,False,False,False
2010-06-06 03:00:00,0.4262333333333333,0.43321458816826347,0.4354275768333334,False,False,False,False,False
2010-06-06 04:00:00,0.3810333333333334,0.37999947812929746,0.3811793955,False,False,False,False,False
2010-06-06 05:00:00,0.40376666666666666,0.41272711686417457,0.4075520596666667,False,False,False,False,False
2010-06-06 06:00:00,0.32080000000000003,0.33141704278588296,0.322500308,False,False,False,False,False
2010-06-06 07:00:00,0.44106666666666666,0.44909617245234545,0.45737237233333333,False,False,False,False,False
2010-06-06 08:00:00,0.42256666666666665,0.43890750176534055,0.4314267468333333,False,False,False,False,False
2010-06-06 09:00:00,1.3165333333333333,1.3228998188074679,1.3186774506666665,False,False,False,False,False
2010-06-06 10:00:00,0.7921,0.8045304922636599,0.7943155295000001,False,False,False,False,False
2010-06-06 11:00:00,0.3429,0.37079526463449,0.35094991416666665,False,False,False,False,False
2010-06-06 12:00:00,2.4814333333333334,2.3973065353155136,2.5250926490000003,True,True,False,True,True
2010-06-06 13:00:00,1.9768000000000001,2.0277615634284913,1.9993333116666667,True,False,False,False,False
2010-06-06 14:00:00,1.5261333333333333,1.5296360493190588,1.5314371733333334,True,False,False,False,False
2010-06-06 15:00:00,1.4523000000000001,1.4641123977459967,1.4534885866666667,True,False,False,False,False
2010-06-06 16:00:00,2.7384,2.663711686600745,2.791568691666667,True,True,False,True,True
2010-06-06 17:00:00,2.608033333333333,2.5381810260675848,2.668278776666667,True,True,False,True,True
2010-06-06 18:00:00,0.5265333333333333,0.5953836535133422,0.5289958945,False,False,False,False,False
2010-06-06 19:00:00,0.40873333333333334,0.4327993390765041,0.41822134883333334,False,False,False,False,False
2010-06-06 20:00:00,0.4997,0.5115783656504005,0.5040140648333333,False,False,False,False,False
2010-06-06 21:00:00,2.1411666666666664,2.096791699715331,2.1291068463333334,True,False,False,False,False
2010-06-06 22:00:00,2.5723,2.5826084919184447,2.5608008433333334,True,True,False,True,True
2010-06-06 23:00:00,0.7484333333333333,0.7967141950190068,0.7412310623333334,False,False,False,False,False
2010-06-07 00:00:00,0.2673666666666667,0.2885728747092187,0.2705928731666667,False,False,False,False,False
2010-06-07 01:00:00,0.3768,0.3827154531128704,0.3806696065,False,False,False,False,False
2010-06-07 02:00:00,0.31323333333333336,0.32486391142383214,0.31689929299999997,False,False,False,False,False
2010-06-07 03:00:00,0.36626666666666663,0.381476208839193,0.37141805699999997,False,False,False,False,False
2010-06-07 04:00:00,0.3106333333333333,0.3248792835265398,0.3117276378333333,False,False,False,False,False
2010-06-07 05:00:00,0.2809333333333333,0.30299381913170215,0.2902076841666667,False,False,False,False,False
2010-06-07 06:00:00,0.7907666666666666,0.7682600152391941,0.7924381361666667,False,False,False,False,False
2010-06-07 07:00:00,1.7549,1.7596712362967433,1.7463838766666666,True,False,False,False,False
2010-06-07 08:00:00,1.7765,1.7716115030154584,1.774675995,True,False,False,False,False
2010-06-07 09:00:00,1.8903666666666665,1.8563362468592823,1.8839942483333334,True,False,False,False,False
2010-06-07 10:00:00,0.8000333333333334,0.8370281138926745,0.8073214266666666,False,False,False,False,False
2010-06-07 11:00:00,0.3516666666666667,0.37056423387788234,0.35797900283333334,False,False,False,False,False
2010-06-07 12:00:00,0.4172666666666667,0.42810289216972885,0.4193610483333333,False,False,False,False,False
2010-06-07 13:00:00,0.4156,0.4361884858295321,0.41555176783333336,False,False,False,False,False
2010-06-07 14:00:00,0.29886666666666667,0.319046001933515,0.29801141166666667,False,False,False,False,False
2010-06-07 15:00:00,0.34903333333333336,0.36274067853726444,0.35557935183333333,False,False,False,False,False
2010-06-07 16:00:00,0.3284,0.34612804426066573,0.3285572865,False,False,False,False,False
2010-06-07 17:00:00,1.0391000000000001,1.0724213057700545,1.043676727,False,False,False,False,False
2010-06-07 18:00:00,0.6155666666666666,0.6184735764041543,0.6426300441666667,False,False,False,False,False
2010-06-07 19:00:00,0.9401333333333334,0.9830451436076314,0.9806464585,False,False,False,False,False
2010-06-07 20:00:00,1.068,1.0871921016655863,1.0760672973333334,False,False,False,False,False
2010-06-07 21:00:00,0.9030666666666666,0.9146473292395474,0.8968144966666666,False,False,False,False,False
2010-06-07 22:00:00,0.833,0.859041377837211,0.8174301540000001,False,False,False,False,False
2010-06-07 23:00:00,0.38053333333333333,0.4000137802831828,0.3794014968333333,False,False,False,False,False
2010-06-08 00:00:00,0.6259,0.6166374420374632,0.6226514465,False,False,False,False,False
2010-06-08 01:00:00,0.8197,0.8496905519012362,0.825224744,False,False,False,False,False
2010-06-08 02:00:00,0.2473,0.262839147670567,0.24638593466666667,False,False,False,False,False
2010-06-08 03:00:00,0.33536666666666665,0.3530517589282244,0.34114083333333334,False,False,False,False,False
2010-06-08 04:00:00,0.3112333333333333,0.32519728730022907,0.3150510908333333,False,False,False,False,False
2010-06-08 05:00:00,0.3416333333333333,0.3550818860214203,0.34418465,False,False,False,False,False
2010-06-08 06:00:00,0.48686666666666667,0.46692728007808326,0.4951289343333333,False,False,False,False,False
2010-06-08 07:00:00,1.8495666666666668,1.8522325085647404,1.8404878433333332,True,False,False,False,False
2010-06-08 08:00:00,2.2103333333333333,2.1763655923858285,2.2027138416666667,True,False,False,False,False
2010-06-08 09:00:00,1.9911666666666668,1.9757253607541325,1.9959340766666667,True,False,False,False,False
2010-06-08 10:00:00,1.4520666666666666,1.457487848585099,1.4655510366666666,True,False,False,False,False
2010-06-08 11:00:00,1.4518666666666666,1.470199432194978,1.4734965383333334,True,False,False,False,False
2010-06-08 12:00:00,1.3901999999999999,1.3933920756541194,1.38356589,False,False,False,False,False
2010-06-08 13:00:00,1.4037666666666666,1.423234580436349,1.4039190975,False,False,False,False,False
2010-06-08 14:00:00,0.3217666666666667,0.34374391576163466,0.326567339,False,False,False,False,False
2010-06-08 15:00:00,0.4450333333333333,0.45763362459279594,0.4429708921666667,False,False,False,False,False
2010-06-08 16:00:00,0.5609333333333333,0.5769473278101533,0.5461595525,False,False,False,False,False
2010-06-08 17:00:00,0.6243666666666667,0.6484625708647073,0.6132942046666667,False,False,False,False,False
2010-06-08 18:00:00,0.7281666666666666,0.7756513479817658,0.74025414,False,False,False,False,False
2010-06-08 19:00:00,1.4203666666666666,1.4326732250127943,1.4612584686666668,False,False,False,False,False
2010-06-08 20:00:00,1.0441,1.0491540522940457,1.0420743176666667,False,False,False,False,False
2010-06-08 21:00:00,1.4155000000000002,1.4146162131793798,1.4184941105,False,False,False,False,False
2010-06-08 22:00:00,0.5681999999999999,0.6182267647925764,0.5701420345,False,False,False,False,False
2010-06-08 23:00:00,0.6551666666666667,0.6815455620825291,0.65428363,False,False,False,False,False
2010-06-09 00:00:00,0.3537666666666667,0.36299413305893535,0.356882788,False,False,False,False,False
2010-06-09 01:00:00,0.39730000000000004,0.40507741291373967,0.40066555666666664,False,False,False,False,False
2010-06-09 02:00:00,0.26053333333333334,0.28364553901180617,0.2657289248333333,False,False,False,False,False
2010-06-09 03:00:00,0.3733333333333333,0.38559398461915545,0.37595441,False,False,False,False,False
2010-06-09 04:00:00,0.32016666666666665,0.33792626002691684,0.32214226983333333,False,False,False,False,False
2010-06-09 05:00:00,0.3842666666666667,0.3987164739850908,0.3867162668333333,False,False,False,False,False
2010-06-09 06:00:00,0.8931666666666668,0.8773971471108496,0.8956362876666667,False,False,False,False,False
2010-06-09 07:00:00,1.9536,1.9489867738872768,1.9459616933333335,True,False,False,False,False
2010-06-09 08:00:00,1.3556333333333332,1.3718655135773123,1.3596391983333334,False,False,False,False,False
2010-06-09 09:00:00,1.4013333333333333,1.4108221925094724,1.4003821449999998,False,False,False,False,False
2010-06-09 10:00:00,1.6439,1.6349888834752142,1.6587570999999999,True,False,False,False,False
2010-06-09 11:00:00,1.6741,1.7211971586789936,1.7420160315,True,False,False,False,False
2010-06-09 12:00:00,0.5093333333333333,0.5357107316311449,0.503092651,False,False,False,False,False
2010-06-09 13:00:00,2.4124,2.3143814577296378,2.4065507916666666,True,True,False,False,True
2010-06-09 14:00:00,0.8645333333333334,0.9230104581415653,0.8573724391666667,False,False,False,False,False
2010-06-09 15:00:00,0.9440333333333334,0.9534875953901559,0.9329761418333333,False,False,False,False,False
2010-06-09 16:00:00,0.3622333333333333,0.3849627277880907,0.35368686749999995,False,False,False,False,False
2010-06-09 17:00:00,1.4379666666666668,1.3883318337470292,1.4202961081666667,True,False,False,False,False
2010-06-09 18:00:00,1.5563333333333333,1.5858483058329673,1.5539552416666667,True,False,False,False,False
2010-06-09 19:00:00,1.2358333333333333,1.2098587708882989,1.226137118,False,False,False,False,False
2010-06-09 20:00:00,1.9178666666666666,1.933959817886725,1.9088254713333332,True,False,False,False,False
2010-06-09 21:00:00,1.513966666666667,1.5016575124636293,1.5072033548333332,True,False,False,False,False
2010-06-09 22:00:00,1.1477666666666666,1.164804235173762,1.1434410733333331,False,False,False,False,False
2010-06-09 23:00:00,0.6646666666666667,0.70486642931588,0.6650976138333333,False,False,False,False,False
2010-06-10 00:00:00,0.40426666666666666,0.42176163987480103,0.4142294306666667,False,False,False,False,False
2010-06-10 01:00:00,0.32686666666666664,0.35723791772723196,0.3363068971666667,False,False,False,False,False
2010-06-10 02:00:00,0.31736666666666663,0.3398050397366285,0.32543162733333336,False,False,False,False,False
2010-06-10 03:00:00,0.3237333333333333,0.3527839397821575,0.3317589135,False,False,False,False,False
2010-06-10 04:00:00,0.75,0.7504597121715546,0.7556263826666666,False,False,False,False,False
2010-06-10 05:00:00,0.6821666666666667,0.716775108949095,0.6919651715,False,False,False,False,False
2010-06-10 06:00:00,0.5538333333333333,0.5736985442522913,0.5629107,False,False,False,False,False
2010-06-10 07:00:00,1.4263000000000001,1.417894712203741,1.4208198581666667,False,False,False,False,False
2010-06-10 08:00:00,1.7923333333333331,1.7989087170600893,1.7825059133333334,True,False,False,False,False
2010-06-10 09:00:00,1.3549666666666667,1.3698499191358686,1.3555056305000002,False,False,False,False,False
2010-06-10 10:00:00,1.4777999999999998,1.490238945310563,1.4786972783333332,True,False,False,False,False
2010-06-10 11:00:00,1.3937,1.406985864608735,1.3931692633333335,False,False,False,False,False
2010-06-10 12:00:00,1.4353333333333331,1.4411206042028966,1.4351082366666668,True,False,False,False,False
2010-06-10 13:00:00,1.1014333333333333,1.1444585954181852,1.1094327124999999,False,False,False,False,False
2010-06-10 14:00:00,0.3748333333333333,0.395514402032271,0.381221444,False,False,False,False,False
2010-06-10 15:00:00,0.32436666666666664,0.3551348448149859,0.33270104300000003,False,False,False,False,False
2010-06-10 16:00:00,0.37913333333333327,0.40503078703694045,0.3888473995,False,False,False,False,False
2010-06-10 17:00:00,0.4402333333333333,0.46416763444170356,0.43746424700000003,False,False,False,False,False
2010-06-10 18:00:00,0.6838666666666666,0.7011754039287568,0.6735743895,False,False,False,False,False
2010-06-10 19:00:00,1.0551666666666668,1.054130967720598,1.0484182076666666,False,False,False,False,False
2010-06-10 20:00:00,1.7362333333333333,1.728646921048686,1.7164344906666666,True,False,False,False,False
2010-06-10 21:00:00,1.0708666666666666,1.1003780971422792,1.0619812631666667,False,False,False,False,False
2010-06-10 22:00:00,0.5249333333333334,0.5610218822136521,0.5145288626666666,False,False,False,False,False
2010-06-10 23:00:00,0.3234333333333333,0.3454428684797138,0.32704079799999997,False,False,False,False,False
2010-06-11 00:00:00,0.3402,0.3435267654363066,0.34170386649999995,False,False,False,False,False
2010-06-11 01:00:00,0.3791,0.3980186426579952,0.3780023245,False,False,False,False,False
2010-06-11 02:00:00,0.31623333333333326,0.34641966225281356,0.324248394,False,False,False,False,False
2010-06-11 03:00:00,0.3017,0.3226479008100927,0.30389455116666664,False,False,False,False,False
2010-06-11 04:00:00,0.3320333333333333,0.3502839869402349,0.3373585405,False,False,False,False,False
2010-06-11 05:00:00,0.2518666666666666,0.26727978424355386,0.2558230828333333,False,False,False,False,False
2010-06-11 06:00:00,1.6246666666666667,1.6175996006965638,1.6300489216666667,True,False,False,False,False
2010-06-11 07:00:00,1.8760333333333332,1.8720319853432479,1.8668144083333333,True,False,False,False,False
2010-06-11 08:00:00,2.0137,1.9799232135713103,1.9997569483333335,True,False,False,False,False
2010-06-11 09:00:00,1.8482999999999998,1.8496226281113926,1.8355934966666667,True,False,False,False,False
2010-06-11 10:00:00,1.4251333333333334,1.432218064966053,1.4243663666666668,False,False,False,False,False
2010-06-11 11:00:00,1.4143000000000001,1.4178074106760326,1.4098265983333333,False,False,False,False,False
2010-06-11 12:00:00,1.7594333333333334,1.7249178624980153,1.7702532366666666,True,False,False,False,False
2010-06-11 13:00:00,1.3205333333333333,1.3710774248126896,1.4152523389999998,False,False,False,False,False
2010-06-11 14:00:00,0.4647,0.48477911953628067,0.4931157198333333,False,False,False,False,False
2010-06-11 15:00:00,1.0055333333333334,1.0096522034607829,1.0058998555,False,False,False,False,False
2010-06-11 16:00:00,1.1049333333333335,1.1378381104618311,1.1052255943333333,False,False,False,False,False
2010-06-11 17:00:00,0.5202333333333333,0.5910693309910595,0.5987902096666667,False,False,False,False,False
2010-06-11 18:00:00,0.4730666666666667,0.4954937220208347,0.48666996716666666,False,False,False,False,False
2010-06-11 19:00:00,1.7516666666666665,1.79992592587024,1.8653234683333333,True,False,False,False,False
2010-06-11 20:00:00,0.5838,0.6291610222388059,0.5955658908333333,False,False,False,False,False
2010-06-11 21:00:00,1.1657,1.1758562914557755,1.1627066728333333,False,False,False,False,False
2010-06-11 22:00:00,1.0965333333333334,1.0549211304228754,1.0806552393333333,False,False,False,False,False
2010-06-11 23:00:00,1.1418,1.1725463390819728,1.1228187071666667,False,False,False,False,False
2010-06-12 00:00:00,0.9745333333333334,0.9935172798737885,0.976913579,False,False,False,False,False
2010-06-12 01:00:00,0.4235666666666667,0.4020715297020972,0.42422057516666667,False,False,False,False,False
2010-06-12 02:00:00,0.8025333333333333,0.837778803196922,0.8089423078333333,False,False,False,False,False
2010-06-12 03:00:00,0.31856666666666666,0.32438294854760163,0.32024008533333337,False,False,False,False,False
2010-06-12 04:00:00,0.3424333333333333,0.35738380936533215,0.3500608958333333,False,False,False,False,False
2010-06-12 05:00:00,0.3234,0.33180349336042997,0.3249625375,False,False,False,False,False
2010-06-12 06:00:00,0.6063666666666666,0.5983984140560031,0.6109983673333333,False,False,False,False,False
2010-06-12 07:00:00,1.6914666666666667,1.700928098934144,1.68172688,True,False,False,False,False
2010-06-12 08:00:00,1.7133333333333334,1.7345621828459203,1.7359692583333335,True,False,False,False,False
2010-06-12 09:00:00,1.3865,1.4011646947018803,1.395973615,False,False,False,False,False
2010-06-12 10:00:00,1.3558999999999999,1.3750638710968197,1.350375346,False,False,False,False,False
2010-06-12 11:00:00,0.9209999999999999,0.9121209254626185,0.9476123380000001,False,False,False,False,False
2010-06-12 12:00:00,2.1129333333333333,2.118608733083308,2.1569261606666665,True,False,False,False,False
2010-06-12 13:00:00,1.5753666666666668,1.5985028925061227,1.581772997,True,False,False,False,False
2010-06-12 14:00:00,0.9934333333333334,1.0056914180401713,1.0093040013333332,False,False,False,False,False
2010-06-12 15:00:00,1.7003666666666668,1.6900007566709072,1.6997684386666667,True,False,False,False,False
2010-06-12 16:00:00,1.6876333333333333,1.6715712343610825,1.68870938,True,False,False,False,False
2010-06-12 17:00:00,1.72535,1.782827858503908,1.727012225,True,False,False,False,False
2010-06-12 18:00:00,2.114733333333333,2.077952242778987,2.110313575,True,False,False,False,False
2010-06-12 19:00:00,2.5191999999999997,2.539065586538613,2.5142901266666664,True,True,False,True,True
2010-06-12 20:00:00,1.6605999999999999,1.6644656935192645,1.662921965,True,False,False,False,False
2010-06-12 21:00:00,1.8441,1.8451418871805072,1.8300184050000001,True,False,False,False,False
2010-06-12 22:00:00,2.3567666666666667,2.3639318225458266,2.344267868333333,True,True,False,True,True
2010-06-12 23:00:00,1.7577,1.775782013323903,1.7573034900000002,True,False,False,False,False
2010-06-13 00:00:00,1.2083333333333333,1.187801597623527,1.2120605144999999,False,False,False,False,False
2010-06-13 01:00:00,0.3083666666666666,0.322688566173613,0.3146076568333333,False,False,False,False,False
2010-06-13 02:00:00,0.6055333333333334,0.6103452139526605,0.6017679301666666,False,False,False,False,False
2010-06-13 03:00:00,0.48736666666666667,0.4879401955574751,0.4923321038333333,False,False,False,False,False
2010-06-13 04:00:00,0.8913,0.9128033366791903,0.8895719905,False,False,False,False,False
2010-06-13 05:00:00,0.27240000000000003,0.29067652920186515,0.2767494151666667,False,False,False,False,False
2010-06-13 06:00:00,0.3261333333333333,0.3413823379054665,0.3326169136666667,False,False,False,False,False
2010-06-13 07:00:00,0.5486,0.560481427365914,0.5732495013333333,False,False,False,False,False
2010-06-13 08:00:00,0.4347333333333333,0.4631509982962161,0.43622057049999996,False,False,False,False,False
2010-06-13 09:00:00,0.5858666666666666,0.5963719911087305,0.5813824034999999,False,False,False,False,False
2010-06-13 10:00:00,2.933266666666667,2.8129467206910252,2.988427253166667,True,True,False,True,True
2010-06-13 11:00:00,2.7022,2.667477215317637,2.759810695,True,True,False,True,True
2010-06-13 12:00:00,0.9603666666666667,1.0071339671850206,1.0001176321666667,False,False,False,False,False
2010-06-13 13:00:00,2.159766666666667,2.145565802149475,2.1560124616666667,True,False,False,False,False
2010-06-13 14:00:00,2.0390666666666664,2.0154189061686396,2.0417453933333336,True,False,False,False,False
2010-06-13 15:00:00,0.6412,0.7255194583170116,0.6516149665000001,False,False,False,False,False
2010-06-13 16:00:00,0.4927,0.5338925364136695,0.5089637459999999,False,False,False,False,False
2010-06-13 17:00:00,1.1057333333333332,1.123096293455735,1.1135639320000001,False,False,False,False,False
2010-06-13 18:00:00,1.1539333333333335,1.2073557098831982,1.162432943,False,False,False,False,False
2010-06-13 19:00:00,2.030266666666667,1.9768107495788485,2.038750957,True,False,False,False,False
2010-06-13 20:00:00,1.2484,1.2861928272861989,1.2528599551666666,False,False,False,False,False
2010-06-13 21:00:00,2.564333333333333,2.545846117208898,2.5561910066666664,True,True,False,True,True
2010-06-13 22:00:00,1.6214000000000002,1.6287842195894568,1.6236486093333333,True,False,False,False,False
2010-06-13 23:00:00,0.5846666666666667,0.6536729668181389,0.596465597,False,False,False,False,False
2010-06-14 00:00:00,0.6394666666666667,0.6488639422684909,0.6410562965000001,False,False,False,False,False
2010-06-14 01:00:00,0.34706666666666663,0.38215195794254536,0.35901747483333335,False,False,False,False,False
2010-06-14 02:00:00,0.8650666666666668,0.884005317376554,0.8758866238333333,False,False,False,False,False
2010-06-14 03:00:00,0.3326333333333333,0.3665118694331497,0.3483426225,False,False,False,False,False
2010-06-14 04:00:00,0.3246,0.3633049973845482,0.3424271363333334,False,False,False,False,False
2010-06-14 05:00:00,0.2909333333333333,0.32548422178700565,0.30717052683333335,False,False,False,False,False
2010-06-14 06:00:00,0.5817666666666667,0.5941131054002792,0.5948244196666667,False,False,False,False,False
2010-06-14 07:00:00,1.5130666666666666,1.5272092857643964,1.5161103766666666,True,False,False,False,False
2010-06-14 08:00:00,1.4300666666666666,1.437089734914899,1.4382548383333333,False,False,False,False,False
2010-06-14 09:00:00,1.4076666666666666,1.422404906615615,1.4052190716666668,False,False,False,False,False
2010-06-14 10:00:00,1.3794,1.3894256644032896,1.3762527583333333,False,False,False,False,False
2010-06-14 11:00:00,1.3752333333333333,1.3838031275212765,1.3723057516666666,False,False,False,False,False
2010-06-14 12:00:00,1.8709666666666667,1.8629054965026677,1.8771580899999998,True,False,False,False,False
2010-06-14 13:00:00,1.0939666666666668,1.1266024873793126,1.088726917,False,False,False,False,False
2010-06-14 14:00:00,0.38316666666666666,0.40369162683896714,0.3803160905,False,False,False,False,False
2010-06-14 15:00:00,0.29153333333333337,0.32152464410588144,0.2940623026666667,False,False,False,False,False
2010-06-14 16:00:00,0.3348333333333333,0.35861244802661235,0.33905755733333337,False,False,False,False,False
2010-06-14 17:00:00,0.24786666666666665,0.2732489416725933,0.24748776533333333,False,False,False,False,False
2010-06-14 18:00:00,0.38699999999999996,0.4163531328100711,0.38972868883333334,False,False,False,False,False
2010-06-14 19:00:00,0.7758333333333333,0.7593414263036102,0.7897336321666667,False,False,False,False,False
2010-06-14 20:00:00,1.6178333333333332,1.6491139961909504,1.604120452,True,False,False,False,False
2010-06-14 21:00:00,1.3603333333333334,1.3292499936979263,1.3493025618333334,False,False,False,False,False
2010-06-14 22:00:00,0.8282,0.8489131579063833,0.8138771505,False,False,False,False,False
2010-06-14 23:00:00,0.6212333333333333,0.6374822224859148,0.600885728,False,False,False,False,False
2010-06-15 00:00:00,0.4109333333333333,0.4254843565929681,0.4085633573333334,False,False,False,False,False
2010-06-15 01:00:00,0.2860333333333333,0.30666074802428483,0.2915165285,False,False,False,False,False
2010-06-15 02:00:00,0.29613333333333336,0.31437820403389627,0.3019801346666667,False,False,False,False,False
2010-06-15 03:00:00,0.2891333333333333,0.30556828764826055,0.28923633783333336,False,False,False,False,False
2010-06-15 04:00:00,0.7506666666666667,0.7625156214892865,0.758240255,False,False,False,False,False
2010-06-15 05:00:00,0.6535666666666666,0.6851882401697337,0.6530215655,False,False,False,False,False
2010-06-15 06:00:00,0.6048666666666667,0.6173538263279944,0.614290259,False,False,False,False,False
2010-06-15 07:00:00,0.8026666666666666,0.8101400437172502,0.8040812894999999,False,False,False,False,False
2010-06-15 08:00:00,1.3307333333333333,1.3489164085842669,1.3337893966666667,False,False,False,False,False
2010-06-15 09:00:00,1.4201666666666666,1.4426813520200552,1.4566292475,False,False,False,False,False
2010-06-15 10:00:00,0.7739333333333334,0.7829485312245786,0.7753075116666667,False,False,False,False,False
2010-06-15 11:00:00,1.2811666666666668,1.3230708926025778,1.3145683458333333,False,False,False,False,False
2010-06-15 12:00:00,1.1593000000000002,1.1649460859254004,1.1574105015,False,False,False,False,False
2010-06-15 13:00:00,1.5242666666666667,1.5309964056536556,1.5190737833333334,True,False,False,False,False
2010-06-15 14:00:00,1.3928666666666667,1.411970516151935,1.39331589,False,False,False,False,False
2010-06-15 15:00:00,0.6715333333333333,0.7080918584428727,0.6737603123333333,False,False,False,False,False
2010-06-15 16:00:00,0.29443333333333327,0.31772006994634866,0.2998042476666667,False,False,False,False,False
2010-06-15 17:00:00,0.3504333333333333,0.37503665779754514,0.36010303683333333,False,False,False,False,False
2010-06-15 18:00:00,0.30673333333333336,0.3364066885136067,0.30936350483333336,False,False,False,False,False
2010-06-15 19:00:00,0.7601333333333333,0.7701244344394654,0.7727987906666667,False,False,False,False,False
2010-06-15 20:00:00,1.6182666666666667,1.6329709805436432,1.5987291731666666,True,False,False,False,False
2010-06-15 21:00:00,1.2554333333333334,1.2659558902569117,1.2497914885,False,False,False,False,False
2010-06-15 22:00:00,1.2378,1.2637172028083357,1.21861954,False,False,False,False,False
2010-06-15 23:00:00,0.9282333333333334,0.9340893843982369,0.9079134576666666,False,False,False,False,False
2010-06-16 00:00:00,0.9155333333333334,0.9313406838580967,0.8981218765,False,False,False,False,False
2010-06-16 01:00:00,0.8949666666666667,0.8850842004563659,0.8804250178333334,False,False,False,False,False
2010-06-16 02:00:00,1.3116333333333334,1.325983216810599,1.2951159896666666,False,False,False,False,False
2010-06-16 03:00:00,0.7983666666666667,0.8122772755622865,0.786398638,False,False,False,False,False
2010-06-16 04:00:00,0.7678666666666667,0.7790062391005458,0.7571599775000001,False,False,False,False,False
2010-06-16 05:00:00,0.7974,0.8111290575370194,0.7904682683333333,False,False,False,False,False
2010-06-16 06:00:00,0.7928333333333334,0.8191437457099559,0.7981084435,False,False,False,False,False
2010-06-16 07:00:00,0.7041333333333334,0.7179658365238457,0.7105412443333333,False,False,False,False,False
2010-06-16 08:00:00,1.957566666666667,1.9382749544844031,1.9488321183333333,True,False,False,False,False
2010-06-16 09:00:00,1.9336333333333333,1.9249410784743728,1.9257514766666666,True,False,False,False,False
2010-06-16 10:00:00,1.5199666666666665,1.5272674506627024,1.52413335,True,False,False,False,False
2010-06-16 11:00:00,1.3837000000000002,1.4007478826127948,1.3835221333333334,False,False,False,False,False
2010-06-16 12:00:00,1.4195333333333333,1.4358814426518978,1.4292054083333334,False,False,False,False,False
2010-06-16 13:00:00,1.6327333333333334,1.6547458074972035,1.6259028283333334,True,False,False,False,False
2010-06-16 14:00:00,0.8742,0.9125652631759643,0.867163834,False,False,False,False,False
2010-06-16 15:00:00,1.5512666666666666,1.5103658669427038,1.53514354,True,False,False,False,False
2010-06-16 16:00:00,1.4775666666666667,1.532352827404812,1.4945481431666667,True,False,False,False,False
2010-06-16 17:00:00,1.3177333333333332,1.2875304100845009,1.3022527285,False,False,False,False,False
2010-06-16 18:00:00,1.3527333333333333,1.4113562287122012,1.3598152578333333,False,False,False,False,False
2010-06-16 19:00:00,0.34276666666666666,0.37110690943002694,0.34682146399999997,False,False,False,False,False
2010-06-16 20:00:00,0.8107,0.8157839296750724,0.8099239818333334,False,False,False,False,False
2010-06-16 21:00:00,2.2539666666666665,2.233783701679856,2.2403234726666668,True,False,False,False,False
2010-06-16 22:00:00,1.8435,1.819366371395439,1.8347050200000001,True,False,False,False,False
2010-06-16 23:00:00,0.8139,0.8407728634551168,0.803359793,False,False,False,False,False
2010-06-17 00:00:00,0.36346666666666666,0.38907891793847077,0.365093208,False,False,False,False,False
2010-06-17 01:00:00,0.362,0.3813892975464463,0.37215564,False,False,False,False,False
2010-06-17 02:00:00,0.3459333333333333,0.3643793533273041,0.3524306393333333,False,False,False,False,False
2010-06-17 03:00:00,0.2851666666666667,0.3127655453652143,0.29477682450000003,False,False,False,False,False
2010-06-17 04:00:00,0.35146666666666665,0.3702138488322496,0.3581649275,False,False,False,False,False
2010-06-17 05:00:00,0.33266666666666667,0.3587063520006835,0.34200898316666667,False,False,False,False,False
2010-06-17 06:00:00,1.4129,1.4146964767612518,1.4259895826666666,False,False,False,False,False
2010-06-17 07:00:00,0.8750333333333332,0.8979119602378458,0.8770779271666667,False,False,False,False,False
2010-06-17 08:00:00,0.8910666666666667,0.9267977782920003,0.8954466643333333,False,False,False,False,False
2010-06-17 09:00:00,0.30073333333333335,0.32409054391309616,0.3082347606666667,False,False,False,False,False
2010-06-17 10:00:00,0.8371666666666666,0.8557816011752933,0.8380353608333333,False,False,False,False,False
2010-06-17 11:00:00,1.4385000000000001,1.4547387125454845,1.4421270433333333,True,False,False,False,False
2010-06-17 12:00:00,1.3938,1.4103149926759302,1.3930226849999998,False,False,False,False,False
2010-06-17 13:00:00,1.6693333333333333,1.680661717339605,1.6648793416666665,True,False,False,False,False
2010-06-17 14:00:00,0.6107666666666667,0.6567862373419106,0.6104552641666667,False,False,False,False,False
2010-06-17 15:00:00,0.34976666666666667,0.38028071888908743,0.3577438213333333,False,False,False,False,False
2010-06-17 16:00:00,0.31189999999999996,0.3262012630987912,0.31404235966666666,False,False,False,False,False
2010-06-17 17:00:00,0.28476666666666667,0.32085764134079214,0.2872544815,False,False,False,False,False
2010-06-17 18:00:00,0.3186333333333333,0.34722572034299376,0.3212298966666667,False,False,False,False,False
2010-06-17 19:00:00,0.31093333333333334,0.3293065430644899,0.3159870065,False,False,False,False,False
2010-06-17 20:00:00,1.7558666666666667,1.7544887500301003,1.7419484788333333,True,False,False,False,False
2010-06-17 21:00:00,0.8603333333333333,0.8840677453689277,0.8469690816666666,False,False,False,False,False
2010-06-17 22:00:00,0.7944666666666667,0.8197534422308208,0.7727491291666666,False,False,False,False,False
2010-06-17 23:00:00,0.6769666666666667,0.6918498266749084,0.6595699033333333,False,False,False,False,False
2010-06-18 00:00:00,0.6461333333333333,0.66414576353468,0.6474093951666667,False,False,False,False,False
2010-06-18 01:00:00,0.7263333333333333,0.7506924801252783,0.732808618,False,False,False,False,False
2010-06-18 02:00:00,0.2578,0.2865897856742143,0.26126180316666664,False,False,False,False,False
2010-06-18 03:00:00,0.3257333333333333,0.3492625081777572,0.33137010466666666,False,False,False,False,False
2010-06-18 04:00:00,0.2423,0.2646148799747228,0.24401798316666667,False,False,False,False,False
2010-06-18 05:00:00,0.30989999999999995,0.337750766769424,0.31754029733333333,False,False,False,False,False
2010-06-18 06:00:00,0.5345,0.5550405465733259,0.5469385048333333,False,False,False,False,False
2010-06-18 07:00:00,1.2368,1.236738511707634,1.2352799111666668,False,False,False,False,False
2010-06-18 08:00:00,1.9224333333333334,1.9269774616718294,1.9148450766666667,True,False,False,False,False
2010-06-18 09:00:00,1.5577666666666665,1.5629890954755248,1.554242115,True,False,False,False,False
2010-06-18 10:00:00,1.8108666666666666,1.800519382032752,1.80556721,True,False,False,False,False
2010-06-18 11:00:00,1.6994666666666667,1.7222291792720557,1.7104793033333332,True,False,False,False,False
2010-06-18 12:00:00,1.4279000000000002,1.4440934114009143,1.4194440083333333,False,False,False,False,False
2010-06-18 13:00:00,1.4851333333333334,1.4828575049214066,1.493919365,True,False,False,False,False
2010-06-18 14:00:00,1.0346,1.0718343491800129,1.0671382575000001,False,False,False,False,False
2010-06-18 15:00:00,0.2730333333333333,0.3055037507411092,0.2771112175,False,False,False,False,False
2010-06-18 16:00:00,0.45233333333333337,0.4989866390399635,0.4897701563333333,False,False,False,False,False
2010-06-18 17:00:00,0.9873666666666666,0.9882095549315214,0.9855001883333333,False,False,False,False,False
2010-06-18 18:00:00,0.4953666666666666,0.5519045875556767,0.5049778606666666,False,False,False,False,False
2010-06-18 19:00:00,0.6390666666666667,0.6560028128795327,0.6398942638333334,False,False,False,False,False
2010-06-18 20:00:00,1.7505666666666668,1.7421146551948041,1.7384951991666666,True,False,False,False,False
2010-06-18 21:00:00,1.0089,1.0501922892134636,0.9994234008333334,False,False,False,False,False
2010-06-18 22:00:00,0.9618,0.9987851494129747,0.9497537205000001,False,False,False,False,False
2010-06-18 23:00:00,0.41916666666666663,0.43912512805387377,0.421244316,False,False,False,False,False
2010-06-19 00:00:00,0.6301,0.63643633723557,0.6170591823333333,False,False,False,False,False
2010-06-19 01:00:00,0.8099000000000001,0.796291939529404,0.8095739708333334,False,False,False,False,False
2010-06-19 02:00:00,0.4997666666666667,0.5348902321040631,0.5012175603333333,False,False,False,False,False
2010-06-19 03:00:00,0.36823333333333336,0.38451527162417765,0.37216381649999997,False,False,False,False,False
2010-06-19 04:00:00,0.2795333333333333,0.3046795408956706,0.28751869166666666,False,False,False,False,False
2010-06-19 05:00:00,0.3581333333333333,0.3796783682499081,0.3649073956666667,False,False,False,False,False
2010-06-19 06:00:00,0.34126666666666666,0.3641932599440217,0.34951171799999997,False,False,False,False,False
2010-06-19 07:00:00,0.47846666666666665,0.4988039576407522,0.49165985366666665,False,False,False,False,False
2010-06-19 08:00:00,0.8383,0.8467051165901124,0.8410749166666667,False,False,False,False,False
2010-06-19 09:00:00,1.6233333333333335,1.6211608588993551,1.6095609283333334,True,False,False,False,False
2010-06-19 10:00:00,1.8915666666666666,1.902606713566184,1.88967126,True,False,False,False,False
2010-06-19 11:00:00,1.8121666666666665,1.7905966067500414,1.8085449133333333,True,False,False,False,False
2010-06-19 12:00:00,0.5093333333333333,0.5812867700792849,0.5182976973333333,False,False,False,False,False
2010-06-19 13:00:00,1.6337,1.6207341119356455,1.6380159433333332,True,False,False,False,False
2010-06-19 14:00:00,0.8814333333333334,0.9388213097669185,0.8856798920000001,False,False,False,False,False
2010-06-19 15:00:00,0.5696,0.5772071029037238,0.5603177226666667,False,False,False,False,False
2010-06-19 16:00:00,1.7640666666666667,1.7459708240401,1.8064417345000001,True,False,False,False,False
2010-06-19 17:00:00,1.0338666666666667,1.1160198350630701,1.0345546168333333,False,False,False,False,False
2010-06-19 18:00:00,0.3908333333333333,0.4230362185869366,0.39595719683333336,False,False,False,False,False
2010-06-19 19:00:00,0.37726666666666664,0.4093615385197103,0.38351044683333335,False,False,False,False,False
2010-06-19 20:00:00,0.6906666666666667,0.6979508451148868,0.702094792,False,False,False,False,False
2010-06-19 21:00:00,2.2919666666666667,2.224827241435647,2.2841626539999997,True,False,False,False,False
2010-06-19 22:00:00,2.4079333333333333,2.40236963711679,2.3905867383333335,True,True,False,True,True
2010-06-19 23:00:00,1.1222333333333334,1.1644380521275104,1.1211763073333332,False,False,False,False,False
2010-06-20 00:00:00,0.5733666666666667,0.6103316462580114,0.5745871445,False,False,False,False,False
2010-06-20 01:00:00,0.3768333333333333,0.3875802888061851,0.3810992328333333,False,False,False,False,False
2010-06-20 02:00:00,0.2544666666666667,0.27416820219308136,0.26071965333333336,False,False,False,False,False
2010-06-20 03:00:00,0.3604333333333333,0.3755379046618938,0.36665934466666666,False,False,False,False,False
2010-06-20 04:00:00,0.23099999999999998,0.2579016823239624,0.23728618566666665,False,False,False,False,False
2010-06-20 05:00:00,0.35213333333333335,0.36988690874651076,0.36002205116666663,False,False,False,False,False
2010-06-20 06:00:00,0.23056666666666667,0.2534847410373389,0.23238568283333333,False,False,False,False,False
2010-06-20 07:00:00,0.3374666666666667,0.3550052333131432,0.3427458325,False,False,False,False,False
2010-06-20 08:00:00,0.9848666666666667,0.9943917943663896,0.9928551813333333,False,False,False,False,False
2010-06-20 09:00:00,1.0292666666666668,1.0379316999435424,1.0289044858333334,False,False,False,False,False
2010-06-20 10:00:00,1.4976333333333334,1.5277588518097998,1.4947179083333333,True,False,False,False,False
2010-06-20 11:00:00,1.5338666666666667,1.558783018233627,1.5422767816666665,True,False,False,False,False
2010-06-20 12:00:00,1.7916999999999998,1.8144992992237212,1.7925297316666666,True,False,False,False,False
2010-06-20 13:00:00,1.5012333333333332,1.5328005681864918,1.5058404283333333,True,False,False,False,False
2010-06-20 14:00:00,1.432,1.453254225829989,1.432283955,True,False,False,False,False
2010-06-20 15:00:00,0.4014,0.4574497580863535,0.40517381616666664,False,False,False,False,False
2010-06-20 16:00:00,0.5437,0.5545444447752088,0.5501353496666667,False,False,False,False,False
2010-06-20 17:00:00,1.9162333333333335,1.9539375319123269,1.9105517483333332,True,False,False,False,False
2010-06-20 18:00:00,2.6058666666666666,2.567991225704551,2.5939004983333334,True,True,False,True,True
2010-06-20 19:00:00,3.0546,2.983514787749946,3.0430166,True,True,False,True,True
2010-06-20 20:00:00,2.1052666666666666,2.1387686813496054,2.095507511666667,True,False,False,False,False
2010-06-20 21:00:00,1.7862333333333333,1.8054659496612848,1.7732868266666666,True,False,False,False,False
2010-06-20 22:00:00,1.7300666666666666,1.7169904401898386,1.7221580633333333,True,False,False,False,False
2010-06-20 23:00:00,1.2456333333333334,1.2731104457072915,1.2434221265,False,False,False,False,False
2010-06-21 00:00:00,0.27436666666666665,0.3058023600429296,0.2780973995,False,False,False,False,False
2010-06-21 01:00:00,0.35246666666666665,0.36823995055072006,0.3522994036666667,False,False,False,False,False
2010-06-21 02:00:00,0.9393333333333334,0.9577359201960266,0.9432564476666666,False,False,False,False,False
2010-06-21 03:00:00,0.34919999999999995,0.3707404328502715,0.3510842413333333,False,False,False,False,False
2010-06-21 04:00:00,0.24523333333333333,0.26921969093382353,0.24504755816666668,False,False,False,False,False
2010-06-21 05:00:00,0.3585333333333333,0.38024772928953166,0.36023333533333335,False,False,False,False,False
2010-06-21 06:00:00,0.2771666666666667,0.2895294078122824,0.274105114,False,False,False,False,False
2010-06-21 07:00:00,0.9789,1.0133848708275706,0.990408129,False,False,False,False,False
2010-06-21 08:00:00,1.4782666666666666,1.5066114280313256,1.4749537166666669,True,False,False,False,False
2010-06-21 09:00:00,1.4552666666666667,1.4707377657830716,1.45580391,True,False,False,False,False
2010-06-21 10:00:00,1.2895333333333334,1.3167559520199896,1.2951200866666668,False,False,False,False,False
2010-06-21 11:00:00,1.4134666666666669,1.4282055771850048,1.4165629233333334,False,False,False,False,False
2010-06-21 12:00:00,1.1165999999999998,1.1477563887838274,1.117541057,False,False,False,False,False
2010-06-21 13:00:00,0.6603,0.6653752018690109,0.6636493573333334,False,False,False,False,False
2010-06-21 14:00:00,1.5395,1.59870208927989,1.6742062855,True,False,False,False,False
2010-06-21 15:00:00,2.51,2.5292138600803913,2.5154706533333333,True,True,False,True,True
2010-06-21 16:00:00,0.3795,0.4310701914995908,0.38366882266666663,False,False,False,False,False
2010-06-21 17:00:00,1.3744,1.37492426436767,1.3633577076666665,False,False,False,False,False
2010-06-21 18:00:00,2.516233333333333,2.3710701026607306,2.5217720696666666,True,True,False,True,True
2010-06-21 19:00:00,1.9449333333333334,2.028320079502463,1.9767316168333333,True,False,False,False,False
2010-06-21 20:00:00,1.8373333333333335,1.798134750823304,1.8291627321666666,True,False,False,False,False
2010-06-21 21:00:00,1.3321,1.3325352604527025,1.3273894111666666,False,False,False,False,False
2010-06-21 22:00:00,2.334566666666667,2.2871604828402403,2.3138460883333334,True,True,False,False,False
2010-06-21 23:00:00,0.7242999999999999,0.7780886005584151,0.7171250055,False,False,False,False,False
2010-06-22 00:00:00,0.3347333333333333,0.37409446531496937,0.3549326235,False,False,False,False,False
2010-06-22 01:00:00,0.2700333333333333,0.30449558454602954,0.2892410363333333,False,False,False,False,False
2010-06-22 02:00:00,0.2868,0.3252784122794867,0.3033181268333333,False,False,False,False,False
2010-06-22 03:00:00,0.27759999999999996,0.31358094989135854,0.2943149581666667,False,False,False,False,False
2010-06-22 04:00:00,0.28636666666666666,0.3277806413777172,0.3045872478333333,False,False,False,False,False
2010-06-22 05:00:00,0.25856666666666667,0.2996132486321032,0.2755764468333333,False,False,False,False,False
2010-06-22 06:00:00,0.6382,0.6555612170983106,0.6498288461666667,False,False,False,False,False
2010-06-22 07:00:00,2.0322,2.0341197377927602,2.04432891,True,False,False,False,False
2010-06-22 08:00:00,1.7978666666666667,1.830144182342291,1.8052713183333333,True,False,False,False,False
2010-06-22 09:00:00,1.8581999999999999,1.8508954648256302,1.8809268516666668,True,False,False,False,False
2010-06-22 10:00:00,1.75,1.7728182233653962,1.7748252733333334,True,False,False,False,False
2010-06-22 11:00:00,1.1740333333333335,1.2148825652614237,1.1833423733333333,False,False,False,False,False
2010-06-22 12:00:00,0.6453666666666666,0.6348203392803669,0.6539467226666668,False,False,False,False,False
2010-06-22 13:00:00,1.3182666666666667,1.3870846674978734,1.3563270478333334,False,False,False,False,False
2010-06-22 14:00:00,0.8385666666666667,0.8979286566704512,0.8494330251666666,False,False,False,False,False
2010-06-22 15:00:00,0.6611999999999999,0.7132720410201698,0.6686562663333333,False,False,False,False,False
2010-06-22 16:00:00,0.45916666666666667,0.5043667707420886,0.47591828449999996,False,False,False,False,False
2010-06-22 17:00:00,2.0802666666666667,2.0245646571166813,2.082205333166667,True,False,False,False,False
2010-06-22 18:00:00,1.5902,1.6722769917786122,1.5953929034999998,True,False,False,False,False
2010-06-22 19:00:00,1.0886,1.0726319558370858,1.0959494161666667,False,False,False,False,False
2010-06-22 20:00:00,1.0753333333333333,1.1771987374458461,1.0833219193333332,False,False,False,False,False
2010-06-22 21:00:00,1.2507333333333333,1.252204484783858,1.2460186158333333,False,False,False,False,False
2010-06-22 22:00:00,2.2101333333333333,2.1592107578344644,2.1906194725000003,True,False,False,False,False
2010-06-22 23:00:00,1.1606999999999998,1.2052992779359222,1.144953366,False,False,False,False,False
2010-06-23 00:00:00,0.30716666666666664,0.32833373325429854,0.317193221,False,False,False,False,False
2010-06-23 01:00:00,0.2552,0.26471718463078137,0.25643669783333334,False,False,False,False,False
2010-06-23 02:00:00,0.2894333333333333,0.3163661178544163,0.2974845108333334,False,False,False,False,False
2010-06-23 03:00:00,0.28409999999999996,0.304949960693717,0.2869310741666667,False,False,False,False,False
2010-06-23 04:00:00,0.27876666666666666,0.29482183334939177,0.28086327349999995,False,False,False,False,False
2010-06-23 05:00:00,0.2667333333333334,0.2992892137050628,0.27168311533333334,False,False,False,False,False
2010-06-23 06:00:00,0.5191333333333333,0.5094096962299198,0.5269759675,False,False,False,False,False
2010-06-23 07:00:00,1.5606,1.5971949785381556,1.563773315,True,False,False,False,False
2010-06-23 08:00:00,1.3921999999999999,1.40953874469623,1.393307555,False,False,False,False,False
2010-06-23 09:00:00,1.4414333333333333,1.4461360520742834,1.4429970133333332,True,False,False,False,False
2010-06-23 10:00:00,2.0485333333333333,2.0610696907289325,2.118948385,True,False,False,False,False
2010-06-23 11:00:00,1.5051333333333334,1.527208420252055,1.526167505,True,False,False,False,False
2010-06-23 12:00:00,1.2449000000000001,1.2704085370138287,1.2472071261666666,False,False,False,False,False
2010-06-23 13:00:00,0.29919999999999997,0.3254653231672942,0.3019206725,False,False,False,False,False
2010-06-23 14:00:00,0.375,0.3947101421777159,0.38079098333333333,False,False,False,False,False
2010-06-23 15:00:00,0.3711,0.3957755714099854,0.3764890226666667,False,False,False,False,False
2010-06-23 16:00:00,0.3139,0.34378806649260224,0.3189504006666667,False,False,False,False,False
2010-06-23 17:00:00,0.5547333333333333,0.5607829527996481,0.5552962176666667,False,False,False,False,False
2010-06-23 18:00:00,1.7482666666666666,1.7538305539559573,1.7453139038333334,True,False,False,False,False
2010-06-23 19:00:00,1.9592,1.8427759536437691,2.0205439386666666,True,False,False,False,False
2010-06-23 20:00:00,1.2290666666666668,1.2350968919809908,1.2436021473333334,False,False,False,False,False
2010-06-23 21:00:00,3.9411,3.7222390820503235,3.980468535,True,True,True,True,True
2010-06-23 22:00:00,1.4779000000000002,1.5177347279123963,1.4759261078333334,True,False,False,False,False
2010-06-23 23:00:00,0.3716,0.40355768366046246,0.37361043850000003,False,False,False,False,False
2010-06-24 00:00:00,0.3514,0.3732905915804207,0.3580255435,False,False,False,False,False
2010-06-24 01:00:00,0.3404333333333333,0.36015260940641164,0.3424436218333333,False,False,False,False,False
2010-06-24 02:00:00,0.41459999999999997,0.4351989418663084,0.4184077293333333,False,False,False,False,False
2010-06-24 03:00:00,0.5252,0.5377482210658491,0.5293916101666667,False,False,False,False,False
2010-06-24 04:00:00,0.7032666666666666,0.744132907485962,0.706816335,False,False,False,False,False
2010-06-24 05:00:00,0.38776666666666665,0.41076535427272315,0.39327943049999997,False,False,False,False,False
2010-06-24 06:00:00,0.42356666666666665,0.4335636509414762,0.4267084563333333,False,False,False,False,False
2010-06-24 07:00:00,1.3824666666666665,1.3911966713666917,1.3807085668333334,False,False,False,False,False
2010-06-24 08:00:00,1.7109333333333332,1.7263142685875297,1.709294285,True,False,False,False,False
2010-06-24 09:00:00,1.4129666666666667,1.4297373543426395,1.4125852416666667,False,False,False,False,False
2010-06-24 10:00:00,0.9029666666666666,0.9418349057771266,0.9030034975,False,False,False,False,False
2010-06-24 11:00:00,0.36943333333333334,0.3953673911262303,0.37287429299999997,False,False,False,False,False
2010-06-24 12:00:00,0.3708666666666666,0.3958427171990275,0.37638980499999997,False,False,False,False,False
2010-06-24 13:00:00,0.37189999999999995,0.4094461358357221,0.3863562526666666,False,False,False,False,False
2010-06-24 14:00:00,0.32403333333333334,0.34901202259659764,0.3265653935,False,False,False,False,False
2010-06-24 15:00:00,0.3697,0.4011977785337716,0.3772959451666667,False,False,False,False,False
2010-06-24 16:00:00,0.3358333333333333,0.3651056313429028,0.3408059073333333,False,False,False,False,False
2010-06-24 17:00:00,0.42543333333333333,0.44631146399267013,0.42599939249999996,False,False,False,False,False
2010-06-24 18:00:00,0.6879000000000001,0.695386181166023,0.6927724853333334,False,False,False,False,False
2010-06-24 19:00:00,1.5256,1.5410555814292282,1.5286746005,True,False,False,False,False
2010-06-24 20:00:00,1.2801,1.2660320059634746,1.2709186185,False,False,False,False,False
2010-06-24 21:00:00,1.4406666666666665,1.4240055064067245,1.4381190821666665,True,False,False,False,False
2010-06-24 22:00:00,1.8170666666666666,1.854685810154304,1.8028390166666666,True,False,False,False,False
2010-06-24 23:00:00,0.38889999999999997,0.42603041463866825,0.39273819233333335,False,False,False,False,False
2010-06-25 00:00:00,0.2985666666666667,0.3143911112781614,0.305500102,False,False,False,False,False
2010-06-25 01:00:00,0.30660000000000004,0.33611466656997796,0.31274861400000004,False,False,False,False,False
2010-06-25 02:00:00,0.2838333333333333,0.309105170225352,0.28836568283333336,False,False,False,False,False
2010-06-25 03:00:00,0.33946666666666664,0.3594238535016775,0.34385348016666667,False,False,False,False,False
2010-06-25 04:00:00,0.33766666666666667,0.36265648860186334,0.34442505316666666,False,False,False,False,False
2010-06-25 05:00:00,0.28426666666666667,0.3112611861571669,0.2888669348333333,False,False,False,False,False
2010-06-25 06:00:00,1.0408666666666666,1.0381366727434098,1.0540992578333332,False,False,False,False,False
2010-06-25 07:00:00,1.4192333333333333,1.4375669991318136,1.4149580513333333,False,False,False,False,False
2010-06-25 08:00:00,1.1743333333333332,1.186162915975228,1.1708004328333332,False,False,False,False,False
2010-06-25 09:00:00,1.4962333333333333,1.505469636195153,1.52414533,True,False,False,False,False
2010-06-25 10:00:00,1.4313666666666665,1.4428025895871222,1.4320104516666667,False,False,False,False,False
2010-06-25 11:00:00,1.6219333333333334,1.6491254556566477,1.6660714016666667,True,False,False,False,False
2010-06-25 12:00:00,1.9613666666666667,2.0612275774627924,2.0774776883333335,True,False,False,False,False
2010-06-25 13:00:00,0.9724666666666667,1.013683455439657,0.9782195885,False,False,False,False,False
2010-06-25 14:00:00,0.28336666666666666,0.30585502050220964,0.2910878296666667,False,False,False,False,False
2010-06-25 15:00:00,0.2704333333333333,0.3080553538206965,0.27569966183333333,False,False,False,False,False
2010-06-25 16:00:00,0.3191333333333333,0.3523616102233529,0.3238308563333333,False,False,False,False,False
2010-06-25 17:00:00,0.3674,0.4013877091132104,0.37601250383333334,False,False,False,False,False
2010-06-25 18:00:00,0.2843666666666666,0.31854571865461767,0.28932887150000003,False,False,False,False,False
2010-06-25 19:00:00,0.30556666666666665,0.3330681742325425,0.30911017616666664,False,False,False,False,False
2010-06-25 20:00:00,0.32926666666666665,0.3551837997566908,0.3368128113333333,False,False,False,False,False
2010-06-25 21:00:00,1.3311,1.3348470665484666,1.3399254738333333,False,False,False,False,False
2010-06-25 22:00:00,1.4952666666666667,1.5400340910077095,1.483052438,True,False,False,False,False
2010-06-25 23:00:00,0.3698666666666667,0.4088509630508721,0.37211061333333334,False,False,False,False,False
2010-06-26 00:00:00,0.3658333333333334,0.3788288349673152,0.37110425983333334,False,False,False,False,False
2010-06-26 01:00:00,0.2876666666666666,0.29713931534066795,0.293938735,False,False,False,False,False
2010-06-26 02:00:00,0.29333333333333333,0.30889447695128613,0.29876525800000003,False,False,False,False,False
2010-06-26 03:00:00,0.35933333333333334,0.3722604933574795,0.36378257066666664,False,False,False,False,False
2010-06-26 04:00:00,0.3156,0.3344942285776138,0.32089628950000004,False,False,False,False,False
2010-06-26 05:00:00,0.8613666666666667,0.8624429387256503,0.8530111183333333,False,False,False,False,False
2010-06-26 06:00:00,0.4714333333333333,0.5073305449265987,0.47290017966666664,False,False,False,False,False
2010-06-26 07:00:00,0.5001333333333333,0.5291609999082982,0.5232657411666667,False,False,False,False,False
2010-06-26 08:00:00,0.32813333333333333,0.3641927236281335,0.34385334,False,False,False,False,False
2010-06-26 09:00:00,0.8945333333333333,0.8834737089976669,0.9089185793333333,False,False,False,False,False
2010-06-26 10:00:00,1.8389333333333333,1.8541120714876802,1.8466759638333334,True,False,False,False,False
2010-06-26 11:00:00,0.8350666666666666,0.8323092541940511,0.8398827561666666,False,False,False,False,False
2010-06-26 12:00:00,1.445,1.444401253291592,1.4485480443333332,True,False,False,False,False
2010-06-26 13:00:00,1.0642333333333334,1.1065773800376804,1.0733066013333332,False,False,False,False,False
2010-06-26 14:00:00,0.4320333333333333,0.44920927200876176,0.4336972383333333,False,False,False,False,False
2010-06-26 15:00:00,0.43173333333333336,0.4654921872328967,0.4426247543333333,False,False,False,False,False
2010-06-26 16:00:00,0.8637666666666667,0.8646418729592115,0.8633884056666666,False,False,False,False,False
2010-06-26 17:00:00,1.4527666666666665,1.4672983171261849,1.4501537833333333,True,False,False,False,False
2010-06-26 18:00:00,1.4154666666666667,1.4500949727341532,1.4162128211666667,False,False,False,False,False
2010-06-26 19:00:00,0.35506666666666664,0.38236593838036054,0.3558027975,False,False,False,False,False
2010-06-26 20:00:00,0.35446666666666665,0.3900883817162365,0.3630604566666667,False,False,False,False,False
2010-06-26 21:00:00,0.30496666666666666,0.3298587989192455,0.3043137086666666,False,False,False,False,False
2010-06-26 22:00:00,0.3474333333333333,0.37572688948735594,0.3521446756666667,False,False,False,False,False
2010-06-26 23:00:00,0.5420333333333333,0.5668196105897427,0.5432818966666667,False,False,False,False,False
2010-06-27 00:00:00,0.3531333333333333,0.3662844680674374,0.363738125,False,False,False,False,False
2010-06-27 01:00:00,0.5367,0.532864560136199,0.5364183651666666,False,False,False,False,False
2010-06-27 02:00:00,0.8454666666666667,0.8706245336152614,0.8531032573333334,False,False,False,False,False
2010-06-27 03:00:00,0.3637666666666667,0.3775997998986393,0.375130242,False,False,False,False,False
2010-06-27 04:00:00,0.3059333333333333,0.3221356231212616,0.31651903133333337,False,False,False,False,False
2010-06-27 05:00:00,0.2873,0.3107467693772167,0.29703021483333336,False,False,False,False,False
2010-06-27 06:00:00,0.32893333333333336,0.3350678616270423,0.33171844116666666,False,False,False,False,False
2010-06-27 07:00:00,0.4841,0.5030636362951248,0.5067597601666667,False,False,False,False,False
2010-06-27 08:00:00,0.33186666666666664,0.3675114250835031,0.34037293383333334,False,False,False,False,False
2010-06-27 09:00:00,1.5325333333333333,1.5567492686077953,1.5324555068333334,True,False,False,False,False
2010-06-27 10:00:00,1.0246,0.9842858761236072,1.016751904,False,False,False,False,False
2010-06-27 11:00:00,0.5531333333333334,0.6196222779367119,0.5611867015,False,False,False,False,False
2010-06-27 12:00:00,1.0512000000000001,1.0398787501968443,1.058528409,False,False,False,False,False
2010-06-27 13:00:00,1.6409666666666667,1.643787152478844,1.638845015,True,False,False,False,False
2010-06-27 14:00:00,1.5251333333333332,1.5643393996592612,1.5261290373333334,True,False,False,False,False
2010-06-27 15:00:00,0.9024,0.938237594390288,0.9166420963333334,False,False,False,False,False
2010-06-27 16:00:00,0.8767666666666667,0.8983090452294797,0.8786468008333334,False,False,False,False,False
2010-06-27 17:00:00,0.6095666666666666,0.6155844797492027,0.6159059781666667,False,False,False,False,False
2010-06-27 18:00:00,0.7713333333333333,0.8209549852807074,0.7898124555,False,False,False,False,False
2010-06-27 19:00:00,0.42643333333333333,0.46124350579753515,0.4399588601666667,False,False,False,False,False
2010-06-27 20:00:00,0.3972333333333333,0.42230133276991544,0.39862085633333333,False,False,False,False,False
2010-06-27 21:00:00,0.8347333333333332,0.8153911283522846,0.8293190330000001,False,False,False,False,False
2010-06-27 22:00:00,2.0669333333333335,2.0948641982447356,2.0545323945,True,False,False,False,False
2010-06-27 23:00:00,0.9492333333333334,0.9784189554538578,0.948559975,False,False,False,False,False
2010-06-28 00:00:00,0.3528333333333333,0.36523429297581317,0.35574267266666665,False,False,False,False,False
2010-06-28 01:00:00,0.3554,0.36848577868789434,0.3624980863333333,False,False,False,False,False
2010-06-28 02:00:00,0.5648333333333333,0.560661236526072,0.5659231913333334,False,False,False,False,False
2010-06-28 03:00:00,0.4832666666666667,0.5072500989150256,0.48553771549999997,False,False,False,False,False
2010-06-28 04:00:00,0.3338,0.36316832324713466,0.3417357623333333,False,False,False,False,False
2010-06-28 05:00:00,0.3305,0.3586555844210088,0.34074413133333337,False,False,False,False,False
2010-06-28 06:00:00,1.0942333333333332,1.101483825507015,1.1036297126666668,False,False,False,False,False
2010-06-28 07:00:00,1.4126333333333332,1.403819950085506,1.4160527266666667,False,False,False,False,False
2010-06-28 08:00:00,1.5397333333333334,1.5409249638207256,1.5477514683333333,True,False,False,False,False
2010-06-28 09:00:00,1.0228333333333333,1.068857641004026,1.0351217400000001,False,False,False,False,False
2010-06-28 10:00:00,0.32566666666666666,0.3661319054003805,0.3403498283333333,False,False,False,False,False
2010-06-28 11:00:00,0.9336666666666668,0.9358036955025048,0.9452135065,False,False,False,False,False
2010-06-28 12:00:00,0.6584666666666666,0.6958536757923662,0.6651167606666667,False,False,False,False,False
2010-06-28 13:00:00,0.5480666666666667,0.5676739247649908,0.550768806,False,False,False,False,False
2010-06-28 14:00:00,1.0419666666666667,1.03485159939155,1.0442904881666666,False,False,False,False,False
2010-06-28 15:00:00,1.6852000000000003,1.7002844896920026,1.6752167271666667,True,False,False,False,False
2010-06-28 16:00:00,1.0549333333333333,1.0604156338885427,1.0506389631666666,False,False,False,False,False
2010-06-28 17:00:00,1.6614333333333333,1.674255365074426,1.6544226983333334,True,False,False,False,False
2010-06-28 18:00:00,1.8102333333333334,1.820583159670234,1.7983178733333332,True,False,False,False,False
2010-06-28 19:00:00,1.3352,1.3786746726799757,1.3298301240000001,False,False,False,False,False
2010-06-28 20:00:00,0.9758333333333333,0.9664800075784327,0.967730475,False,False,False,False,False
2010-06-28 21:00:00,1.1446666666666667,1.1477667399547995,1.1411870899999998,False,False,False,False,False
2010-06-28 22:00:00,1.7550999999999999,1.7693269550718367,1.7415624763333333,True,False,False,False,False
2010-06-28 23:00:00,2.1018333333333334,2.1339053908221426,2.0794182476666667,True,False,False,False,False
2010-06-29 00:00:00,1.0073666666666667,1.011245270139724,0.9943353641666667,False,False,False,False,False
2010-06-29 01:00:00,0.6357,0.6605037582427263,0.6337660561666667,False,False,False,False,False
2010-06-29 02:00:00,0.3406,0.36806607995741064,0.3486257488333333,False,False,False,False,False
2010-06-29 03:00:00,0.32749999999999996,0.3528462559849023,0.3358429611666667,False,False,False,False,False
2010-06-29 04:00:00,0.39936666666666665,0.42143941689990455,0.4105878001666667,False,False,False,False,False
2010-06-29 05:00:00,0.4139,0.4434528475001454,0.4208747411666666,False,False,False,False,False
2010-06-29 06:00:00,0.4432,0.4764921426896006,0.4573581035,False,False,False,False,False
2010-06-29 07:00:00,1.1240666666666668,1.1359417207993567,1.1213569428333334,False,False,False,False,False
2010-06-29 08:00:00,1.8220666666666667,1.8162817210741342,1.81742947,True,False,False,False,False
2010-06-29 09:00:00,1.6043666666666667,1.6009479148048908,1.6065163134999998,True,False,False,False,False
2010-06-29 10:00:00,1.9202666666666666,1.9058611730195583,1.9200170716666667,True,False,False,False,False
2010-06-29 11:00:00,0.8169000000000001,0.8648637836024166,0.8213907671666667,False,False,False,False,False
2010-06-29 12:00:00,0.5117666666666667,0.5546579469114542,0.5244836903333333,False,False,False,False,False
2010-06-29 13:00:00,0.9936,0.977130271359533,1.0121368371666668,False,False,False,False,False
2010-06-29 14:00:00,0.9509333333333333,0.9997631811019033,0.9717007248333334,False,False,False,False,False
2010-06-29 15:00:00,0.40053333333333335,0.458305646232143,0.4283318333333333,False,False,False,False,False
2010-06-29 16:00:00,0.5975833333333332,0.6269950412560255,0.6072338678333333,False,False,False,False,False
2010-06-29 17:00:00,1.2671,1.2737516723901032,1.2655550718333333,False,False,False,False,False
2010-06-29 18:00:00,0.7644666666666667,0.80618482446,0.7681934413333333,False,False,False,False,False
2010-06-29 19:00:00,0.9423666666666667,0.9972089629679919,0.9626411659999999,False,False,False,False,False
2010-06-29 20:00:00,1.0328666666666666,1.046142740084231,1.0294733223333334,False,False,False,False,False
2010-06-29 21:00:00,1.7192333333333332,1.7372081967249513,1.730739084,True,False,False,False,False
2010-06-29 22:00:00,2.3194999999999997,2.288367261485383,2.3080789471666665,True,False,False,False,False
2010-06-29 23:00:00,0.4538,0.4987282678321004,0.450376343,False,False,False,False,False
2010-06-30 00:00:00,0.3440333333333333,0.3741274597153067,0.34719803833333335,False,False,False,False,False
2010-06-30 01:00:00,0.46026666666666666,0.46433596699051555,0.4628771835,False,False,False,False,False
2010-06-30 02:00:00,0.6691,0.70402608541511,0.6740394228333333,False,False,False,False,False
2010-06-30 03:00:00,0.31306666666666666,0.3436239311985671,0.31956104150000003,False,False,False,False,False
2010-06-30 04:00:00,0.2935333333333333,0.3197449587009847,0.2927946281666667,False,False,False,False,False
2010-06-30 05:00:00,0.9467333333333333,0.9538084844335913,0.9456759093333333,False,False,False,False,False
2010-06-30 06:00:00,0.5382666666666667,0.5547025194253773,0.5536380781666667,False,False,False,False,False
2010-06-30 07:00:00,1.0615333333333334,1.085350390848145,1.0619134068333334,False,False,False,False,False
2010-06-30 08:00:00,1.1931666666666667,1.2290445116311313,1.1941770928333333,False,False,False,False,False
2010-06-30 09:00:00,0.3685333333333334,0.3981383782662451,0.37565614666666663,False,False,False,False,False
2010-06-30 10:00:00,0.3090333333333333,0.33519131441190836,0.31274792183333333,False,False,False,False,False
2010-06-30 11:00:00,0.6882,0.6997673250816763,0.678741571,False,False,False,False,False
2010-06-30 12:00:00,1.1751333333333334,1.1819986569702625,1.1746573665,False,False,False,False,False
2010-06-30 13:00:00,1.3315,1.3353884959548712,1.3178673379999999,False,False,False,False,False
2010-06-30 14:00:00,1.4013,1.4341938321232797,1.3937734325000002,False,False,False,False,False
2010-06-30 15:00:00,1.0394333333333334,1.0746109182573855,1.0276257450000001,False,False,False,False,False
2010-06-30 16:00:00,0.6396333333333334,0.6692483695961535,0.6376189656666666,False,False,False,False,False
2010-06-30 17:00:00,1.4037333333333335,1.378996894969046,1.4210465366666667,False,False,False,False,False
2010-06-30 18:00:00,1.3373333333333333,1.349659383032471,1.3298158533333333,False,False,False,False,False
2010-06-30 19:00:00,1.2917333333333334,1.3180222294948996,1.2793233483333333,False,False,False,False,False
2010-06-30 20:00:00,1.1515,1.1769557897776366,1.1400705631666668,False,False,False,False,False
2010-06-30 21:00:00,1.4090666666666667,1.4100248444087804,1.4064677683333333,False,False,False,False,False
2010-06-30 22:00:00,1.6365,1.6605678401730954,1.6172649399999999,True,False,False,False,False
2010-06-30 23:00:00,2.0666,2.0733423717960715,2.0822831,True,False,False,False,False
2010-07-01 00:00:00,3.3290333333333333,3.208150288756192,3.3508752716666668,True,True,True,True,True
2010-07-01 01:00:00,0.8670000000000001,0.8801971282284706,0.8700644375,False,False,False,False,False
2010-07-01 02:00:00,0.3796,0.38255492594912643,0.3875327426666667,False,False,False,False,False
2010-07-01 03:00:00,0.3791333333333334,0.3865193263582885,0.38665799016666663,False,False,False,False,False
2010-07-01 04:00:00,0.4200666666666667,0.4281702622238546,0.42430314983333334,False,False,False,False,False
2010-07-01 05:00:00,0.4192,0.42460083926320075,0.42410607483333335,False,False,False,False,False
2010-07-01 06:00:00,0.41146666666666665,0.42097080506309864,0.42087680266666666,False,False,False,False,False
2010-07-01 07:00:00,0.3750666666666666,0.39655308336690065,0.38347073550000005,False,False,False,False,False
2010-07-01 08:00:00,0.4297333333333333,0.4358362079042941,0.43536032966666666,False,False,False,False,False
2010-07-01 09:00:00,0.47473333333333334,0.46857314438149333,0.47888743566666664,False,False,False,False,False
2010-07-01 10:00:00,1.4757333333333333,1.4918073524318636,1.4751100733333333,True,False,False,False,False
2010-07-01 11:00:00,1.5003333333333333,1.495089486333728,1.4958762049999998,True,False,False,False,False
2010-07-01 12:00:00,1.5219333333333334,1.507808138065785,1.5211817433333332,True,False,False,False,False
2010-07-01 13:00:00,1.1035,1.1048277811311185,1.0983196411666667,False,False,False,False,False
2010-07-01 14:00:00,1.0868666666666666,1.0772905314352363,1.0836387806666667,False,False,False,False,False
2010-07-01 15:00:00,1.1505666666666667,1.1367143805377187,1.148886934,False,False,False,False,False
2010-07-01 16:00:00,1.2556,1.243502977591008,1.26119228,False,False,False,False,False
2010-07-01 17:00:00,0.9757666666666667,0.9719851914115251,0.9822027938333334,False,False,False,False,False
2010-07-01 18:00:00,1.3625666666666667,1.3654795324001463,1.3603075411666665,False,False,False,False,False
2010-07-01 19:00:00,0.4723,0.48376859958656127,0.466146032,False,False,False,False,False
2010-07-01 20:00:00,0.48236666666666667,0.49528770676553246,0.47741233450000004,False,False,False,False,False
2010-07-01 21:00:00,0.7201333333333333,0.7109543676834554,0.7214440898333333,False,False,False,False,False
2010-07-01 22:00:00,1.0432666666666668,1.0320240117222073,1.0454454461666667,False,False,False,False,False
2010-07-01 23:00:00,0.8474,0.8652682974606752,0.8389370565000001,False,False,False,False,False
2010-07-02 00:00:00,1.3977333333333335,1.3807447669658812,1.3852094455,False,False,False,False,False
2010-07-02 01:00:00,0.5759000000000001,0.5706321032956243,0.5777700948333333,False,False,False,False,False
2010-07-02 02:00:00,0.5209333333333334,0.518998981789127,0.5308966191666666,False,False,False,False,False
2010-07-02 03:00:00,1.6122,1.5848204687781633,1.6075244543333334,True,False,False,False,False
2010-07-02 04:00:00,1.1038999999999999,1.103158383396268,1.097918535,False,False,False,False,False
2010-07-02 05:00:00,0.8480666666666666,0.8448726596221329,0.8517339341666667,False,False,False,False,False
2010-07-02 06:00:00,0.4247333333333333,0.43002045396491884,0.43260494433333335,False,False,False,False,False
2010-07-02 07:00:00,0.43843333333333334,0.44495834037847815,0.44778977616666665,False,False,False,False,False
2010-07-02 08:00:00,0.4290333333333333,0.4390451360590756,0.4344664061666667,False,False,False,False,False
2010-07-02 09:00:00,0.38656666666666667,0.39581990937143563,0.39244291533333336,False,False,False,False,False
2010-07-02 10:00:00,0.4653333333333334,0.47140554654896255,0.4766574736666667,False,False,False,False,False
2010-07-02 11:00:00,1.0549,1.0399546196918934,1.0596528816666668,False,False,False,False,False
2010-07-02 12:00:00,0.6608666666666667,0.681800301156193,0.6635220096666666,False,False,False,False,False
2010-07-02 13:00:00,0.49266666666666664,0.5080058208100497,0.4931257835,False,False,False,False,False
2010-07-02 14:00:00,0.8083333333333333,0.8133444824554027,0.841748979,False,False,False,False,False
2010-07-02 15:00:00,0.6436666666666666,0.6583450909078121,0.6559785101666668,False,False,False,False,False
2010-07-02 16:00:00,1.1452333333333333,1.1550738916777077,1.1959436566666668,False,False,False,False,False
2010-07-02 17:00:00,0.5032333333333333,0.5391733145687729,0.5142655251666667,False,False,False,False,False
2010-07-02 18:00:00,0.6059333333333333,0.6090984578274191,0.6018114058333333,False,False,False,False,False
2010-07-02 19:00:00,1.4792333333333334,1.4594858515910805,1.4687025696666667,True,False,False,False,False
2010-07-02 20:00:00,1.5087333333333333,1.5101502405226233,1.5091652116666665,True,False,False,False,False
2010-07-02 21:00:00,1.1102666666666667,1.135319014160335,1.1206925876666667,False,False,False,False,False
2010-07-02 22:00:00,0.40776666666666667,0.4280221245057881,0.41716305866666664,False,False,False,False,False
2010-07-02 23:00:00,0.3918,0.41037582914046944,0.395730793,False,False,False,False,False
2010-07-03 00:00:00,0.4521,0.4509641270853579,0.45987863700000003,False,False,False,False,False
2010-07-03 01:00:00,0.5862999999999999,0.5594725293945522,0.5955773114999999,False,False,False,False,False
2010-07-03 02:00:00,1.4909333333333334,1.4331122215136887,1.4810321483333333,True,False,False,False,False
2010-07-03 03:00:00,0.7368,0.7600368627265096,0.7373536956666666,False,False,False,False,False
2010-07-03 04:00:00,0.3784,0.3793338154681027,0.3839213508333333,False,False,False,False,False
2010-07-03 05:00:00,0.47756666666666664,0.4750118141368031,0.48312493,False,False,False,False,False
2010-07-03 06:00:00,0.5012666666666666,0.515384412278235,0.5140208605,False,False,False,False,False
2010-07-03 07:00:00,1.1276333333333333,1.1259910660061985,1.1354950108333335,False,False,False,False,False
2010-07-03 08:00:00,0.3893333333333333,0.39285021170824763,0.397265959,False,False,False,False,False
2010-07-03 09:00:00,0.4175333333333333,0.4254828450325876,0.42476074550000004,False,False,False,False,False
2010-07-03 10:00:00,0.44086666666666663,0.4498184610184282,0.45555080233333334,False,False,False,False,False
2010-07-03 11:00:00,0.6991666666666667,0.6890687448628248,0.6981839408333333,False,False,False,False,False
2010-07-03 12:00:00,0.7494666666666666,0.757941443631798,0.7467604560000001,False,False,False,False,False
2010-07-03 13:00:00,0.5087333333333334,0.5251772468626499,0.5099575646666666,False,False,False,False,False
2010-07-03 14:00:00,0.4639333333333333,0.4753655693311244,0.471237106,False,False,False,False,False
2010-07-03 15:00:00,0.40696666666666664,0.42531702123507853,0.417330741,False,False,False,False,False
2010-07-03 16:00:00,0.37853333333333333,0.3967809593241662,0.38491570433333333,False,False,False,False,False
2010-07-03 17:00:00,0.4646,0.47895489907562727,0.4679266163333333,False,False,False,False,False
2010-07-03 18:00:00,1.0288333333333335,1.0116318770825863,1.026625693,False,False,False,False,False
2010-07-03 19:00:00,1.0130000000000001,1.035642766828835,1.0108699613333334,False,False,False,False,False
2010-07-03 20:00:00,1.2177,1.213893240762502,1.2148248866666667,False,False,False,False,False
2010-07-03 21:00:00,1.1374,1.1409158044505865,1.1407197328333332,False,False,False,False,False
2010-07-03 22:00:00,1.7139,1.6768550102613868,1.7063566016666667,True,False,False,False,False
2010-07-03 23:00:00,1.8869333333333331,1.8870232063829901,1.8799012633333334,True,False,False,False,False
2010-07-04 00:00:00,1.8255000000000001,1.7510880135044458,1.8180602533333332,True,False,False,False,False
2010-07-04 01:00:00,1.6225,1.5883810315534472,1.61282221,True,False,False,False,False
2010-07-04 02:00:00,1.8090333333333333,1.7477354109868408,1.80697094,True,False,False,False,False
2010-07-04 03:00:00,1.7240666666666666,1.680949909631163,1.72559636,True,False,False,False,False
2010-07-04 04:00:00,1.6306666666666667,1.5886286503821612,1.6307372883333333,True,False,False,False,False
2010-07-04 05:00:00,1.5546333333333335,1.5338171775847675,1.5492369583333334,True,False,False,False,False
2010-07-04 06:00:00,1.5591333333333333,1.5325299837902189,1.5526291566666666,True,False,False,False,False
2010-07-04 07:00:00,2.219133333333333,2.175459052564949,2.219089996666667,True,False,False,False,False
2010-07-04 08:00:00,1.3801999999999999,1.3910024804364889,1.3655304236666665,False,False,False,False,False
2010-07-04 09:00:00,1.2342,1.2214118271373213,1.2215067365,False,False,False,False,False
2010-07-04 10:00:00,1.5536999999999999,1.547727701535076,1.5522287133333335,True,False,False,False,False
2010-07-04 11:00:00,1.2277666666666667,1.2525985507696868,1.2331174363333335,False,False,False,False,False
2010-07-04 12:00:00,0.2969333333333333,0.3079248198829591,0.30163965266666665,False,False,False,False,False
2010-07-04 13:00:00,0.3886,0.40107275246419005,0.39934973483333336,False,False,False,False,False
2010-07-04 14:00:00,0.3716,0.3929767150469124,0.3887885421666667,False,False,False,False,False
2010-07-04 15:00:00,0.3176,0.32783195144571364,0.32110885899999997,False,False,False,False,False
2010-07-04 16:00:00,0.31183333333333335,0.3267857164241373,0.31719930933333335,False,False,False,False,False
2010-07-04 17:00:00,0.37296666666666667,0.3896456495214254,0.386744757,False,False,False,False,False
2010-07-04 18:00:00,0.39189999999999997,0.4145028457392007,0.40986022833333335,False,False,False,False,False
2010-07-04 19:00:00,0.30476666666666663,0.3216506385616958,0.3090551326666667,False,False,False,False,False
2010-07-04 20:00:00,0.4307666666666667,0.42537761944383384,0.4339372571666667,False,False,False,False,False
2010-07-04 21:00:00,1.3955,1.4216294871136548,1.3899438086666664,False,False,False,False,False
2010-07-04 22:00:00,0.8329333333333333,0.8304993842177093,0.8400816796666667,False,False,False,False,False
2010-07-04 23:00:00,0.8788666666666667,0.871476430939883,0.8676921416666666,False,False,False,False,False
2010-07-05 00:00:00,0.4110333333333333,0.4358781509615481,0.41460931100000004,False,False,False,False,False
2010-07-05 01:00:00,0.3940666666666666,0.39413800354301926,0.40197715483333335,False,False,False,False,False
2010-07-05 02:00:00,0.3426666666666666,0.35075853871554136,0.3511969705,False,False,False,False,False
2010-07-05 03:00:00,0.3401666666666667,0.34217473845779894,0.3447640911666667,False,False,False,False,False
2010-07-05 04:00:00,0.3796333333333333,0.3925307725008577,0.39326857016666666,False,False,False,False,False
2010-07-05 05:00:00,0.35413333333333336,0.359373780663684,0.3583478021666667,False,False,False,False,False
2010-07-05 06:00:00,0.31789999999999996,0.32736783862709995,0.322405993,False,False,False,False,False
2010-07-05 07:00:00,0.7785,0.7831142178568988,0.7839013076666667,False,False,False,False,False
2010-07-05 08:00:00,1.0759666666666665,1.0902062230184675,1.0819876281666665,False,False,False,False,False
2010-07-05 09:00:00,0.3477333333333333,0.3633552348207682,0.35504541166666664,False,False,False,False,False
2010-07-05 10:00:00,0.299,0.31777390934042626,0.304287688,False,False,False,False,False
2010-07-05 11:00:00,0.33436666666666665,0.34876451761499044,0.3402800226666667,False,False,False,False,False
2010-07-05 12:00:00,0.6037333333333332,0.6007302791889757,0.6005070991666667,False,False,False,False,False
2010-07-05 13:00:00,0.5895333333333334,0.6024741960275918,0.5820687766666667,False,False,False,False,False
2010-07-05 14:00:00,1.2709666666666666,1.2649693961616606,1.2636629371666668,False,False,False,False,False
2010-07-05 15:00:00,1.4741666666666664,1.4611699945837262,1.471674045,True,False,False,False,False
2010-07-05 16:00:00,1.2203000000000002,1.2376714956052601,1.2212587405000002,False,False,False,False,False
2010-07-05 17:00:00,0.3056666666666666,0.32319092750512063,0.30977842916666665,False,False,False,False,False
2010-07-05 18:00:00,0.31736666666666663,0.32863861786350607,0.3167926421666667,False,False,False,False,False
2010-07-05 19:00:00,0.9813666666666666,0.9742335304886104,0.9980057105,False,False,False,False,False
2010-07-05 20:00:00,1.3027000000000002,1.3013739288400858,1.3081994938333332,False,False,False,False,False
2010-07-05 21:00:00,1.8712333333333333,1.8257997500035912,1.8546021241666668,True,False,False,False,False
2010-07-05 22:00:00,1.7087,1.7021147273272277,1.6947284016666666,True,False,False,False,False
2010-07-05 23:00:00,1.5456,1.5716009329836815,1.5314640601666667,True,False,False,False,False
2010-07-06 00:00:00,0.6281666666666667,0.6295703931163996,0.6245577910000001,False,False,False,False,False
2010-07-06 01:00:00,0.31930000000000003,0.34279500972889365,0.3321055565,False,False,False,False,False
2010-07-06 02:00:00,0.36696666666666666,0.37930481188893317,0.37506969933333334,False,False,False,False,False
2010-07-06 03:00:00,0.3574,0.36747327464371915,0.3644029771666667,False,False,False,False,False
2010-07-06 04:00:00,0.2714,0.2970214904434979,0.2849829363333333,False,False,False,False,False
2010-07-06 05:00:00,0.3137,0.33173912448063486,0.325937056,False,False,False,False,False
2010-07-06 06:00:00,0.35863333333333336,0.3688968277815729,0.3623969946666667,False,False,False,False,False
2010-07-06 07:00:00,1.2641,1.2482924746185542,1.2688315865,False,False,False,False,False
2010-07-06 08:00:00,1.3883333333333332,1.4026704310484233,1.38977366,False,False,False,False,False
2010-07-06 09:00:00,1.3818666666666668,1.3888023076012732,1.391766515,False,False,False,False,False
2010-07-06 10:00:00,1.3678333333333332,1.3760999943006784,1.3716875775000001,False,False,False,False,False
2010-07-06 11:00:00,0.2816,0.30687828927040095,0.2930730128333333,False,False,False,False,False
2010-07-06 12:00:00,0.32903333333333334,0.35288397229686375,0.33939395133333333,False,False,False,False,False
2010-07-06 13:00:00,0.6975,0.6898349736113102,0.6916125169999999,False,False,False,False,False
2010-07-06 14:00:00,0.7371666666666666,0.7332121237762272,0.729823356,False,False,False,False,False
2010-07-06 15:00:00,0.5567,0.5947339095581322,0.5550074903333333,False,False,False,False,False
2010-07-06 16:00:00,0.7087666666666668,0.7101717737562955,0.7035057088333333,False,False,False,False,False
2010-07-06 17:00:00,0.5396,0.5551533381938935,0.5394269851666667,False,False,False,False,False
2010-07-06 18:00:00,0.5713666666666667,0.588769215484336,0.5704093960000001,False,False,False,False,False
2010-07-06 19:00:00,1.2738,1.278141865779087,1.2655292285,False,False,False,False,False
2010-07-06 20:00:00,1.5307666666666668,1.5386198808766902,1.5351198666666666,True,False,False,False,False
2010-07-06 21:00:00,0.7395333333333334,0.7701866443391889,0.7459041678333332,False,False,False,False,False
2010-07-06 22:00:00,0.312,0.3281919414836913,0.3124583016666667,False,False,False,False,False
2010-07-06 23:00:00,0.4700333333333333,0.4668504771739244,0.4673555455,False,False,False,False,False
2010-07-07 00:00:00,0.383,0.4001380224537104,0.387309623,False,False,False,False,False
2010-07-07 01:00:00,0.6799,0.671540876549855,0.6830818196666667,False,False,False,False,False
2010-07-07 02:00:00,0.31396666666666667,0.32659021488055584,0.318733881,False,False,False,False,False
2010-07-07 03:00:00,0.3838333333333333,0.3904963336199522,0.3879932898333333,False,False,False,False,False
2010-07-07 04:00:00,0.2915,0.31323675168156623,0.30319679483333334,False,False,False,False,False
2010-07-07 05:00:00,0.28723333333333334,0.3087767165217548,0.29588755966666663,False,False,False,False,False
2010-07-07 06:00:00,0.9414999999999999,0.943279311452806,0.9426225206666667,False,False,False,False,False
2010-07-07 07:00:00,0.30966666666666665,0.33056241930313407,0.31917941316666665,False,False,False,False,False
2010-07-07 08:00:00,1.0060666666666667,1.0251892815992236,1.0135312011666666,False,False,False,False,False
2010-07-07 09:00:00,0.3377,0.3592328681219369,0.3471895566666667,False,False,False,False,False
2010-07-07 10:00:00,0.31576666666666664,0.3271302246272564,0.3234752456666667,False,False,False,False,False
2010-07-07 11:00:00,0.33836666666666665,0.3525260164186358,0.3380819245,False,False,False,False,False
2010-07-07 12:00:00,0.5030666666666667,0.5246222874820232,0.49935090116666664,False,False,False,False,False
2010-07-07 13:00:00,0.5468333333333334,0.5563735096480698,0.5528645255,False,False,False,False,False
2010-07-07 14:00:00,1.4143666666666665,1.4144333788409829,1.4105247436666666,False,False,False,False,False
2010-07-07 15:00:00,0.8498333333333333,0.8836538370668888,0.8508279441666667,False,False,False,False,False
2010-07-07 16:00:00,0.32593333333333335,0.34827841653078795,0.334300051,False,False,False,False,False
2010-07-07 17:00:00,0.37283333333333335,0.3827298630017787,0.37838721533333336,False,False,False,False,False
2010-07-07 18:00:00,0.34276666666666666,0.3594223714318126,0.34585325866666666,False,False,False,False,False
2010-07-07 19:00:00,0.608,0.6201168379981071,0.6188215906666666,False,False,False,False,False
2010-07-07 20:00:00,1.4613666666666667,1.4208204998608678,1.4600659338333335,True,False,False,False,False
2010-07-07 21:00:00,0.6147333333333334,0.6493847166549415,0.6139357691666666,False,False,False,False,False
2010-07-07 22:00:00,0.9587,0.9695610168498009,0.953250999,False,False,False,False,False
2010-07-07 23:00:00,0.3262,0.3419055428590625,0.332878942,False,False,False,False,False
2010-07-08 00:00:00,0.4078666666666667,0.4049023606423289,0.4144328136666667,False,False,False,False,False
2010-07-08 01:00:00,0.5067333333333334,0.507936016759649,0.5035563395,False,False,False,False,False
2010-07-08 02:00:00,0.3347333333333333,0.3476949617680162,0.3360896586666666,False,False,False,False,False
2010-07-08 03:00:00,0.3299333333333333,0.34093068242929875,0.33292455066666665,False,False,False,False,False
2010-07-08 04:00:00,0.3731,0.37808027446679765,0.379461617,False,False,False,False,False
2010-07-08 05:00:00,0.32526666666666665,0.34245036093145603,0.3372124893333333,False,False,False,False,False
2010-07-08 06:00:00,0.5512,0.5550825691863894,0.5569678416666667,False,False,False,False,False
2010-07-08 07:00:00,1.5392333333333332,1.5354192409284413,1.54071482,True,False,False,False,False
2010-07-08 08:00:00,1.1991666666666667,1.2197080667793752,1.2041038078333335,False,False,False,False,False
2010-07-08 09:00:00,0.29600000000000004,0.31849609846174715,0.3072421831666666,False,False,False,False,False
2010-07-08 10:00:00,0.49923333333333336,0.5145595989059657,0.5034763661666667,False,False,False,False,False
2010-07-08 11:00:00,0.36466666666666664,0.3772317027121782,0.3701502483333333,False,False,False,False,False
2010-07-08 12:00:00,0.3126,0.33363528096228834,0.320435909,False,False,False,False,False
2010-07-08 13:00:00,1.0795,1.0801907816775145,1.0818913478333334,False,False,False,False,False
2010-07-08 14:00:00,1.8475333333333335,1.8517648493401706,1.8504348449999999,True,False,False,False,False
2010-07-08 15:00:00,0.8857,0.8923709502290934,0.8889229825,False,False,False,False,False
2010-07-08 16:00:00,1.6610666666666667,1.6592091380506753,1.660094262,True,False,False,False,False
2010-07-08 17:00:00,0.3451,0.3849120658256113,0.35427355833333335,False,False,False,False,False
2010-07-08 18:00:00,0.5311666666666667,0.5373785403072834,0.530316599,False,False,False,False,False
2010-07-08 19:00:00,0.6069,0.6184441887624562,0.6075373736666666,False,False,False,False,False
2010-07-08 20:00:00,1.9543,1.8941619432579726,1.9482858371666667,True,False,False,False,False
2010-07-08 21:00:00,1.2891666666666666,1.278100512532145,1.2838846611666668,False,False,False,False,False
2010-07-08 22:00:00,1.6950666666666665,1.6884546958163382,1.6736170911666666,True,False,False,False,False
2010-07-08 23:00:00,1.2756333333333332,1.282048492896557,1.26549553,False,False,False,False,False
2010-07-09 00:00:00,1.3633666666666668,1.3603287326637656,1.3575227111666666,False,False,False,False,False
2010-07-09 01:00:00,0.42033333333333334,0.4367580087240785,0.42079373533333336,False,False,False,False,False
2010-07-09 02:00:00,0.5332333333333333,0.5252864180080592,0.5296908566666667,False,False,False,False,False
2010-07-09 03:00:00,0.42613333333333336,0.4467060182865709,0.4246278836666667,False,False,False,False,False
2010-07-09 04:00:00,0.46773333333333333,0.4730766019251197,0.4648710715,False,False,False,False,False
2010-07-09 05:00:00,0.6376000000000001,0.6368458411633969,0.6354572971666667,False,False,False,False,False
2010-07-09 06:00:00,0.9163333333333334,0.9443964917391539,0.9263461758333332,False,False,False,False,False
2010-07-09 07:00:00,1.0592666666666666,1.0631058190733194,1.0595645715,False,False,False,False,False
2010-07-09 08:00:00,0.6099333333333334,0.6509956868201494,0.6259976500000001,False,False,False,False,False
2010-07-09 09:00:00,0.647,0.6442212092496454,0.6774969478333334,False,False,False,False,False
2010-07-09 10:00:00,0.8553999999999999,0.8620247632145882,0.8950258846666667,False,False,False,False,False
2010-07-09 11:00:00,0.47119999999999995,0.4973318713441491,0.4910607981666667,False,False,False,False,False
2010-07-09 12:00:00,0.5798,0.589430311916396,0.5920272504999999,False,False,False,False,False
2010-07-09 13:00:00,1.2016666666666667,1.2074230682782827,1.196634664,False,False,False,False,False
2010-07-09 14:00:00,0.6756333333333333,0.6815634443081915,0.6789855626666667,False,False,False,False,False
2010-07-09 15:00:00,0.6049666666666667,0.6173147013295441,0.6013993263333333,False,False,False,False,False
2010-07-09 16:00:00,0.6314666666666666,0.6408973743870855,0.6296941813333333,False,False,False,False,False
2010-07-09 17:00:00,0.5037333333333334,0.5101098600510507,0.5120937791666667,False,False,False,False,False
2010-07-09 18:00:00,0.5893666666666667,0.606560274989903,0.5971457335,False,False,False,False,False
2010-07-09 19:00:00,0.5372333333333333,0.5414193259526044,0.5379431096666667,False,False,False,False,False
2010-07-09 20:00:00,0.9611333333333333,0.9947370494339616,0.9678199175,False,False,False,False,False
2010-07-09 21:00:00,0.5999666666666666,0.5932624240450561,0.5953413868333333,False,False,False,False,False
2010-07-09 22:00:00,1.4650333333333334,1.4359386213324965,1.4566320666666668,True,False,False,False,False
2010-07-09 23:00:00,1.3004333333333333,1.328178177368641,1.2910196203333333,False,False,False,False,False
2010-07-10 00:00:00,0.6412666666666667,0.6274432401694358,0.639420346,False,False,False,False,False
2010-07-10 01:00:00,0.4046666666666666,0.40582312517911195,0.4058286668333333,False,False,False,False,False
2010-07-10 02:00:00,0.41859999999999997,0.4146066105186939,0.42748510416666663,False,False,False,False,False
2010-07-10 03:00:00,1.1348333333333334,1.137272288969904,1.1380937923333332,False,False,False,False,False
2010-07-10 04:00:00,0.3836333333333333,0.3830223876558244,0.3900541326666666,False,False,False,False,False
2010-07-10 05:00:00,0.3547,0.3650650674816221,0.365123556,False,False,False,False,False
2010-07-10 06:00:00,0.3516333333333333,0.36192044853977856,0.359447665,False,False,False,False,False
2010-07-10 07:00:00,0.3391,0.35128172103688116,0.3430355408333333,False,False,False,False,False
2010-07-10 08:00:00,0.5166333333333334,0.5271342827416956,0.5348785568333334,False,False,False,False,False
2010-07-10 09:00:00,1.9883333333333333,1.9697946171220393,1.980045575,True,False,False,False,False
2010-07-10 10:00:00,1.0447,1.080194690199569,1.0477370441666667,False,False,False,False,False
2010-07-10 11:00:00,0.4861333333333333,0.5054401569269598,0.49174866316666666,False,False,False,False,False
2010-07-10 12:00:00,0.4169333333333333,0.42525200699307025,0.41324017799999996,False,False,False,False,False
2010-07-10 13:00:00,1.5450666666666666,1.5102837968952953,1.5552964948333332,True,False,False,False,False
2010-07-10 14:00:00,2.083,2.0609281047061088,2.0743560216666665,True,False,False,False,False
2010-07-10 15:00:00,1.4356333333333333,1.4688659952145071,1.4408289474999998,True,False,False,False,False
2010-07-10 16:00:00,0.8566333333333332,0.8523847649417817,0.8551555346666666,False,False,False,False,False
2010-07-10 17:00:00,0.8923,0.9224085642624646,0.8910473645,False,False,False,False,False
2010-07-10 18:00:00,0.43693333333333334,0.4460189859747886,0.4422583408333333,False,False,False,False,False
2010-07-10 19:00:00,0.8882333333333333,0.8851377476885915,0.9052607818333333,False,False,False,False,False
2010-07-10 20:00:00,1.1920333333333335,1.2104074398733677,1.1956288481666666,False,False,False,False,False
2010-07-10 21:00:00,0.4308333333333333,0.45509355779141186,0.43878515616666663,False,False,False,False,False
2010-07-10 22:00:00,0.6331666666666667,0.6382378449361771,0.6224466181666667,False,False,False,False,False
2010-07-10 23:00:00,0.36673333333333336,0.390661769239977,0.37071753416666664,False,False,False,False,False
2010-07-11 00:00:00,0.34796666666666665,0.3392877349436283,0.35747647450000003,False,False,False,False,False
2010-07-11 01:00:00,0.4298666666666666,0.4353383339319378,0.44007041049999995,False,False,False,False,False
2010-07-11 02:00:00,0.4083,0.4089858608990908,0.41115417016666667,False,False,False,False,False
2010-07-11 03:00:00,0.36116666666666664,0.365431074270606,0.36762247049999996,False,False,False,False,False
2010-07-11 04:00:00,0.3423333333333333,0.3559020268615335,0.35561580966666667,False,False,False,False,False
2010-07-11 05:00:00,0.5,0.49386551773548126,0.5015408903333333,False,False,False,False,False
2010-07-11 06:00:00,0.7577666666666667,0.779523627564311,0.7598461388333334,False,False,False,False,False
2010-07-11 07:00:00,0.33693333333333336,0.35294767318218945,0.3439917646666667,False,False,False,False,False
2010-07-11 08:00:00,0.5106666666666667,0.5266395964883268,0.5261605725,False,False,False,False,False
2010-07-11 09:00:00,0.4597333333333333,0.4646438171111047,0.46556258316666665,False,False,False,False,False
2010-07-11 10:00:00,1.5354333333333334,1.536486868918687,1.5321190183333333,True,False,False,False,False
2010-07-11 11:00:00,1.4741333333333333,1.4788055807769298,1.4745397066666668,True,False,False,False,False
2010-07-11 12:00:00,0.6861666666666667,0.6982050122097135,0.6870337818333333,False,False,False,False,False
2010-07-11 13:00:00,0.7594666666666666,0.7916621535327285,0.7730774678333333,False,False,False,False,False
2010-07-11 14:00:00,0.47709999999999997,0.49531603274866937,0.49003613916666666,False,False,False,False,False
2010-07-11 15:00:00,0.5211333333333333,0.5387444374296814,0.552754656,False,False,False,False,False
2010-07-11 16:00:00,0.6413,0.6559549881789833,0.6616508670000001,False,False,False,False,False
2010-07-11 17:00:00,0.6000666666666666,0.6037485662486404,0.6105990168333333,False,False,False,False,False
2010-07-11 18:00:00,0.7756000000000001,0.7690108561109752,0.7805500886666666,False,False,False,False,False
2010-07-11 19:00:00,1.9487333333333334,1.9037348876424136,1.9473280016666665,True,False,False,False,False
2010-07-11 20:00:00,0.6913666666666667,0.7360702560756356,0.6967460876666667,False,False,False,False,False
2010-07-11 21:00:00,0.9413666666666667,0.9265706992644817,0.9434611003333333,False,False,False,False,False
2010-07-11 22:00:00,1.7915,1.7529258967272938,1.7802387891666667,True,False,False,False,False
2010-07-11 23:00:00,2.5947666666666667,2.5571857334509493,2.5687659566666667,True,True,False,True,True
2010-07-12 00:00:00,1.1005333333333334,1.1431212773486972,1.1090078718333334,False,False,False,False,False
2010-07-12 01:00:00,0.3849,0.3845242189094424,0.3921283101666667,False,False,False,False,False
2010-07-12 02:00:00,0.46873333333333334,0.4659666066437959,0.4823158661666667,False,False,False,False,False
2010-07-12 03:00:00,0.34106666666666663,0.3546144105982035,0.34729583599999997,False,False,False,False,False
2010-07-12 04:00:00,0.3625333333333333,0.37589887337349354,0.371861452,False,False,False,False,False
2010-07-12 05:00:00,0.3721333333333333,0.3864073714453727,0.37705363999999997,False,False,False,False,False
2010-07-12 06:00:00,0.5445,0.5570763125274331,0.564911253,False,False,False,False,False
2010-07-12 07:00:00,0.8365333333333334,0.8245795603062958,0.8346259883333332,False,False,False,False,False
2010-07-12 08:00:00,0.9442333333333333,0.9653018285609782,0.9493860741666666,False,False,False,False,False
2010-07-12 09:00:00,0.6023999999999999,0.6013811232089997,0.6127073948333333,False,False,False,False,False
2010-07-12 10:00:00,0.7591666666666667,0.7636871143896133,0.7607779696666667,False,False,False,False,False
2010-07-12 11:00:00,0.6285333333333334,0.6395826110754163,0.6288497138333333,False,False,False,False,False
2010-07-12 12:00:00,0.7223,0.7503989788550883,0.7231529901666666,False,False,False,False,False
2010-07-12 13:00:00,0.6212666666666667,0.6405389740936458,0.6240579013333334,False,False,False,False,False
2010-07-12 14:00:00,0.5216333333333333,0.5503159245651215,0.518881136,False,False,False,False,False
2010-07-12 15:00:00,0.5429333333333334,0.5665248515147715,0.5440861708333333,False,False,False,False,False
2010-07-12 16:00:00,0.3530333333333333,0.3752608440112322,0.36415000599999997,False,False,False,False,False
2010-07-12 17:00:00,1.1606999999999998,1.1552371635168792,1.1658879113333334,False,False,False,False,False
2010-07-12 18:00:00,0.6884333333333333,0.7015255688242614,0.7094282765000001,False,False,False,False,False
2010-07-12 19:00:00,0.5361999999999999,0.5823522980704904,0.5726074446666666,False,False,False,False,False
2010-07-12 20:00:00,1.5040666666666667,1.4648486956786364,1.5166826670000002,True,False,False,False,False
2010-07-12 21:00:00,1.9975666666666667,1.9687833194456994,1.9923014333333333,True,False,False,False,False
2010-07-12 22:00:00,1.8635666666666668,1.8273708229303363,1.8493784183333333,True,False,False,False,False
2010-07-12 23:00:00,0.6359333333333334,0.667583254158497,0.6320628286666667,False,False,False,False,False
2010-07-13 00:00:00,0.37859999999999994,0.38585384475514295,0.3888060921666667,False,False,False,False,False
2010-07-13 01:00:00,0.4357666666666667,0.4366695015143603,0.441235876,False,False,False,False,False
2010-07-13 02:00:00,0.33016666666666666,0.3365706317763775,0.33568920783333334,False,False,False,False,False
2010-07-13 03:00:00,0.3643,0.3786456947505474,0.37621815166666667,False,False,False,False,False
2010-07-13 04:00:00,0.4013,0.4064391751915216,0.4086564498333333,False,False,False,False,False
2010-07-13 05:00:00,0.3899666666666667,0.40747736478894947,0.40121565983333335,False,False,False,False,False
2010-07-13 06:00:00,0.39246666666666663,0.3965435490146279,0.39928196233333335,False,False,False,False,False
2010-07-13 07:00:00,1.1433333333333333,1.1576596235137433,1.1589869556666665,False,False,False,False,False
2010-07-13 08:00:00,1.6144333333333334,1.576782762914896,1.6354281578333334,True,False,False,False,False
2010-07-13 09:00:00,1.7105333333333335,1.7334437310382724,1.7085295985,True,False,False,False,False
2010-07-13 10:00:00,0.6229333333333333,0.6735035211134702,0.6916964968333333,False,False,False,False,False
2010-07-13 11:00:00,0.6011333333333333,0.6347984703484922,0.6096300775,False,False,False,False,False
2010-07-13 12:00:00,0.5738666666666667,0.6038678540125489,0.5744731428333334,False,False,False,False,False
2010-07-13 13:00:00,1.4215000000000002,1.420133477836475,1.4202601653333333,False,False,False,False,False
2010-07-13 14:00:00,1.7366666666666668,1.6986199057694524,1.7378200136666666,True,False,False,False,False
2010-07-13 15:00:00,1.0986,1.1625987204402686,1.1100075598333334,False,False,False,False,False
2010-07-13 16:00:00,0.49313333333333337,0.5237487955559045,0.4959288003333333,False,False,False,False,False
2010-07-13 17:00:00,0.4898666666666667,0.5136371033445001,0.49653887966666665,False,False,False,False,False
2010-07-13 18:00:00,1.0689666666666668,1.0938524735730142,1.0907101838333333,False,False,False,False,False
2010-07-13 19:00:00,1.3580666666666665,1.4456303185366095,1.4728388428333334,False,False,False,False,False
2010-07-13 20:00:00,1.5689,1.5831708907272668,1.6107692636666668,True,False,False,False,False
2010-07-13 21:00:00,2.114333333333333,2.079751046267897,2.108083895,True,False,False,False,False
2010-07-13 22:00:00,1.8494666666666668,1.837148400630802,1.8344749323333334,True,False,False,False,False
2010-07-13 23:00:00,0.8769333333333333,0.9056825711872428,0.8692833876666667,False,False,False,False,False
2010-07-14 00:00:00,0.49716666666666665,0.49989892265312375,0.5055611205,False,False,False,False,False
2010-07-14 01:00:00,0.6503,0.6266783906169235,0.6453944426666667,False,False,False,False,False
2010-07-14 02:00:00,0.4663,0.4949261653892696,0.47482881883333333,False,False,False,False,False
2010-07-14 03:00:00,0.35323333333333334,0.36897428564950824,0.3609558468333333,False,False,False,False,False
2010-07-14 04:00:00,0.3952666666666667,0.4132778783041983,0.4065312825,False,False,False,False,False
2010-07-14 05:00:00,0.38026666666666664,0.3863109888963401,0.3888543666666667,False,False,False,False,False
2010-07-14 06:00:00,0.45530000000000004,0.483508004245162,0.46736560883333333,False,False,False,False,False
2010-07-14 07:00:00,0.9360666666666667,0.954068096986413,0.9450276953333333,False,False,False,False,False
2010-07-14 08:00:00,0.6037,0.6215904571156948,0.6260227718333333,False,False,False,False,False
2010-07-14 09:00:00,0.5776333333333333,0.6057006058856845,0.6169405053333333,False,False,False,False,False
2010-07-14 10:00:00,0.4976333333333333,0.5140801146704703,0.5072570238333334,False,False,False,False,False
2010-07-14 11:00:00,1.0361333333333334,1.0203344918843358,1.0646030363333334,False,False,False,False,False
2010-07-14 12:00:00,1.1338000000000001,1.156566870975867,1.1389766931666665,False,False,False,False,False
2010-07-14 13:00:00,1.2403333333333333,1.2079283066496254,1.2295420733333333,False,False,False,False,False
2010-07-14 14:00:00,1.4386666666666665,1.4653271888956427,1.4361155033333333,True,False,False,False,False
2010-07-14 15:00:00,1.0747666666666666,1.1039823490876703,1.0713009291666666,False,False,False,False,False
2010-07-14 16:00:00,0.525,0.5571066966742276,0.5265663628333334,False,False,False,False,False
2010-07-14 17:00:00,0.4873333333333333,0.5138525027561933,0.48647827250000003,False,False,False,False,False
2010-07-14 18:00:00,0.5254,0.5473180751185863,0.5243656908333334,False,False,False,False,False
2010-07-14 19:00:00,0.7665666666666666,0.7858413800332696,0.769473155,False,False,False,False,False
2010-07-14 20:00:00,0.9316333333333333,0.9336358627896756,0.9417731518333333,False,False,False,False,False
2010-07-14 21:00:00,2.280733333333333,2.2688805988356475,2.2995676066666664,True,False,False,False,False
2010-07-14 22:00:00,3.1088666666666667,3.0401305917933583,3.0931822116666665,True,True,False,True,True
2010-07-14 23:00:00,3.1291,3.0770733661592007,3.1080485016666666,True,True,True,True,True
2010-07-15 00:00:00,2.553166666666667,2.520974627006799,2.5368125800000003,True,True,False,True,True
2010-07-15 01:00:00,1.3841333333333334,1.3809978607431055,1.37931786,False,False,False,False,False
2010-07-15 02:00:00,1.2592333333333334,1.267198621955514,1.2539164688333335,False,False,False,False,False
2010-07-15 03:00:00,0.8019333333333333,0.8048139454979449,0.7914910601666667,False,False,False,False,False
2010-07-15 04:00:00,0.8353666666666667,0.8355716507110745,0.8219147269999999,False,False,False,False,False
2010-07-15 05:00:00,0.7728,0.7802330822695047,0.7596673511666666,False,False,False,False,False
2010-07-15 06:00:00,0.8113333333333334,0.8166693035356701,0.798836153,False,False,False,False,False
2010-07-15 07:00:00,0.8101333333333333,0.8141945952609182,0.7904736958333333,False,False,False,False,False
2010-07-15 08:00:00,1.2321666666666669,1.203735124992952,1.2364704035,False,False,False,False,False
2010-07-15 09:00:00,1.9920666666666667,2.0314820299517367,1.9708156808333332,True,False,False,False,False
2010-07-15 10:00:00,1.1026666666666667,1.0994654562138022,1.1145600471666666,False,False,False,False,False
2010-07-15 11:00:00,1.1862,1.2267004079341888,1.178691113,False,False,False,False,False
2010-07-15 12:00:00,0.5487666666666667,0.5531047424938529,0.5472017025,False,False,False,False,False
2010-07-15 13:00:00,0.5031,0.5278082432109863,0.5097411851666667,False,False,False,False,False
2010-07-15 14:00:00,0.9092833333333333,0.9114475335430353,0.9119613838333334,False,False,False,False,False
2010-07-15 15:00:00,1.8799,1.8536767208375038,1.8688395638333333,True,False,False,False,False
2010-07-15 16:00:00,1.1058999999999999,1.139737077458203,1.108884538,False,False,False,False,False
2010-07-15 17:00:00,0.5337,0.5565652377773076,0.5268732898333334,False,False,False,False,False
2010-07-15 18:00:00,0.5462,0.5675964723836631,0.5386807571666666,False,False,False,False,False
2010-07-15 19:00:00,0.5149666666666667,0.5347977882534265,0.5095904801666667,False,False,False,False,False
2010-07-15 20:00:00,0.5238333333333334,0.5340694712772965,0.516455168,False,False,False,False,False
2010-07-15 21:00:00,1.7314,1.7262316032432021,1.7189970016666665,True,False,False,False,False
2010-07-15 22:00:00,2.3951333333333333,2.372866505073011,2.370058815,True,True,False,True,True
2010-07-15 23:00:00,1.3301666666666667,1.3666066317871213,1.307383913,False,False,False,False,False
2010-07-16 00:00:00,0.7512,0.7601886284638196,0.7415764956666667,False,False,False,False,False
2010-07-16 01:00:00,0.5985333333333334,0.614319911352545,0.5875023991666667,False,False,False,False,False
2010-07-16 02:00:00,0.39699999999999996,0.4088569763727486,0.3948788601666667,False,False,False,False,False
2010-07-16 03:00:00,0.4656666666666667,0.4833729033924639,0.466772414,False,False,False,False,False
2010-07-16 04:00:00,0.33076666666666665,0.34938701439127323,0.3372723086666667,False,False,False,False,False
2010-07-16 05:00:00,0.2789,0.2991480117447674,0.28364103133333335,False,False,False,False,False
2010-07-16 06:00:00,0.35419999999999996,0.370489871828258,0.3580204005,False,False,False,False,False
2010-07-16 07:00:00,0.27836666666666665,0.3020132594883442,0.2854151853333333,False,False,False,False,False
2010-07-16 08:00:00,0.7949333333333333,0.7932039293468,0.8119591506666667,False,False,False,False,False
2010-07-16 09:00:00,0.7357333333333334,0.7718205869302154,0.7439915223333333,False,False,False,False,False
2010-07-16 10:00:00,0.5718,0.6236860435519367,0.6331210738333334,False,False,False,False,False
2010-07-16 11:00:00,0.30183333333333334,0.32191019487679,0.3088371845,False,False,False,False,False
2010-07-16 12:00:00,0.3291,0.35203308725133536,0.3397025656666667,False,False,False,False,False
2010-07-16 13:00:00,0.632,0.6399641175307333,0.629771322,False,False,False,False,False
2010-07-16 14:00:00,0.6920999999999999,0.7221352666564286,0.6842507173333333,False,False,False,False,False
2010-07-16 15:00:00,1.3841999999999999,1.3976011136066169,1.3738228461666668,False,False,False,False,False
2010-07-16 16:00:00,0.5669333333333333,0.5968501372978091,0.5620506586666667,False,False,False,False,False
2010-07-16 17:00:00,0.3144666666666666,0.34470123962201177,0.32263365316666665,False,False,False,False,False
2010-07-16 18:00:00,0.2937333333333333,0.3176100799247622,0.3027136753333333,False,False,False,False,False
2010-07-16 19:00:00,0.3465666666666667,0.3713987462006509,0.35703445633333336,False,False,False,False,False
2010-07-16 20:00:00,0.2785,0.31355835672728716,0.28837995283333334,False,False,False,False,False
2010-07-16 21:00:00,0.9086,0.902786100531742,0.9063381876666666,False,False,False,False,False
2010-07-16 22:00:00,1.1646,1.1763781899109484,1.1554896633333334,False,False,False,False,False
2010-07-16 23:00:00,0.8978666666666667,0.9367132591299714,0.8827882103333333,False,False,False,False,False
2010-07-17 00:00:00,0.8313,0.8239390653997661,0.8214748076666667,False,False,False,False,False
2010-07-17 01:00:00,1.0189333333333335,1.0017677680369466,1.0144079731666666,False,False,False,False,False
2010-07-17 02:00:00,1.0147,1.0440200936995447,1.0144628406666667,False,False,False,False,False
2010-07-17 03:00:00,0.3171,0.3278376705482602,0.3270533503333333,False,False,False,False,False
2010-07-17 04:00:00,0.3345,0.34697247431240974,0.33968619883333334,False,False,False,False,False
2010-07-17 05:00:00,0.30419999999999997,0.316072242809087,0.308675266,False,False,False,False,False
2010-07-17 06:00:00,0.3211333333333333,0.33630555730573836,0.3288524628333333,False,False,False,False,False
2010-07-17 07:00:00,0.31176666666666664,0.3268660513319075,0.3209857885,False,False,False,False,False
2010-07-17 08:00:00,0.4137,0.42115480119064447,0.4202744075,False,False,False,False,False
2010-07-17 09:00:00,1.3840666666666666,1.3969654880642892,1.3822945266666666,False,False,False,False,False
2010-07-17 10:00:00,1.3928666666666667,1.4020073484644295,1.3943998916666667,False,False,False,False,False
2010-07-17 11:00:00,0.3967,0.43314122673869127,0.40279649433333337,False,False,False,False,False
2010-07-17 12:00:00,0.3141,0.33732410279065367,0.32062743433333335,False,False,False,False,False
2010-07-17 13:00:00,0.25033333333333335,0.26481617674753066,0.24921959666666668,False,False,False,False,False
2010-07-17 14:00:00,0.3024333333333333,0.322679548934102,0.30963128483333335,False,False,False,False,False
2010-07-17 15:00:00,0.29786666666666667,0.3160688267100602,0.3040792155,False,False,False,False,False
2010-07-17 16:00:00,0.32016666666666665,0.33926282163038846,0.3247669346666667,False,False,False,False,False
2010-07-17 17:00:00,0.29406666666666664,0.31219360904917115,0.2957529173333333,False,False,False,False,False
2010-07-17 18:00:00,0.30396666666666666,0.32141882527768606,0.3093930456666667,False,False,False,False,False
2010-07-17 19:00:00,0.3233,0.35376768028624356,0.33453514333333334,False,False,False,False,False
2010-07-17 20:00:00,1.0122666666666666,1.0272037794049829,1.0121084288333333,False,False,False,False,False
2010-07-17 21:00:00,0.6904333333333333,0.7086548351287842,0.686407998,False,False,False,False,False
2010-07-17 22:00:00,0.7294,0.7483707768753172,0.7246292934999999,False,False,False,False,False
2010-07-17 23:00:00,0.5599000000000001,0.5891278160389513,0.5569696758333333,False,False,False,False,False
2010-07-18 00:00:00,0.4363,0.4502254520799964,0.43531193716666666,False,False,False,False,False
2010-07-18 01:00:00,0.40036666666666665,0.4113480086766183,0.4016763015,False,False,False,False,False
2010-07-18 02:00:00,0.33199999999999996,0.34911293434016405,0.33368646583333333,False,False,False,False,False
2010-07-18 03:00:00,0.5937333333333333,0.58716473117508,0.5863102098333334,False,False,False,False,False
2010-07-18 04:00:00,0.21686666666666668,0.24121018012128767,0.21888384083333332,False,False,False,False,False
2010-07-18 05:00:00,0.316,0.3297561657525599,0.31882796516666667,False,False,False,False,False
2010-07-18 06:00:00,0.29556666666666664,0.3108643933273852,0.299917709,False,False,False,False,False
2010-07-18 07:00:00,1.1619666666666668,1.1624857738230376,1.1619939598333333,False,False,False,False,False
2010-07-18 08:00:00,0.3011666666666667,0.33569759455285964,0.3062850425,False,False,False,False,False
2010-07-18 09:00:00,0.31216666666666665,0.33103522222228343,0.31760482516666666,False,False,False,False,False
2010-07-18 10:00:00,0.23963333333333334,0.25810159784331915,0.24404478733333332,False,False,False,False,False
2010-07-18 11:00:00,0.28513333333333335,0.2993745688587427,0.29178527833333334,False,False,False,False,False
2010-07-18 12:00:00,0.31736666666666663,0.33932368936873974,0.32526743183333334,False,False,False,False,False
2010-07-18 13:00:00,0.2658,0.2840733037412166,0.2680450243333333,False,False,False,False,False
2010-07-18 14:00:00,0.3264333333333333,0.3404404540445655,0.3294312675,False,False,False,False,False
2010-07-18 15:00:00,0.22990000000000002,0.2448059086218476,0.235029686,False,False,False,False,False
2010-07-18 16:00:00,0.29446666666666665,0.3255044371925294,0.298796287,False,False,False,False,False
2010-07-18 17:00:00,0.2893,0.3063823136642575,0.29508061716666667,False,False,False,False,False
2010-07-18 18:00:00,0.9191,0.9121444554649294,0.9103161475,False,False,False,False,False
2010-07-18 19:00:00,1.2330666666666665,1.2601700232405217,1.2106028843333334,False,False,False,False,False
2010-07-18 20:00:00,1.1449333333333334,1.1464774516478182,1.1358293593333333,False,False,False,False,False
2010-07-18 21:00:00,1.0483,1.066577682607621,1.036406025,False,False,False,False,False
2010-07-18 22:00:00,1.0921666666666667,1.101295477128029,1.0766259788333334,False,False,False,False,False
2010-07-18 23:00:00,1.4822333333333333,1.4945522089175882,1.4650853716666667,True,False,False,False,False
2010-07-19 00:00:00,0.3711,0.408275282125175,0.37704404,False,False,False,False,False
2010-07-19 01:00:00,0.2751666666666666,0.28174323341473934,0.28064382633333335,False,False,False,False,False
2010-07-19 02:00:00,0.2828666666666667,0.30417173890694976,0.2913948946666667,False,False,False,False,False
2010-07-19 03:00:00,0.28873333333333334,0.3109988097257912,0.2945257871666667,False,False,False,False,False
2010-07-19 04:00:00,0.3172666666666667,0.3346095460951328,0.3212057825,False,False,False,False,False
2010-07-19 05:00:00,0.3062666666666667,0.3284413921535015,0.31245936583333334,False,False,False,False,False
2010-07-19 06:00:00,0.9814666666666666,0.9823532405599952,0.9800314075000001,False,False,False,False,False
2010-07-19 07:00:00,0.5998666666666667,0.6282345454577356,0.6041634043333333,False,False,False,False,False
2010-07-19 08:00:00,0.2998,0.3214823375608772,0.3052230973333333,False,False,False,False,False
2010-07-19 09:00:00,0.30093333333333333,0.31963063837438815,0.3028224595,False,False,False,False,False
2010-07-19 10:00:00,0.34926666666666667,0.36974083262123164,0.353491966,False,False,False,False,False
2010-07-19 11:00:00,0.3242,0.34998391614332797,0.32800363099999996,False,False,False,False,False
2010-07-19 12:00:00,0.21,0.2297578051783144,0.21237056166666665,False,False,False,False,False
2010-07-19 13:00:00,0.39103333333333334,0.4070925444226712,0.39329693550000006,False,False,False,False,False
2010-07-19 14:00:00,0.34636666666666666,0.37731956044472753,0.34785457183333335,False,False,False,False,False
2010-07-19 15:00:00,0.5119,0.5306354461319744,0.5050291858333333,False,False,False,False,False
2010-07-19 16:00:00,0.409,0.43605976110063494,0.4020578441666667,False,False,False,False,False
2010-07-19 17:00:00,1.0613,1.0668264056161048,1.0596041726666667,False,False,False,False,False
2010-07-19 18:00:00,1.3475,1.3598426281504332,1.34026146,False,False,False,False,False
2010-07-19 19:00:00,1.4029999999999998,1.412390588657558,1.403900645,False,False,False,False,False
2010-07-19 20:00:00,0.37133333333333335,0.40948807203471654,0.3762523251666667,False,False,False,False,False
2010-07-19 21:00:00,0.3825,0.3866705592088401,0.3796046095,False,False,False,False,False
2010-07-19 22:00:00,1.2311,1.2260106878705324,1.2264136278333335,False,False,False,False,False
2010-07-19 23:00:00,0.9906666666666667,1.019704972936213,0.9731665426666666,False,False,False,False,False
2010-07-20 00:00:00,0.4338666666666667,0.4560389770850539,0.43082602049999996,False,False,False,False,False
2010-07-20 01:00:00,0.3684333333333333,0.38246960988752543,0.3647518198333333,False,False,False,False,False
2010-07-20 02:00:00,0.46476666666666666,0.4686006329711526,0.45966685349999997,False,False,False,False,False
2010-07-20 03:00:00,0.6963333333333334,0.7162321755263954,0.69016678,False,False,False,False,False
2010-07-20 04:00:00,0.3470333333333333,0.3693972969193011,0.354251769,False,False,False,False,False
2010-07-20 05:00:00,0.4330333333333333,0.439754642201215,0.43835664416666664,False,False,False,False,False
2010-07-20 06:00:00,1.0626,1.076943150307238,1.0640392291666667,False,False,False,False,False
2010-07-20 07:00:00,0.3312,0.3543346683681011,0.3394937945,False,False,False,False,False
2010-07-20 08:00:00,0.33313333333333334,0.3569039822168648,0.3416294475,False,False,False,False,False
2010-07-20 09:00:00,0.35356666666666664,0.3722877336781472,0.36059950616666664,False,False,False,False,False
2010-07-20 10:00:00,1.1478,1.1392823679991069,1.1490371186666666,False,False,False,False,False
2010-07-20 11:00:00,0.7602333333333333,0.7928875784136354,0.7623298518333333,False,False,False,False,False
2010-07-20 12:00:00,0.3365,0.359396941691637,0.3397506278333333,False,False,False,False,False
2010-07-20 13:00:00,0.3436666666666667,0.36511375357955694,0.3523876696666666,False,False,False,False,False
2010-07-20 14:00:00,0.3074,0.32929434427842497,0.3145176771666666,False,False,False,False,False
2010-07-20 15:00:00,0.3230666666666666,0.35086000254899263,0.330677152,False,False,False,False,False
2010-07-20 16:00:00,0.2845333333333333,0.30648608530201016,0.28606972216666665,False,False,False,False,False
2010-07-20 17:00:00,0.47596666666666665,0.4732655922371894,0.4710969363333334,False,False,False,False,False
2010-07-20 18:00:00,0.7254333333333334,0.7468332765001804,0.712130333,False,False,False,False,False
2010-07-20 19:00:00,0.6658000000000001,0.68577166544199,0.6496079653333333,False,False,False,False,False
2010-07-20 20:00:00,1.6181666666666668,1.6166993979074062,1.6068931021666666,True,False,False,False,False
2010-07-20 21:00:00,0.7579666666666667,0.779769861710444,0.7467129965,False,False,False,False,False
2010-07-20 22:00:00,0.7335333333333334,0.75458689885512,0.7252381711666666,False,False,False,False,False
2010-07-20 23:00:00,0.9597,0.9781337046697736,0.942450486,False,False,False,False,False
2010-07-21 00:00:00,0.7822666666666667,0.8016336334306746,0.7795382586666667,False,False,False,False,False
2010-07-21 01:00:00,0.7374333333333334,0.7591303078174592,0.7387060516666666,False,False,False,False,False
2010-07-21 02:00:00,0.3359666666666667,0.3543869481939822,0.3422194436666667,False,False,False,False,False
2010-07-21 03:00:00,0.3116333333333333,0.3294616309426725,0.31537334633333336,False,False,False,False,False
2010-07-21 04:00:00,0.3520333333333333,0.37332607964389025,0.3589175371666667,False,False,False,False,False
2010-07-21 05:00:00,0.3070333333333333,0.3219616729721427,0.3083708588333333,False,False,False,False,False
2010-07-21 06:00:00,0.3785,0.3988112565021961,0.38255541466666665,False,False,False,False,False
2010-07-21 07:00:00,0.6636333333333333,0.6633711773112416,0.6692698861666667,False,False,False,False,False
2010-07-21 08:00:00,0.8514999999999999,0.8923000022210181,0.8542511691666667,False,False,False,False,False
2010-07-21 09:00:00,0.35500000000000004,0.3731212419517338,0.35689626016666665,False,False,False,False,False
2010-07-21 10:00:00,0.3053666666666667,0.32680459858402605,0.30976199216666667,False,False,False,False,False
2010-07-21 11:00:00,0.33343333333333336,0.3563674194313586,0.33849853683333336,False,False,False,False,False
2010-07-21 12:00:00,0.28653333333333336,0.31046736868843433,0.28928377066666666,False,False,False,False,False
2010-07-21 13:00:00,0.7761333333333333,0.7715127717867494,0.7668572491666666,False,False,False,False,False
2010-07-21 14:00:00,0.8655,0.8766847214076668,0.8539297205,False,False,False,False,False
2010-07-21 15:00:00,0.7487666666666667,0.7733519944276661,0.7378841501666666,False,False,False,False,False
2010-07-21 16:00:00,1.2841999999999998,1.2810626969721168,1.2728949701666668,False,False,False,False,False
2010-07-21 17:00:00,0.7408666666666667,0.7902909632056951,0.7448832974999999,False,False,False,False,False
2010-07-21 18:00:00,0.33363333333333334,0.3545043177027255,0.3357660225,False,False,False,False,False
2010-07-21 19:00:00,0.7568,0.7606364481154829,0.7963692583333334,False,False,False,False,False
2010-07-21 20:00:00,1.2741,1.276300579487905,1.3147935855,False,False,False,False,False
2010-07-21 21:00:00,0.4762333333333333,0.5050621955059469,0.47341235466666665,False,False,False,False,False
2010-07-21 22:00:00,1.6014000000000002,1.5503105577029288,1.5885937105,True,False,False,False,False
2010-07-21 23:00:00,2.878133333333333,2.8264760584667328,2.86565073,True,True,False,True,True
2010-07-22 00:00:00,2.6749333333333336,2.6041022166490553,2.65557348,True,True,False,True,True
2010-07-22 01:00:00,2.1680333333333333,2.1606982909888033,2.1580929833333333,True,False,False,False,False
2010-07-22 02:00:00,1.4624666666666668,1.4462071969144046,1.4539231316666668,True,False,False,False,False
2010-07-22 03:00:00,1.4041,1.399479325452447,1.3962110666666667,False,False,False,False,False
2010-07-22 04:00:00,1.3682666666666667,1.374021530880779,1.3569105731666666,False,False,False,False,False
2010-07-22 05:00:00,0.4356,0.47217101883143187,0.44272851166666666,False,False,False,False,False
2010-07-22 06:00:00,0.36679999999999996,0.3915576430957764,0.37132296583333335,False,False,False,False,False
2010-07-22 07:00:00,0.47123333333333334,0.4785731038875877,0.4741999983333333,False,False,False,False,False
2010-07-22 08:00:00,1.0183333333333333,1.041688548847288,1.0251555475,False,False,False,False,False
2010-07-22 09:00:00,0.3619333333333333,0.38709703389964994,0.36662591916666665,False,False,False,False,False
2010-07-22 10:00:00,0.3594333333333333,0.38106666307598347,0.37170569433333334,False,False,False,False,False
2010-07-22 11:00:00,0.3411,0.37466744888722897,0.34788314766666667,False,False,False,False,False
2010-07-22 12:00:00,0.36920000000000003,0.3965248918056488,0.3758629293333334,False,False,False,False,False
2010-07-22 13:00:00,0.3661333333333333,0.38819148248508567,0.370839985,False,False,False,False,False
2010-07-22 14:00:00,1.3246,1.3199021874535828,1.3293268606666666,False,False,False,False,False
2010-07-22 15:00:00,0.3668333333333333,0.39277346778511996,0.37183221383333337,False,False,False,False,False
2010-07-22 16:00:00,0.37626666666666664,0.3943982340250164,0.3786850875,False,False,False,False,False
2010-07-22 17:00:00,0.38603333333333334,0.41291142161339517,0.39040315999999997,False,False,False,False,False
2010-07-22 18:00:00,0.37246666666666667,0.3965518324203789,0.3746301315,False,False,False,False,False
2010-07-22 19:00:00,0.3748333333333333,0.3996785945121199,0.3778820235,False,False,False,False,False
2010-07-22 20:00:00,0.3955666666666666,0.4235349464125931,0.40200143266666666,False,False,False,False,False
2010-07-22 21:00:00,0.9666,0.9595606657370925,0.9500968046666667,False,False,False,False,False
2010-07-22 22:00:00,1.1483666666666668,1.1821066821005197,1.1393982396666666,False,False,False,False,False
2010-07-22 23:00:00,0.5283,0.5587434113737195,0.5227165448333333,False,False,False,False,False
2010-07-23 00:00:00,0.5345333333333333,0.5455319141451269,0.5328157733333333,False,False,False,False,False
2010-07-23 01:00:00,1.2643333333333333,1.2795866253409536,1.2624627311666667,False,False,False,False,False
2010-07-23 02:00:00,0.5916666666666667,0.5991759397294373,0.5852187875,False,False,False,False,False
2010-07-23 03:00:00,1.2449666666666666,1.2197668173730374,1.2374106341666669,False,False,False,False,False
2010-07-23 04:00:00,1.1148,1.1526240233328193,1.1119418454999999,False,False,False,False,False
2010-07-23 05:00:00,0.8448333333333333,0.8503836914930492,0.8499734594999999,False,False,False,False,False
2010-07-23 06:00:00,0.3563,0.37953618967346847,0.3593271143333333,False,False,False,False,False
2010-07-23 07:00:00,0.38319999999999993,0.39943252427838744,0.38916625583333336,False,False,False,False,False
2010-07-23 08:00:00,0.7162999999999999,0.7199600633721798,0.7185254216666667,False,False,False,False,False
2010-07-23 09:00:00,1.4133666666666669,1.4273088254719972,1.4347226233333332,False,False,False,False,False
2010-07-23 10:00:00,0.4327333333333333,0.463392878133431,0.43215975933333334,False,False,False,False,False
2010-07-23 11:00:00,0.3619,0.3847087396938353,0.36428049533333334,False,False,False,False,False
2010-07-23 12:00:00,0.5837666666666668,0.593802416646108,0.5790881801666666,False,False,False,False,False
2010-07-23 13:00:00,0.7842666666666667,0.7957382043480873,0.7754397245,False,False,False,False,False
2010-07-23 14:00:00,0.45803333333333335,0.4951496657770127,0.45865979316666666,False,False,False,False,False
2010-07-23 15:00:00,0.9314333333333333,0.9378558341793716,0.9417096778333334,False,False,False,False,False
2010-07-23 16:00:00,0.5397,0.58119638713561,0.5469486968333332,False,False,False,False,False
2010-07-23 17:00:00,0.35806666666666664,0.38135679625496266,0.3601600825,False,False,False,False,False
2010-07-23 18:00:00,0.37929999999999997,0.4061376086082309,0.3830265001666667,False,False,False,False,False
2010-07-23 19:00:00,1.4078666666666666,1.3927119777284562,1.4063001543333333,False,False,False,False,False
2010-07-23 20:00:00,1.5015666666666665,1.520118052623421,1.4965466966666667,True,False,False,False,False
2010-07-23 21:00:00,1.6510666666666665,1.6631375188812614,1.6449311458333333,True,False,False,False,False
2010-07-23 22:00:00,0.9489,0.9669309381365777,0.9454328148333333,False,False,False,False,False
2010-07-23 23:00:00,0.7997333333333334,0.8277965640615672,0.79194942,False,False,False,False,False
2010-07-24 00:00:00,0.7748666666666666,0.7708301904853434,0.7745812331666666,False,False,False,False,False
2010-07-24 01:00:00,0.7538666666666667,0.7505218281131238,0.748484984,False,False,False,False,False
2010-07-24 02:00:00,0.47453333333333336,0.48139878838993605,0.476773936,False,False,False,False,False
2010-07-24 03:00:00,0.3524,0.3660592009920627,0.3554200626666667,False,False,False,False,False
2010-07-24 04:00:00,0.3703333333333333,0.3838310450263321,0.3742917573333333,False,False,False,False,False
2010-07-24 05:00:00,0.35569999999999996,0.3663206392135471,0.3585441283333333,False,False,False,False,False
2010-07-24 06:00:00,0.38776666666666665,0.40180941731370984,0.39154637216666666,False,False,False,False,False
2010-07-24 07:00:00,0.9122333333333332,0.9098244283735752,0.9171440088333332,False,False,False,False,False
2010-07-24 08:00:00,0.5372333333333333,0.5676705470722169,0.5412863385000001,False,False,False,False,False
2010-07-24 09:00:00,0.3776,0.3927589632522315,0.38278086516666665,False,False,False,False,False
2010-07-24 10:00:00,0.3533666666666667,0.3646442138202488,0.3536738248333334,False,False,False,False,False
2010-07-24 11:00:00,0.36346666666666666,0.3774669951912015,0.36703332483333334,False,False,False,False,False
2010-07-24 12:00:00,0.6535333333333334,0.6612658137403429,0.6471201919999999,False,False,False,False,False
2010-07-24 13:00:00,0.7953333333333333,0.811259538666159,0.7915859315,False,False,False,False,False
2010-07-24 14:00:00,0.3424333333333333,0.3733274869587272,0.35324334166666665,False,False,False,False,False
2010-07-24 15:00:00,0.3610333333333333,0.38215027629733084,0.3638975678333333,False,False,False,False,False
2010-07-24 16:00:00,0.36346666666666666,0.3853607599053532,0.3697875026666667,False,False,False,False,False
2010-07-24 17:00:00,0.37629999999999997,0.3940946463126689,0.37893971666666665,False,False,False,False,False
2010-07-24 18:00:00,0.7580333333333333,0.7610551976628602,0.7619136023333334,False,False,False,False,False
2010-07-24 19:00:00,0.8834666666666667,0.922441301478073,0.8859792809999999,False,False,False,False,False
2010-07-24 20:00:00,0.6974,0.6749331630140544,0.6936058911666667,False,False,False,False,False
2010-07-24 21:00:00,1.7543,1.7447791596271098,1.7470289933333334,True,False,False,False,False
2010-07-24 22:00:00,1.2302666666666666,1.256591027521342,1.2167901713333333,False,False,False,False,False
2010-07-24 23:00:00,1.1322,1.1473730182535948,1.1168170375,False,False,False,False,False
2010-07-25 00:00:00,1.0919999999999999,1.0858543926753106,1.0848756086666667,False,False,False,False,False
2010-07-25 01:00:00,0.9013666666666666,0.9160175168890506,0.89536158,False,False,False,False,False
2010-07-25 02:00:00,0.35196666666666665,0.3573145176269114,0.3592261256666667,False,False,False,False,False
2010-07-25 03:00:00,0.32413333333333333,0.34264355947151776,0.3267215076666667,False,False,False,False,False
2010-07-25 04:00:00,0.3849666666666666,0.3941305403850972,0.3901999911666667,False,False,False,False,False
2010-07-25 05:00:00,0.3683333333333333,0.38204048928022377,0.3705266208333333,False,False,False,False,False
2010-07-25 06:00:00,0.8814333333333334,0.8807503449253739,0.8877575523333333,False,False,False,False,False
2010-07-25 07:00:00,0.8028333333333333,0.8289532074585557,0.8007628141666667,False,False,False,False,False
2010-07-25 08:00:00,0.37666666666666665,0.3963998012684285,0.3829249985,False,False,False,False,False
2010-07-25 09:00:00,0.3548666666666666,0.36998912424519653,0.35638623816666665,False,False,False,False,False
2010-07-25 10:00:00,1.3948333333333334,1.387379247572273,1.3927035526666667,False,False,False,False,False
2010-07-25 11:00:00,1.6441333333333332,1.6477578089922669,1.64224626,True,False,False,False,False
2010-07-25 12:00:00,1.5775000000000001,1.6021749321736396,1.57122317,True,False,False,False,False
2010-07-25 13:00:00,0.8530333333333332,0.8854983474258334,0.8517830453333333,False,False,False,False,False
2010-07-25 14:00:00,0.3653333333333333,0.39085727489851413,0.37018168516666666,False,False,False,False,False
2010-07-25 15:00:00,0.3648333333333333,0.3823591034390032,0.3663434663333333,False,False,False,False,False
2010-07-25 16:00:00,0.38556666666666667,0.41350413914136586,0.3912400205,False,False,False,False,False
2010-07-25 17:00:00,0.36133333333333334,0.3845013713039458,0.36298583333333334,False,False,False,False,False
2010-07-25 18:00:00,0.37216666666666665,0.39582953425273293,0.37322917549999995,False,False,False,False,False
2010-07-25 19:00:00,0.8781,0.8929120826728643,0.8849232685,False,False,False,False,False
2010-07-25 20:00:00,0.6794666666666667,0.704156525394693,0.6576223179999999,False,False,False,False,False
2010-07-25 21:00:00,0.6416666666666667,0.6532508121449501,0.6188704883333334,False,False,False,False,False
2010-07-25 22:00:00,0.6522666666666667,0.6653902838673442,0.629497446,False,False,False,False,False
2010-07-25 23:00:00,2.831366666666667,2.8163531920932234,2.7952583333333334,True,True,False,True,True
2010-07-26 00:00:00,0.3406333333333333,0.40674587586782873,0.34398079833333334,False,False,False,False,False
2010-07-26 01:00:00,0.3388,0.358722618420422,0.34027263150000003,False,False,False,False,False
2010-07-26 02:00:00,0.27876666666666666,0.3053704796720296,0.28111903616666667,False,False,False,False,False
2010-07-26 03:00:00,0.36256666666666665,0.3838682668577879,0.3689029991666667,False,False,False,False,False
2010-07-26 04:00:00,0.3076,0.3386877476606518,0.31425933500000003,False,False,False,False,False
2010-07-26 05:00:00,0.3338333333333333,0.3526531822651624,0.3380914633333333,False,False,False,False,False
2010-07-26 06:00:00,0.2578,0.2879367601729929,0.262477013,False,False,False,False,False
2010-07-26 07:00:00,0.33330000000000004,0.3595665375318378,0.33519288033333333,False,False,False,False,False
2010-07-26 08:00:00,1.7709000000000001,1.7381218746222555,1.7721920918333334,True,False,False,False,False
2010-07-26 09:00:00,0.4124333333333333,0.48339763633348043,0.417782839,False,False,False,False,False
2010-07-26 10:00:00,0.7432333333333333,0.7537661572314799,0.7491276760000001,False,False,False,False,False
2010-07-26 11:00:00,1.0832333333333333,1.1033004597846419,1.0825785293333332,False,False,False,False,False
2010-07-26 12:00:00,0.5131666666666667,0.5405943740434945,0.5062004818333333,False,False,False,False,False
2010-07-26 13:00:00,0.32996666666666663,0.36208416205085814,0.3367828236666667,False,False,False,False,False
2010-07-26 14:00:00,0.3254666666666666,0.3525201450627297,0.32804990466666667,False,False,False,False,False
2010-07-26 15:00:00,0.29573333333333335,0.32306948076114056,0.2994344225,False,False,False,False,False
2010-07-26 16:00:00,0.33640000000000003,0.3629667500864714,0.34310615533333333,False,False,False,False,False
2010-07-26 17:00:00,0.2747,0.30201307020038365,0.2750500006666667,False,False,False,False,False
2010-07-26 18:00:00,0.3483,0.37509698510505257,0.35312668183333334,False,False,False,False,False
2010-07-26 19:00:00,0.29503333333333337,0.33299562207758426,0.30633704083333335,False,False,False,False,False
2010-07-26 20:00:00,0.3242333333333333,0.3557351304322481,0.33159449766666665,False,False,False,False,False
2010-07-26 21:00:00,1.1442666666666668,1.140765941194445,1.1273412815000001,False,False,False,False,False
2010-07-26 22:00:00,2.091266666666667,2.071707332569361,2.0660357816666663,True,False,False,False,False
2010-07-26 23:00:00,1.8942,1.9147409620381892,1.8718065466666665,True,False,False,False,False
2010-07-27 00:00:00,1.6456333333333333,1.6328223277702927,1.6222356299999998,True,False,False,False,False
2010-07-27 01:00:00,1.6177666666666668,1.6252999851267786,1.6061270966666668,True,False,False,False,False
2010-07-27 02:00:00,0.8101333333333333,0.8282163444053381,0.8116778163333334,False,False,False,False,False
2010-07-27 03:00:00,0.35683333333333334,0.3691072103764862,0.3640806565,False,False,False,False,False
2010-07-27 04:00:00,0.2897666666666667,0.31682818896919485,0.2982299075,False,False,False,False,False
2010-07-27 05:00:00,0.31153333333333333,0.3343698115214705,0.3155875915,False,False,False,False,False
2010-07-27 06:00:00,0.3014,0.3269163333468139,0.30591047433333335,False,False,False,False,False
2010-07-27 07:00:00,0.3202666666666667,0.3423533714264631,0.3225132793333333,False,False,False,False,False
2010-07-27 08:00:00,0.2753333333333333,0.3053128174841404,0.28137151833333335,False,False,False,False,False
2010-07-27 09:00:00,1.1635333333333333,1.154327964748815,1.1705520533333333,False,False,False,False,False
2010-07-27 10:00:00,0.7449333333333333,0.7797776334900409,0.7435251311666666,False,False,False,False,False
2010-07-27 11:00:00,0.5313666666666667,0.56320137876831,0.5318076046666667,False,False,False,False,False
2010-07-27 12:00:00,0.5818333333333334,0.5945705581631511,0.571215615,False,False,False,False,False
2010-07-27 13:00:00,0.49633333333333335,0.5304791683457791,0.4968900138333333,False,False,False,False,False
2010-07-27 14:00:00,0.2895333333333333,0.31637415710613126,0.2936843088333333,False,False,False,False,False
2010-07-27 15:00:00,1.0975666666666666,1.1274915811598303,1.1064813418333332,False,False,False,False,False
2010-07-27 16:00:00,0.3030666666666667,0.3301754166387021,0.30431918183333334,False,False,False,False,False
2010-07-27 17:00:00,0.2901666666666667,0.3197917155705392,0.29609029733333336,False,False,False,False,False
2010-07-27 18:00:00,0.3433,0.36936921646185217,0.35467538866666665,False,False,False,False,False
2010-07-27 19:00:00,0.27576666666666666,0.3061800745666027,0.27918353933333334,False,False,False,False,False
2010-07-27 20:00:00,0.32926666666666665,0.35224855798892674,0.3280657458333333,False,False,False,False,False
2010-07-27 21:00:00,0.8642,0.8734744929268957,0.8391633691666667,False,False,False,False,False
2010-07-27 22:00:00,1.2083333333333333,1.2010853863932194,1.1830893255,False,False,False,False,False
2010-07-27 23:00:00,1.4248,1.4497068418860437,1.41102334,False,False,False,False,False
2010-07-28 00:00:00,1.6895666666666667,1.6773959856510163,1.675597575,True,False,False,False,False
2010-07-28 01:00:00,1.4232,1.4467168451465668,1.4198057946666667,False,False,False,False,False
2010-07-28 02:00:00,0.7068333333333334,0.7257762678992002,0.7030336495,False,False,False,False,False
2010-07-28 03:00:00,0.3252,0.34909398359768085,0.32809145133333334,False,False,False,False,False
2010-07-28 04:00:00,0.30223333333333335,0.32869082567766306,0.30712228216666665,False,False,False,False,False
2010-07-28 05:00:00,0.3055,0.33047893028184766,0.30817700966666667,False,False,False,False,False
2010-07-28 06:00:00,0.4513333333333333,0.4605331896949559,0.45054973433333334,False,False,False,False,False
2010-07-28 07:00:00,1.5366666666666666,1.5525940755359828,1.5337299466666667,True,False,False,False,False
2010-07-28 08:00:00,1.3218999999999999,1.3488607675254345,1.32649885,False,False,False,False,False
2010-07-28 09:00:00,1.2511666666666668,1.2787949030704797,1.2531662013333333,False,False,False,False,False
2010-07-28 10:00:00,0.28926666666666667,0.31766347696110603,0.2938277185,False,False,False,False,False
2010-07-28 11:00:00,0.3096,0.3387987149842083,0.3156041998333333,False,False,False,False,False
2010-07-28 12:00:00,0.3046,0.3316605178542435,0.309437233,False,False,False,False,False
2010-07-28 13:00:00,0.32016666666666665,0.3492010664030909,0.326445825,False,False,False,False,False
2010-07-28 14:00:00,0.2918333333333333,0.3209632173866034,0.2970641508333333,False,False,False,False,False
2010-07-28 15:00:00,0.32106666666666667,0.35269790634661913,0.3270469623333333,False,False,False,False,False
2010-07-28 16:00:00,0.31606666666666666,0.3460661052621901,0.3202268405,False,False,False,False,False
2010-07-28 17:00:00,0.2830333333333333,0.3133390940580517,0.2886571783333334,False,False,False,False,False
2010-07-28 18:00:00,0.3363,0.3664030357141047,0.34461711283333335,False,False,False,False,False
2010-07-28 19:00:00,0.6348,0.6462516161598265,0.6352094484999999,False,False,False,False,False
2010-07-28 20:00:00,0.7385666666666667,0.7820906171489507,0.7369360728333334,False,False,False,False,False
2010-07-28 21:00:00,0.2951333333333333,0.3254265877179801,0.30264619383333335,False,False,False,False,False
2010-07-28 22:00:00,0.3436,0.3733422754235566,0.349578878,False,False,False,False,False
2010-07-28 23:00:00,0.2799333333333333,0.30867684449031946,0.27885315233333335,False,False,False,False,False
2010-07-29 00:00:00,0.3317,0.35632504773288964,0.33579960733333336,False,False,False,False,False
2010-07-29 01:00:00,0.31736666666666663,0.3444089042559266,0.32276615366666667,False,False,False,False,False
2010-07-29 02:00:00,0.2972666666666666,0.32378756109923124,0.3019459548333333,False,False,False,False,False
2010-07-29 03:00:00,0.3265333333333333,0.35309556948952375,0.3323745196666667,False,False,False,False,False
2010-07-29 04:00:00,0.29933333333333334,0.3311970243364572,0.30816671549999997,False,False,False,False,False
2010-07-29 05:00:00,0.3222333333333333,0.348511301074922,0.3242460633333334,False,False,False,False,False
2010-07-29 06:00:00,0.2748666666666667,0.30416876722313463,0.27827733033333335,False,False,False,False,False
2010-07-29 07:00:00,1.2340333333333333,1.2365073033221066,1.2404650393333334,False,False,False,False,False
2010-07-29 08:00:00,0.29463333333333336,0.3431170029520988,0.29800036416666664,False,False,False,False,False
2010-07-29 09:00:00,0.32453333333333334,0.35211287761330606,0.3288830876666667,False,False,False,False,False
2010-07-29 10:00:00,0.27076666666666666,0.2934057858906686,0.27857101900000003,False,False,False,False,False
2010-07-29 11:00:00,0.27603333333333335,0.3132221723936498,0.2819586668333333,False,False,False,False,False
2010-07-29 12:00:00,0.29866666666666664,0.3294205684859305,0.30256667233333334,False,False,False,False,False
2010-07-29 13:00:00,0.3164666666666667,0.34600972694046794,0.31843686483333333,False,False,False,False,False
2010-07-29 14:00:00,0.3056,0.33910422712415456,0.3123489093333333,False,False,False,False,False
2010-07-29 15:00:00,0.2859666666666667,0.3160707497660071,0.29385956766666665,False,False,False,False,False
2010-07-29 16:00:00,0.33666666666666667,0.3670078738439828,0.34284519616666664,False,False,False,False,False
2010-07-29 17:00:00,0.2716333333333333,0.3022164745163172,0.27320394216666666,False,False,False,False,False
2010-07-29 18:00:00,0.45,0.4653623411785811,0.4522022905,False,False,False,False,False
2010-07-29 19:00:00,1.0928666666666667,1.138832312554866,1.0941082701666667,False,False,False,False,False
2010-07-29 20:00:00,0.3196333333333333,0.35437549284324044,0.3220511635,False,False,False,False,False
2010-07-29 21:00:00,0.2858,0.312490561395511,0.28527896150000004,False,False,False,False,False
2010-07-29 22:00:00,0.33336666666666664,0.36363835405781864,0.338291126,False,False,False,False,False
2010-07-29 23:00:00,0.28576666666666667,0.31831337659880515,0.2896834818333333,False,False,False,False,False
2010-07-30 00:00:00,0.3081,0.3299202372647822,0.3098862408333333,False,False,False,False,False
2010-07-30 01:00:00,0.31893333333333335,0.347488065912202,0.32254527816666667,False,False,False,False,False
2010-07-30 02:00:00,0.29100000000000004,0.321969438579306,0.29620404466666667,False,False,False,False,False
2010-07-30 03:00:00,0.3068,0.3342921719096601,0.31281203550000003,False,False,False,False,False
2010-07-30 04:00:00,0.3015,0.3327207992769778,0.3073710496666667,False,False,False,False,False
2010-07-30 05:00:00,0.31229999999999997,0.3358591957200318,0.31376175100000003,False,False,False,False,False
2010-07-30 06:00:00,0.36086666666666667,0.38622172590643167,0.3625761555,False,False,False,False,False
2010-07-30 07:00:00,1.1503,1.1897414384745062,1.1585028963333335,False,False,False,False,False
2010-07-30 08:00:00,0.4764333333333333,0.4976565872963518,0.4773751191666667,False,False,False,False,False
2010-07-30 09:00:00,0.32466666666666666,0.353627433681488,0.32966137300000004,False,False,False,False,False
2010-07-30 10:00:00,0.29710000000000003,0.3288266836822033,0.30432313666666666,False,False,False,False,False
2010-07-30 11:00:00,0.30670000000000003,0.3406928825706243,0.3110638588333333,False,False,False,False,False
2010-07-30 12:00:00,0.2814333333333333,0.3060371319800615,0.2837904855,False,False,False,False,False
2010-07-30 13:00:00,0.2663,0.3021943888634443,0.26931715,False,False,False,False,False
2010-07-30 14:00:00,0.27949999999999997,0.3125622871302068,0.28483608600000004,False,False,False,False,False
2010-07-30 15:00:00,0.30273333333333335,0.3334182904344052,0.30554839100000003,False,False,False,False,False
2010-07-30 16:00:00,0.3171666666666667,0.351491961665824,0.3214875063333333,False,False,False,False,False
2010-07-30 17:00:00,1.2049666666666667,1.2402578481137752,1.2091560701666666,False,False,False,False,False
2010-07-30 18:00:00,0.31516666666666665,0.3478577075786889,0.3223390503333333,False,False,False,False,False
2010-07-30 19:00:00,0.28963333333333335,0.3142984952852129,0.29368717549999995,False,False,False,False,False
2010-07-30 20:00:00,0.2808,0.3217712972916662,0.2837374051666667,False,False,False,False,False
2010-07-30 21:00:00,0.2802,0.31049628996849055,0.28068315666666666,False,False,False,False,False
2010-07-30 22:00:00,0.33849999999999997,0.37417023125030097,0.34588538883333336,False,False,False,False,False
2010-07-30 23:00:00,0.2765666666666667,0.3098414962768555,0.28367720883333336,False,False,False,False,False
2010-07-31 00:00:00,0.3157333333333333,0.3221504637088627,0.32054631533333333,False,False,False,False,False
2010-07-31 01:00:00,0.30183333333333334,0.31802361102253196,0.308485094,False,False,False,False,False
2010-07-31 02:00:00,0.30866666666666664,0.3226179240439087,0.31368709533333333,False,False,False,False,False
2010-07-31 03:00:00,0.2885666666666667,0.30672250870801504,0.29296870599999997,False,False,False,False,False
2010-07-31 04:00:00,0.5586666666666668,0.5608078489672393,0.5610507091666667,False,False,False,False,False
2010-07-31 05:00:00,1.0050333333333332,1.0463389370553196,1.0092632661666667,False,False,False,False,False
2010-07-31 06:00:00,0.314,0.32771893487423653,0.3152326293333333,False,False,False,False,False
2010-07-31 07:00:00,0.33153333333333335,0.35705683635994784,0.3388382973333333,False,False,False,False,False
2010-07-31 08:00:00,0.28463333333333335,0.3098639255285263,0.2913010263333333,False,False,False,False,False
2010-07-31 09:00:00,0.29686666666666667,0.31283209105655546,0.30519790766666666,False,False,False,False,False
2010-07-31 10:00:00,0.26063333333333333,0.28309707028791303,0.2653156428333333,False,False,False,False,False
2010-07-31 11:00:00,0.30069999999999997,0.33377471074834464,0.30729917616666663,False,False,False,False,False
2010-07-31 12:00:00,0.284,0.30655147674828764,0.28972367250000003,False,False,False,False,False
2010-07-31 13:00:00,0.3337,0.35946407307833433,0.34337882833333333,False,False,False,False,False
2010-07-31 14:00:00,0.2824,0.3090205550778657,0.28906379283333333,False,False,False,False,False
2010-07-31 15:00:00,0.3185333333333334,0.34049350405298173,0.32323724183333336,False,False,False,False,False
2010-07-31 16:00:00,0.6855666666666667,0.6978051523663104,0.6947772706666666,False,False,False,False,False
2010-07-31 17:00:00,0.9024333333333333,0.9499193205021322,0.9090572858333333,False,False,False,False,False
2010-07-31 18:00:00,0.28886666666666666,0.3138827530845999,0.29376085533333335,False,False,False,False,False
2010-07-31 19:00:00,0.34280000000000005,0.37252940090931946,0.3477635318333333,False,False,False,False,False
2010-07-31 20:00:00,0.31096666666666667,0.3375353268940001,0.31196044066666667,False,False,False,False,False
2010-07-31 21:00:00,0.29786666666666667,0.3286869123548269,0.304917542,False,False,False,False,False
2010-07-31 22:00:00,0.3373333333333333,0.3608392185635864,0.3430103735,False,False,False,False,False
2010-07-31 23:00:00,0.2922666666666667,0.32524757411591704,0.2993556573333333,False,False,False,False,False
2010-08-01 00:00:00,0.31706666666666666,0.31207770309299226,0.32110125433333336,False,False,False,False,False
2010-08-01 01:00:00,0.29283333333333333,0.2904018744286149,0.30054601216666665,False,False,False,False,False
2010-08-01 02:00:00,0.3350666666666667,0.3333207447245717,0.3439155831666667,False,False,False,False,False
2010-08-01 03:00:00,0.26416666666666666,0.27018750724531704,0.2675708905,False,False,False,False,False
2010-08-01 04:00:00,0.6427333333333334,0.620373912994936,0.644593384,False,False,False,False,False
2010-08-01 05:00:00,0.9396,0.9712756708670408,0.9459080991666667,False,False,False,False,False
2010-08-01 06:00:00,0.3158333333333333,0.3142090855285525,0.32162830566666667,False,False,False,False,False
2010-08-01 07:00:00,0.2658,0.27202863922566173,0.27334552933333334,False,False,False,False,False
2010-08-01 08:00:00,0.3033,0.3182829396434128,0.310853036,False,False,False,False,False
2010-08-01 09:00:00,0.3096333333333333,0.31758874662294984,0.31692527816666666,False,False,False,False,False
2010-08-01 10:00:00,0.29066666666666663,0.3019137434005737,0.2967114543333333,False,False,False,False,False
2010-08-01 11:00:00,0.33926666666666666,0.3471877228423953,0.347418726,False,False,False,False,False
2010-08-01 12:00:00,0.2644,0.2760453804992139,0.2688952353333333,False,False,False,False,False
2010-08-01 13:00:00,0.3310333333333333,0.33770781691968443,0.3360772063333333,False,False,False,False,False
2010-08-01 14:00:00,0.2915,0.3067328941702842,0.30204347216666666,False,False,False,False,False
2010-08-01 15:00:00,0.31366666666666665,0.3256624610915779,0.319763592,False,False,False,False,False
2010-08-01 16:00:00,0.6569,0.655417815008387,0.661497694,False,False,False,False,False
2010-08-01 17:00:00,0.9184333333333333,0.9542792010702194,0.9286915978333333,False,False,False,False,False
2010-08-01 18:00:00,0.3032333333333333,0.31717603440135717,0.30734443466666667,False,False,False,False,False
2010-08-01 19:00:00,0.31216666666666665,0.326531875096634,0.31522143449999995,False,False,False,False,False
2010-08-01 20:00:00,0.3283666666666667,0.34173304048851133,0.330792846,False,False,False,False,False
2010-08-01 21:00:00,0.30546666666666666,0.32340987538024785,0.31213033733333334,False,False,False,False,False
2010-08-01 22:00:00,0.3077,0.32438339982107284,0.3125100378333333,False,False,False,False,False
2010-08-01 23:00:00,0.31223333333333336,0.33257593500614163,0.316491737,False,False,False,False,False
2010-08-02 00:00:00,0.3015,0.3025090259175747,0.3060529158333333,False,False,False,False,False
2010-08-02 01:00:00,0.25253333333333333,0.25848876167684787,0.261209812,False,False,False,False,False
2010-08-02 02:00:00,0.3168333333333333,0.3264922707058489,0.3254043355,False,False,False,False,False
2010-08-02 03:00:00,0.27706666666666663,0.28838435555957254,0.27921096516666666,False,False,False,False,False
2010-08-02 04:00:00,0.7077333333333333,0.7046081157173962,0.7104462646666666,False,False,False,False,False
2010-08-02 05:00:00,0.8600333333333334,0.8776349668584764,0.8633740771666666,False,False,False,False,False
2010-08-02 06:00:00,0.3291,0.34150139180272815,0.3366479776666667,False,False,False,False,False
2010-08-02 07:00:00,0.2859,0.29830703276917336,0.28901369250000003,False,False,False,False,False
2010-08-02 08:00:00,0.3164666666666667,0.3272617653574795,0.32387034200000003,False,False,False,False,False
2010-08-02 09:00:00,0.32283333333333336,0.3343268273804336,0.32732297716666664,False,False,False,False,False
2010-08-02 10:00:00,0.27466666666666667,0.28903871649503704,0.2777503148333333,False,False,False,False,False
2010-08-02 11:00:00,0.3393333333333333,0.3551414856676012,0.34671208766666667,False,False,False,False,False
2010-08-02 12:00:00,0.2793333333333333,0.29636066834181546,0.28405083866666664,False,False,False,False,False
2010-08-02 13:00:00,0.3226333333333333,0.33935119990482926,0.3286337028333334,False,False,False,False,False
2010-08-02 14:00:00,0.29173333333333334,0.3074478512570262,0.29331722066666666,False,False,False,False,False
2010-08-02 15:00:00,0.3312333333333333,0.35014754186868663,0.3395061615,False,False,False,False,False
2010-08-02 16:00:00,0.7540333333333333,0.752954871775955,0.7566262308333334,False,False,False,False,False
2010-08-02 17:00:00,0.7425333333333334,0.7718949098877609,0.7449050738333334,False,False,False,False,False
2010-08-02 18:00:00,0.31673333333333337,0.3382463713437318,0.3260095708333333,False,False,False,False,False
2010-08-02 19:00:00,0.30816666666666664,0.32929599300399415,0.317429909,False,False,False,False,False
2010-08-02 20:00:00,0.3232,0.34145632892325517,0.330366138,False,False,False,False,False
2010-08-02 21:00:00,0.30696666666666667,0.3250896880678832,0.31205111766666666,False,False,False,False,False
2010-08-02 22:00:00,0.3078,0.3268220699999481,0.31254995599999996,False,False,False,False,False
2010-08-02 23:00:00,0.28966666666666663,0.30992376247048375,0.2960000603333333,False,False,False,False,False
2010-08-03 00:00:00,0.3218666666666667,0.3262666305411607,0.3286074551666667,False,False,False,False,False
2010-08-03 01:00:00,0.2728,0.2821903603821993,0.27718228133333334,False,False,False,False,False
2010-08-03 02:00:00,0.32066666666666666,0.32826028335317964,0.32551030933333336,False,False,False,False,False
2010-08-03 03:00:00,0.29013333333333335,0.30195871437937016,0.29334599850000004,False,False,False,False,False
2010-08-03 04:00:00,0.9235666666666666,0.9083573163725436,0.9250670578333333,False,False,False,False,False
2010-08-03 05:00:00,0.5683,0.5990359907731413,0.5690641226666667,False,False,False,False,False
2010-08-03 06:00:00,0.31893333333333335,0.3313715306904167,0.3223991346666667,False,False,False,False,False
2010-08-03 07:00:00,0.2826666666666667,0.29243194185495375,0.28349653383333334,False,False,False,False,False
2010-08-03 08:00:00,0.35819999999999996,0.37015880924277,0.3573310255,False,False,False,False,False
2010-08-03 09:00:00,0.4187666666666667,0.42835138954147695,0.4106996098333333,False,False,False,False,False
2010-08-03 10:00:00,0.38026666666666664,0.3952806780371815,0.3710566828333333,False,False,False,False,False
2010-08-03 11:00:00,0.39076666666666665,0.3945719489358365,0.384252095,False,False,False,False,False
2010-08-03 12:00:00,0.3639,0.3861486497804522,0.3547416543333333,False,False,False,False,False
2010-08-03 13:00:00,0.41583333333333333,0.42975121790245174,0.4083393166666667,False,False,False,False,False
2010-08-03 14:00:00,0.3883,0.40592868339344856,0.38276298016666666,False,False,False,False,False
2010-08-03 15:00:00,0.4288666666666667,0.44258175047822296,0.4234869195,False,False,False,False,False
2010-08-03 16:00:00,1.3614,1.3715289040315897,1.3511226466666666,False,False,False,False,False
2010-08-03 17:00:00,0.43350000000000005,0.44584485819675024,0.42156198483333335,False,False,False,False,False
2010-08-03 18:00:00,0.3534,0.3635166617881506,0.3432706833333333,False,False,False,False,False
2010-08-03 19:00:00,0.39443333333333336,0.41406101952046154,0.38720729183333336,False,False,False,False,False
2010-08-03 20:00:00,0.3806,0.4005080893322825,0.38603714333333333,False,False,False,False,False
2010-08-03 21:00:00,0.2781,0.30070519806779916,0.280781886,False,False,False,False,False
2010-08-03 22:00:00,0.32203333333333334,0.33710165240243073,0.32252834866666663,False,False,False,False,False
2010-08-03 23:00:00,0.28623333333333334,0.3061140953674912,0.29375726983333333,False,False,False,False,False
2010-08-04 00:00:00,0.3228666666666667,0.32785987759232516,0.32855954950000005,False,False,False,False,False
2010-08-04 01:00:00,0.26999999999999996,0.2795162358693778,0.2708729855,False,False,False,False,False
2010-08-04 02:00:00,0.33349999999999996,0.3434201517358422,0.339508453,False,False,False,False,False
2010-08-04 03:00:00,0.33636666666666665,0.3377718826644122,0.3400955558333333,False,False,False,False,False
2010-08-04 04:00:00,1.1549333333333331,1.1726233902551233,1.1572079028333335,False,False,False,False,False
2010-08-04 05:00:00,0.32443333333333335,0.335416032140702,0.3290819288333333,False,False,False,False,False
2010-08-04 06:00:00,0.2804,0.2973106243740767,0.2853005021666667,False,False,False,False,False
2010-08-04 07:00:00,0.3162333333333333,0.3316486427780241,0.3232741943333333,False,False,False,False,False
2010-08-04 08:00:00,0.31829999999999997,0.33235809199661015,0.32134351866666666,False,False,False,False,False
2010-08-04 09:00:00,0.30713333333333337,0.3226466615226119,0.31116941750000005,False,False,False,False,False
2010-08-04 10:00:00,0.2806666666666667,0.296498038592562,0.2827718736666667,False,False,False,False,False
2010-08-04 11:00:00,0.3258,0.34136530884727834,0.3338880938333333,False,False,False,False,False
2010-08-04 12:00:00,0.25503333333333333,0.270953411598131,0.25583312233333333,False,False,False,False,False
2010-08-04 13:00:00,0.27759999999999996,0.30362656489089124,0.2812425835,False,False,False,False,False
2010-08-04 14:00:00,0.29463333333333336,0.3141587253294885,0.2995860276666667,False,False,False,False,False
2010-08-04 15:00:00,0.5886,0.5926171592190862,0.5945152263333333,False,False,False,False,False
2010-08-04 16:00:00,0.9815,1.0105346118099987,0.9798653638333333,False,False,False,False,False
2010-08-04 17:00:00,0.3169666666666667,0.34026435588859016,0.3249226645,False,False,False,False,False
2010-08-04 18:00:00,0.3072666666666667,0.3270476738158613,0.3117655293333333,False,False,False,False,False
2010-08-04 19:00:00,0.29206666666666664,0.31104462701380253,0.2944778981666667,False,False,False,False,False
2010-08-04 20:00:00,0.3426666666666666,0.36228233900144696,0.35012515716666665,False,False,False,False,False
2010-08-04 21:00:00,0.27226666666666666,0.29337046722620724,0.2727253355,False,False,False,False,False
2010-08-04 22:00:00,0.30326666666666663,0.3201260022237896,0.3072686978333333,False,False,False,False,False
2010-08-04 23:00:00,0.25343333333333334,0.27932936613112685,0.256403377,False,False,False,False,False
2010-08-05 00:00:00,0.30866666666666664,0.3201920993849635,0.31367832,False,False,False,False,False
2010-08-05 01:00:00,0.27283333333333337,0.28263523646891114,0.27666337166666666,False,False,False,False,False
2010-08-05 02:00:00,0.32726666666666665,0.33777514788173135,0.33292246016666666,False,False,False,False,False
2010-08-05 03:00:00,0.6917000000000001,0.687093246549368,0.6957606266666667,False,False,False,False,False
2010-08-05 04:00:00,0.8628333333333332,0.887771605988592,0.8696938898333334,False,False,False,False,False
2010-08-05 05:00:00,0.3146333333333333,0.32761077806539834,0.3198646735,False,False,False,False,False
2010-08-05 06:00:00,0.2312,0.25105738767236463,0.23535135483333333,False,False,False,False,False
2010-08-05 07:00:00,0.2998333333333333,0.313274035923183,0.3026717328333334,False,False,False,False,False
2010-08-05 08:00:00,0.29883333333333334,0.3163948848236352,0.30228782499999995,False,False,False,False,False
2010-08-05 09:00:00,0.31893333333333335,0.33724897878840565,0.32015337383333337,False,False,False,False,False
2010-08-05 10:00:00,0.2725666666666667,0.29244397398531435,0.2751760071666667,False,False,False,False,False
2010-08-05 11:00:00,0.2775666666666667,0.29588480389565225,0.28381649616666665,False,False,False,False,False
2010-08-05 12:00:00,0.2622,0.2865443099275231,0.26281464,False,False,False,False,False
2010-08-05 13:00:00,0.31456666666666666,0.33274294802583754,0.3158826536666667,False,False,False,False,False
2010-08-05 14:00:00,0.2877,0.30666762000024317,0.29233863416666667,False,False,False,False,False
2010-08-05 15:00:00,0.9668666666666667,0.9642206623665989,0.9653917053333333,False,False,False,False,False
2010-08-05 16:00:00,0.5365333333333333,0.5795865636713803,0.5364189526666667,False,False,False,False,False
2010-08-05 17:00:00,0.30360000000000004,0.3271194928228855,0.3087045096666667,False,False,False,False,False
2010-08-05 18:00:00,0.30419999999999997,0.3271223417438566,0.3102702123333333,False,False,False,False,False
2010-08-05 19:00:00,0.28536666666666666,0.30670923729017374,0.286860108,False,False,False,False,False
2010-08-05 20:00:00,0.33566666666666667,0.35526947999186814,0.34091703966666664,False,False,False,False,False
2010-08-05 21:00:00,0.20853333333333335,0.2388659694354981,0.21216935283333335,False,False,False,False,False
2010-08-05 22:00:00,0.31880000000000003,0.3402078664630651,0.3216311945,False,False,False,False,False
2010-08-05 23:00:00,0.29036666666666666,0.3140979776106774,0.2972206703333333,False,False,False,False,False
2010-08-06 00:00:00,0.2985666666666667,0.3087080646589398,0.29630969300000004,False,False,False,False,False
2010-08-06 01:00:00,0.28073333333333333,0.2918896208748221,0.2830150806666667,False,False,False,False,False
2010-08-06 02:00:00,0.2885,0.29800160978659984,0.29333449566666664,False,False,False,False,False
2010-08-06 03:00:00,1.2259,1.2433729038424792,1.2225919921666666,False,False,False,False,False
2010-08-06 04:00:00,0.30693333333333334,0.32143954613693054,0.307924432,False,False,False,False,False
2010-08-06 05:00:00,0.29779999999999995,0.31578464992940425,0.3007004625,False,False,False,False,False
2010-08-06 06:00:00,0.2818333333333333,0.29970055633224546,0.2883936085,False,False,False,False,False
2010-08-06 07:00:00,0.2632,0.2716143852673471,0.265210136,False,False,False,False,False
2010-08-06 08:00:00,0.275,0.30206652484610674,0.2788182421666667,False,False,False,False,False
2010-08-06 09:00:00,0.2968,0.3133477827869356,0.2991513925,False,False,False,False,False
2010-08-06 10:00:00,0.27463333333333334,0.29561712602972984,0.28369746083333336,False,False,False,False,False
2010-08-06 11:00:00,0.3009,0.31543835309222334,0.30588841099999997,False,False,False,False,False
2010-08-06 12:00:00,0.2164,0.24590578963458534,0.21827168983333334,False,False,False,False,False
2010-08-06 13:00:00,0.32413333333333333,0.34260237356610596,0.32940154666666666,False,False,False,False,False
2010-08-06 14:00:00,0.5978666666666667,0.6044291956894099,0.6016226073333333,False,False,False,False,False
2010-08-06 15:00:00,0.9192333333333333,0.948674885211885,0.9247204333333333,False,False,False,False,False
2010-08-06 16:00:00,0.2670333333333333,0.29599116658382113,0.271414353,False,False,False,False,False
2010-08-06 17:00:00,0.30326666666666663,0.32764280133619905,0.30977022033333335,False,False,False,False,False
2010-08-06 18:00:00,0.2873,0.3094888473197817,0.2914394166666667,False,False,False,False,False
2010-08-06 19:00:00,0.29969999999999997,0.31954672208353874,0.30159862033333334,False,False,False,False,False
2010-08-06 20:00:00,0.2709,0.298902112281695,0.2747243843333333,False,False,False,False,False
2010-08-06 21:00:00,0.2672,0.2908664680112153,0.268156911,False,False,False,False,False
2010-08-06 22:00:00,0.33063333333333333,0.3523362758129835,0.3360188008333333,False,False,False,False,False
2010-08-06 23:00:00,0.2713,0.29607780491784214,0.2768832328333334,False,False,False,False,False
2010-08-07 00:00:00,0.2987,0.3079965792231262,0.3019294858333333,False,False,False,False,False
2010-08-07 01:00:00,0.23376666666666665,0.23362407761141654,0.23329490049999999,False,False,False,False,False
2010-08-07 02:00:00,0.9127666666666666,0.8988145119808614,0.9118171638333333,False,False,False,False,False
2010-08-07 03:00:00,0.6713,0.6968358622148633,0.6744870851666666,False,False,False,False,False
2010-08-07 04:00:00,0.3227,0.3281083982821554,0.3275734751666667,False,False,False,False,False
2010-08-07 05:00:00,0.2813,0.2922403303161263,0.28188824799999995,False,False,False,False,False
2010-08-07 06:00:00,0.2351333333333333,0.24650039318390188,0.24050942116666665,False,False,False,False,False
2010-08-07 07:00:00,0.306,0.31401298114396625,0.3093600938333333,False,False,False,False,False
2010-08-07 08:00:00,0.2949333333333333,0.3052027239028364,0.29644524633333336,False,False,False,False,False
2010-08-07 09:00:00,0.3062333333333333,0.3120323494233191,0.3083518196666667,False,False,False,False,False
2010-08-07 10:00:00,0.22626666666666667,0.243401245187968,0.23526497783333333,False,False,False,False,False
2010-08-07 11:00:00,0.3064666666666666,0.3230077824875712,0.31058682633333334,False,False,False,False,False
2010-08-07 12:00:00,0.2575,0.27140959489718075,0.2583958536666667,False,False,False,False,False
2010-08-07 13:00:00,0.33640000000000003,0.35367063591517506,0.34558648233333333,False,False,False,False,False
2010-08-07 14:00:00,0.8581333333333333,0.8520579853393138,0.8553232503333333,False,False,False,False,False
2010-08-07 15:00:00,0.6198333333333333,0.6605313394188881,0.6208076084999999,False,False,False,False,False
2010-08-07 16:00:00,0.2899,0.30877884875461453,0.29348546366666667,False,False,False,False,False
2010-08-07 17:00:00,0.2991,0.3165921221926808,0.3001997436666667,False,False,False,False,False
2010-08-07 18:00:00,0.28040000000000004,0.2961937321346253,0.28388559566666666,False,False,False,False,False
2010-08-07 19:00:00,0.33936666666666665,0.3640068291343748,0.34638024883333335,False,False,False,False,False
2010-08-07 20:00:00,0.2285,0.25183081690743564,0.23641940516666665,False,False,False,False,False
2010-08-07 21:00:00,0.2992666666666667,0.3235773444741964,0.30584830766666665,False,False,False,False,False
2010-08-07 22:00:00,0.30970000000000003,0.33102894760072227,0.3159149205,False,False,False,False,False
2010-08-07 23:00:00,0.27759999999999996,0.29894704416841267,0.2811854095,False,False,False,False,False
2010-08-08 00:00:00,0.3172666666666667,0.3183327786147594,0.31907733,False,False,False,False,False
2010-08-08 01:00:00,0.28500000000000003,0.29553611901253457,0.28842354783333335,False,False,False,False,False
2010-08-08 02:00:00,1.1826333333333332,1.172069602265209,1.1789835965,False,False,False,False,False
2010-08-08 03:00:00,0.32003333333333334,0.34749964539743955,0.322246018,False,False,False,False,False
2010-08-08 04:00:00,0.3169,0.3315183571092784,0.3228022506666666,False,False,False,False,False
2010-08-08 05:00:00,0.27016666666666667,0.2818468164503574,0.272957465,False,False,False,False,False
2010-08-08 06:00:00,0.3204666666666666,0.33144835348352786,0.32265634400000004,False,False,False,False,False
2010-08-08 07:00:00,0.2682,0.2792993550736457,0.2699220395,False,False,False,False,False
2010-08-08 08:00:00,0.2649,0.2885853814311325,0.26781172200000003,False,False,False,False,False
2010-08-08 09:00:00,0.29023333333333334,0.30299036531224843,0.29295760833333334,False,False,False,False,False
2010-08-08 10:00:00,0.3186333333333333,0.3357633199963718,0.32370738666666665,False,False,False,False,False
2010-08-08 11:00:00,0.27706666666666663,0.2896920219443738,0.283122553,False,False,False,False,False
2010-08-08 12:00:00,0.24223333333333336,0.2572605516567826,0.24687713833333333,False,False,False,False,False
2010-08-08 13:00:00,0.5302333333333333,0.5321399088997394,0.5400171721666667,False,False,False,False,False
2010-08-08 14:00:00,1.0143,1.0527063398934902,1.0174922216666666,False,False,False,False,False
2010-08-08 15:00:00,0.31326666666666664,0.3284910720132291,0.32019182533333335,False,False,False,False,False
2010-08-08 16:00:00,0.23006666666666667,0.25223177681565284,0.23552286233333333,False,False,False,False,False
2010-08-08 17:00:00,0.29296666666666665,0.3098983889680355,0.29855537,False,False,False,False,False
2010-08-08 18:00:00,0.2939,0.31237813463434577,0.3016514376666667,False,False,False,False,False
2010-08-08 19:00:00,0.3342,0.3534779832925647,0.34011210683333337,False,False,False,False,False
2010-08-08 20:00:00,0.20953333333333332,0.23031084561794993,0.21221488583333334,False,False,False,False,False
2010-08-08 21:00:00,0.3331,0.3477585062850267,0.338184669,False,False,False,False,False
2010-08-08 22:00:00,0.26913333333333334,0.29590975767262273,0.2730315655,False,False,False,False,False
2010-08-08 23:00:00,0.31323333333333336,0.33687739554867147,0.3144336995,False,False,False,False,False
2010-08-09 00:00:00,0.28296666666666664,0.2986192385703325,0.2892545405,False,False,False,False,False
2010-08-09 01:00:00,0.8472666666666666,0.8355105148147791,0.8446088583333334,False,False,False,False,False
2010-08-09 02:00:00,0.6601666666666667,0.6872011283420026,0.6569774053333333,False,False,False,False,False
2010-08-09 03:00:00,0.3196,0.3309772603284567,0.3226060355,False,False,False,False,False
2010-08-09 04:00:00,0.29629999999999995,0.3109827490538358,0.30092353499999996,False,False,False,False,False
2010-08-09 05:00:00,0.28513333333333335,0.2962703574098647,0.28823986949999997,False,False,False,False,False
2010-08-09 06:00:00,0.31776666666666664,0.3326729601740837,0.3219088991666667,False,False,False,False,False
2010-08-09 07:00:00,0.2921666666666667,0.3106673692502081,0.29872684650000003,False,False,False,False,False
2010-08-09 08:00:00,0.2481,0.26701264886595305,0.24944506000000002,False,False,False,False,False
2010-08-09 09:00:00,0.3048,0.3196628989409655,0.31038207516666666,False,False,False,False,False
2010-08-09 10:00:00,0.2981333333333333,0.31632375712916255,0.3005227913333333,False,False,False,False,False
2010-08-09 11:00:00,0.27546666666666664,0.2970209273803979,0.2813399876666667,False,False,False,False,False
2010-08-09 12:00:00,0.33303333333333335,0.3479133184611797,0.3390980145,False,False,False,False,False
2010-08-09 13:00:00,1.0964666666666667,1.11165910955742,1.1012639626666667,False,False,False,False,False
2010-08-09 14:00:00,0.3942333333333333,0.4264668783843517,0.39882918133333334,False,False,False,False,False
2010-08-09 15:00:00,0.2846,0.3052577175419777,0.29060839566666663,False,False,False,False,False
2010-08-09 16:00:00,0.32086666666666663,0.3397421062905341,0.32687244483333333,False,False,False,False,False
2010-08-09 17:00:00,0.2699,0.2919868236716836,0.2719664546666667,False,False,False,False,False
2010-08-09 18:00:00,0.30223333333333335,0.31626544203497464,0.3066130735,False,False,False,False,False
2010-08-09 19:00:00,0.26780000000000004,0.29876560891494147,0.27179961983333334,False,False,False,False,False
2010-08-09 20:00:00,0.30879999999999996,0.33449481633044775,0.31443830066666667,False,False,False,False,False
2010-08-09 21:00:00,0.3081333333333333,0.3272840992793441,0.3095085868333333,False,False,False,False,False
2010-08-09 22:00:00,0.31356666666666666,0.33616548421494663,0.3198732325,False,False,False,False,False
2010-08-09 23:00:00,0.2902333333333333,0.30942666622474785,0.2900968016666667,False,False,False,False,False
2010-08-10 00:00:00,0.3537666666666667,0.3501594676960259,0.3557456601666667,False,False,False,False,False
2010-08-10 01:00:00,1.2489999999999999,1.2621671394735576,1.2428266891666666,False,False,False,False,False
2010-08-10 02:00:00,0.29036666666666666,0.3038416344203055,0.2959203163333333,False,False,False,False,False
2010-08-10 03:00:00,0.2619333333333333,0.2821037474237382,0.26511484116666667,False,False,False,False,False
2010-08-10 04:00:00,0.29450000000000004,0.31108810837864875,0.29594852483333334,False,False,False,False,False
2010-08-10 05:00:00,0.3137333333333333,0.3284314154434949,0.31349878,False,False,False,False,False
2010-08-10 06:00:00,0.2842,0.3026797033052891,0.28771352883333334,False,False,False,False,False
2010-08-10 07:00:00,0.33316666666666667,0.3521153218969702,0.33897458416666665,False,False,False,False,False
2010-08-10 08:00:00,0.2579666666666667,0.2777872275151312,0.26120969466666666,False,False,False,False,False
2010-08-10 09:00:00,0.3389666666666667,0.35279678050130603,0.342448065,False,False,False,False,False
2010-08-10 10:00:00,0.2587333333333333,0.27847738513574,0.26499242666666667,False,False,False,False,False
2010-08-10 11:00:00,0.27419999999999994,0.2998817865237593,0.2758207263333333,False,False,False,False,False
2010-08-10 12:00:00,0.4379,0.4417973720319569,0.44023325566666666,False,False,False,False,False
2010-08-10 13:00:00,1.1548666666666667,1.1778818619213998,1.1568270170000001,False,False,False,False,False
2010-08-10 14:00:00,0.2911,0.3150951719623059,0.29703736183333335,False,False,False,False,False
2010-08-10 15:00:00,0.3003666666666666,0.3203127745747566,0.30358268650000003,False,False,False,False,False
2010-08-10 16:00:00,0.3249,0.34396083016283807,0.32479209049999996,False,False,False,False,False
2010-08-10 17:00:00,0.28450000000000003,0.30683181153200567,0.28707632099999997,False,False,False,False,False
2010-08-10 18:00:00,0.3223333333333333,0.34407160682678223,0.3270310176666667,False,False,False,False,False
2010-08-10 19:00:00,0.26203333333333334,0.2751639473944902,0.2620085823333333,False,False,False,False,False
2010-08-10 20:00:00,0.29969999999999997,0.33501110472939905,0.30428803616666666,False,False,False,False,False
2010-08-10 21:00:00,0.2843,0.30540084598734973,0.28786445483333334,False,False,False,False,False
2010-08-10 22:00:00,0.3303,0.35361949250288305,0.3395571768333333,False,False,False,False,False
2010-08-10 23:00:00,0.2764666666666667,0.3010322561156004,0.2762377773333334,False,False,False,False,False
2010-08-11 00:00:00,0.4366333333333333,0.4344507379952818,0.439917279,False,False,False,False,False
2010-08-11 01:00:00,1.1349333333333333,1.15397848636508,1.1401887376666666,False,False,False,False,False
2010-08-11 02:00:00,0.3216,0.3364272920966148,0.32819776716666665,False,False,False,False,False
2010-08-11 03:00:00,0.27576666666666666,0.291932506942749,0.27501241583333336,False,False,False,False,False
2010-08-11 04:00:00,0.327,0.3436373473256826,0.33337926566666665,False,False,False,False,False
2010-08-11 05:00:00,0.24113333333333334,0.2615774446547031,0.24537720566666668,False,False,False,False,False
2010-08-11 06:00:00,0.2839,0.3028159309700131,0.2902768508333333,False,False,False,False,False
2010-08-11 07:00:00,0.3261,0.34266996994279325,0.3328221615,False,False,False,False,False
2010-08-11 08:00:00,0.2825666666666667,0.3056555658578872,0.28626695816666664,False,False,False,False,False
2010-08-11 09:00:00,0.3212,0.3372933174356818,0.32498956733333334,False,False,False,False,False
2010-08-11 10:00:00,0.2798,0.3007432867832482,0.287887154,False,False,False,False,False
2010-08-11 11:00:00,0.3235,0.347987131164223,0.3278142723333334,False,False,False,False,False
2010-08-11 12:00:00,0.4844333333333333,0.4958821848087013,0.4891011901666667,False,False,False,False,False
2010-08-11 13:00:00,1.0255666666666667,1.0554266300939024,1.0304973441666667,False,False,False,False,False
2010-08-11 14:00:00,0.2878,0.31354398524463173,0.2940275213333334,False,False,False,False,False
2010-08-11 15:00:00,0.3007666666666667,0.32173278816491363,0.3067599075,False,False,False,False,False
2010-08-11 16:00:00,0.28646666666666665,0.30899613761678335,0.29090470900000004,False,False,False,False,False
2010-08-11 17:00:00,0.3285,0.35211585272625084,0.33344231999999996,False,False,False,False,False
2010-08-11 18:00:00,0.2832,0.30820005829408764,0.2853366176666666,False,False,False,False,False
2010-08-11 19:00:00,0.31893333333333335,0.3340290952499956,0.3216339698333333,False,False,False,False,False
2010-08-11 20:00:00,0.25766666666666665,0.2895232868157327,0.26155354016666665,False,False,False,False,False
2010-08-11 21:00:00,0.2954666666666667,0.32094079842232165,0.30042335616666666,False,False,False,False,False
2010-08-11 22:00:00,0.31416666666666665,0.333598126341775,0.3145631646666667,False,False,False,False,False
2010-08-11 23:00:00,0.2962666666666667,0.327331095502153,0.30794146066666667,False,False,False,False,False
2010-08-12 00:00:00,0.6167333333333332,0.6100219594955444,0.622105398,False,False,False,False,False
2010-08-12 01:00:00,0.9415,0.9686367463707924,0.9457853413333334,False,False,False,False,False
2010-08-12 02:00:00,0.2776333333333333,0.29307340789102015,0.28478,False,False,False,False,False
2010-08-12 03:00:00,0.2701333333333333,0.2908262072850018,0.27550195099999997,False,False,False,False,False
2010-08-12 04:00:00,0.3089,0.32489994334727523,0.3121832276666667,False,False,False,False,False
2010-08-12 05:00:00,0.28859999999999997,0.3073855254527181,0.29416016133333334,False,False,False,False,False
2010-08-12 06:00:00,0.31153333333333333,0.3308065897990018,0.3163165608333333,False,False,False,False,False
2010-08-12 07:00:00,0.28036666666666665,0.30116391275040805,0.2838298458333333,False,False,False,False,False
2010-08-12 08:00:00,0.2598666666666667,0.2826850528080016,0.26173056966666663,False,False,False,False,False
2010-08-12 09:00:00,0.30693333333333334,0.32980809512138365,0.31308492416666667,False,False,False,False,False
2010-08-12 10:00:00,0.2762,0.29789427596889434,0.2763553941666667,False,False,False,False,False
2010-08-12 11:00:00,0.3204,0.34196766840219495,0.32388791133333333,False,False,False,False,False
2010-08-12 12:00:00,0.7539333333333332,0.7569798374742269,0.7548885510000001,False,False,False,False,False
2010-08-12 13:00:00,0.7424,0.7843656005639583,0.7412867288333334,False,False,False,False,False
2010-08-12 14:00:00,0.2872,0.309503673505038,0.29088033399999996,False,False,False,False,False
2010-08-12 15:00:00,0.3151,0.34152427369952204,0.32304107616666666,False,False,False,False,False
2010-08-12 16:00:00,0.2699,0.2952301775455474,0.2733640648333333,False,False,False,False,False
2010-08-12 17:00:00,0.30379999999999996,0.32238161448501046,0.3063768076666667,False,False,False,False,False
2010-08-12 18:00:00,0.24606666666666668,0.2790071829341352,0.24616531583333331,False,False,False,False,False
2010-08-12 19:00:00,0.31096666666666667,0.33707724042795595,0.31730448666666666,False,False,False,False,False
2010-08-12 20:00:00,0.30546666666666666,0.329474765195325,0.30757296633333336,False,False,False,False,False
2010-08-12 21:00:00,0.3128666666666666,0.3391954124841839,0.317256352,False,False,False,False,False
2010-08-12 22:00:00,0.26143333333333335,0.27836691915094847,0.259195542,False,False,False,False,False
2010-08-12 23:00:00,0.2603666666666667,0.29392748545631764,0.26634346866666664,False,False,False,False,False
2010-08-13 00:00:00,1.0248666666666666,1.0190366917915643,1.033692137,False,False,False,False,False
2010-08-13 01:00:00,0.5477666666666666,0.5834619630761445,0.5543275415,False,False,False,False,False
2010-08-13 02:00:00,0.3143,0.3294914252791553,0.31631963716666667,False,False,False,False,False
2010-08-13 03:00:00,0.22713333333333333,0.25183069208711384,0.23306774266666666,False,False,False,False,False
2010-08-13 04:00:00,0.3107333333333333,0.3332492075920105,0.3148724233333333,False,False,False,False,False
2010-08-13 05:00:00,0.2627333333333333,0.28268230196014044,0.2627345235,False,False,False,False,False
2010-08-13 06:00:00,0.33049999999999996,0.35275464747026564,0.337183603,False,False,False,False,False
2010-08-13 07:00:00,0.26916666666666667,0.2960846474032849,0.27387628049999996,False,False,False,False,False
2010-08-13 08:00:00,0.25376666666666664,0.28235180723853404,0.255868491,False,False,False,False,False
2010-08-13 09:00:00,0.31453333333333333,0.3378101503804326,0.32120490949999997,False,False,False,False,False
2010-08-13 10:00:00,0.27599999999999997,0.30607561641708014,0.2807784835,False,False,False,False,False
2010-08-13 11:00:00,0.3081,0.32999945839121936,0.31236904716666664,False,False,False,False,False
2010-08-13 12:00:00,1.1694,1.1705756086304784,1.1707573613333333,False,False,False,False,False
2010-08-13 13:00:00,0.3408333333333333,0.39148120505101974,0.34574115066666666,False,False,False,False,False
2010-08-13 14:00:00,0.25533333333333336,0.28096257420256726,0.2589125428333333,False,False,False,False,False
2010-08-13 15:00:00,0.3295,0.35083362636901433,0.3358481071666667,False,False,False,False,False
2010-08-13 16:00:00,0.2618,0.2833953853704035,0.2649570468333333,False,False,False,False,False
2010-08-13 17:00:00,0.2516,0.2857241862330585,0.25356260583333334,False,False,False,False,False
2010-08-13 18:00:00,0.30050000000000004,0.32272531752847133,0.30188625766666666,False,False,False,False,False
2010-08-13 19:00:00,0.2965333333333333,0.3241287252150476,0.30156587733333334,False,False,False,False,False
2010-08-13 20:00:00,0.2919,0.31748164324276146,0.293766408,False,False,False,False,False
2010-08-13 21:00:00,0.25283333333333335,0.27842807836532585,0.25154820283333335,False,False,False,False,False
2010-08-13 22:00:00,0.30193333333333333,0.33159235772863027,0.3027536516666667,False,False,False,False,False
2010-08-13 23:00:00,0.41313333333333335,0.429352846301347,0.41969304916666667,False,False,False,False,False
2010-08-14 00:00:00,1.1578000000000002,1.1744913812369109,1.1562788234999999,False,False,False,False,False
2010-08-14 01:00:00,0.22230000000000003,0.23366304898485535,0.2240202385,False,False,False,False,False
2010-08-14 02:00:00,0.2961,0.30531248485855755,0.2983513158333333,False,False,False,False,False
2010-08-14 03:00:00,0.28300000000000003,0.2957415005646646,0.287382394,False,False,False,False,False
2010-08-14 04:00:00,0.3174,0.32908665697947137,0.322128803,False,False,False,False,False
2010-08-14 05:00:00,0.20033333333333334,0.21798706091642375,0.19846997516666667,False,False,False,False,False
2010-08-14 06:00:00,0.3201,0.3329117963157594,0.3239154015,False,False,False,False,False
2010-08-14 07:00:00,0.26793333333333336,0.2862298244409263,0.27555292666666664,False,False,False,False,False
2010-08-14 08:00:00,0.31229999999999997,0.32700379261448975,0.3162735658333334,False,False,False,False,False
2010-08-14 09:00:00,0.21163333333333334,0.22671932328790423,0.21284317983333334,False,False,False,False,False
2010-08-14 10:00:00,0.31903333333333334,0.3392526268277317,0.32448412483333333,False,False,False,False,False
2010-08-14 11:00:00,0.7287,0.7301241712030023,0.7276387799999999,False,False,False,False,False
2010-08-14 12:00:00,0.7658333333333333,0.802404232262075,0.7702144078333333,False,False,False,False,False
2010-08-14 13:00:00,0.29586666666666667,0.31583891659304497,0.29854019733333337,False,False,False,False,False
2010-08-14 14:00:00,0.2793333333333333,0.2983983552943915,0.2809315673333333,False,False,False,False,False
2010-08-14 15:00:00,0.29410000000000003,0.31200065809227523,0.29724542616666666,False,False,False,False,False
2010-08-14 16:00:00,0.23790000000000003,0.2627611418277025,0.24250670233333332,False,False,False,False,False
2010-08-14 17:00:00,0.2874,0.30998868686929343,0.29072988783333337,False,False,False,False,False
2010-08-14 18:00:00,0.2868,0.3061030384816229,0.289486405,False,False,False,False,False
2010-08-14 19:00:00,0.2719333333333333,0.2950985908649862,0.27472897,False,False,False,False,False
2010-08-14 20:00:00,0.2736,0.30134466080628336,0.27658588,False,False,False,False,False
2010-08-14 21:00:00,0.30383333333333334,0.32421282530725,0.3075941085,False,False,False,False,False
2010-08-14 22:00:00,0.29023333333333334,0.3123003345392644,0.2927129193333334,False,False,False,False,False
2010-08-14 23:00:00,1.0143666666666666,1.0288393268287181,1.0168632373333333,False,False,False,False,False
2010-08-15 00:00:00,0.4765666666666667,0.5026486821085214,0.48025732899999996,False,False,False,False,False
2010-08-15 01:00:00,0.3296,0.33955333612859245,0.334237153,False,False,False,False,False
2010-08-15 02:00:00,0.25833333333333336,0.27478803796470164,0.2575154611666667,False,False,False,False,False
2010-08-15 03:00:00,0.252,0.2677729712814092,0.25417982683333334,False,False,False,False,False
2010-08-15 04:00:00,0.28223333333333334,0.29855555688813323,0.2863803875,False,False,False,False,False
2010-08-15 05:00:00,0.30906666666666666,0.3241803212724626,0.3084303035,False,False,False,False,False
2010-08-15 06:00:00,0.26486666666666664,0.2791583499453961,0.26314076766666666,False,False,False,False,False
2010-08-15 07:00:00,0.26443333333333335,0.28647067279592153,0.26914587450000005,False,False,False,False,False
2010-08-15 08:00:00,0.28026666666666666,0.3004092477131635,0.28196498416666665,False,False,False,False,False
2010-08-15 09:00:00,0.294,0.3150807072073221,0.29148637816666667,False,False,False,False,False
2010-08-15 10:00:00,0.34773333333333334,0.3504228996135294,0.3483915673333334,False,False,False,False,False
2010-08-15 11:00:00,1.2265666666666666,1.2594159253813326,1.2228725266666667,False,False,False,False,False
2010-08-15 12:00:00,0.29006666666666664,0.31702821284905075,0.29426404283333335,False,False,False,False,False
2010-08-15 13:00:00,0.3015,0.3134913871955126,0.2999347418333333,False,False,False,False,False
2010-08-15 14:00:00,0.9983333333333333,1.0087887040186674,1.001809858,False,False,False,False,False
2010-08-15 15:00:00,0.40850000000000003,0.45241945179589094,0.429535661,False,False,False,False,False
2010-08-15 16:00:00,1.8561,1.7791062391072512,1.8503310648333333,True,False,False,False,False
2010-08-15 17:00:00,1.9023,1.8822963904175907,1.8926858428333333,True,False,False,False,False
2010-08-15 18:00:00,2.1767,2.1881022456116974,2.1699785916666667,True,False,False,False,False
2010-08-15 19:00:00,0.9298666666666667,0.9366411527618766,0.9265650506666667,False,False,False,False,False
2010-08-15 20:00:00,1.2045,1.2237869877763095,1.2022265121666666,False,False,False,False,False
2010-08-15 21:00:00,0.9719666666666666,1.0099064789161087,0.9764077226666666,False,False,False,False,False
2010-08-15 22:00:00,1.4498666666666666,1.4719890222981573,1.4423154740000002,True,False,False,False,False
2010-08-15 23:00:00,0.5244,0.5895513629388064,0.5416372471666667,False,False,False,False,False
2010-08-16 00:00:00,0.29763333333333336,0.335271704185754,0.31414284583333335,False,False,False,False,False
2010-08-16 01:00:00,0.3329333333333333,0.36477749106176194,0.3493752281666667,False,False,False,False,False
2010-08-16 02:00:00,0.26386666666666664,0.2982808205015957,0.2814845948333333,False,False,False,False,False
2010-08-16 03:00:00,0.30246666666666666,0.35272674669921394,0.321437426,False,False,False,False,False
2010-08-16 04:00:00,0.31856666666666666,0.3551444710679352,0.33441799833333336,False,False,False,False,False
2010-08-16 05:00:00,0.30970000000000003,0.3481742491714656,0.3259111731666666,False,False,False,False,False
2010-08-16 06:00:00,0.2612,0.30582016202695667,0.2769010091666667,False,False,False,False,False
2010-08-16 07:00:00,0.9650666666666666,0.9733934396576136,0.9758970273333334,False,False,False,False,False
2010-08-16 08:00:00,1.5165666666666666,1.5291836058288812,1.5169210133333335,True,False,False,False,False
2010-08-16 09:00:00,1.3763333333333334,1.3980214954197407,1.3822835466666668,False,False,False,False,False
2010-08-16 10:00:00,1.3420333333333334,1.3755424733601511,1.3444449601666666,False,False,False,False,False
2010-08-16 11:00:00,0.2498,0.2838175167255103,0.2541359853333333,False,False,False,False,False
2010-08-16 12:00:00,0.48273333333333335,0.5079364920370281,0.4978254736666667,False,False,False,False,False
2010-08-16 13:00:00,0.7548,0.7603267654679715,0.7477246011666666,False,False,False,False,False
2010-08-16 14:00:00,0.8666,0.8653451339703053,0.8689259105,False,False,False,False,False
2010-08-16 15:00:00,0.3209,0.3492089753478765,0.333232695,False,False,False,False,False
2010-08-16 16:00:00,0.8527333333333333,0.8631687929008156,0.8590082986666666,False,False,False,False,False
2010-08-16 17:00:00,0.6712333333333333,0.6951501431941985,0.680230608,False,False,False,False,False
2010-08-16 18:00:00,0.7438333333333333,0.7827371054884047,0.7540696161666667,False,False,False,False,False
2010-08-16 19:00:00,1.0497333333333334,1.097182109837234,1.1300215601666668,False,False,False,False,False
2010-08-16 20:00:00,1.4753333333333332,1.4463204384367914,1.471552672,True,False,False,False,False
2010-08-16 21:00:00,1.2868333333333335,1.2957535166468472,1.277870126,False,False,False,False,False
2010-08-16 22:00:00,1.5521666666666667,1.5767298363551498,1.53852673,True,False,False,False,False
2010-08-16 23:00:00,1.2357666666666667,1.26840399328582,1.2169219645,False,False,False,False,False
2010-08-17 00:00:00,1.0600666666666667,1.0464108822543174,1.0460156548333335,False,False,False,False,False
2010-08-17 01:00:00,1.0796333333333334,1.0861028674148023,1.0571027006666667,False,False,False,False,False
2010-08-17 02:00:00,0.8246666666666667,0.8275205918166787,0.810704448,False,False,False,False,False
2010-08-17 03:00:00,0.7446666666666667,0.7609709796085954,0.7371723575,False,False,False,False,False
2010-08-17 04:00:00,0.8127666666666666,0.8254329300992193,0.8065785565,False,False,False,False,False
2010-08-17 05:00:00,0.8006,0.8100496888924391,0.7856658870000001,False,False,False,False,False
2010-08-17 06:00:00,0.7530666666666667,0.7697649944338949,0.7424492221666666,False,False,False,False,False
2010-08-17 07:00:00,1.0798666666666668,1.085872358571738,1.0780324491666666,False,False,False,False,False
2010-08-17 08:00:00,1.1409666666666667,1.1642151573240758,1.1405728323333333,False,False,False,False,False
2010-08-17 09:00:00,1.8965333333333334,1.8649166371904315,1.8995438583333335,True,False,False,False,False
2010-08-17 10:00:00,1.3446333333333333,1.388508772725612,1.3425157368333334,False,False,False,False,False
2010-08-17 11:00:00,0.7785333333333333,0.786849695738405,0.7822871311666667,False,False,False,False,False
2010-08-17 12:00:00,0.29106666666666664,0.3006085597056895,0.29548919483333336,False,False,False,False,False
2010-08-17 13:00:00,0.41823333333333335,0.47641516215652224,0.44127766500000004,False,False,False,False,False
2010-08-17 14:00:00,0.33716666666666667,0.3735778017692268,0.3562951366666667,False,False,False,False,False
2010-08-17 15:00:00,0.3581666666666667,0.3837529157347977,0.3678698085,False,False,False,False,False
2010-08-17 16:00:00,0.7672333333333333,0.8090935796298087,0.7731874138333333,False,False,False,False,False
2010-08-17 17:00:00,0.31806666666666666,0.34700711195170875,0.32350897133333334,False,False,False,False,False
2010-08-17 18:00:00,0.23516666666666666,0.272974814299494,0.24674243516666666,False,False,False,False,False
2010-08-17 19:00:00,0.3628,0.3905506777819246,0.369637182,False,False,False,False,False
2010-08-17 20:00:00,0.8698666666666667,0.8807374808881432,0.861472263,False,False,False,False,False
2010-08-17 21:00:00,0.888,0.885528108842671,0.8851045,False,False,False,False,False
2010-08-23 00:00:00,0.38327272727272726,0.40648908131146294,0.38862099090909086,False,False,False,False,False
2010-08-23 01:00:00,0.3358666666666667,0.36157674069553614,0.34090302116666665,False,False,False,False,False
2010-08-23 02:00:00,0.36629999999999996,0.39152621580772096,0.3735221513333334,False,False,False,False,False
2010-08-23 03:00:00,0.7253000000000001,0.7300446627154946,0.728009106,False,False,False,False,False
2010-08-23 04:00:00,0.7053666666666667,0.7422733322743327,0.705905279,False,False,False,False,False
2010-08-23 05:00:00,0.32436666666666664,0.35137348729148504,0.3289301591666666,False,False,False,False,False
2010-08-23 06:00:00,0.36639999999999995,0.3918909675352275,0.3702974153333333,False,False,False,False,False
2010-08-23 07:00:00,1.3092666666666666,1.3126243602763863,1.3026001361666668,False,False,False,False,False
2010-08-23 08:00:00,1.4589,1.4591278861112893,1.4589505016666666,True,False,False,False,False
2010-08-23 09:00:00,0.6013666666666667,0.641783261931315,0.6022797363333333,False,False,False,False,False
2010-08-23 10:00:00,0.36869999999999997,0.39955134430900213,0.37747767216666667,False,False,False,False,False
2010-08-23 11:00:00,0.33999999999999997,0.3765871703483164,0.34584113050000004,False,False,False,False,False
2010-08-23 12:00:00,0.3449,0.37751838961578904,0.3531331088333333,False,False,False,False,False
2010-08-23 13:00:00,0.3479333333333333,0.38237636019140475,0.35529684916666665,False,False,False,False,False
2010-08-23 14:00:00,0.31766666666666665,0.3391878169618547,0.32275513266666667,False,False,False,False,False
2010-08-23 15:00:00,0.3702333333333333,0.4060292247910052,0.3770436488333333,False,False,False,False,False
2010-08-23 16:00:00,0.3078333333333333,0.3486023403540253,0.3137208905,False,False,False,False,False
2010-08-23 17:00:00,0.3748333333333333,0.40312670240737497,0.3822612028333333,False,False,False,False,False
2010-08-23 18:00:00,0.9786666666666667,1.0080144072137773,0.9827402541666667,False,False,False,False,False
2010-08-23 19:00:00,0.4583333333333333,0.4859141731325537,0.456189277,False,False,False,False,False
2010-08-23 20:00:00,0.5619999999999999,0.5761983894195407,0.5587846628333334,False,False,False,False,False
2010-08-23 21:00:00,0.6539333333333333,0.6861487599790096,0.6545715950000001,False,False,False,False,False
2010-08-23 22:00:00,0.46623333333333333,0.4944079937122762,0.4563909975,False,False,False,False,False
2010-08-23 23:00:00,0.3278666666666667,0.3631592058770358,0.33404179733333333,False,False,False,False,False
2010-08-24 00:00:00,0.3574,0.3767931293658912,0.3645966985,False,False,False,False,False
2010-08-24 01:00:00,0.3172333333333333,0.341741241595149,0.322167212,False,False,False,False,False
2010-08-24 02:00:00,0.3532666666666666,0.3777670728463679,0.3603128941666667,False,False,False,False,False
2010-08-24 03:00:00,0.3014666666666666,0.33455495846495026,0.3074508166666667,False,False,False,False,False
2010-08-24 04:00:00,0.3601,0.38803893833532926,0.365777671,False,False,False,False,False
2010-08-24 05:00:00,0.6707,0.6717937878973782,0.6689915656666667,False,False,False,False,False
2010-08-24 06:00:00,0.716,0.7584132603332401,0.7181506985,False,False,False,False,False
2010-08-24 07:00:00,0.996,0.9986546765137464,0.9976482198333333,False,False,False,False,False
2010-08-24 08:00:00,1.4222333333333335,1.4376236970484257,1.426290995,False,False,False,False,False
2010-08-24 09:00:00,0.7737333333333333,0.8333470995068549,0.7874574478333333,False,False,False,False,False
2010-08-24 10:00:00,0.34600000000000003,0.3908541907392442,0.3642408835,False,False,False,False,False
2010-08-24 11:00:00,0.34986666666666666,0.3937648381028324,0.36633806399999996,False,False,False,False,False
2010-08-24 12:00:00,0.32876666666666665,0.37995160199180245,0.3484147246666666,False,False,False,False,False
2010-08-24 13:00:00,0.3661333333333333,0.4083717236552387,0.38119051283333333,False,False,False,False,False
2010-08-24 14:00:00,0.3101,0.3630735777646303,0.3290156486666667,False,False,False,False,False
2010-08-24 15:00:00,0.32543333333333335,0.36242490438371894,0.3414141471666667,False,False,False,False,False
2010-08-24 16:00:00,0.30306666666666665,0.3657236380167305,0.32128707033333337,False,False,False,False,False
2010-08-24 17:00:00,0.3684,0.41231443481892344,0.3833444516666667,False,False,False,False,False
2010-08-24 18:00:00,0.9464,0.9853027872852981,0.9542405073333333,False,False,False,False,False
2010-08-24 19:00:00,0.3782333333333333,0.4260264066718519,0.393931116,False,False,False,False,False
2010-08-24 20:00:00,0.34700000000000003,0.39453185966610904,0.3606969095,False,False,False,False,False
2010-08-24 21:00:00,0.37443333333333334,0.4182322067391127,0.389435285,False,False,False,False,False
2010-08-24 22:00:00,0.6837,0.7160321564473212,0.6788412963333333,False,False,False,False,False
2010-08-24 23:00:00,0.35346666666666665,0.4037318436723202,0.3714074985,False,False,False,False,False
2010-08-25 00:00:00,0.3427,0.38197623287588356,0.357164376,False,False,False,False,False
2010-08-25 01:00:00,0.32976666666666665,0.37506119184903797,0.34613222499999996,False,False,False,False,False
2010-08-25 02:00:00,0.3562666666666667,0.39701261418238276,0.3738013276666666,False,False,False,False,False
2010-08-25 03:00:00,0.3103666666666667,0.35985848540626464,0.32732425633333334,False,False,False,False,False
2010-08-25 04:00:00,0.8391,0.8452195544995368,0.846335391,False,False,False,False,False
2010-08-25 05:00:00,0.5518,0.6192119462169707,0.5694381646666666,False,False,False,False,False
2010-08-25 06:00:00,0.35719999999999996,0.4020343071848154,0.3741221615,False,False,False,False,False
2010-08-25 07:00:00,1.1821333333333333,1.1962878658879548,1.1808689026666668,False,False,False,False,False
2010-08-25 08:00:00,1.8391333333333333,1.826115838265419,1.8376522116666665,True,False,False,False,False
2010-08-25 09:00:00,1.5416666666666667,1.5499504195265472,1.5350629446666666,True,False,False,False,False
2010-08-25 10:00:00,0.33676666666666666,0.3678888330429792,0.34513812850000003,False,False,False,False,False
2010-08-25 11:00:00,0.27136666666666664,0.298654800017178,0.27730825966666667,False,False,False,False,False
2010-08-25 12:00:00,0.31046666666666667,0.35279846351817246,0.317132657,False,False,False,False,False
2010-08-25 13:00:00,0.31943333333333335,0.3538569034982472,0.32775300716666667,False,False,False,False,False
2010-08-25 14:00:00,0.3118333333333333,0.35139049783237275,0.31883700449999997,False,False,False,False,False
2010-08-25 15:00:00,0.33676666666666666,0.37300264481455087,0.343470488,False,False,False,False,False
2010-08-25 16:00:00,0.23946666666666663,0.2800646085776389,0.245304219,False,False,False,False,False
2010-08-25 17:00:00,0.3452,0.37709011943265797,0.3486102101666667,False,False,False,False,False
2010-08-25 18:00:00,0.9426,0.9796414017926902,0.9443846073333333,False,False,False,False,False
2010-08-25 19:00:00,0.35346666666666665,0.3848413023047149,0.35950012600000003,False,False,False,False,False
2010-08-25 20:00:00,1.0539333333333334,1.0457847327690573,1.041955112,False,False,False,False,False
2010-08-25 21:00:00,1.5824,1.6257501921385529,1.5817141433333333,True,False,False,False,False
2010-08-25 22:00:00,1.4606999999999999,1.4736265757627787,1.4575336700000001,True,False,False,False,False
2010-08-25 23:00:00,0.8256,0.8803010157708079,0.8243675478333333,False,False,False,False,False
2010-08-26 00:00:00,0.5391666666666667,0.558171763104573,0.5349827961666667,False,False,False,False,False
2010-08-26 01:00:00,0.2715666666666666,0.3001704184297472,0.2781203615,False,False,False,False,False
2010-08-26 02:00:00,0.3238,0.35728178178295494,0.3346253341666667,False,False,False,False,False
2010-08-26 03:00:00,0.31726666666666664,0.3493262851897627,0.32345606216666667,False,False,False,False,False
2010-08-26 04:00:00,0.3435666666666667,0.37437565806694323,0.3490732535,False,False,False,False,False
2010-08-26 05:00:00,0.3033666666666666,0.3355931960701942,0.3100512898333333,False,False,False,False,False
2010-08-26 06:00:00,0.33786666666666665,0.3747136913873255,0.3458785935,False,False,False,False,False
2010-08-26 07:00:00,1.3136333333333332,1.3052321558490396,1.3039385666666665,False,False,False,False,False
2010-08-26 08:00:00,1.4059333333333333,1.437283428621292,1.40915564,False,False,False,False,False
2010-08-26 09:00:00,0.7121333333333334,0.7509827998489141,0.716700025,False,False,False,False,False
2010-08-26 10:00:00,0.32939999999999997,0.37730846378095445,0.340342435,False,False,False,False,False
2010-08-26 11:00:00,0.33196666666666663,0.37037626750394703,0.3419439496666667,False,False,False,False,False
2010-08-26 12:00:00,0.5291,0.5546768702208996,0.5366551385,False,False,False,False,False
2010-08-26 13:00:00,0.33676666666666666,0.37859121616668995,0.3424447586666667,False,False,False,False,False
2010-08-26 14:00:00,0.33819999999999995,0.37305236788131296,0.34184347600000003,False,False,False,False,False
2010-08-26 15:00:00,0.32599999999999996,0.36741190968155857,0.33329443833333333,False,False,False,False,False
2010-08-26 16:00:00,0.3312,0.3691961242809892,0.336072187,False,False,False,False,False
2010-08-26 17:00:00,0.3519333333333333,0.39147631854116915,0.35710286516666667,False,False,False,False,False
2010-08-26 18:00:00,0.9729666666666666,1.0127819749567657,0.976012439,False,False,False,False,False
2010-08-26 19:00:00,0.4751,0.49894604294486344,0.48390684116666666,False,False,False,False,False
2010-08-26 20:00:00,0.3965666666666667,0.4462262089695781,0.39274177849999997,False,False,False,False,False
2010-08-26 21:00:00,0.6557,0.6933245101943613,0.6587934123333333,False,False,False,False,False
2010-08-26 22:00:00,0.3233,0.3602742694422602,0.32815308866666665,False,False,False,False,False
2010-08-26 23:00:00,1.0543666666666667,1.04775580339022,1.040621102,False,False,False,False,False
2010-08-27 00:00:00,0.5064,0.5536298650167882,0.4998805135,False,False,False,False,False
2010-08-27 01:00:00,0.4091666666666667,0.44373020717091854,0.41330714716666667,False,False,False,False,False
2010-08-27 02:00:00,0.3346666666666666,0.36685826502926644,0.3370530298333333,False,False,False,False,False
2010-08-27 03:00:00,0.34983333333333333,0.38311150662228466,0.35615595283333334,False,False,False,False,False
2010-08-27 04:00:00,1.1094333333333333,1.1323988180421294,1.1137115020000001,False,False,False,False,False
2010-08-27 05:00:00,0.32436666666666664,0.36148204116337,0.33076402050000003,False,False,False,False,False
2010-08-27 06:00:00,0.3486,0.38570169975608587,0.35821766566666663,False,False,False,False,False
2010-08-27 07:00:00,0.5213333333333333,0.5527503439947963,0.5372657608333333,False,False,False,False,False
2010-08-27 08:00:00,1.2256,1.2301125010516496,1.2303207610000002,False,False,False,False,False
2010-08-27 09:00:00,1.6963000000000001,1.7375870593212546,1.7013905866666665,True,False,False,False,False
2010-08-27 10:00:00,1.5059666666666667,1.520419971035421,1.5053891666666668,True,False,False,False,False
2010-08-27 11:00:00,1.5641,1.5591239834599198,1.5667270283333332,True,False,False,False,False
2010-08-27 12:00:00,2.142533333333333,2.1204371807128193,2.1421959416666665,True,False,False,False,False
2010-08-27 13:00:00,1.7725000000000002,1.7559287540748718,1.773851235,True,False,False,False,False
2010-08-27 14:00:00,2.996566666666667,2.9054926085114476,3.0134202966666668,True,True,False,True,True
2010-08-27 15:00:00,2.477133333333333,2.423077194767073,2.4726324631666667,True,True,False,True,True
2010-08-27 16:00:00,0.7748333333333334,0.9099520283479243,0.7864445675,False,False,False,False,False
2010-08-27 17:00:00,1.7782333333333333,1.7314371943000704,1.7651148983333333,True,False,False,False,False
2010-08-27 18:00:00,2.8016333333333336,2.72149761120677,2.7806457773333335,True,True,False,True,True
2010-08-27 19:00:00,3.0526666666666666,3.0164155591294173,3.0275994616666666,True,True,False,True,True
2010-08-27 20:00:00,2.0804666666666667,2.094737557055056,2.0753157166666667,True,False,False,False,False
2010-08-27 21:00:00,2.3304,2.337973110306263,2.321966375,True,False,False,True,False
2010-08-27 22:00:00,1.1623666666666668,1.192507481495291,1.1445005739999998,False,False,False,False,False
2010-08-27 23:00:00,0.5790666666666666,0.6148698532305658,0.5696656176666667,False,False,False,False,False
2010-08-28 00:00:00,0.45653333333333335,0.4721330782543868,0.46004678849999997,False,False,False,False,False
2010-08-28 01:00:00,0.3438,0.36423549859225746,0.34596687600000003,False,False,False,False,False
2010-08-28 02:00:00,0.3683666666666667,0.39078387780599294,0.37340911866666665,False,False,False,False,False
2010-08-28 03:00:00,0.3543333333333333,0.38035873913429674,0.3583819553333333,False,False,False,False,False
2010-08-28 04:00:00,0.3337,0.3602721118338406,0.339039559,False,False,False,False,False
2010-08-28 05:00:00,0.9636999999999999,0.9821510055772961,0.9631520069999999,False,False,False,False,False
2010-08-28 06:00:00,0.3224,0.3512671307757496,0.3246934813333333,False,False,False,False,False
2010-08-28 07:00:00,0.33146666666666663,0.35403381504379206,0.33867401466666663,False,False,False,False,False
2010-08-28 08:00:00,0.4172,0.47278812570162115,0.4432796785,False,False,False,False,False
2010-08-28 09:00:00,0.6422000000000001,0.6738417814422399,0.6418519805,False,False,False,False,False
2010-08-28 10:00:00,0.6088666666666666,0.6381317565783858,0.6101341963333333,False,False,False,False,False
2010-08-28 11:00:00,1.4582666666666666,1.4704776813820006,1.457189285,True,False,False,False,False
2010-08-28 12:00:00,2.592233333333333,2.5644570233352484,2.6349213583333335,True,True,False,True,True
2010-08-28 13:00:00,2.3489666666666666,2.383560410702229,2.3850521566666667,True,True,False,True,True
2010-08-28 14:00:00,2.0538333333333334,2.052467059062421,2.0454652416666668,True,False,False,False,False
2010-08-28 15:00:00,2.0253333333333337,2.019033239069581,2.022901226666667,True,False,False,False,False
2010-08-28 16:00:00,2.0053333333333336,1.9545926287390292,2.0036454066666667,True,False,False,False,False
2010-08-28 17:00:00,1.7953333333333332,1.8500051379300655,1.7914191816666667,True,False,False,False,False
2010-08-28 18:00:00,1.4537333333333333,1.4786478833310308,1.4581330916666666,True,False,False,False,False
2010-08-28 19:00:00,1.4208666666666665,1.446323721485585,1.41979981,False,False,False,False,False
2010-08-28 20:00:00,0.7807333333333334,0.8317389597453178,0.78418527,False,False,False,False,False
2010-08-28 21:00:00,0.3334,0.3651996491640806,0.334161303,False,False,False,False,False
2010-08-28 22:00:00,0.30256666666666665,0.34179040639959274,0.3078953355,False,False,False,False,False
2010-08-28 23:00:00,0.3344333333333333,0.3631311802856624,0.3323495893333333,False,False,False,False,False
2010-08-29 00:00:00,0.6910666666666666,0.6946655673868954,0.6810350933333333,False,False,False,False,False
2010-08-29 01:00:00,0.3606,0.37998072010390455,0.36073496716666664,False,False,False,False,False
2010-08-29 02:00:00,0.3186333333333333,0.3451049126576632,0.32162880233333335,False,False,False,False,False
2010-08-29 03:00:00,0.3600333333333333,0.3818742937650531,0.36351395999999997,False,False,False,False,False
2010-08-29 04:00:00,0.27476666666666666,0.30019328318089245,0.28048380700000003,False,False,False,False,False
2010-08-29 05:00:00,1.1188666666666667,1.1512428796138614,1.119134648,False,False,False,False,False
2010-08-29 06:00:00,0.2983,0.3322044237781316,0.303025029,False,False,False,False,False
2010-08-29 07:00:00,0.34223333333333333,0.37248946046382186,0.3483126305,False,False,False,False,False
2010-08-29 08:00:00,0.49173333333333336,0.5297896163094789,0.5107647668333333,False,False,False,False,False
2010-08-29 09:00:00,0.3921,0.4334562656868249,0.40986681366666666,False,False,False,False,False
2010-08-29 10:00:00,0.6474666666666666,0.651582091320306,0.6369781678333334,False,False,False,False,False
2010-08-29 11:00:00,1.5473333333333334,1.5698948332734408,1.54314274,True,False,False,False,False
2010-08-29 12:00:00,2.5704,2.53480432362631,2.616814725,True,True,False,True,True
2010-08-29 13:00:00,2.1139,2.151590868109465,2.125010941666667,True,False,False,False,False
2010-08-29 14:00:00,1.5021333333333333,1.5349741632089018,1.4933354583333334,True,False,False,False,False
2010-08-29 15:00:00,1.4193666666666667,1.448323591309786,1.4117928573333332,False,False,False,False,False
2010-08-29 16:00:00,0.37416666666666665,0.4247689886964857,0.3782162273333333,False,False,False,False,False
2010-08-29 17:00:00,1.4337666666666666,1.4393962985571476,1.4940401021666667,True,False,False,False,False
2010-08-29 18:00:00,1.1072,1.0979091278590263,1.1012647488333334,False,False,False,False,False
2010-08-29 19:00:00,1.7450666666666668,1.7743987380579114,1.7321270866666665,True,False,False,False,False
2010-08-29 20:00:00,2.1989333333333336,2.197662018708885,2.1856363883333336,True,False,False,False,False
2010-08-29 21:00:00,3.2344999999999997,3.224828055922687,3.205303025,True,True,True,True,True
2010-08-29 22:00:00,2.3159666666666667,2.318433333866298,2.294555198333333,True,False,False,False,False
2010-08-29 23:00:00,0.9494666666666666,0.9951392431430519,0.9372258636666667,False,False,False,False,False
2010-08-30 00:00:00,0.5507333333333333,0.5704945876497776,0.5378812343333333,False,False,False,False,False
2010-08-30 01:00:00,0.48323333333333335,0.5168283653087914,0.4704870721666667,False,False,False,False,False
2010-08-30 02:00:00,0.34113333333333334,0.3723151221372187,0.3490279825,False,False,False,False,False
2010-08-30 03:00:00,0.2873666666666666,0.32367475850544863,0.29269544766666666,False,False,False,False,False
2010-08-30 04:00:00,0.2851,0.31982974119000135,0.29231503833333333,False,False,False,False,False
2010-08-30 05:00:00,0.2867333333333333,0.3230351688891649,0.29186811,False,False,False,False,False
2010-08-30 06:00:00,0.33676666666666666,0.3705880327239633,0.342065442,False,False,False,False,False
2010-08-30 07:00:00,0.8905666666666666,0.9184951707862318,0.9024142588333334,False,False,False,False,False
2010-08-30 08:00:00,1.4085333333333334,1.4337083729721605,1.4117351916666665,False,False,False,False,False
2010-08-30 09:00:00,1.0479,1.0903068254545332,1.0484490623333333,False,False,False,False,False
2010-08-30 10:00:00,0.8792666666666666,0.9028773037232459,0.8911495793333334,False,False,False,False,False
2010-08-30 11:00:00,1.5097,1.5229966314516963,1.505337115,True,False,False,False,False
2010-08-30 12:00:00,1.7421333333333335,1.7371647811993958,1.7431139466666667,True,False,False,False,False
2010-08-30 13:00:00,2.218233333333333,2.2074081869527697,2.2040891416666666,True,False,False,False,False
2010-08-30 14:00:00,2.417133333333333,2.3735776215344666,2.3924102583333333,True,True,False,True,True
2010-08-30 15:00:00,1.8369,1.8547933812677861,1.8236921616666666,True,False,False,False,False
2010-08-30 16:00:00,1.6935666666666667,1.7204282963588833,1.682727715,True,False,False,False,False
2010-08-30 17:00:00,0.3625,0.4104456229034811,0.36621042583333335,False,False,False,False,False
2010-08-30 18:00:00,0.3312333333333333,0.3634266745660454,0.33273641066666665,False,False,False,False,False
2010-08-30 19:00:00,1.1589,1.1736213156972082,1.145016002,False,False,False,False,False
2010-08-30 20:00:00,0.8696333333333333,0.9037818546488883,0.8601485031666667,False,False,False,False,False
2010-08-30 21:00:00,2.242233333333333,2.211757039439678,2.2228801600000003,True,False,False,False,False
2010-08-30 22:00:00,1.1637666666666666,1.2268103609211745,1.1442350363333333,False,False,False,False,False
2010-08-30 23:00:00,0.5701,0.6173421823751182,0.5590856135000001,False,False,False,False,False
2010-08-31 00:00:00,0.40176666666666666,0.43713010633327065,0.40507424000000003,False,False,False,False,False
2010-08-31 01:00:00,0.3663666666666667,0.40179076764881605,0.3763501308333333,False,False,False,False,False
2010-08-31 02:00:00,0.3196333333333333,0.35615417351312934,0.3245026478333333,False,False,False,False,False
2010-08-31 03:00:00,0.2955333333333333,0.3327996061645448,0.30409988849999997,False,False,False,False,False
2010-08-31 04:00:00,1.0354333333333332,1.066228562225029,1.0391296226666666,False,False,False,False,False
2010-08-31 05:00:00,0.3288,0.3671057878423482,0.33783115750000003,False,False,False,False,False
2010-08-31 06:00:00,0.2446333333333333,0.28380145742520685,0.24785492299999998,False,False,False,False,False
2010-08-31 07:00:00,0.5892,0.6214875557910651,0.6093073605,False,False,False,False,False
2010-08-31 08:00:00,1.5327666666666666,1.5518472302861512,1.5299628733333333,True,False,False,False,False
2010-08-31 09:00:00,1.4823666666666666,1.5165949146840723,1.4855819183333334,True,False,False,False,False
2010-08-31 10:00:00,1.1666333333333334,1.1559458281505854,1.1526887419999998,False,False,False,False,False
2010-08-31 11:00:00,1.5806666666666667,1.6014279195822776,1.564204341,True,False,False,False,False
2010-08-31 12:00:00,1.2884666666666666,1.3166486099723727,1.2813328113333333,False,False,False,False,False
2010-08-31 13:00:00,1.0535666666666665,1.078974671684578,1.0660065905,False,False,False,False,False
2010-08-31 14:00:00,0.8699333333333333,0.9394021220423281,0.8720660805,False,False,False,False,False
2010-08-31 15:00:00,0.6130333333333333,0.6494344808712602,0.6041494808333333,False,False,False,False,False
2010-08-31 16:00:00,0.7542333333333333,0.7755371120117605,0.7418196745,False,False,False,False,False
2010-08-31 17:00:00,1.4517333333333333,1.485600428749621,1.4499926766666666,True,False,False,False,False
2010-08-31 18:00:00,1.7887,1.8879574480853976,1.908309852,True,False,False,False,False
2010-08-31 19:00:00,1.3791,1.4753852289434524,1.506244497,False,False,False,False,False
2010-08-31 20:00:00,1.8193666666666668,1.8177662263069303,1.7997276783333334,True,False,False,False,False
2010-08-31 21:00:00,1.1395666666666666,1.1841161733768881,1.1298437773333334,False,False,False,False,False
2010-08-31 22:00:00,0.6880000000000001,0.7309920695327222,0.6724725726666667,False,False,False,False,False
2010-08-31 23:00:00,0.5622666666666666,0.5824589878976345,0.5421196174999999,False,False,False,False,False
2010-09-01 00:00:00,0.37710000000000005,0.40148643238618964,0.3712068873333333,False,False,False,False,False
2010-09-01 01:00:00,0.2891333333333333,0.30684483330920337,0.2970670368333333,False,False,False,False,False
2010-09-01 02:00:00,0.3401666666666667,0.356238356590271,0.34556097950000003,False,False,False,False,False
2010-09-01 03:00:00,0.3021333333333333,0.31775814151614906,0.30261947800000005,False,False,False,False,False
2010-09-01 04:00:00,0.8031666666666666,0.8315790703997016,0.8152216868333333,False,False,False,False,False
2010-09-01 05:00:00,0.3105333333333333,0.32826056659929453,0.3144387298333333,False,False,False,False,False
2010-09-01 06:00:00,0.4614,0.4842012041896581,0.47930909833333335,False,False,False,False,False
2010-09-01 07:00:00,0.9840333333333333,0.9915875467255711,0.9899937156666667,False,False,False,False,False
2010-09-01 08:00:00,1.4570666666666665,1.4684717227950692,1.4594071316666666,True,False,False,False,False
2010-09-01 09:00:00,0.8423666666666667,0.8773361538663507,0.8485953955,False,False,False,False,False
2010-09-01 10:00:00,1.9099333333333335,1.8788027361355724,1.9201670563333333,True,False,False,False,False
2010-09-01 11:00:00,2.1177333333333332,2.062810082422197,2.1262982233333334,True,False,False,False,False
2010-09-01 12:00:00,1.6747333333333332,1.6835410258866845,1.6790454733333333,True,False,False,False,False
2010-09-01 13:00:00,1.6333,1.6152513669557869,1.631569745,True,False,False,False,False
2010-09-01 14:00:00,1.7136333333333333,1.7613297019660474,1.7102342283333334,True,False,False,False,False
2010-09-01 15:00:00,1.4292333333333334,1.4311425005979836,1.4258927383333335,False,False,False,False,False
2010-09-01 16:00:00,1.3891666666666667,1.405270062518865,1.3876143749999998,False,False,False,False,False
2010-09-01 17:00:00,1.4856333333333334,1.4936124614045025,1.48217855,True,False,False,False,False
2010-09-01 18:00:00,0.5392333333333333,0.5854396752357484,0.5493814261666666,False,False,False,False,False
2010-09-01 19:00:00,0.5494333333333333,0.5565117563843727,0.5474353455000001,False,False,False,False,False
2010-09-01 20:00:00,1.8614333333333333,1.7878154028609394,1.8402112655,True,False,False,False,False
2010-09-01 21:00:00,2.5369,2.5217626794226464,2.519360498166667,True,True,False,True,True
2010-09-01 22:00:00,1.1801333333333335,1.185275844695419,1.1673795373333333,False,False,False,False,False
2010-09-01 23:00:00,0.3677,0.39799105325192213,0.3726428275,False,False,False,False,False
2010-09-02 00:00:00,0.3330666666666666,0.3503704325571656,0.3421768665,False,False,False,False,False
2010-09-02 01:00:00,0.3055,0.3204822270773351,0.3112926958333333,False,False,False,False,False
2010-09-02 02:00:00,0.34659999999999996,0.36236680532470344,0.35395056199999997,False,False,False,False,False
2010-09-02 03:00:00,0.25479999999999997,0.2760570450268685,0.2560042358333333,False,False,False,False,False
2010-09-02 04:00:00,0.3398333333333333,0.35727723201364275,0.34590551683333337,False,False,False,False,False
2010-09-02 05:00:00,0.3009333333333333,0.3200145280748606,0.30405867766666667,False,False,False,False,False
2010-09-02 06:00:00,1.0378666666666667,1.049003103375435,1.0377759466666665,False,False,False,False,False
2010-09-02 07:00:00,0.7744333333333333,0.7771034884024411,0.7876590848333334,False,False,False,False,False
2010-09-02 08:00:00,1.5999333333333332,1.6043536722622813,1.5950486083333333,True,False,False,False,False
2010-09-02 09:00:00,1.6337333333333333,1.6423398361578585,1.6304706333333334,True,False,False,False,False
2010-09-02 10:00:00,1.7061,1.703663355228305,1.6908451116666667,True,False,False,False,False
2010-09-02 11:00:00,1.6545333333333334,1.655110145671666,1.6348863033333332,True,False,False,False,False
2010-09-02 12:00:00,1.5187666666666668,1.532903063502163,1.5149966433333333,True,False,False,False,False
2010-09-02 13:00:00,1.3599999999999999,1.3790415710426869,1.3625517466666668,False,False,False,False,False
2010-09-02 14:00:00,1.4055333333333333,1.4074158322110775,1.4026307933333333,False,False,False,False,False
2010-09-02 15:00:00,0.8876333333333334,0.9342571607422083,0.8997884621666666,False,False,False,False,False
2010-09-02 16:00:00,0.3390666666666666,0.3677575419533997,0.348707621,False,False,False,False,False
2010-09-02 17:00:00,0.49420000000000003,0.5066780933305621,0.48400605733333335,False,False,False,False,False
2010-09-02 18:00:00,0.7261666666666666,0.7411451321367175,0.716237814,False,False,False,False,False
2010-09-02 19:00:00,0.6808666666666666,0.6831531271219254,0.6784872903333333,False,False,False,False,False
2010-09-02 20:00:00,2.4065,2.3518455503419045,2.39089736,True,True,False,True,True
2010-09-02 21:00:00,1.5888333333333333,1.5888071887068451,1.5757032231666666,True,False,False,False,False
2010-09-02 22:00:00,0.9164333333333333,0.9299652832455934,0.8953614261666666,False,False,False,False,False
2010-09-02 23:00:00,0.5968666666666667,0.627633606248349,0.584386768,False,False,False,False,False
2010-09-03 00:00:00,0.39016666666666666,0.4089409221541136,0.3923509521666667,False,False,False,False,False
2010-09-03 01:00:00,0.345,0.3544977145705372,0.346378586,False,False,False,False,False
2010-09-03 02:00:00,0.3454666666666667,0.3598539500392973,0.35170500433333335,False,False,False,False,False
2010-09-03 03:00:00,0.4543,0.4613246973019093,0.4486439976666666,False,False,False,False,False
2010-09-03 04:00:00,0.6939333333333334,0.6841493071369826,0.6906840128333334,False,False,False,False,False
2010-09-03 05:00:00,0.9556333333333333,0.9728875332918019,0.9551881538333333,False,False,False,False,False
2010-09-03 06:00:00,0.9327666666666666,0.9394611606828869,0.926920857,False,False,False,False,False
2010-09-03 07:00:00,1.1414666666666666,1.1436281617023052,1.1412555315000001,False,False,False,False,False
2010-09-03 08:00:00,1.5048,1.5212137802742423,1.50805912,True,False,False,False,False
2010-09-03 09:00:00,1.4632,1.4745944064766168,1.46260319,True,False,False,False,False
2010-09-03 10:00:00,1.3639333333333332,1.3838745576649907,1.3699311416666666,False,False,False,False,False
2010-09-03 11:00:00,1.4092333333333333,1.4169201206177473,1.4107669683333335,False,False,False,False,False
2010-09-03 12:00:00,1.6444666666666667,1.6412634035341442,1.6480937483333333,True,False,False,False,False
2010-09-03 13:00:00,0.7313666666666666,0.7776957443695516,0.7361102433333334,False,False,False,False,False
2010-09-03 14:00:00,0.35523333333333335,0.39311876605972645,0.3717963113333333,False,False,False,False,False
2010-09-03 15:00:00,0.41023333333333334,0.4409740064382553,0.4190688758333333,False,False,False,False,False
2010-09-03 16:00:00,0.3091333333333333,0.3394014092221856,0.31339149466666666,False,False,False,False,False
2010-09-03 17:00:00,0.34396666666666664,0.37449436699375505,0.34846296183333336,False,False,False,False,False
2010-09-03 18:00:00,0.36483333333333334,0.3845003192469478,0.35918136333333334,False,False,False,False,False
2010-09-03 19:00:00,0.531,0.5458874367129058,0.531541173,False,False,False,False,False
2010-09-03 20:00:00,2.3058666666666667,2.257832725406066,2.2940642213333335,True,False,False,False,False
2010-09-03 21:00:00,1.8044333333333331,1.8136578840628268,1.792196575,True,False,False,False,False
2010-09-03 22:00:00,1.6770333333333334,1.66696664012298,1.66005191,True,False,False,False,False
2010-09-03 23:00:00,0.9627666666666667,0.9877082737758757,0.9476857026666666,False,False,False,False,False
2010-09-04 00:00:00,0.4686666666666667,0.48151159921362996,0.4649110425,False,False,False,False,False
2010-09-04 01:00:00,0.33326666666666666,0.3462742740109563,0.3389010235,False,False,False,False,False
2010-09-04 02:00:00,0.27526666666666666,0.28293991395868356,0.27775034266666665,False,False,False,False,False
2010-09-04 03:00:00,0.3137666666666667,0.3285891807861626,0.31614084833333334,False,False,False,False,False
2010-09-04 04:00:00,1.0629666666666666,1.0691853574447334,1.0653943463333333,False,False,False,False,False
2010-09-04 05:00:00,0.32289999999999996,0.33824750707149503,0.32351537133333336,False,False,False,False,False
2010-09-04 06:00:00,0.6717333333333334,0.6596083288021385,0.6719170493333333,False,False,False,False,False
2010-09-04 07:00:00,1.9570333333333332,1.9582612543649973,1.9564297316666666,True,False,False,False,False
2010-09-04 08:00:00,1.4460000000000002,1.4558079110771418,1.4446877483333334,True,False,False,False,False
2010-09-04 09:00:00,0.779,0.8141206748832018,0.7847137981666666,False,False,False,False,False
2010-09-04 10:00:00,0.9023666666666668,0.8823093528021126,0.9110687015,False,False,False,False,False
2010-09-04 11:00:00,1.6402333333333334,1.6689827900834382,1.6369118415000001,True,False,False,False,False
2010-09-04 12:00:00,1.3255666666666668,1.3785178071409463,1.3901827431666667,False,False,False,False,False
2010-09-04 13:00:00,1.1751666666666667,1.1471133151717483,1.1614823401666667,False,False,False,False,False
2010-09-04 14:00:00,2.1475999999999997,2.177642851305753,2.1928471616666667,True,False,False,False,False
2010-09-04 15:00:00,1.7486666666666666,1.7615778132177888,1.7559770283333334,True,False,False,False,False
2010-09-04 16:00:00,0.7704666666666667,0.7649311347551644,0.7692143865,False,False,False,False,False
2010-09-04 17:00:00,0.5642333333333334,0.6131905782304704,0.5727795396666667,False,False,False,False,False
2010-09-04 18:00:00,1.6101999999999999,1.58795197952874,1.6026054781666665,True,False,False,False,False
2010-09-04 19:00:00,1.6162333333333334,1.6135713224589827,1.6088112016666665,True,False,False,False,False
2010-09-04 20:00:00,2.278833333333333,2.269460050432384,2.262681763333333,True,False,False,False,False
2010-09-04 21:00:00,2.5189666666666666,2.5225452822655443,2.5019233116666664,True,True,False,True,True
2010-09-04 22:00:00,2.173366666666667,2.203017575895786,2.15501864,True,False,False,False,False
2010-09-04 23:00:00,0.9614999999999999,0.9846248065043242,0.9511643056666667,False,False,False,False,False
2010-09-05 00:00:00,0.5581,0.5865249083779752,0.5570659353333334,False,False,False,False,False
2010-09-05 01:00:00,0.4830333333333333,0.47463734974227845,0.48038447116666666,False,False,False,False,False
2010-09-05 02:00:00,0.5433,0.5616998431056738,0.5408991266666666,False,False,False,False,False
2010-09-05 03:00:00,0.3478,0.3596332101009786,0.35003782283333335,False,False,False,False,False
2010-09-05 04:00:00,0.3080333333333333,0.33008448160514237,0.31413394266666667,False,False,False,False,False
2010-09-05 05:00:00,0.33823333333333333,0.35315380159877235,0.3397071638333333,False,False,False,False,False
2010-09-05 06:00:00,0.26953333333333335,0.2842698847748339,0.2728289918333333,False,False,False,False,False
2010-09-05 07:00:00,0.30996666666666667,0.337520560375601,0.311784523,False,False,False,False,False
2010-09-05 08:00:00,1.3496,1.35972924740538,1.3499337033333334,False,False,False,False,False
2010-09-05 09:00:00,0.43196666666666667,0.45371950825601814,0.4294684771666667,False,False,False,False,False
2010-09-05 10:00:00,1.256,1.2671871055662633,1.2755791398333334,False,False,False,False,False
2010-09-05 11:00:00,1.6126,1.6295917350597682,1.60872237,True,False,False,False,False
2010-09-05 12:00:00,0.9832,1.016820932875946,0.9935014578333334,False,False,False,False,False
2010-09-05 13:00:00,0.7988999999999999,0.8131698581393808,0.8011950743333334,False,False,False,False,False
2010-09-05 14:00:00,1.2334666666666665,1.23562646757178,1.2295825053333334,False,False,False,False,False
2010-09-05 15:00:00,2.2218333333333335,2.1981446790043266,2.2483550875000002,True,False,False,False,False
2010-09-05 16:00:00,1.0086333333333333,1.0749394432868808,1.0329787940000001,False,False,False,False,False
2010-09-05 17:00:00,0.5999333333333333,0.6760258106205613,0.6682068888333333,False,False,False,False,False
2010-09-05 18:00:00,0.8549,0.8661895434472711,0.8607493993333333,False,False,False,False,False
2010-09-05 19:00:00,1.382866666666667,1.4151911163784563,1.438552622,False,False,False,False,False
2010-09-05 20:00:00,1.0963666666666667,1.1032086256332696,1.0937011388333333,False,False,False,False,False
2010-09-05 21:00:00,2.119,2.1122102252952755,2.0937359866666667,True,False,False,False,False
2010-09-05 22:00:00,1.5342333333333333,1.5751823949329555,1.513859442,True,False,False,False,False
2010-09-05 23:00:00,0.4088,0.44748108527399594,0.413154202,False,False,False,False,False
2010-09-06 00:00:00,0.36146666666666666,0.38056387447491286,0.3680955088333333,False,False,False,False,False
2010-09-06 01:00:00,0.3339333333333333,0.3520438300289213,0.33951117033333333,False,False,False,False,False
2010-09-06 02:00:00,0.34256666666666663,0.35634352114051576,0.3427872153333333,False,False,False,False,False
2010-09-06 03:00:00,0.28243333333333337,0.30590200026519593,0.2871845201666667,False,False,False,False,False
2010-09-06 04:00:00,0.351,0.3699894891045987,0.35514109833333335,False,False,False,False,False
2010-09-06 05:00:00,0.2231,0.2491624903671443,0.23167231216666667,False,False,False,False,False
2010-09-06 06:00:00,1.5419333333333334,1.5094565179787578,1.5348232301666667,True,False,False,False,False
2010-09-06 07:00:00,1.8616333333333333,1.850911998717487,1.8526624966666667,True,False,False,False,False
2010-09-06 08:00:00,1.5826333333333333,1.5860134972989561,1.5786644116666666,True,False,False,False,False
2010-09-06 09:00:00,1.4338000000000002,1.4340512557677925,1.4308610966666668,True,False,False,False,False
2010-09-06 10:00:00,0.5483666666666667,0.5912514719594271,0.5413020885000001,False,False,False,False,False
2010-09-06 11:00:00,0.3156,0.3402537591919303,0.3200225468333333,False,False,False,False,False
2010-09-06 12:00:00,1.2417666666666667,1.2140523516956716,1.2386426868333333,False,False,False,False,False
2010-09-06 13:00:00,1.3418333333333332,1.3488387641716748,1.3389590036666665,False,False,False,False,False
2010-09-06 14:00:00,0.36543333333333333,0.3989177755586803,0.3763485925,False,False,False,False,False
2010-09-06 15:00:00,0.9581666666666667,0.9640038350652903,0.9614372688333332,False,False,False,False,False
2010-09-06 16:00:00,1.4072333333333333,1.428655186842382,1.4094974150000001,False,False,False,False,False
2010-09-06 17:00:00,2.497666666666667,2.406847046305239,2.537630043333333,True,True,False,True,True
2010-09-06 18:00:00,0.8907,0.942415366909653,0.910587325,False,False,False,False,False
2010-09-06 19:00:00,1.2747333333333333,1.289068361733109,1.295704976,False,False,False,False,False
2010-09-06 20:00:00,1.1888666666666665,1.198753442390263,1.1826324015,False,False,False,False,False
2010-09-06 21:00:00,1.7181666666666666,1.7031971554413439,1.7029213383333333,True,False,False,False,False
2010-09-06 22:00:00,1.2335,1.247554248829186,1.2236745691666668,False,False,False,False,False
2010-09-06 23:00:00,0.41806666666666664,0.44929249835871155,0.41288226699999997,False,False,False,False,False
2010-09-07 00:00:00,0.6620666666666666,0.6528402691908181,0.6579825831666667,False,False,False,False,False
2010-09-07 01:00:00,0.6508333333333333,0.6830714534819127,0.6502143406666666,False,False,False,False,False
2010-09-07 02:00:00,0.2722,0.29329524926580486,0.275510607,False,False,False,False,False
2010-09-07 03:00:00,0.3152666666666667,0.3352323789261281,0.3235309155,False,False,False,False,False
2010-09-07 04:00:00,0.305,0.330485533414036,0.31699134733333334,False,False,False,False,False
2010-09-07 05:00:00,0.32686666666666664,0.34873562513962386,0.328523889,False,False,False,False,False
2010-09-07 06:00:00,0.6378,0.6403928067535162,0.6403548325,False,False,False,False,False
2010-09-07 07:00:00,1.8521333333333334,1.8533653819203377,1.8481215016666668,True,False,False,False,False
2010-09-07 08:00:00,1.4305333333333332,1.4504577197924258,1.4365234383333332,False,False,False,False,False
2010-09-07 09:00:00,1.4320333333333333,1.4419021193258466,1.4337841833333334,True,False,False,False,False
2010-09-07 10:00:00,0.6150333333333333,0.6494732903897762,0.6229797493333333,False,False,False,False,False
2010-09-07 11:00:00,1.0950666666666669,1.086393325675279,1.1442330333333333,False,False,False,False,False
2010-09-07 12:00:00,0.48646666666666666,0.547325506042689,0.5003367875,False,False,False,False,False
2010-09-07 13:00:00,0.4363666666666666,0.47191695666797456,0.44641278399999995,False,False,False,False,False
2010-09-07 14:00:00,0.3362,0.3716470645718276,0.3482677325,False,False,False,False,False
2010-09-07 15:00:00,0.3363333333333333,0.36067444202229376,0.33889778833333334,False,False,False,False,False
2010-09-07 16:00:00,0.9365000000000001,0.966657474642992,0.9369452166666666,False,False,False,False,False
2010-09-07 17:00:00,0.33349999999999996,0.36294908183850344,0.3357340496666667,False,False,False,False,False
2010-09-07 18:00:00,1.0712666666666666,1.061260404109955,1.0774946724999999,False,False,False,False,False
2010-09-07 19:00:00,2.7609333333333335,2.6955526374325154,2.82438826,True,True,False,True,True
2010-09-07 20:00:00,2.1508333333333334,2.1489993074387312,2.1270286166666668,True,False,False,False,False
2010-09-07 21:00:00,2.2494333333333336,2.2523605990692976,2.22985372,True,False,False,False,False
2010-09-07 22:00:00,2.4007666666666667,2.39260826548338,2.386798583333333,True,True,False,True,True
2010-09-07 23:00:00,1.1041333333333334,1.1163818983528764,1.1063702346666666,False,False,False,False,False
2010-09-08 00:00:00,0.36596666666666666,0.38620025612525644,0.37372145700000003,False,False,False,False,False
2010-09-08 01:00:00,0.34976666666666667,0.3597660045210272,0.35609630833333333,False,False,False,False,False
2010-09-08 02:00:00,0.45790000000000003,0.47669149720333515,0.46394000816666664,False,False,False,False,False
2010-09-08 03:00:00,0.3013333333333333,0.3253192552719265,0.307609115,False,False,False,False,False
2010-09-08 04:00:00,0.346,0.3652666920792311,0.3514540983333333,False,False,False,False,False
2010-09-08 05:00:00,0.32243333333333335,0.3427863895826041,0.32903462450000004,False,False,False,False,False
2010-09-08 06:00:00,0.7884333333333334,0.7719236480522901,0.7893755033333334,False,False,False,False,False
2010-09-08 07:00:00,1.9181,1.918132205361128,1.9165789383333334,True,False,False,False,False
2010-09-08 08:00:00,1.6187,1.623577068964392,1.6185933916666668,True,False,False,False,False
2010-09-08 09:00:00,1.4468333333333334,1.4686547121301294,1.450946325,True,False,False,False,False
2010-09-08 10:00:00,0.4638666666666667,0.5049006073694676,0.47857076516666663,False,False,False,False,False
2010-09-08 11:00:00,0.3372,0.3472669014476239,0.3388879841666667,False,False,False,False,False
2010-09-08 12:00:00,0.6727666666666666,0.6944386152371764,0.6868053781666668,False,False,False,False,False
2010-09-08 13:00:00,0.4571333333333333,0.4943832744877785,0.45714072283333335,False,False,False,False,False
2010-09-08 14:00:00,0.5007,0.5376043683882802,0.5010735883333334,False,False,False,False,False
2010-09-08 15:00:00,0.45720000000000005,0.47961429397352034,0.4547293243333333,False,False,False,False,False
2010-09-08 16:00:00,0.5627333333333334,0.6150128788020461,0.5758806181666666,False,False,False,False,False
2010-09-08 17:00:00,0.9294,0.9195385184805841,0.9405647888333334,False,False,False,False,False
2010-09-08 18:00:00,1.6340333333333334,1.6492686547420918,1.6274047518333332,True,False,False,False,False
2010-09-08 19:00:00,0.7245333333333334,0.7591483045760543,0.7255110261666666,False,False,False,False,False
2010-09-08 20:00:00,1.8530000000000002,1.7577423391703517,1.8432577255,True,False,False,False,False
2010-09-08 21:00:00,2.8006,2.783086459875107,2.775232443333333,True,True,False,True,True
2010-09-08 22:00:00,1.4298333333333333,1.4638158191747965,1.4076601851666666,False,False,False,False,False
2010-09-08 23:00:00,0.9917333333333332,1.0182912552282215,0.9683154051666667,False,False,False,False,False
2010-09-09 00:00:00,0.9049666666666667,0.908233283378929,0.899902918,False,False,False,False,False
2010-09-09 01:00:00,0.47246666666666665,0.5132170404404401,0.473842416,False,False,False,False,False
2010-09-09 02:00:00,0.3279333333333333,0.3477711954366416,0.3339955075,False,False,False,False,False
2010-09-09 03:00:00,0.2828,0.30668148191422223,0.29085186133333335,False,False,False,False,False
2010-09-09 04:00:00,0.2496,0.2779506968721747,0.25534925733333336,False,False,False,False,False
2010-09-09 05:00:00,0.7349333333333334,0.7419276245616377,0.7401039838333333,False,False,False,False,False
2010-09-09 06:00:00,0.8782666666666666,0.8858462943602353,0.8798373431666667,False,False,False,False,False
2010-09-09 07:00:00,1.9045999999999998,1.9072351580873133,1.8938047816666665,True,False,False,False,False
2010-09-09 08:00:00,1.4102,1.4310621835216881,1.41404304,False,False,False,False,False
2010-09-09 09:00:00,0.9942666666666666,1.040038632684201,1.00517116,False,False,False,False,False
2010-09-09 10:00:00,0.4267666666666666,0.4547420061558485,0.4367641191666667,False,False,False,False,False
2010-09-09 11:00:00,0.8445666666666667,0.856877322653681,0.8482319960000001,False,False,False,False,False
2010-09-09 12:00:00,0.8244666666666667,0.8386810620922596,0.8431806041666667,False,False,False,False,False
2010-09-09 13:00:00,0.958,0.9881352827250958,0.9543714705,False,False,False,False,False
2010-09-09 14:00:00,0.42096666666666666,0.4538382734205573,0.43374721033333336,False,False,False,False,False
2010-09-09 15:00:00,0.7772333333333333,0.7815881056215613,0.783407546,False,False,False,False,False
2010-09-09 16:00:00,0.3003666666666666,0.3348363213017583,0.303511832,False,False,False,False,False
2010-09-09 17:00:00,0.7164666666666667,0.741225364856422,0.7184733126666667,False,False,False,False,False
2010-09-09 18:00:00,0.47,0.5075554697748274,0.465407023,False,False,False,False,False
2010-09-09 19:00:00,1.5420666666666667,1.485517030943185,1.5291258486666666,True,False,False,False,False
2010-09-09 20:00:00,2.6474333333333333,2.60908723099418,2.6968090115,True,True,False,True,True
2010-09-09 21:00:00,1.2951666666666666,1.2994535592734815,1.2864112515,False,False,False,False,False
2010-09-09 22:00:00,0.8265333333333333,0.8833330248359591,0.8196968968333334,False,False,False,False,False
2010-09-09 23:00:00,0.43516666666666665,0.4675566028799861,0.43485491416666666,False,False,False,False,False
2010-09-10 00:00:00,0.3246,0.3497019730977714,0.32748681749999997,False,False,False,False,False
2010-09-10 01:00:00,0.8062666666666666,0.810778483203426,0.8091296880000001,False,False,False,False,False
2010-09-10 02:00:00,0.4391,0.48183528574109075,0.4450441296666667,False,False,False,False,False
2010-09-10 03:00:00,0.3361666666666666,0.3603842238008976,0.336074606,False,False,False,False,False
2010-09-10 04:00:00,0.2793333333333334,0.3128512050256133,0.2906833406666667,False,False,False,False,False
2010-09-10 05:00:00,0.26126666666666665,0.2933345395483076,0.2662547651666667,False,False,False,False,False
2010-09-10 06:00:00,0.9106666666666666,0.881030958840251,0.9090206645,False,False,False,False,False
2010-09-10 07:00:00,1.698,1.7324556650299578,1.6900188661666666,True,False,False,False,False
2010-09-10 08:00:00,0.31983333333333336,0.35708163033947343,0.334705184,False,False,False,False,False
2010-09-10 09:00:00,0.30700000000000005,0.3337441716048866,0.3109663796666667,False,False,False,False,False
2010-09-10 10:00:00,0.3499333333333333,0.38732725400999185,0.35791345799999996,False,False,False,False,False
2010-09-10 11:00:00,0.46993333333333337,0.5006499089200049,0.4781263746666667,False,False,False,False,False
2010-09-10 12:00:00,0.23243333333333333,0.2711141698852181,0.241800493,False,False,False,False,False
2010-09-10 13:00:00,0.37426666666666664,0.4002601385638117,0.37374081866666664,False,False,False,False,False
2010-09-10 14:00:00,0.4270333333333333,0.4529615491967648,0.43300520666666664,False,False,False,False,False
2010-09-10 15:00:00,0.3281,0.3585387553431093,0.33497890883333337,False,False,False,False,False
2010-09-10 16:00:00,0.9026,0.9402679622083903,0.903491044,False,False,False,False,False
2010-09-10 17:00:00,1.0888,1.0784651736482977,1.091626551,False,False,False,False,False
2010-09-10 18:00:00,2.1483,2.1230522213205694,2.14425978,True,False,False,False,False
2010-09-10 19:00:00,1.8013000000000001,1.7645254204273224,1.7971959866666667,True,False,False,False,False
2010-09-10 20:00:00,2.3795,2.3722740063235164,2.3647122783333336,True,True,False,True,True
2010-09-10 21:00:00,2.0765000000000002,2.089723264114559,2.058120108333333,True,False,False,False,False
2010-09-10 22:00:00,2.3522000000000003,2.34294771861434,2.3299986350000004,True,True,False,True,False
2010-09-10 23:00:00,1.5219999999999998,1.5218157790847122,1.4995189800000002,True,False,False,False,False
2010-09-11 00:00:00,1.0361333333333334,1.0229856268256903,1.0280867555,False,False,False,False,False
2010-09-11 01:00:00,0.461,0.4777428834635764,0.4612406131666667,False,False,False,False,False
2010-09-11 02:00:00,0.345,0.35403083924502127,0.34699074366666666,False,False,False,False,False
2010-09-11 03:00:00,0.2740666666666666,0.2955626604765653,0.280954493,False,False,False,False,False
2010-09-11 04:00:00,0.34280000000000005,0.35771605157144365,0.3453276955,False,False,False,False,False
2010-09-11 05:00:00,0.30256666666666665,0.31848950355947014,0.305249085,False,False,False,False,False
2010-09-11 06:00:00,0.7187666666666667,0.7012866037473082,0.7098395820000001,False,False,False,False,False
2010-09-11 07:00:00,1.6514,1.664579636641592,1.6314985083333333,True,False,False,False,False
2010-09-11 08:00:00,1.4151,1.4324532387971878,1.422035835,False,False,False,False,False
2010-09-11 09:00:00,0.8931,0.9134410100977868,0.9119799311666666,False,False,False,False,False
2010-09-11 10:00:00,1.3423,1.3671849819473922,1.3524917828333334,False,False,False,False,False
2010-09-11 11:00:00,0.4276666666666667,0.44776569412499667,0.42377840800000005,False,False,False,False,False
2010-09-11 12:00:00,1.0580333333333334,1.0801323198165744,1.0685199273333335,False,False,False,False,False
2010-09-11 13:00:00,1.7219,1.6923230545319616,1.7207261855,True,False,False,False,False
2010-09-11 14:00:00,1.8109,1.7826672421827914,1.8044541333333333,True,False,False,False,False
2010-09-11 15:00:00,0.9680666666666667,1.016685954786092,0.9669917001666667,False,False,False,False,False
2010-09-11 16:00:00,0.4590666666666667,0.4873362970091402,0.4595898275,False,False,False,False,False
2010-09-11 17:00:00,1.2209333333333334,1.2245824628863484,1.2153635538333334,False,False,False,False,False
2010-09-11 18:00:00,0.7318333333333332,0.7753669942580164,0.7327144029999999,False,False,False,False,False
2010-09-11 19:00:00,0.38176666666666664,0.41169225763753053,0.3925708965,False,False,False,False,False
2010-09-11 20:00:00,1.0722999999999998,1.0307656829699874,1.0691563391666667,False,False,False,False,False
2010-09-11 21:00:00,1.8523999999999998,1.8521292108327152,1.8232719216666666,True,False,False,False,False
2010-09-11 22:00:00,1.9503333333333333,1.9289836698994043,1.9065975883333333,True,False,False,False,False
2010-09-11 23:00:00,1.9510666666666667,1.9432406607717276,1.9035494883333333,True,False,False,False,False
2010-09-12 00:00:00,1.9163,1.8799765368402004,1.8902040599999999,True,False,False,False,False
2010-09-12 01:00:00,1.7626333333333333,1.7443473690994085,1.7479311216666666,True,False,False,False,False
2010-09-12 02:00:00,2.2741,2.244372773326934,2.264693435,True,False,False,False,False
2010-09-12 03:00:00,2.235966666666667,2.205345771174133,2.2229739216666666,True,False,False,False,False
2010-09-12 04:00:00,1.4288333333333334,1.431589611105621,1.4275100171666668,False,False,False,False,False
2010-09-12 05:00:00,0.2998,0.33640205164439974,0.3170489935,False,False,False,False,False
2010-09-12 06:00:00,0.26959999999999995,0.30008567846193906,0.28670259983333335,False,False,False,False,False
2010-09-12 07:00:00,0.34609999999999996,0.3915882521934807,0.3634761915,False,False,False,False,False
2010-09-12 08:00:00,0.3628,0.4004574314847588,0.3824524636666667,False,False,False,False,False
2010-09-12 09:00:00,0.4345,0.46367698701731863,0.45346811633333334,False,False,False,False,False
2010-09-12 10:00:00,0.26186666666666664,0.28810459001138805,0.26251290316666664,False,False,False,False,False
2010-09-12 11:00:00,0.8206,0.787056079968065,0.8204538753333334,False,False,False,False,False
2010-09-12 12:00:00,1.1534333333333333,1.2420064354270697,1.1577735728333332,False,False,False,False,False
2010-09-12 13:00:00,2.1095333333333333,2.0893950833696873,2.1166877306666665,True,False,False,False,False
2010-09-12 14:00:00,1.6432,1.6654887304782868,1.6349363016666667,True,False,False,False,False
2010-09-12 15:00:00,1.5487333333333335,1.5766146409146489,1.5436009833333333,True,False,False,False,False
2010-09-12 16:00:00,1.0166,1.0624432933799923,1.0219698853333332,False,False,False,False,False
2010-09-12 17:00:00,0.4826,0.5141582700233907,0.494503411,False,False,False,False,False
2010-09-12 18:00:00,0.42516666666666664,0.46079255672208963,0.4325568693333333,False,False,False,False,False
2010-09-12 19:00:00,0.3076666666666667,0.3427494173917919,0.31400828033333333,False,False,False,False,False
2010-09-12 20:00:00,1.3974,1.370053080669418,1.3832625665,False,False,False,False,False
2010-09-12 21:00:00,1.5438333333333332,1.5772284167282284,1.5287442273333334,True,False,False,False,False
2010-09-12 22:00:00,1.5374333333333332,1.5049614405423404,1.5219018666666666,True,False,False,False,False
2010-09-12 23:00:00,1.2895,1.3478933764260264,1.2766351616666667,False,False,False,False,False
2010-09-13 00:00:00,0.7721333333333332,0.7799740238640458,0.7714851415,False,False,False,False,False
2010-09-13 01:00:00,0.3366,0.35664050709232686,0.3467345061666667,False,False,False,False,False
2010-09-13 02:00:00,0.9683333333333334,0.9578948438987137,0.970964573,False,False,False,False,False
2010-09-13 03:00:00,0.3106666666666667,0.3501326093804091,0.318135214,False,False,False,False,False
2010-09-13 04:00:00,0.21419999999999997,0.2354934375017881,0.21509184566666667,False,False,False,False,False
2010-09-13 05:00:00,0.2632,0.2843215452998876,0.2638038698333333,False,False,False,False,False
2010-09-13 06:00:00,0.6192333333333334,0.5980921365343034,0.6161527653333334,False,False,False,False,False
2010-09-13 07:00:00,1.9085666666666665,1.9215213692598045,1.9013065616666667,True,False,False,False,False
2010-09-13 08:00:00,1.4395666666666667,1.4476297535471618,1.4463116433333334,True,False,False,False,False
2010-09-13 09:00:00,0.5902333333333334,0.6263724025137722,0.5950555278333333,False,False,False,False,False
2010-09-13 10:00:00,0.3597666666666666,0.3801804792549461,0.3679017975,False,False,False,False,False
2010-09-13 11:00:00,0.3375666666666666,0.3649720372498035,0.3442809991666667,False,False,False,False,False
2010-09-13 12:00:00,0.26786666666666664,0.2985580738693476,0.2774763615,False,False,False,False,False
2010-09-13 13:00:00,1.2969,1.3167463202804328,1.2980963523333335,False,False,False,False,False
2010-09-13 14:00:00,0.3499666666666667,0.3814029235363006,0.352630959,False,False,False,False,False
2010-09-13 15:00:00,0.2418,0.2755953380856663,0.24069410549999998,False,False,False,False,False
2010-09-13 16:00:00,0.3480666666666667,0.3768619732599705,0.35098844766666665,False,False,False,False,False
2010-09-13 17:00:00,0.34590000000000004,0.37606247509494417,0.3538704245,False,False,False,False,False
2010-09-13 18:00:00,0.7102666666666667,0.7307020268827676,0.7242710121666666,False,False,False,False,False
2010-09-13 19:00:00,1.2278333333333333,1.2912892567992211,1.3045871513333334,False,False,False,False,False
2010-09-13 20:00:00,1.4990999999999999,1.496047714798525,1.4910001666666666,True,False,False,False,False
2010-09-13 21:00:00,1.7951000000000001,1.8029276584632694,1.78299694,True,False,False,False,False
2010-09-13 22:00:00,1.4222333333333335,1.4727345980841666,1.4105484665,False,False,False,False,False
2010-09-13 23:00:00,0.31356666666666666,0.36159838124737137,0.3186620153333333,False,False,False,False,False
2010-09-14 00:00:00,0.3368333333333334,0.3589313838377595,0.343353125,False,False,False,False,False
2010-09-14 01:00:00,0.3358,0.35517402467951176,0.3439167815,False,False,False,False,False
2010-09-14 02:00:00,0.3402,0.36129307622686024,0.3478375948333333,False,False,False,False,False
2010-09-14 03:00:00,0.27923333333333333,0.30568435203023253,0.2871987021666667,False,False,False,False,False
2010-09-14 04:00:00,0.25666666666666665,0.27792844456359744,0.25579942083333335,False,False,False,False,False
2010-09-14 05:00:00,0.26039999999999996,0.2830776929616928,0.2614768935,False,False,False,False,False
2010-09-14 06:00:00,0.6287,0.6207059864878653,0.6230009424999999,False,False,False,False,False
2010-09-14 07:00:00,1.7493333333333334,1.7585122082829476,1.7420718549999998,True,False,False,False,False
2010-09-14 08:00:00,1.4405,1.4568430885270238,1.4410831933333335,True,False,False,False,False
2010-09-14 09:00:00,2.193433333333333,2.131995258579403,2.193921001666667,True,False,False,False,False
2010-09-14 10:00:00,0.9704666666666667,0.9829027558542788,0.9728368008333333,False,False,False,False,False
2010-09-14 11:00:00,1.7899,1.797796717502922,1.7923978406666665,True,False,False,False,False
2010-09-14 12:00:00,0.5667666666666666,0.5823663554448634,0.5575773801666667,False,False,False,False,False
2010-09-14 13:00:00,0.5091666666666667,0.5483545858141035,0.5200330523333333,False,False,False,False,False
2010-09-14 14:00:00,0.9451666666666667,0.9938106734693051,0.9523861100000001,False,False,False,False,False
2010-09-14 15:00:00,0.3289666666666667,0.36795893542766567,0.34121489916666664,False,False,False,False,False
2010-09-14 16:00:00,0.3869666666666667,0.4222790351968258,0.3893885063333334,False,False,False,False,False
2010-09-14 17:00:00,0.5251666666666667,0.5566368002854287,0.5341022183333333,False,False,False,False,False
2010-09-14 18:00:00,1.5987,1.5912235455386343,1.5993399933333334,True,False,False,False,False
2010-09-14 19:00:00,1.9842333333333333,1.9700836742401124,1.9764187133333333,True,False,False,False,False
2010-09-14 20:00:00,2.0944333333333334,2.115770596039295,2.083806398333333,True,False,False,False,False
2010-09-14 21:00:00,2.1402666666666668,2.16449471616447,2.122723553333333,True,False,False,False,False
2010-09-14 22:00:00,1.3248333333333335,1.3160518961366268,1.3042729666666666,False,False,False,False,False
2010-09-14 23:00:00,0.8584999999999999,0.8707559838164598,0.8504684886666667,False,False,False,False,False
2010-09-15 00:00:00,0.3932,0.4097595541771501,0.3953485425,False,False,False,False,False
2010-09-15 01:00:00,0.40836666666666666,0.414928507726267,0.4041717535,False,False,False,False,False
2010-09-15 02:00:00,0.38073333333333337,0.4101817321684211,0.3893358655,False,False,False,False,False
2010-09-15 03:00:00,0.351,0.37130537168420846,0.35327092699999996,False,False,False,False,False
2010-09-15 04:00:00,0.23933333333333331,0.26907164305895565,0.24190904333333335,False,False,False,False,False
2010-09-15 05:00:00,0.305,0.33402006086483593,0.3082731965,False,False,False,False,False
2010-09-15 06:00:00,0.8122666666666667,0.8044478975594044,0.8097582776666667,False,False,False,False,False
2010-09-15 07:00:00,2.0184,2.0111830311611296,2.009513361666667,True,False,False,False,False
2010-09-15 08:00:00,1.5053666666666667,1.5150474245682362,1.5051687616666667,True,False,False,False,False
2010-09-15 09:00:00,1.1082333333333334,1.1374559483569116,1.1142664845,False,False,False,False,False
2010-09-15 10:00:00,0.31056666666666666,0.3328514299161732,0.31885820766666667,False,False,False,False,False
2010-09-15 11:00:00,0.22896666666666665,0.26501589474901555,0.22984099983333334,False,False,False,False,False
2010-09-15 12:00:00,0.3728666666666667,0.40292162604779,0.385126658,False,False,False,False,False
2010-09-15 13:00:00,0.27376666666666666,0.30550717095509167,0.2756794003333333,False,False,False,False,False
2010-09-15 14:00:00,0.3443333333333333,0.376853720716387,0.35535808583333334,False,False,False,False,False
2010-09-15 15:00:00,0.35886666666666667,0.4037938841730356,0.37410020666666666,False,False,False,False,False
2010-09-15 16:00:00,0.4031333333333333,0.444754001281783,0.4160272626666667,False,False,False,False,False
2010-09-15 17:00:00,0.3624,0.39575215662643315,0.3698003585,False,False,False,False,False
2010-09-15 18:00:00,0.9830333333333333,1.011868462343514,0.9857970753333334,False,False,False,False,False
2010-09-15 19:00:00,0.20803333333333332,0.23780817413181063,0.2075938715,False,False,False,False,False
2010-09-15 20:00:00,0.7553,0.7350113147567957,0.7624995254999999,False,False,False,False,False
2010-09-15 21:00:00,1.5866666666666667,1.5964492443263532,1.5726360516666666,True,False,False,False,False
2010-09-15 22:00:00,1.7083666666666666,1.6921738997340203,1.6968331483333332,True,False,False,False,False
2010-09-15 23:00:00,1.0167,1.054845262985304,0.9969118925,False,False,False,False,False
2010-09-16 00:00:00,0.4185666666666667,0.44472421517521143,0.42382988516666664,False,False,False,False,False
2010-09-16 01:00:00,0.3141333333333333,0.33592773922234775,0.3173973666666667,False,False,False,False,False
2010-09-16 02:00:00,0.26486666666666664,0.2858168845251202,0.265274938,False,False,False,False,False
2010-09-16 03:00:00,0.9834999999999999,1.0091559960454703,0.9865654095,False,False,False,False,False
2010-09-16 04:00:00,0.2645,0.28941369182988996,0.26769172766666666,False,False,False,False,False
2010-09-16 05:00:00,0.31039999999999995,0.3381117334235459,0.31638484116666665,False,False,False,False,False
2010-09-16 06:00:00,0.6315666666666666,0.616296935628727,0.6349012915,False,False,False,False,False
2010-09-16 07:00:00,1.9140666666666666,1.9118341285526754,1.9006196350000002,True,False,False,False,False
2010-09-16 08:00:00,1.4490333333333334,1.4697333503700796,1.4513965866666667,True,False,False,False,False
2010-09-16 09:00:00,0.5514666666666667,0.5915029471874237,0.5612280456666666,False,False,False,False,False
2010-09-16 10:00:00,0.5208333333333334,0.543325879555568,0.5285248193333333,False,False,False,False,False
2010-09-16 11:00:00,1.34,1.3618838381908835,1.3413637316666667,False,False,False,False,False
2010-09-16 12:00:00,1.4146666666666665,1.4186218166396023,1.4147327533333334,False,False,False,False,False
2010-09-16 13:00:00,1.4808333333333332,1.4993341673463585,1.4786986333333334,True,False,False,False,False
2010-09-16 14:00:00,0.5958666666666667,0.6447969402406365,0.6045994346666667,False,False,False,False,False
2010-09-16 15:00:00,0.27526666666666666,0.30627781573683016,0.2714717305,False,False,False,False,False
2010-09-16 16:00:00,0.2105,0.24298073238208887,0.21153869083333332,False,False,False,False,False
2010-09-16 17:00:00,0.2618333333333333,0.29619504754878573,0.2635704741666667,False,False,False,False,False
2010-09-16 18:00:00,0.7915333333333333,0.790955830308795,0.7803810361666667,False,False,False,False,False
2010-09-16 19:00:00,1.3970333333333333,1.395401233619079,1.3957608605,False,False,False,False,False
2010-09-16 20:00:00,2.9842999999999997,2.9079843238979577,2.966822385,True,True,False,True,True
2010-09-16 21:00:00,1.7319333333333333,1.7353076646737755,1.7198503900000002,True,False,False,False,False
2010-09-16 22:00:00,1.4389,1.4413166777253152,1.4232271453333332,True,False,False,False,False
2010-09-16 23:00:00,0.7833666666666667,0.8141972350049765,0.7648995966666666,False,False,False,False,False
2010-09-17 00:00:00,0.47656666666666664,0.5098527349889278,0.4746699735,False,False,False,False,False
2010-09-17 01:00:00,0.2953,0.3268172191530466,0.300783595,False,False,False,False,False
2010-09-17 02:00:00,0.5791000000000001,0.5855250729106366,0.5859877566666667,False,False,False,False,False
2010-09-17 03:00:00,0.6627333333333334,0.7010183456726372,0.6680361885,False,False,False,False,False
2010-09-17 04:00:00,0.19949999999999998,0.22976755625158546,0.19846720466666667,False,False,False,False,False
2010-09-17 05:00:00,0.26236666666666664,0.2904224855557083,0.2616115408333333,False,False,False,False,False
2010-09-17 06:00:00,0.6324333333333333,0.6141274068683386,0.6289475714999999,False,False,False,False,False
2010-09-17 07:00:00,1.9198,1.930229308128357,1.9106937316666666,True,False,False,False,False
2010-09-17 08:00:00,1.3942666666666665,1.425153205947578,1.4086138983333332,False,False,False,False,False
2010-09-17 09:00:00,0.8596,0.8985006972320378,0.8683987998333333,False,False,False,False,False
2010-09-17 10:00:00,0.1999,0.2281587402656674,0.20118970983333334,False,False,False,False,False
2010-09-17 11:00:00,0.2872333333333333,0.31613144536204635,0.2859993505,False,False,False,False,False
2010-09-17 12:00:00,0.5261666666666667,0.553241129270196,0.5268350545,False,False,False,False,False
2010-09-17 13:00:00,0.3563,0.3996409995913505,0.35361159866666664,False,False,False,False,False
2010-09-17 14:00:00,0.7945666666666666,0.7801227129861713,0.7975095641666667,False,False,False,False,False
2010-09-17 15:00:00,1.6732333333333334,1.71654319800362,1.6666170066666666,True,False,False,False,False
2010-09-17 16:00:00,2.9641666666666664,2.9315756678529086,2.9518715099999997,True,True,False,True,True
2010-09-17 17:00:00,1.5464666666666667,1.585103779360652,1.5399835616666666,True,False,False,False,False
2010-09-17 18:00:00,1.9456333333333333,1.7983076688043773,1.9182812241666667,True,False,False,False,False
2010-09-17 19:00:00,2.9272,2.925166295210272,2.914754477166667,True,True,False,True,True
2010-09-17 20:00:00,2.8731333333333335,2.8016000665031373,2.853669955,True,True,False,True,True
2010-09-17 21:00:00,0.5738333333333333,0.6057494963597506,0.5666327683333333,False,False,False,False,False
2010-09-17 22:00:00,0.5266333333333334,0.5557738947685809,0.51557075,False,False,False,False,False
2010-09-17 23:00:00,0.484,0.5350480790600181,0.47847532299999995,False,False,False,False,False
2010-09-18 00:00:00,0.2914333333333333,0.31789279521033165,0.29327647833333337,False,False,False,False,False
2010-09-18 01:00:00,0.26736666666666664,0.2861655474618077,0.2690545518333333,False,False,False,False,False
2010-09-18 02:00:00,0.8251666666666666,0.8391931937001647,0.8238284971666666,False,False,False,False,False
2010-09-18 03:00:00,0.3550333333333333,0.3787768136978149,0.35966690366666665,False,False,False,False,False
2010-09-18 04:00:00,0.331,0.3534358358591795,0.3376000645,False,False,False,False,False
2010-09-18 05:00:00,0.20823333333333333,0.2312989754080772,0.20796410983333333,False,False,False,False,False
2010-09-18 06:00:00,0.6108666666666667,0.5951844094175845,0.6095293925,False,False,False,False,False
2010-09-18 07:00:00,1.8039999999999998,1.8273923029989005,1.7982935166666667,True,False,False,False,False
2010-09-18 08:00:00,1.3785999999999998,1.3922821527779103,1.3753561900000002,False,False,False,False,False
2010-09-18 09:00:00,0.8287,0.860932191048935,0.8314275331666666,False,False,False,False,False
2010-09-18 10:00:00,0.5166333333333333,0.5474338816300034,0.5136065295,False,False,False,False,False
2010-09-18 11:00:00,0.3648666666666667,0.40157411866225295,0.3618630548333333,False,False,False,False,False
2010-09-18 12:00:00,0.3004,0.3200966529883444,0.31265538433333334,False,False,False,False,False
2010-09-18 13:00:00,0.8346333333333333,0.869140655227378,0.8371753508333334,False,False,False,False,False
2010-09-18 14:00:00,1.0549333333333333,1.075758376387507,1.0537433196666666,False,False,False,False,False
2010-09-18 15:00:00,0.8408666666666667,0.8453652568496764,0.8482030885,False,False,False,False,False
2010-09-18 16:00:00,0.9072666666666667,0.9218112853061409,0.9090671865,False,False,False,False,False
2010-09-18 17:00:00,1.3213666666666666,1.3526792625799777,1.3216762,False,False,False,False,False
2010-09-18 18:00:00,0.7356333333333333,0.7706770373221487,0.7413844646666666,False,False,False,False,False
2010-09-18 19:00:00,1.5119,1.5215580546107144,1.5008993573333334,True,False,False,False,False
2010-09-18 20:00:00,1.7384666666666668,1.7747232434615492,1.72999404,True,False,False,False,False
2010-09-18 21:00:00,1.5982333333333334,1.631516781273484,1.5908250166666666,True,False,False,False,False
2010-09-18 22:00:00,1.6707999999999998,1.6934607931368053,1.6578294266666667,True,False,False,False,False
2010-09-18 23:00:00,0.5027,0.5467745374832302,0.48569046266666666,False,False,False,False,False
2010-09-19 00:00:00,0.3826,0.3935946332491934,0.3687233735,False,False,False,False,False
2010-09-19 01:00:00,0.40396666666666664,0.4139895495988428,0.39243243783333337,False,False,False,False,False
2010-09-19 02:00:00,0.414,0.4227644442826509,0.4041751753333333,False,False,False,False,False
2010-09-19 03:00:00,0.48569999999999997,0.5026841626279056,0.47603005933333337,False,False,False,False,False
2010-09-19 04:00:00,0.28163333333333335,0.30787578607127064,0.2851538215,False,False,False,False,False
2010-09-19 05:00:00,0.1971,0.21724075609743593,0.1984876495,False,False,False,False,False
2010-09-19 06:00:00,0.23706666666666668,0.25959362452924245,0.24224774383333333,False,False,False,False,False
2010-09-19 07:00:00,0.5294333333333333,0.5415086342070251,0.5434056681666667,False,False,False,False,False
2010-09-19 08:00:00,0.9478333333333333,0.9768756550487131,0.9420247945,False,False,False,False,False
2010-09-19 09:00:00,0.8190666666666666,0.8301591596834362,0.8111799763333334,False,False,False,False,False
2010-09-19 10:00:00,0.5698333333333333,0.6119665380321443,0.5669111358333333,False,False,False,False,False
2010-09-19 11:00:00,0.26589999999999997,0.2960541178613901,0.2647573055,False,False,False,False,False
2010-09-19 12:00:00,0.21293333333333334,0.24514917685165996,0.212090958,False,False,False,False,False
2010-09-19 13:00:00,0.4809333333333333,0.5100620833583176,0.4773638446666667,False,False,False,False,False
2010-09-19 14:00:00,0.3187333333333333,0.3587348185781389,0.3191180385,False,False,False,False,False
2010-09-19 15:00:00,0.2951,0.33280758026279506,0.30001785416666665,False,False,False,False,False
2010-09-19 16:00:00,0.25279999999999997,0.2870613198153674,0.2550762183333333,False,False,False,False,False
2010-09-19 17:00:00,0.3328,0.3750737102299928,0.3418941776666667,False,False,False,False,False
2010-09-19 18:00:00,1.6387333333333334,1.6414045821763574,1.6370598151666667,True,False,False,False,False
2010-09-19 19:00:00,1.0944666666666667,1.1481323304474353,1.0899977438333333,False,False,False,False,False
2010-09-19 20:00:00,2.343566666666667,2.304180252887681,2.321005974333333,True,True,False,False,False
2010-09-19 21:00:00,1.8975666666666666,1.951907723042369,1.875273363,True,False,False,False,False
2010-09-19 22:00:00,0.7172333333333333,0.7642624297700823,0.7038157343333334,False,False,False,False,False
2010-09-19 23:00:00,0.20766666666666664,0.2439352512143552,0.20454310183333335,False,False,False,False,False
2010-09-20 00:00:00,0.3577666666666666,0.3829875374104827,0.3601397536666667,False,False,False,False,False
2010-09-20 01:00:00,0.3307333333333334,0.35821331378705795,0.33821615716666664,False,False,False,False,False
2010-09-20 02:00:00,0.8504666666666666,0.8716490697897971,0.8509771463333333,False,False,False,False,False
2010-09-20 03:00:00,0.27186666666666665,0.3003976154193282,0.2703194463333333,False,False,False,False,False
2010-09-20 04:00:00,0.1951,0.22718278937265274,0.19257265066666665,False,False,False,False,False
2010-09-20 05:00:00,0.2795333333333333,0.30680735566467043,0.27990038433333336,False,False,False,False,False
2010-09-20 06:00:00,0.6302,0.6224324812900275,0.6294729425,False,False,False,False,False
2010-09-20 07:00:00,2.116966666666667,2.0894783062905073,2.100016005,True,False,False,False,False
2010-09-20 08:00:00,1.4034333333333333,1.4247797394298019,1.4042833250000002,False,False,False,False,False
2010-09-20 09:00:00,1.3784666666666667,1.3992796636886895,1.379234485,False,False,False,False,False
2010-09-20 10:00:00,1.4202666666666666,1.4441758504226805,1.428586825,False,False,False,False,False
2010-09-20 11:00:00,0.8689,0.895678688756749,0.8891335525,False,False,False,False,False
2010-09-20 12:00:00,2.172266666666667,2.1323745491310953,2.1811807366666667,True,False,False,False,False
2010-09-20 13:00:00,1.1652666666666667,1.1707002273194493,1.1686273535,False,False,False,False,False
2010-09-20 14:00:00,0.9749333333333333,1.0604178635086865,1.0894880106666667,False,False,False,False,False
2010-09-20 15:00:00,1.3373333333333333,1.3551491138353946,1.3358285866666668,False,False,False,False,False
2010-09-20 16:00:00,1.3558999999999999,1.3792215427435934,1.3567606,False,False,False,False,False
2010-09-20 17:00:00,1.4825333333333333,1.5017947530932725,1.4867619666666667,True,False,False,False,False
2010-09-20 18:00:00,1.1808666666666667,1.1934348765973002,1.2366326966666668,False,False,False,False,False
2010-09-20 19:00:00,1.3009,1.351366327680275,1.3494199491666667,False,False,False,False,False
2010-09-20 20:00:00,2.063066666666667,1.9634510782834143,2.0311624415,True,False,False,False,False
2010-09-20 21:00:00,2.5983666666666663,2.599502955393493,2.5692234883333334,True,True,False,True,True
2010-09-20 22:00:00,1.6893666666666667,1.7023477140594274,1.6799601604999999,True,False,False,False,False
2010-09-20 23:00:00,0.6227,0.6440304344184697,0.6079561628333333,False,False,False,False,False
2010-09-21 00:00:00,0.4720333333333333,0.5029728514574469,0.4700847305,False,False,False,False,False
2010-09-21 01:00:00,0.3028333333333333,0.3335144411742687,0.311286902,False,False,False,False,False
2010-09-21 02:00:00,0.20446666666666666,0.23393080091997975,0.20687732783333332,False,False,False,False,False
2010-09-21 03:00:00,0.26890000000000003,0.29538648070730267,0.27099530433333335,False,False,False,False,False
2010-09-21 04:00:00,0.27229999999999993,0.30041055421158663,0.27626830966666666,False,False,False,False,False
2010-09-21 05:00:00,0.9105000000000001,0.9279100055433811,0.9146378725,False,False,False,False,False
2010-09-21 06:00:00,0.6151666666666668,0.6020657215245069,0.6102945099999999,False,False,False,False,False
2010-09-21 07:00:00,1.8787333333333334,1.8944753760017456,1.8703540349999999,True,False,False,False,False
2010-09-21 08:00:00,1.3339666666666665,1.3640382095120849,1.3387717483333332,False,False,False,False,False
2010-09-21 09:00:00,1.3714666666666666,1.386654040130973,1.37185155,False,False,False,False,False
2010-09-21 10:00:00,1.0264,1.0516318344406783,1.041236875,False,False,False,False,False
2010-09-21 11:00:00,0.7342333333333334,0.7408778157010675,0.7854575726666667,False,False,False,False,False
2010-09-21 12:00:00,0.8323666666666667,0.8568494945801794,0.8397173171666666,False,False,False,False,False
2010-09-21 13:00:00,0.5928666666666668,0.6449775326140226,0.5984070285,False,False,False,False,False
2010-09-21 14:00:00,0.3046333333333333,0.34257276851758356,0.309699722,False,False,False,False,False
2010-09-21 15:00:00,0.4209333333333333,0.4670932554431259,0.43597553333333333,False,False,False,False,False
2010-09-21 16:00:00,0.4111333333333333,0.4519025598701089,0.41814779133333335,False,False,False,False,False
2010-09-21 17:00:00,0.2477333333333333,0.2974061702154576,0.2563298846666667,False,False,False,False,False
2010-09-21 18:00:00,0.3106333333333333,0.3557166755419224,0.318781052,False,False,False,False,False
2010-09-21 19:00:00,0.5627666666666666,0.5846509267065674,0.5592109235,False,False,False,False,False
2010-09-21 20:00:00,2.0710333333333333,2.030639011329785,2.052364935,True,False,False,False,False
2010-09-21 21:00:00,2.0067666666666666,2.022913937165588,1.9909351883333335,True,False,False,False,False
2010-09-21 22:00:00,1.0306666666666666,1.0777973472062499,1.0062626993333332,False,False,False,False,False
2010-09-21 23:00:00,0.3404,0.3785964977122843,0.33846083483333333,False,False,False,False,False
2010-09-22 00:00:00,0.28543333333333337,0.29803505065962665,0.28434905616666667,False,False,False,False,False
2010-09-22 01:00:00,0.3053666666666667,0.34405388577021656,0.30742695366666667,False,False,False,False,False
2010-09-22 02:00:00,0.32706666666666667,0.35369874997809525,0.33596970800000003,False,False,False,False,False
2010-09-22 03:00:00,0.26043333333333335,0.2950199115410447,0.2690327688333333,False,False,False,False,False
2010-09-22 04:00:00,0.7687,0.7824639910802246,0.7694728345,False,False,False,False,False
2010-09-22 05:00:00,0.39396666666666663,0.4367747476778924,0.3956566873333333,False,False,False,False,False
2010-09-22 06:00:00,0.5784,0.5719887273654342,0.5757432623333333,False,False,False,False,False
2010-09-22 07:00:00,2.0355333333333334,2.0294235295534135,2.0216386116666665,True,False,False,False,False
2010-09-22 08:00:00,1.8892,1.8996076639242472,1.8865722816666666,True,False,False,False,False
2010-09-22 09:00:00,1.8499333333333332,1.8366970023393632,1.8525452266666667,True,False,False,False,False
2010-09-22 10:00:00,1.5564,1.5772694044299425,1.5609483025000002,True,False,False,False,False
2010-09-22 11:00:00,0.3938333333333333,0.41729557218998664,0.39367828833333335,False,False,False,False,False
2010-09-22 12:00:00,0.7272666666666667,0.7244034912567585,0.7360574138333333,False,False,False,False,False
2010-09-22 13:00:00,1.4374666666666667,1.474848399371654,1.440962648,True,False,False,False,False
2010-09-22 14:00:00,0.3046333333333333,0.3525918625675141,0.31426720750000003,False,False,False,False,False
2010-09-22 15:00:00,0.9953,1.0120598667629064,0.9944749705,False,False,False,False,False
2010-09-22 16:00:00,1.3890333333333333,1.4087614405445756,1.3875844816666667,False,False,False,False,False
2010-09-22 17:00:00,1.4524333333333332,1.4723884212665261,1.4544566383333333,True,False,False,False,False
2010-09-22 18:00:00,1.643,1.6550684234503659,1.7456677256666666,True,False,False,False,False
2010-09-22 19:00:00,1.6807,1.6707962867073716,1.7113374663333334,True,False,False,False,False
2010-09-22 20:00:00,2.1387,2.165451099071652,2.123404245,True,False,False,False,False
2010-09-22 21:00:00,1.5795666666666668,1.6115715788267553,1.5644727166666668,True,False,False,False,False
2010-09-22 22:00:00,0.8024,0.8482380130156876,0.7781769361666666,False,False,False,False,False
2010-09-22 23:00:00,0.3784666666666666,0.4332864785011858,0.38305477066666666,False,False,False,False,False
2010-09-23 00:00:00,0.3320666666666667,0.35886971916966137,0.3368093333333333,False,False,False,False,False
2010-09-23 01:00:00,0.49589999999999995,0.5102241015076637,0.5000487641666667,False,False,False,False,False
2010-09-23 02:00:00,0.7034,0.7356676865339279,0.7106659641666667,False,False,False,False,False
2010-09-23 03:00:00,0.29883333333333334,0.32576298260018227,0.3062000976666666,False,False,False,False,False
2010-09-23 04:00:00,0.2033333333333333,0.23529522557407612,0.203082549,False,False,False,False,False
2010-09-23 05:00:00,0.2656,0.2916546706229448,0.26925464016666667,False,False,False,False,False
2010-09-23 06:00:00,0.7313666666666666,0.6906482952840627,0.7277269116666667,False,False,False,False,False
2010-09-23 07:00:00,2.5547,2.544414282722771,2.5473506833333333,True,True,False,True,True
2010-09-23 08:00:00,1.9102333333333332,1.9094107982426884,1.9091314583333334,True,False,False,False,False
2010-09-23 09:00:00,1.4231666666666667,1.4281279375731946,1.4182062733333334,False,False,False,False,False
2010-09-23 10:00:00,1.8184666666666667,1.8017133501350882,1.81484553,True,False,False,False,False
2010-09-23 11:00:00,0.8200666666666667,0.8472389367576689,0.8162248123333333,False,False,False,False,False
2010-09-23 12:00:00,1.5701,1.5806622772753238,1.5683814283333333,True,False,False,False,False
2010-09-23 13:00:00,1.4990999999999999,1.5241089231707157,1.491353725,True,False,False,False,False
2010-09-23 14:00:00,1.4011666666666664,1.422388193037361,1.405449835,False,False,False,False,False
2010-09-23 15:00:00,0.6156666666666666,0.6703330856256187,0.6250215676666666,False,False,False,False,False
2010-09-23 16:00:00,0.3339,0.37575792242549355,0.340257472,False,False,False,False,False
2010-09-23 17:00:00,0.3684333333333333,0.40126494352594017,0.367390446,False,False,False,False,False
2010-09-23 18:00:00,0.6257333333333333,0.6609159890145064,0.6194780403333334,False,False,False,False,False
2010-09-23 19:00:00,1.2010333333333334,1.1995610607344658,1.1901647328333333,False,False,False,False,False
2010-09-23 20:00:00,0.9679333333333333,0.9938576731212438,0.9551826413333333,False,False,False,False,False
2010-09-23 21:00:00,2.0422333333333333,2.0699616140659898,2.0200633906666665,True,False,False,False,False
2010-09-23 22:00:00,1.0331000000000001,1.0556296400599183,1.0122650595,False,False,False,False,False
2010-09-23 23:00:00,0.9488333333333333,0.9782682253137231,0.9353298695000001,False,False,False,False,False
2010-09-24 00:00:00,0.4999333333333333,0.5369098063934594,0.4905305173333333,False,False,False,False,False
2010-09-24 01:00:00,0.3203,0.354019660282135,0.32652868749999997,False,False,False,False,False
2010-09-24 02:00:00,0.31416666666666665,0.3400553003668785,0.31972097466666666,False,False,False,False,False
2010-09-24 03:00:00,0.2668333333333333,0.29339948795102533,0.270736154,False,False,False,False,False
2010-09-24 04:00:00,0.2029,0.23356831310391424,0.20429977366666666,False,False,False,False,False
2010-09-24 05:00:00,0.7952666666666667,0.8130152544543148,0.8007075111666667,False,False,False,False,False
2010-09-24 06:00:00,0.7827666666666667,0.8075402236446738,0.7856652356666667,False,False,False,False,False
2010-09-24 07:00:00,2.1366666666666663,2.1109879010334613,2.12718674,True,False,False,False,False
2010-09-24 08:00:00,1.4683333333333333,1.4998372302778065,1.4723435233333333,True,False,False,False,False
2010-09-24 09:00:00,1.3575333333333333,1.3877638272136452,1.3553696633333334,False,False,False,False,False
2010-09-24 10:00:00,1.2882,1.325139227744937,1.2875728891666667,False,False,False,False,False
2010-09-24 11:00:00,0.39576666666666666,0.4386910983044654,0.3884780328333333,False,False,False,False,False
2010-09-24 12:00:00,0.5886666666666667,0.6253916494674981,0.5926707931666667,False,False,False,False,False
2010-09-24 13:00:00,0.8107,0.8312416872423143,0.8073269009999999,False,False,False,False,False
2010-09-24 14:00:00,0.9828333333333333,0.9898673800393939,0.9939542343333334,False,False,False,False,False
2010-09-24 15:00:00,0.26486666666666664,0.30595749112814663,0.26517097366666664,False,False,False,False,False
2010-09-24 16:00:00,0.6632,0.68251221043244,0.6709822,False,False,False,False,False
2010-09-24 17:00:00,0.7355333333333333,0.7948183800786734,0.735387797,False,False,False,False,False
2010-09-24 18:00:00,0.8364666666666666,0.8229655183266849,0.8351327816666667,False,False,False,False,False
2010-09-24 19:00:00,2.0984,2.0696633764818313,2.122642135,True,False,False,False,False
2010-09-24 20:00:00,2.2476,2.2799126660346984,2.223027975,True,False,False,False,False
2010-09-24 21:00:00,1.5723666666666667,1.6007219276122748,1.559079185,True,False,False,False,False
2010-09-24 22:00:00,1.0881666666666665,1.137253131107986,1.0604191303333335,False,False,False,False,False
2010-09-24 23:00:00,0.41573333333333334,0.4703441513448954,0.41610268966666664,False,False,False,False,False
2010-09-25 00:00:00,0.3555,0.3701566063698381,0.3574939325,False,False,False,False,False
2010-09-25 01:00:00,0.9487333333333333,0.9724343689985574,0.9508631009999999,False,False,False,False,False
2010-09-25 02:00:00,0.23796666666666663,0.2509653539456427,0.24205588966666666,False,False,False,False,False
2010-09-25 03:00:00,0.24060714285714283,0.2664403994213789,0.24201954232142858,False,False,False,False,False
2010-09-28 22:00:00,1.0706440677966103,1.1214411736289829,1.0521837915254237,False,False,False,False,False
2010-09-28 23:00:00,0.9712333333333334,1.0053604089491068,0.9567877961666666,False,False,False,False,False
2010-09-29 00:00:00,0.9060333333333334,0.9231893530957401,0.89566782,False,False,False,False,False
2010-09-29 01:00:00,0.7261666666666666,0.7633663762278855,0.7081225003333333,False,False,False,False,False
2010-09-29 02:00:00,0.8463999999999999,0.8530867784354836,0.8410098619999999,False,False,False,False,False
2010-09-29 03:00:00,0.5398333333333334,0.5800142913661898,0.5313018676666666,False,False,False,False,False
2010-09-29 04:00:00,0.3545666666666667,0.3845186500027776,0.347145685,False,False,False,False,False
2010-09-29 05:00:00,0.36576666666666663,0.39451458508223297,0.3594762521666667,False,False,False,False,False
2010-09-29 06:00:00,0.7652333333333333,0.7614787191871554,0.760624495,False,False,False,False,False
2010-09-29 07:00:00,2.4926000000000004,2.4803056930765512,2.47000312,True,True,False,True,True
2010-09-29 08:00:00,1.5998666666666665,1.633963473558426,1.5976675283333333,True,False,False,False,False
2010-09-29 09:00:00,1.5772666666666666,1.60307642294392,1.5710156766666665,True,False,False,False,False
2010-09-29 10:00:00,1.4526999999999999,1.4738673191864045,1.4494995018333334,True,False,False,False,False
2010-09-29 11:00:00,1.4236666666666666,1.4907872398346664,1.4230401075,False,False,False,False,False
2010-09-29 12:00:00,1.0519666666666667,1.0985418537292628,1.0872627555,False,False,False,False,False
2010-09-29 13:00:00,0.39596666666666663,0.4442404884204268,0.3912633035,False,False,False,False,False
2010-09-29 14:00:00,1.1739333333333333,1.1808330409124494,1.1660771316666667,False,False,False,False,False
2010-09-29 15:00:00,1.6014333333333333,1.6326146528162062,1.5951363950000002,True,False,False,False,False
2010-09-29 16:00:00,1.4675333333333331,1.4872409106910232,1.4540930733333333,True,False,False,False,False
2010-09-29 17:00:00,1.4179666666666668,1.4525518605075776,1.4108632633333333,False,False,False,False,False
2010-09-29 18:00:00,1.231,1.278071452029422,1.2213400496666666,False,False,False,False,False
2010-09-29 19:00:00,0.9260666666666667,0.9379789845149965,0.9219616551666667,False,False,False,False,False
2010-09-29 20:00:00,1.7860666666666667,1.7738473682902756,1.7731082066666666,True,False,False,False,False
2010-09-29 21:00:00,1.5102666666666666,1.536707240568474,1.5021287783333332,True,False,False,False,False
2010-09-29 22:00:00,1.3882,1.3716676671948285,1.3624423776666668,False,False,False,False,False
2010-09-29 23:00:00,1.0732666666666666,1.124866002836451,1.0484488285,False,False,False,False,False
2010-09-30 00:00:00,0.4951,0.5264008152127266,0.4763958285,False,False,False,False,False
2010-09-30 01:00:00,0.6155666666666666,0.6377995973572135,0.5996797673333333,False,False,False,False,False
2010-09-30 02:00:00,0.6082,0.6272771941643208,0.5901194718333334,False,False,False,False,False
2010-09-30 03:00:00,0.49779999999999996,0.5355222721483558,0.4807357783333333,False,False,False,False,False
2010-09-30 04:00:00,0.5483,0.5795796683773399,0.5249895398333334,False,False,False,False,False
2010-09-30 05:00:00,0.4808,0.5145713032115251,0.46722467733333334,False,False,False,False,False
2010-09-30 06:00:00,0.9968333333333333,0.98277341593951,0.9705305535,False,False,False,False,False
2010-09-30 07:00:00,2.6383666666666667,2.612527975176275,2.61918426,True,True,False,True,True
2010-09-30 08:00:00,1.6083,1.6583733548924326,1.60451328,True,False,False,False,False
2010-09-30 09:00:00,1.3473333333333335,1.3861437513373793,1.3509958766666665,False,False,False,False,False
2010-09-30 10:00:00,1.4476333333333333,1.4662951252266765,1.4402983916666665,True,False,False,False,False
2010-09-30 11:00:00,1.1480333333333332,1.1964944784976543,1.1418090001666668,False,False,False,False,False
2010-09-30 12:00:00,0.5352,0.5592208230432123,0.5279952398333333,False,False,False,False,False
2010-09-30 13:00:00,0.5711333333333334,0.6018295834220946,0.5514597056666666,False,False,False,False,False
2010-09-30 14:00:00,0.6650666666666666,0.6956401322256773,0.6471917366666666,False,False,False,False,False
2010-09-30 15:00:00,0.6374333333333334,0.6845083150722087,0.6207749448333334,False,False,False,False,False
2010-09-30 16:00:00,0.45386666666666664,0.4898113790590316,0.44429969183333334,False,False,False,False,False
2010-09-30 17:00:00,0.6844,0.7165228134732693,0.6695301446666666,False,False,False,False,False
2010-09-30 18:00:00,2.0233333333333334,2.0118663709860294,2.0226662833333333,True,False,False,False,False
2010-09-30 19:00:00,0.7304333333333334,0.7979425778672099,0.7280863856666666,False,False,False,False,False
2010-09-30 20:00:00,0.44453333333333334,0.486181302337721,0.439169971,False,False,False,False,False
2010-09-30 21:00:00,0.3501666666666666,0.3892263766888529,0.34257888049999996,False,False,False,False,False
2010-09-30 22:00:00,0.45716666666666667,0.47182959958836435,0.44031175883333334,False,False,False,False,False
2010-09-30 23:00:00,0.8196333333333333,0.8711792316962034,0.7962535971666667,False,False,False,False,False
2010-10-01 00:00:00,0.46653333333333336,0.4805771161004901,0.4606928961666667,False,False,False,False,False
2010-10-01 01:00:00,0.46446666666666664,0.460212844511494,0.4542366685,False,False,False,False,False
2010-10-01 02:00:00,0.3935333333333333,0.4080124091558158,0.38782850100000005,False,False,False,False,False
2010-10-01 03:00:00,1.1539666666666666,1.1614891295038166,1.1529504941666666,False,False,False,False,False
2010-10-01 04:00:00,0.29843333333333333,0.313680343902111,0.297383802,False,False,False,False,False
2010-10-01 05:00:00,0.34769999999999995,0.36484289965368805,0.3492044228333333,False,False,False,False,False
2010-10-01 06:00:00,0.7348666666666667,0.7127121450643987,0.7270599053333334,False,False,False,False,False
2010-10-01 07:00:00,2.3709,2.335384591959417,2.35030372,True,True,False,True,True
2010-10-01 08:00:00,1.4533999999999998,1.4706834963761273,1.4508777466666667,True,False,False,False,False
2010-10-01 09:00:00,0.46159999999999995,0.4917045926615596,0.46132151816666667,False,False,False,False,False
2010-10-01 10:00:00,0.4330666666666667,0.43351874374449245,0.42904286333333336,False,False,False,False,False
2010-10-01 11:00:00,1.5200666666666665,1.519190777540952,1.5120453649999999,True,False,False,False,False
2010-10-01 12:00:00,2.4493666666666667,2.411744707685709,2.5000251566666667,True,True,False,True,True
2010-10-01 13:00:00,1.7681666666666667,1.7510302354119718,1.7618912416666668,True,False,False,False,False
2010-10-01 14:00:00,1.4742666666666666,1.4763156361930072,1.4625203050000002,True,False,False,False,False
2010-10-01 15:00:00,1.0447666666666666,1.0401198427058758,1.0404983488333335,False,False,False,False,False
2010-10-01 16:00:00,1.7117666666666667,1.73987046193555,1.6880885656666667,True,False,False,False,False
2010-10-01 17:00:00,0.3544333333333333,0.37614276130907237,0.3490443816666666,False,False,False,False,False
2010-10-01 18:00:00,0.5629000000000001,0.5661505647491664,0.5553818033333333,False,False,False,False,False
2010-10-01 19:00:00,1.1308333333333331,1.139478545081243,1.1243346673333332,False,False,False,False,False
2010-10-01 20:00:00,0.7974666666666667,0.8160791873455048,0.7782107093333334,False,False,False,False,False
2010-10-01 21:00:00,2.1828333333333334,2.1538198524925862,2.1610902666666667,True,False,False,False,False
2010-10-01 22:00:00,0.6092,0.629160935138911,0.5966709988333334,False,False,False,False,False
2010-10-01 23:00:00,0.8957999999999999,0.885746202178672,0.8853958681666666,False,False,False,False,False
2010-10-02 00:00:00,0.36519999999999997,0.3607612586710601,0.3606043666666666,False,False,False,False,False
2010-10-02 01:00:00,0.8989666666666667,0.8467171178583056,0.8863070401666667,False,False,False,False,False
2010-10-02 02:00:00,0.3085333333333333,0.3245322610855102,0.30614496466666663,False,False,False,False,False
2010-10-02 03:00:00,0.9448,0.946670918263495,0.9455389883333333,False,False,False,False,False
2010-10-02 04:00:00,0.36136666666666667,0.3534275359936058,0.3594927156666667,False,False,False,False,False
2010-10-02 05:00:00,0.42223333333333335,0.4288130155552178,0.41822113516666665,False,False,False,False,False
2010-10-02 06:00:00,0.8281666666666666,0.7953874331824481,0.8167182248333333,False,False,False,False,False
2010-10-02 07:00:00,2.1751666666666667,2.165808552925289,2.15674624,True,False,False,False,False
2010-10-02 08:00:00,1.8114666666666668,1.8259915446579458,1.8081075133333333,True,False,False,False,False
2010-10-02 09:00:00,0.4921333333333333,0.5235495569467544,0.4895699345,False,False,False,False,False
2010-10-02 10:00:00,0.417,0.42976162874028084,0.4187927785,False,False,False,False,False
2010-10-02 11:00:00,0.8097,0.8032989799916744,0.798233056,False,False,False,False,False
2010-10-02 12:00:00,0.5983,0.6259354806363582,0.5964131256666667,False,False,False,False,False
2010-10-02 13:00:00,0.7486333333333334,0.7510951614566148,0.7429293211666667,False,False,False,False,False
2010-10-02 14:00:00,1.8700666666666665,1.8549166324198247,1.8525907146666667,True,False,False,False,False
2010-10-02 15:00:00,2.1852333333333336,2.1608377276331185,2.166933925,True,False,False,False,False
2010-10-02 16:00:00,1.9975666666666667,1.9848760016411544,1.9886894933333332,True,False,False,False,False
2010-10-02 17:00:00,1.5547666666666666,1.5619724984221162,1.5508977116666667,True,False,False,False,False
2010-10-02 18:00:00,0.7696666666666666,0.7925609078574926,0.7560660121666667,False,False,False,False,False
2010-10-02 19:00:00,1.5142666666666666,1.5039259819038213,1.5016421850000001,True,False,False,False,False
2010-10-02 20:00:00,3.9403,3.668771924118698,3.91816836,True,True,True,True,True
2010-10-02 21:00:00,3.7497333333333334,3.5772066741257906,3.7372490983333337,True,True,True,True,True
2010-10-02 22:00:00,1.6859000000000002,1.709804679659009,1.6739796366666666,True,False,False,False,False
2010-10-02 23:00:00,1.6050666666666666,1.6270616916045548,1.585496331,True,False,False,False,False
2010-10-03 00:00:00,0.3721,0.3865985900059342,0.3670368378333333,False,False,False,False,False
2010-10-03 01:00:00,0.36469999999999997,0.3678158913388848,0.3525950525,False,False,False,False,False
2010-10-03 02:00:00,0.44966666666666666,0.45514014800526204,0.4442399085,False,False,False,False,False
2010-10-03 03:00:00,0.4408,0.44689063234329224,0.43795810249999995,False,False,False,False,False
2010-10-03 04:00:00,0.3455333333333333,0.3493656454265118,0.34022060016666666,False,False,False,False,False
2010-10-03 05:00:00,0.38326666666666664,0.3893978674661368,0.37825784700000004,False,False,False,False,False
2010-10-03 06:00:00,0.3012333333333333,0.31279723189547654,0.2975302826666667,False,False,False,False,False
2010-10-03 07:00:00,0.6125333333333333,0.6155637588899583,0.6138659006666667,False,False,False,False,False
2010-10-03 08:00:00,1.1061,1.1148783230438828,1.0999421458333332,False,False,False,False,False
2010-10-03 09:00:00,2.2386,2.1358665951512754,2.2299477218333332,True,False,False,False,False
2010-10-03 10:00:00,2.4140333333333337,2.3961554025299847,2.5181111985,True,True,False,True,True
2010-10-03 11:00:00,3.395,3.3602175288677216,3.4594023233333333,True,True,True,True,True
2010-10-03 12:00:00,0.9115666666666667,0.95098699718602,0.9239054718333333,False,False,False,False,False
2010-10-03 13:00:00,0.4968333333333333,0.5211010479088872,0.49339129966666667,False,False,False,False,False
2010-10-03 14:00:00,1.9401000000000002,1.9048960382875058,1.9237394133333334,True,False,False,False,False
2010-10-03 15:00:00,1.2537999999999998,1.238978605099395,1.2445556823333335,False,False,False,False,False
2010-10-03 16:00:00,0.9990666666666665,1.0293088535573334,0.9900558661666667,False,False,False,False,False
2010-10-03 17:00:00,0.48156666666666664,0.5024488632906228,0.46830798316666666,False,False,False,False,False
2010-10-03 18:00:00,0.6803333333333333,0.6793161133952439,0.6670801316666667,False,False,False,False,False
2010-10-03 19:00:00,2.3235666666666663,2.269164142598957,2.314640513333333,True,False,False,False,False
2010-10-03 20:00:00,3.3895333333333335,3.282507405920327,3.363297258333333,True,True,True,True,True
2010-10-03 21:00:00,2.5301666666666667,2.489893122790754,2.511666208333333,True,True,False,True,True
2010-10-03 22:00:00,1.6654000000000002,1.6791793854892254,1.65267974,True,False,False,False,False
2010-10-03 23:00:00,1.4159,1.4222796871431174,1.3866939265,False,False,False,False,False
2010-10-04 00:00:00,0.9609333333333333,0.9791358877193184,0.9323366585,False,False,False,False,False
2010-10-04 01:00:00,0.8805999999999999,0.8764577411390841,0.8525277911666667,False,False,False,False,False
2010-10-04 02:00:00,0.8617,0.8584570788227023,0.8447758215000001,False,False,False,False,False
2010-10-04 03:00:00,0.9168000000000001,0.9075908455274999,0.9017982293333334,False,False,False,False,False
2010-10-04 04:00:00,0.8580666666666666,0.8587918318375946,0.8418009531666667,False,False,False,False,False
2010-10-04 05:00:00,0.8383,0.8478679941449314,0.8265723208333333,False,False,False,False,False
2010-10-04 06:00:00,1.1786666666666668,1.1479825371455403,1.1570613605,False,False,False,False,False
2010-10-04 07:00:00,2.6861,2.628337431831658,2.6762544416666665,True,True,False,True,True
2010-10-04 08:00:00,2.0932666666666666,2.079064859579504,2.082434425,True,False,False,False,False
2010-10-04 09:00:00,2.0266,2.005741860949993,2.016227123333333,True,False,False,False,False
2010-10-04 10:00:00,1.3338999999999999,1.35785485355258,1.315833716,False,False,False,False,False
2010-10-04 11:00:00,0.7101666666666666,0.6933391779538244,0.7167423416666666,False,False,False,False,False
2010-10-04 12:00:00,2.3162666666666665,2.286679677703977,2.3693062916666667,True,False,False,False,True
2010-10-04 13:00:00,0.7096,0.7339487577635795,0.702850928,False,False,False,False,False
2010-10-04 14:00:00,0.5258333333333334,0.5425805911306292,0.5221983136666667,False,False,False,False,False
2010-10-04 15:00:00,0.3916,0.4236740984391421,0.38851945099999996,False,False,False,False,False
2010-10-04 16:00:00,0.39926666666666666,0.42179399371370674,0.39708689199999997,False,False,False,False,False
2010-10-04 17:00:00,0.4111,0.4326815889343619,0.410402618,False,False,False,False,False
2010-10-04 18:00:00,1.7182,1.6663706278871746,1.7110521831666667,True,False,False,False,False
2010-10-04 19:00:00,1.9817,1.9437065985731783,1.9810713693333333,True,False,False,False,False
2010-10-04 20:00:00,3.039833333333333,2.9513671081230046,3.023585845,True,True,False,True,True
2010-10-04 21:00:00,1.7196666666666665,1.7041857015278192,1.7081260618333334,True,False,False,False,False
2010-10-04 22:00:00,0.5482,0.5807030924230815,0.5405969939999999,False,False,False,False,False
2010-10-04 23:00:00,0.49296666666666666,0.5077824239820241,0.4815815315,False,False,False,False,False
2010-10-05 00:00:00,0.8594333333333333,0.8497280357182025,0.8540265461666666,False,False,False,False,False
2010-10-05 01:00:00,0.5624,0.5814702429216355,0.5594105113333333,False,False,False,False,False
2010-10-05 02:00:00,0.358,0.37003547510579227,0.35498574883333334,False,False,False,False,False
2010-10-05 03:00:00,0.30883333333333335,0.3191025887463242,0.3087845805,False,False,False,False,False
2010-10-05 04:00:00,0.3718,0.38362124538347125,0.36758658766666663,False,False,False,False,False
2010-10-05 05:00:00,0.43066666666666664,0.437930020108819,0.42455099150000003,False,False,False,False,False
2010-10-05 06:00:00,0.7420333333333333,0.7119314371585846,0.7339671476666666,False,False,False,False,False
2010-10-05 07:00:00,2.0004,1.9995546081274749,1.9910945150000001,True,False,False,False,False
2010-10-05 08:00:00,1.517,1.5254193157136442,1.513726535,True,False,False,False,False
2010-10-05 09:00:00,1.8257,1.8082743259742857,1.8130509233333332,True,False,False,False,False
2010-10-05 10:00:00,1.8459999999999999,1.831992505207658,1.8400772616666667,True,False,False,False,False
2010-10-05 11:00:00,1.7279333333333333,1.7419183382041754,1.717344135,True,False,False,False,False
2010-10-05 12:00:00,1.7133666666666665,1.7369468874387444,1.7493123383333333,True,False,False,False,False
2010-10-05 13:00:00,1.4542666666666666,1.455932795866579,1.45213665,True,False,False,False,False
2010-10-05 14:00:00,2.089933333333333,2.1195960398823024,2.0827048366666667,True,False,False,False,False
2010-10-05 15:00:00,1.9053333333333333,1.8468191808294505,1.9055377721666666,True,False,False,False,False
2010-10-05 16:00:00,1.0108666666666666,1.0621629284199328,1.0153155606666666,False,False,False,False,False
2010-10-05 17:00:00,0.6083666666666667,0.6202904171153903,0.595757868,False,False,False,False,False
2010-10-05 18:00:00,0.7721666666666667,0.7782098628152163,0.7636424605,False,False,False,False,False
2010-10-05 19:00:00,1.6627,1.6359819059476257,1.6632355923333333,True,False,False,False,False
2010-10-05 20:00:00,2.654733333333333,2.580403764513135,2.6408225733333333,True,True,False,True,True
2010-10-05 21:00:00,2.0591666666666666,2.0422538214042785,2.048497118333333,True,False,False,False,False
2010-10-05 22:00:00,1.4242,1.4438756986983121,1.4033600283333334,False,False,False,False,False
2010-10-05 23:00:00,1.0050999999999999,1.0203709455907346,0.9851030995,False,False,False,False,False
2010-10-06 00:00:00,0.8750666666666667,0.8820058563046158,0.852440458,False,False,False,False,False
2010-10-06 01:00:00,0.6805666666666667,0.6828292951993645,0.6674644940000001,False,False,False,False,False
2010-10-06 02:00:00,0.9842333333333334,0.9697003588501365,0.9753968153333333,False,False,False,False,False
2010-10-06 03:00:00,0.4594,0.48877447675690056,0.4555709021666666,False,False,False,False,False
2010-10-06 04:00:00,0.37279999999999996,0.3868973268713802,0.36986354749999995,False,False,False,False,False
2010-10-06 05:00:00,0.39909999999999995,0.40967178423032163,0.39576908433333335,False,False,False,False,False
2010-10-06 06:00:00,0.7513333333333333,0.7275390065450221,0.7402461901666667,False,False,False,False,False
2010-10-06 07:00:00,2.597066666666667,2.5423516173034906,2.580196575,True,True,False,True,True
2010-10-06 08:00:00,1.6357333333333333,1.6588723892822863,1.6324370700000002,True,False,False,False,False
2010-10-06 09:00:00,1.5241333333333336,1.5348088901296257,1.5251886383333333,True,False,False,False,False
2010-10-06 10:00:00,1.1807,1.2001930239662528,1.1740947851666665,False,False,False,False,False
2010-10-06 11:00:00,0.5537333333333333,0.567882937079668,0.5493959961666667,False,False,False,False,False
2010-10-06 12:00:00,0.8956999999999999,0.9058716005913913,0.8905495406666667,False,False,False,False,False
2010-10-06 13:00:00,0.5153333333333333,0.5039448876559735,0.5030748275,False,False,False,False,False
2010-10-06 14:00:00,0.8986666666666667,0.9227329345583916,0.8923828626666667,False,False,False,False,False
2010-10-06 15:00:00,0.33549999999999996,0.36092695216163995,0.3326116688333334,False,False,False,False,False
2010-10-06 16:00:00,1.0196666666666667,1.0230535681728274,1.0118528101666666,False,False,False,False,False
2010-10-06 17:00:00,0.6263,0.6631717528432607,0.6223602553333334,False,False,False,False,False
2010-10-06 18:00:00,0.8464666666666666,0.829339813029766,0.8358051703333333,False,False,False,False,False
2010-10-06 19:00:00,0.5906,0.6400327440179884,0.586203468,False,False,False,False,False
2010-10-06 20:00:00,0.32639999999999997,0.3479053231023252,0.32197610616666666,False,False,False,False,False
2010-10-06 21:00:00,0.6318333333333332,0.612139106927812,0.6257232833333333,False,False,False,False,False
2010-10-06 22:00:00,2.0092,2.0019654728651046,1.9844244899999999,True,False,False,False,False
2010-10-06 23:00:00,1.2147333333333334,1.234333016987145,1.1966123439999998,False,False,False,False,False
2010-10-07 00:00:00,1.0243666666666666,1.048627014259249,1.0152038421666667,False,False,False,False,False
2010-10-07 01:00:00,0.38563333333333333,0.4028915539517998,0.3828631125,False,False,False,False,False
2010-10-07 02:00:00,0.38966666666666666,0.4098028647713363,0.387807939,False,False,False,False,False
2010-10-07 03:00:00,0.35553333333333337,0.36842714331299065,0.35195550416666666,False,False,False,False,False
2010-10-07 04:00:00,0.3215,0.34033411467447877,0.3206074758333333,False,False,False,False,False
2010-10-07 05:00:00,0.4098,0.42049548722021274,0.407331736,False,False,False,False,False
2010-10-07 06:00:00,1.0831666666666668,1.0488896156415344,1.0792945916666667,False,False,False,False,False
2010-10-07 07:00:00,1.9995333333333332,1.9938740654587748,1.9752269616666667,True,False,False,False,False
2010-10-07 08:00:00,1.6685333333333332,1.6802252179309727,1.6589618833333333,True,False,False,False,False
2010-10-07 09:00:00,1.3728333333333333,1.3963187397968027,1.3691223936666668,False,False,False,False,False
2010-10-07 10:00:00,0.3074333333333333,0.32863078504540016,0.3067798506666667,False,False,False,False,False
2010-10-07 11:00:00,2.0634666666666663,1.9614274850539863,2.0800946563333333,True,False,False,False,False
2010-10-07 12:00:00,2.740333333333333,2.7130571979507807,2.8216174416666666,True,True,False,True,True
2010-10-07 13:00:00,1.7775,1.7932088642761113,1.7735812616666666,True,False,False,False,False
2010-10-07 14:00:00,1.4842333333333333,1.502770096344501,1.48319909,True,False,False,False,False
2010-10-07 15:00:00,1.5586,1.5685195053584875,1.5571833116666667,True,False,False,False,False
2010-10-07 16:00:00,0.8323333333333333,0.8752862612694502,0.8358596793333334,False,False,False,False,False
2010-10-07 17:00:00,0.3585,0.3947914859354496,0.3630747101666667,False,False,False,False,False
2010-10-07 18:00:00,1.3071,1.2646020821884276,1.3060383881666666,False,False,False,False,False
2010-10-07 19:00:00,1.5182333333333333,1.4973055614151063,1.5261752426666668,True,False,False,False,False
2010-10-07 20:00:00,2.6653333333333333,2.6389204750686885,2.6479008833333335,True,True,False,True,True
2010-10-07 21:00:00,2.6905666666666668,2.70441636440754,2.669408621666667,True,True,False,True,True
2010-10-07 22:00:00,1.0739333333333334,1.0983062190230937,1.0598744741666666,False,False,False,False,False
2010-10-07 23:00:00,0.7777666666666667,0.7965635327756406,0.7668410251666666,False,False,False,False,False
2010-10-08 00:00:00,0.6089333333333333,0.62595063053146,0.5957843349999999,False,False,False,False,False
2010-10-08 01:00:00,0.37006666666666665,0.38635412871986624,0.3686578453333333,False,False,False,False,False
2010-10-08 02:00:00,0.34419999999999995,0.35754649070836597,0.34325668600000003,False,False,False,False,False
2010-10-08 03:00:00,0.3934333333333333,0.40894468665271994,0.39152885033333334,False,False,False,False,False
2010-10-08 04:00:00,0.36926666666666663,0.38469928146824234,0.3687495108333333,False,False,False,False,False
2010-10-08 05:00:00,0.9103333333333333,0.9326949528016151,0.9132351723333334,False,False,False,False,False
2010-10-08 06:00:00,1.2194333333333334,1.1754136010963472,1.2175490585000002,False,False,False,False,False
2010-10-08 07:00:00,2.505133333333333,2.4916639747574925,2.48673059,True,True,False,True,True
2010-10-08 08:00:00,1.4521666666666666,1.4745528481677175,1.4556370716666664,True,False,False,False,False
2010-10-08 09:00:00,1.4495333333333333,1.460339364721626,1.4484634933333334,True,False,False,False,False
2010-10-08 10:00:00,1.1779000000000002,1.2089083025440575,1.1795579695,False,False,False,False,False
2010-10-08 11:00:00,0.8395666666666667,0.8511589566841722,0.8401549848333333,False,False,False,False,False
2010-10-08 12:00:00,1.4639,1.4805383982084692,1.463263925,True,False,False,False,False
2010-10-08 13:00:00,0.8123333333333334,0.8529922263558954,0.8114228203333334,False,False,False,False,False
2010-10-08 14:00:00,0.5837333333333333,0.599734310408309,0.5901494005,False,False,False,False,False
2010-10-08 15:00:00,0.538,0.5646493658270687,0.5477299285,False,False,False,False,False
2010-10-08 16:00:00,0.45840000000000003,0.48018768355473873,0.4540912658333333,False,False,False,False,False
2010-10-08 17:00:00,1.0036,1.0269843589957803,1.0150848865,False,False,False,False,False
2010-10-08 18:00:00,1.0515333333333332,1.050719957522303,1.0526951993333333,False,False,False,False,False
2010-10-08 19:00:00,1.6870666666666665,1.6389256985932588,1.684269956,True,False,False,False,False
2010-10-08 20:00:00,2.4364333333333335,2.384516287469864,2.414857065,True,True,False,True,True
2010-10-08 21:00:00,2.3099333333333334,2.276951050144434,2.2963371783333333,True,False,False,False,False
2010-10-08 22:00:00,0.6566333333333334,0.7038967112090438,0.648518967,False,False,False,False,False
2010-10-08 23:00:00,0.5327333333333333,0.5552669205717743,0.5243718055,False,False,False,False,False
2010-10-09 00:00:00,0.5206333333333333,0.5243874531347305,0.5178013226666667,False,False,False,False,False
2010-10-09 01:00:00,0.46199999999999997,0.4669868262298405,0.4565936208333333,False,False,False,False,False
2010-10-09 02:00:00,0.44806666666666667,0.45424709426574406,0.44403443150000005,False,False,False,False,False
2010-10-09 03:00:00,0.4321,0.43512072821818293,0.4287579241666667,False,False,False,False,False
2010-10-09 04:00:00,0.3716666666666667,0.37887647929564117,0.36932647949999997,False,False,False,False,False
2010-10-09 05:00:00,0.43496666666666667,0.4404523356772959,0.43164738083333337,False,False,False,False,False
2010-10-09 06:00:00,0.9831333333333333,0.9461908078689129,0.9747367221666666,False,False,False,False,False
2010-10-09 07:00:00,2.269966666666667,2.265036256372929,2.2652483533333334,True,False,False,False,False
2010-10-09 08:00:00,1.6211666666666666,1.626035377769172,1.6138559833333335,True,False,False,False,False
2010-10-09 09:00:00,1.1513666666666666,1.1926350684389473,1.1449060373333333,False,False,False,False,False
2010-10-09 10:00:00,0.4325333333333333,0.443091716247797,0.427759355,False,False,False,False,False
2010-10-09 11:00:00,0.6496666666666666,0.6939956498615444,0.7073663756666666,False,False,False,False,False
2010-10-09 12:00:00,0.45699999999999996,0.46615715035162864,0.4490403151666667,False,False,False,False,False
2010-10-09 13:00:00,1.6798333333333335,1.639888883522153,1.6656641613333332,True,False,False,False,False
2010-10-09 14:00:00,1.0910333333333333,1.1044102770436555,1.1002827218333333,False,False,False,False,False
2010-10-09 15:00:00,1.7415666666666667,1.7053412194844337,1.741567954,True,False,False,False,False
2010-10-09 16:00:00,2.0009,1.9987706788972022,1.99378724,True,False,False,False,False
2010-10-09 17:00:00,1.1672666666666667,1.1634949797302485,1.1626061526666667,False,False,False,False,False
2010-10-09 18:00:00,1.4580666666666666,1.4482998370423914,1.4508688595,True,False,False,False,False
2010-10-09 19:00:00,1.998,2.0279169400393964,1.984233255,True,False,False,False,False
2010-10-09 20:00:00,1.6389333333333334,1.6561775349944832,1.6218985766666667,True,False,False,False,False
2010-10-09 21:00:00,1.7664666666666666,1.780797071646154,1.7524055833333334,True,False,False,False,False
2010-10-09 22:00:00,1.3904333333333334,1.4254797722581776,1.3740503711666667,False,False,False,False,False
2010-10-09 23:00:00,0.6962333333333334,0.7110650935962796,0.678917449,False,False,False,False,False
2010-10-10 00:00:00,0.8864000000000001,0.847065560644865,0.860982891,False,False,False,False,False
2010-10-10 01:00:00,0.46696666666666664,0.48271328011453146,0.4617673213333333,False,False,False,False,False
2010-10-10 02:00:00,0.5641333333333333,0.5623552746154368,0.5673531073333333,False,False,False,False,False
2010-10-10 03:00:00,0.44109999999999994,0.4446438384320587,0.43978751633333335,False,False,False,False,False
2010-10-10 04:00:00,0.6176666666666667,0.6141956609521061,0.6127969839999999,False,False,False,False,False
2010-10-10 05:00:00,0.4273666666666667,0.4345118169680237,0.42777489783333333,False,False,False,False,False
2010-10-10 06:00:00,0.43576666666666664,0.4392517308373004,0.4368766338333333,False,False,False,False,False
2010-10-10 07:00:00,0.7048666666666666,0.7025720699463041,0.7024482985,False,False,False,False,False
2010-10-10 08:00:00,0.9307,0.9300108742110431,0.9279679900000001,False,False,False,False,False
2010-10-10 09:00:00,0.9249333333333334,0.9539500162761658,0.916189335,False,False,False,False,False
2010-10-10 10:00:00,0.8739000000000001,0.8717888061400504,0.8705456401666667,False,False,False,False,False
2010-10-10 11:00:00,2.3828666666666667,2.3441386882856485,2.373346171666667,True,True,False,True,True
2010-10-10 12:00:00,2.1923000000000004,2.2054099260762334,2.246575878333333,True,False,False,False,False
2010-10-10 13:00:00,1.5573666666666666,1.5619665481962266,1.55165098,True,False,False,False,False
2010-10-10 14:00:00,1.1002333333333332,1.1376874269578607,1.0884539510000002,False,False,False,False,False
2010-10-10 15:00:00,0.5263,0.532549488954246,0.522234542,False,False,False,False,False
2010-10-10 16:00:00,0.9970333333333333,1.0005309090659023,1.0055884350000002,False,False,False,False,False
2010-10-10 17:00:00,1.6078666666666666,1.5780049239501357,1.5948915833333333,True,False,False,False,False
2010-10-10 18:00:00,1.8290666666666666,1.764494739317894,1.8202382174999998,True,False,False,False,False
2010-10-10 19:00:00,3.4918,3.468714073932171,3.47649187,True,True,True,True,True
2010-10-10 20:00:00,3.3115,3.209150094047189,3.3186508666666668,True,True,True,True,True
2010-10-10 21:00:00,3.9012666666666664,3.8508980292662978,3.8942013233333332,True,True,True,True,True
2010-10-10 22:00:00,1.9866,2.004966673257202,1.99074541,True,False,False,False,False
2010-10-10 23:00:00,1.1570666666666667,1.1691359447553755,1.1520996948333333,False,False,False,False,False
2010-10-11 00:00:00,0.5145333333333333,0.5321355552766472,0.5127101856666667,False,False,False,False,False
2010-10-11 01:00:00,0.4487333333333333,0.45142942638285455,0.44705021533333333,False,False,False,False,False
2010-10-11 02:00:00,0.5646666666666668,0.5577957583449781,0.5664108824999999,False,False,False,False,False
2010-10-11 03:00:00,0.44289999999999996,0.449339622830972,0.44331215733333335,False,False,False,False,False
2010-10-11 04:00:00,0.5548666666666667,0.5537578744292259,0.5547369705,False,False,False,False,False
2010-10-11 05:00:00,0.8806999999999999,0.8670132677279413,0.8788920168333334,False,False,False,False,False
2010-10-11 06:00:00,0.9417333333333333,0.9228173857934773,0.9381763081666666,False,False,False,False,False
2010-10-11 07:00:00,2.378833333333333,2.3199076758444312,2.3658418766666665,True,True,False,False,True
2010-10-11 08:00:00,1.6553,1.6547989068850875,1.6490190016666666,True,False,False,False,False
2010-10-11 09:00:00,1.6319666666666668,1.6212656846515834,1.6262422616666667,True,False,False,False,False
2010-10-11 10:00:00,1.0574333333333332,1.0809091452617199,1.0590196283333333,False,False,False,False,False
2010-10-11 11:00:00,0.4408333333333333,0.4535562254436314,0.4419773885,False,False,False,False,False
2010-10-11 12:00:00,0.6579666666666667,0.6766345168087631,0.6631598481666666,False,False,False,False,False
2010-10-11 13:00:00,0.5452333333333333,0.5767843680217861,0.5474942603333334,False,False,False,False,False
2010-10-11 14:00:00,1.0426666666666666,1.0681137544073165,1.0574253646666667,False,False,False,False,False
2010-10-11 15:00:00,0.6156666666666666,0.6423074572175741,0.6232874666666667,False,False,False,False,False
2010-10-11 16:00:00,0.43489999999999995,0.4642155044067651,0.44122137233333336,False,False,False,False,False
2010-10-11 17:00:00,0.9638666666666665,0.9878811567798258,0.959478591,False,False,False,False,False
2010-10-11 18:00:00,0.7316,0.7294022735577077,0.7238107656666667,False,False,False,False,False
2010-10-11 19:00:00,3.093166666666667,2.9801491312213244,3.0945982933333336,True,True,False,True,True
2010-10-11 20:00:00,2.285566666666667,2.2673495829448105,2.2669254016666667,True,False,False,False,False
2010-10-11 21:00:00,3.043,2.970899077120423,3.0185758149999997,True,True,False,True,True
2010-10-11 22:00:00,1.514,1.5083966576531531,1.49826968,True,False,False,False,False
2010-10-11 23:00:00,0.6030333333333334,0.6458217877801508,0.5984685088333334,False,False,False,False,False
2010-10-12 00:00:00,0.39453333333333335,0.4101112237747758,0.391054263,False,False,False,False,False
2010-10-12 01:00:00,0.39763333333333334,0.42050945132225753,0.3940208156666667,False,False,False,False,False
2010-10-12 02:00:00,0.4686333333333333,0.4832669535715132,0.46799563883333334,False,False,False,False,False
2010-10-12 03:00:00,0.3374666666666667,0.3595891533281654,0.34004415683333333,False,False,False,False,False
2010-10-12 04:00:00,0.33383333333333337,0.3611786406815052,0.3336892101666667,False,False,False,False,False
2010-10-12 05:00:00,0.45113333333333333,0.4670684943832457,0.453273517,False,False,False,False,False
2010-10-12 06:00:00,1.1301666666666668,1.125032351976633,1.1266270503333333,False,False,False,False,False
2010-10-12 07:00:00,2.5198666666666667,2.4730842421635986,2.5151199,True,True,False,True,True
2010-10-12 08:00:00,1.7209333333333334,1.744945837277919,1.7185031849999999,True,False,False,False,False
2010-10-12 09:00:00,1.7519333333333333,1.7396305216141046,1.7534282916666666,True,False,False,False,False
2010-10-12 10:00:00,1.8285666666666667,1.8832108467273414,1.9068118550000002,True,False,False,False,False
2010-10-12 11:00:00,0.9488666666666666,0.9542870133135468,0.9705249403333334,False,False,False,False,False
2010-10-12 12:00:00,1.8454000000000002,1.8696199972227217,1.84837395,True,False,False,False,False
2010-10-12 13:00:00,0.8567,0.8936459596399219,0.8549432498333334,False,False,False,False,False
2010-10-12 14:00:00,0.4580666666666666,0.48482131977826354,0.4609858526666667,False,False,False,False,False
2010-10-12 15:00:00,0.5882333333333333,0.6158383972033857,0.5933914138333333,False,False,False,False,False
2010-10-12 16:00:00,0.41600000000000004,0.44938696745336054,0.4175969216666667,False,False,False,False,False
2010-10-12 17:00:00,0.41026666666666667,0.4435465436689555,0.40502578433333336,False,False,False,False,False
2010-10-12 18:00:00,2.1127333333333334,2.0190892751641574,2.1251169103333334,True,False,False,False,False
2010-10-12 19:00:00,2.1564666666666668,2.181124405560643,2.1909268666666666,True,False,False,False,False
2010-10-12 20:00:00,1.9102,1.9018733228497207,1.8928837866666666,True,False,False,False,False
2010-10-12 21:00:00,1.3085666666666667,1.3521921492166817,1.3092082245,False,False,False,False,False
2010-10-12 22:00:00,1.2893000000000001,1.294187538035214,1.2678623191666667,False,False,False,False,False
2010-10-12 23:00:00,0.6927,0.7349491748113185,0.6835354571666666,False,False,False,False,False
2010-10-13 00:00:00,0.38376666666666664,0.4100288245309144,0.3800482456666667,False,False,False,False,False
2010-10-13 01:00:00,0.45859999999999995,0.47675182862579824,0.45849626883333333,False,False,False,False,False
2010-10-13 02:00:00,0.3169666666666667,0.3344775355741382,0.3096808523333333,False,False,False,False,False
2010-10-13 03:00:00,0.36466666666666664,0.3851924520462751,0.36258022650000005,False,False,False,False,False
2010-10-13 04:00:00,0.9848,0.9993240975011141,0.987351662,False,False,False,False,False
2010-10-13 05:00:00,0.4641,0.4815249865360558,0.46165205416666666,False,False,False,False,False
2010-10-13 06:00:00,0.9301333333333334,0.8767607520718127,0.9213768456666667,False,False,False,False,False
2010-10-13 07:00:00,2.844266666666667,2.7821924473509196,2.819250166666667,True,True,False,True,True
2010-10-13 08:00:00,2.3646666666666665,2.3668125850439075,2.3476926483333336,True,True,False,True,True
2010-10-13 09:00:00,1.6671,1.6638845808520915,1.66301429,True,False,False,False,False
2010-10-13 10:00:00,2.0778666666666665,2.0260709805302324,2.07075075,True,False,False,False,False
2010-10-13 11:00:00,1.5266,1.5448989219002425,1.5287605833333333,True,False,False,False,False
2010-10-13 12:00:00,1.6007666666666667,1.6151793826647103,1.5925083533333333,True,False,False,False,False
2010-10-13 13:00:00,1.5731666666666666,1.584934186949581,1.570343495,True,False,False,False,False
2010-10-13 14:00:00,1.9104999999999999,1.88752127924487,1.89676468,True,False,False,False,False
2010-10-13 15:00:00,1.9113,1.868833681318164,1.896155045,True,False,False,False,False
2010-10-13 16:00:00,1.6611,1.675190544986725,1.6551682816666669,True,False,False,False,False
2010-10-13 17:00:00,1.5491,1.5626214749380947,1.5429941333333335,True,False,False,False,False
2010-10-13 18:00:00,0.9845666666666666,0.9880518540564924,0.980585848,False,False,False,False,False
2010-10-13 19:00:00,2.0344,2.019184517184645,2.027255116666667,True,False,False,False,False
2010-10-13 20:00:00,2.3770000000000002,2.3724262199051678,2.3617599583333333,True,True,False,True,True
2010-10-13 21:00:00,2.1648666666666667,2.1250631919234992,2.1467195450000003,True,False,False,False,False
2010-10-13 22:00:00,2.0436,2.075733263224736,2.017398049666667,True,False,False,False,False
2010-10-13 23:00:00,0.3708666666666666,0.4163086329936981,0.3770054645,False,False,False,False,False
2010-10-14 00:00:00,0.37043333333333334,0.4009932179152965,0.37223730516666664,False,False,False,False,False
2010-10-14 01:00:00,0.47763333333333335,0.50094564804025,0.4837572871666667,False,False,False,False,False
2010-10-14 02:00:00,0.3412,0.37280469692982726,0.34513595883333337,False,False,False,False,False
2010-10-14 03:00:00,0.3867333333333333,0.40916581751182673,0.3877874018333333,False,False,False,False,False
2010-10-14 04:00:00,0.37803333333333333,0.40516993632018566,0.38083392850000003,False,False,False,False,False
2010-10-14 05:00:00,0.4393333333333333,0.46490273697972295,0.4407888141666667,False,False,False,False,False
2010-10-14 06:00:00,1.1876,1.1900603934887797,1.1833940846666666,False,False,False,False,False
2010-10-14 07:00:00,2.9720999999999997,2.878788724437356,2.9395873200000002,True,True,False,True,True
2010-10-14 08:00:00,1.7274,1.7540120283015073,1.7277699316666668,True,False,False,False,False
2010-10-14 09:00:00,3.2096,3.1194041208192704,3.197103805,True,True,True,True,True
2010-10-14 10:00:00,1.8472666666666666,1.8685339013114575,1.8442162833333335,True,False,False,False,False
2010-10-14 11:00:00,0.9929333333333333,1.016894628988579,0.9877231931666667,False,False,False,False,False
2010-10-14 12:00:00,0.9460666666666667,0.9487798933938145,0.938407995,False,False,False,False,False
2010-10-14 13:00:00,1.2267666666666666,1.2267888993699105,1.2090990975,False,False,False,False,False
2010-10-14 14:00:00,1.9145,1.8892380867555738,1.90018526,True,False,False,False,False
2010-10-14 15:00:00,0.9038,0.9248990725953131,0.9054670518333334,False,False,False,False,False
2010-10-14 16:00:00,0.9570333333333334,1.000057519079745,0.9518192336666667,False,False,False,False,False
2010-10-14 17:00:00,0.41783333333333333,0.4455454101298004,0.4143478365,False,False,False,False,False
2010-10-14 18:00:00,1.7473333333333334,1.6454749378930777,1.7595841948333333,True,False,False,False,False
2010-10-14 19:00:00,4.117766666666666,3.990521467879415,4.150020146666667,True,True,True,True,True
2010-10-14 20:00:00,2.9112999999999998,2.85082522225827,2.892673125,True,True,False,True,True
2010-10-14 21:00:00,3.2242,3.1773803593814374,3.2001373266666664,True,True,True,True,True
2010-10-14 22:00:00,2.3347333333333333,2.310558493833244,2.3154253916666665,True,True,False,False,False
2010-10-14 23:00:00,0.5537666666666666,0.6010443648390472,0.5475605123333334,False,False,False,False,False
2010-10-15 00:00:00,0.4012333333333333,0.42966619125939903,0.4027585906666667,False,False,False,False,False
2010-10-15 01:00:00,0.41296666666666665,0.42826209157444534,0.4116205021666667,False,False,False,False,False
2010-10-15 02:00:00,0.4409666666666666,0.4734160830240697,0.4430805603333334,False,False,False,False,False
2010-10-15 03:00:00,0.32880000000000004,0.36114134066589176,0.33315361383333336,False,False,False,False,False
2010-10-15 04:00:00,0.33223333333333327,0.36380887301973996,0.33651026433333336,False,False,False,False,False
2010-10-15 05:00:00,0.43626666666666664,0.455062698367238,0.4349644498333333,False,False,False,False,False
2010-10-15 06:00:00,1.1134666666666668,1.076621718775481,1.111387957,False,False,False,False,False
2010-10-15 07:00:00,2.0124,2.020115107549727,1.991925895,True,False,False,False,False
2010-10-15 08:00:00,1.8972,1.902855569624901,1.8826067333333334,True,False,False,False,False
2010-10-15 09:00:00,1.5839666666666665,1.6133515248455106,1.578663685,True,False,False,False,False
2010-10-15 10:00:00,1.6329333333333333,1.6324995314449073,1.6328033416666665,True,False,False,False,False
2010-10-15 11:00:00,1.8261,1.8160665294677019,1.8326565583333334,True,False,False,False,False
2010-10-15 12:00:00,2.0656666666666665,2.073800930110365,2.105566494666667,True,False,False,False,False
2010-10-15 13:00:00,1.5737666666666668,1.569855759711936,1.5631861953333333,True,False,False,False,False
2010-10-15 14:00:00,1.4675333333333331,1.4829055676035585,1.4518435316666667,True,False,False,False,False
2010-10-15 15:00:00,0.5948666666666667,0.6336556662332266,0.5829036028333333,False,False,False,False,False
2010-10-15 16:00:00,0.5592,0.5730389388058335,0.550185841,False,False,False,False,False
2010-10-15 17:00:00,0.5644333333333333,0.5922924473818392,0.5513037428333334,False,False,False,False,False
2010-10-15 18:00:00,1.4324666666666666,1.3978962464567275,1.4151398508333335,True,False,False,False,False
2010-10-15 19:00:00,1.8231666666666666,1.848278683591634,1.8233297583333332,True,False,False,False,False
2010-10-15 20:00:00,1.4465333333333334,1.4720130893021823,1.427228536,True,False,False,False,False
2010-10-15 21:00:00,1.1575,1.1668223561979831,1.149805064,False,False,False,False,False
2010-10-15 22:00:00,1.0036333333333334,1.0521055303052067,0.9895360191666666,False,False,False,False,False
2010-10-15 23:00:00,0.4981,0.5267115382581948,0.4993096618333333,False,False,False,False,False
2010-10-16 00:00:00,0.32736666666666664,0.34022664986401796,0.322242322,False,False,False,False,False
2010-10-16 01:00:00,0.3091333333333333,0.3226566094279289,0.3034516883333333,False,False,False,False,False
2010-10-16 02:00:00,0.4311666666666667,0.4418556617505848,0.42357937850000005,False,False,False,False,False
2010-10-16 03:00:00,0.3812,0.3975589938804507,0.3807275095,False,False,False,False,False
2010-10-16 04:00:00,0.3765,0.4005971109114587,0.3794818428333333,False,False,False,False,False
2010-10-16 05:00:00,0.3411666666666667,0.36137226169034836,0.3373301586666667,False,False,False,False,False
2010-10-16 06:00:00,0.7945333333333333,0.7725381035193801,0.7849871676666667,False,False,False,False,False
2010-10-16 07:00:00,2.1443999999999996,2.147457688678801,2.1229070016666665,True,False,False,False,False
2010-10-16 08:00:00,1.9714333333333334,1.97326768976748,1.9562758866666667,True,False,False,False,False
2010-10-16 09:00:00,0.9703999999999999,1.0027303295500576,0.9752309483333333,False,False,False,False,False
2010-10-16 10:00:00,1.8662333333333334,1.8743772096797824,1.8669235783333336,True,False,False,False,False
2010-10-16 11:00:00,1.3443666666666667,1.3725821673974397,1.348135005,False,False,False,False,False
2010-10-16 12:00:00,0.7356999999999999,0.775245710054785,0.7308043053333333,False,False,False,False,False
2010-10-16 13:00:00,0.35850000000000004,0.3808964822262525,0.35833993783333334,False,False,False,False,False
2010-10-16 14:00:00,0.4908,0.5162350415106862,0.49413771866666667,False,False,False,False,False
2010-10-16 15:00:00,0.37156666666666666,0.3995132795974612,0.37285343233333335,False,False,False,False,False
2010-10-16 16:00:00,0.317,0.3391134638279676,0.31093613066666664,False,False,False,False,False
2010-10-16 17:00:00,0.41803333333333337,0.4382322114795446,0.4156656363333333,False,False,False,False,False
2010-10-16 18:00:00,0.3341333333333333,0.3584301760654896,0.33033460933333336,False,False,False,False,False
2010-10-16 19:00:00,0.373,0.40285048875175417,0.37656890383333336,False,False,False,False,False
2010-10-16 20:00:00,0.8722333333333333,0.8890724134281278,0.8723925533333333,False,False,False,False,False
2010-10-16 21:00:00,0.38303333333333334,0.41913044806607064,0.3785126015,False,False,False,False,False
2010-10-16 22:00:00,0.41023333333333334,0.4408680271267891,0.40557304283333334,False,False,False,False,False
2010-10-16 23:00:00,0.34476666666666667,0.3698597596406936,0.34178897750000004,False,False,False,False,False
2010-10-17 00:00:00,0.3717333333333333,0.38865692580603056,0.37375976149999995,False,False,False,False,False
2010-10-17 01:00:00,0.33290000000000003,0.3463842448294162,0.33177233,False,False,False,False,False
2010-10-17 02:00:00,0.4126,0.42514547490589316,0.409699486,False,False,False,False,False
2010-10-17 03:00:00,0.3131,0.33229183572381726,0.3070548791666667,False,False,False,False,False
2010-10-17 04:00:00,0.3627666666666666,0.3809418989919126,0.36150178066666666,False,False,False,False,False
2010-10-17 05:00:00,0.3623333333333333,0.3880452685087919,0.36363455716666665,False,False,False,False,False
2010-10-17 06:00:00,1.0407333333333333,1.04033138846159,1.030856276,False,False,False,False,False
2010-10-17 07:00:00,0.3727,0.40368036009036,0.36618135966666665,False,False,False,False,False
2010-10-17 08:00:00,0.38029999999999997,0.40509124259389934,0.3772344208333333,False,False,False,False,False
2010-10-17 09:00:00,0.37629999999999997,0.4049639738734811,0.37820315666666665,False,False,False,False,False
2010-10-17 10:00:00,0.3289666666666667,0.353889403418079,0.3281463005,False,False,False,False,False
2010-10-17 11:00:00,0.30006666666666665,0.3208633062630891,0.2967684673333333,False,False,False,False,False
2010-10-17 12:00:00,0.31323333333333336,0.33643949431180953,0.30906851516666667,False,False,False,False,False
2010-10-17 13:00:00,0.3651666666666667,0.39010805943422017,0.3655840896666667,False,False,False,False,False
2010-10-17 14:00:00,0.4966,0.5235578136052936,0.49603270266666666,False,False,False,False,False
2010-10-17 15:00:00,0.3765666666666666,0.3986196723964065,0.3643932463333333,False,False,False,False,False
2010-10-17 16:00:00,1.1914333333333333,1.1970424938905986,1.1778462606666666,False,False,False,False,False
2010-10-17 17:00:00,0.4926,0.5338377622388303,0.4842425458333333,False,False,False,False,False
2010-10-17 18:00:00,0.5668333333333333,0.5855961594555528,0.5597037333333332,False,False,False,False,False
2010-10-17 19:00:00,2.0301,1.9744864244163038,2.022718581,True,False,False,False,False
2010-10-17 20:00:00,2.4540333333333333,2.3440947885669767,2.428784256666667,True,True,False,True,True
2010-10-17 21:00:00,2.1380666666666666,2.2053711961135267,2.1229161921666666,True,False,False,False,False
2010-10-17 22:00:00,0.9011,0.9257550992779434,0.8938327555,False,False,False,False,False
2010-10-17 23:00:00,1.1761333333333333,1.186276837836951,1.1719154728333334,False,False,False,False,False
2010-10-18 00:00:00,0.5301333333333333,0.5690670546639711,0.5301631028333333,False,False,False,False,False
2010-10-18 01:00:00,0.3841,0.4022222646430134,0.3854718348333333,False,False,False,False,False
2010-10-18 02:00:00,0.3213666666666667,0.34073231481909744,0.31624001166666665,False,False,False,False,False
2010-10-18 03:00:00,0.3314333333333333,0.35459699336253103,0.3265510221666667,False,False,False,False,False
2010-10-18 04:00:00,0.43443333333333334,0.45313861230984326,0.42882770200000003,False,False,False,False,False
2010-10-18 05:00:00,0.3197,0.34598863642103966,0.31228161783333336,False,False,False,False,False
2010-10-18 06:00:00,0.7896,0.7716229963608086,0.7788293544999999,False,False,False,False,False
2010-10-18 07:00:00,2.4543000000000004,2.3889707873284816,2.4322524000000003,True,True,False,True,True
2010-10-18 08:00:00,2.4651,2.44823266697526,2.4432110899999997,True,True,False,True,True
2010-10-18 09:00:00,3.6570666666666667,3.5335913921624424,3.6354223966666668,True,True,True,True,True
2010-10-18 10:00:00,2.6036,2.577817140417546,2.58897192,True,True,False,True,True
2010-10-18 11:00:00,2.8090333333333333,2.707539621242881,2.787120945,True,True,False,True,True
2010-10-18 12:00:00,3.8364333333333334,3.6953225754737855,3.8059393850000003,True,True,True,True,True
2010-10-18 13:00:00,3.2431,3.1907083880394698,3.219842546666667,True,True,True,True,True
2010-10-18 14:00:00,1.9637,2.003278472918272,1.9517262283333332,True,False,False,False,False
2010-10-18 15:00:00,0.5180666666666667,0.5421652569964528,0.5072726761666667,False,False,False,False,False
2010-10-18 16:00:00,0.4604,0.4899143571961671,0.4535258913333333,False,False,False,False,False
2010-10-18 17:00:00,0.6647333333333333,0.6681129017610102,0.6537280306666666,False,False,False,False,False
2010-10-18 18:00:00,3.3914666666666666,3.175418509690091,3.366561744,True,True,True,True,True
2010-10-18 19:00:00,3.7569666666666666,3.7185369936048986,3.7251778150000003,True,True,True,True,True
2010-10-18 20:00:00,2.67,2.615772170558572,2.638615265,True,True,False,True,True
2010-10-18 21:00:00,3.3769,3.2747388414755463,3.3470399966666666,True,True,True,True,True
2010-10-18 22:00:00,2.5095,2.4914494868084787,2.483006315,True,True,False,True,True
2010-10-18 23:00:00,1.7402666666666666,1.7697216821938755,1.7282725733333335,True,False,False,False,False
2010-10-19 00:00:00,1.5425666666666666,1.540595525956899,1.5338544716666667,True,False,False,False,False
2010-10-19 01:00:00,0.6851,0.7148832333929837,0.6789390468333334,False,False,False,False,False
2010-10-19 02:00:00,0.31743333333333335,0.3345890995662659,0.3095205166666667,False,False,False,False,False
2010-10-19 03:00:00,0.3078,0.32940669079795476,0.303293212,False,False,False,False,False
2010-10-19 04:00:00,0.4394666666666666,0.4527816721398384,0.4357646338333333,False,False,False,False,False
2010-10-19 05:00:00,0.3994666666666667,0.4272371020689606,0.39944964466666666,False,False,False,False,False
2010-10-19 06:00:00,1.0450333333333333,0.9928685200788081,1.0429972425,False,False,False,False,False
2010-10-19 07:00:00,2.9890333333333334,2.9107226568073035,2.9699986633333335,True,True,False,True,True
2010-10-19 08:00:00,2.1062,2.132129484318197,2.0985395716666666,True,False,False,False,False
2010-10-19 09:00:00,1.7980333333333334,1.7922906750157475,1.7934618633333335,True,False,False,False,False
2010-10-19 10:00:00,0.5930333333333333,0.632215043573454,0.5846132399999999,False,False,False,False,False
2010-10-19 11:00:00,1.8148000000000002,1.7831234398841858,1.8245227783333333,True,False,False,False,False
2010-10-19 12:00:00,1.1293,1.2796141297046095,1.2816969603333335,False,False,False,False,False
2010-10-19 13:00:00,0.5172333333333333,0.540643870787695,0.5157921361666666,False,False,False,False,False
2010-10-19 14:00:00,0.4046,0.4422459735251963,0.3939951171666667,False,False,False,False,False
2010-10-19 15:00:00,0.40176666666666666,0.4254009718172252,0.3879289461666667,False,False,False,False,False
2010-10-19 16:00:00,0.4734999999999999,0.4943952894724905,0.44906687366666664,False,False,False,False,False
2010-10-19 17:00:00,1.1286666666666667,1.0637304823737592,1.1176723388333334,False,False,False,False,False
2010-10-19 18:00:00,3.5383333333333336,3.536748904632032,3.5353322766666664,True,True,True,True,True
2010-10-19 19:00:00,2.9301000000000004,2.8313212569057944,2.907610286666667,True,True,False,True,True
2010-10-19 20:00:00,2.9603333333333333,2.8452566941693425,2.93345043,True,True,False,True,True
2010-10-19 21:00:00,2.530066666666667,2.4783132740654055,2.5091696266666665,True,True,False,True,True
2010-10-19 22:00:00,1.3266333333333333,1.3567824000909925,1.315660665,False,False,False,False,False
2010-10-19 23:00:00,0.7211333333333333,0.7572089088261128,0.7145929446666667,False,False,False,False,False
2010-10-20 00:00:00,1.0303333333333333,1.0500873749896884,1.0257219808333333,False,False,False,False,False
2010-10-20 01:00:00,0.39339999999999997,0.41734645773172374,0.3916822363333334,False,False,False,False,False
2010-10-20 02:00:00,0.32939999999999997,0.35980436619520184,0.32309050133333334,False,False,False,False,False
2010-10-20 03:00:00,0.44256666666666666,0.46342412299178537,0.4354762991666667,False,False,False,False,False
2010-10-20 04:00:00,0.31930000000000003,0.3443245846994221,0.31184106533333333,False,False,False,False,False
2010-10-20 05:00:00,0.3124333333333333,0.3423229989387095,0.3042294583333333,False,False,False,False,False
2010-10-20 06:00:00,0.9232333333333334,0.8977421339601278,0.9185494646666666,False,False,False,False,False
2010-10-20 07:00:00,2.8661000000000003,2.8169638144791125,2.8387041583333334,True,True,False,True,True
2010-10-20 08:00:00,1.8684666666666667,1.8936446720704436,1.852695375,True,False,False,False,False
2010-10-20 09:00:00,1.8460666666666665,1.856618311981857,1.830510375,True,False,False,False,False
2010-10-20 10:00:00,2.010866666666667,2.00447131626606,1.9901871733333334,True,False,False,False,False
2010-10-20 11:00:00,1.8959333333333332,1.9033325533390046,1.8783096266666668,True,False,False,False,False
2010-10-20 12:00:00,1.3926666666666667,1.4301739964030682,1.384143012,False,False,False,False,False
2010-10-20 13:00:00,0.40853333333333336,0.4444002152252942,0.409708314,False,False,False,False,False
2010-10-20 14:00:00,0.5300666666666667,0.5620181314971298,0.5274423503333333,False,False,False,False,False
2010-10-20 15:00:00,0.5278333333333333,0.5629473399229348,0.5168005536666667,False,False,False,False,False
2010-10-20 16:00:00,0.33186666666666664,0.3637933445487171,0.3233612166666667,False,False,False,False,False
2010-10-20 17:00:00,0.33213333333333334,0.3597490529611706,0.3220897525,False,False,False,False,False
2010-10-20 18:00:00,1.3226666666666667,1.2520171912051736,1.3479850153333333,False,False,False,False,False
2010-10-20 19:00:00,2.1848,2.172236746003479,2.2325115366666664,True,False,False,False,False
2010-10-20 20:00:00,2.2927666666666666,2.298048164474964,2.2798562533333335,True,False,False,False,False
2010-10-20 21:00:00,2.804333333333333,2.7749744392842057,2.7865542416666664,True,True,False,True,True
2010-10-20 22:00:00,1.6536333333333333,1.6509684277080001,1.6293116251666668,True,False,False,False,False
2010-10-20 23:00:00,0.7799999999999999,0.8039966275174172,0.7660111656666667,False,False,False,False,False
2010-10-21 00:00:00,0.4468,0.48186448409482835,0.44108720966666665,False,False,False,False,False
2010-10-21 01:00:00,0.6637666666666667,0.6682929441019893,0.6634613385,False,False,False,False,False
2010-10-21 02:00:00,0.4378666666666666,0.4708399068009108,0.43183685316666665,False,False,False,False,False
2010-10-21 03:00:00,0.3406333333333333,0.37727944374196226,0.33701481866666666,False,False,False,False,False
2010-10-21 04:00:00,0.341,0.376446799609065,0.338798823,False,False,False,False,False
2010-10-21 05:00:00,1.0228666666666666,1.0480265372965485,1.0135578581666667,False,False,False,False,False
2010-10-21 06:00:00,1.2183666666666668,1.1528173528656362,1.2053110919999999,False,False,False,False,False
2010-10-21 07:00:00,2.4748666666666663,2.469598723834753,2.4475490316666666,True,True,False,True,True
2010-10-21 08:00:00,1.2261666666666666,1.2704466867677868,1.2143431825,False,False,False,False,False
2010-10-21 09:00:00,0.3173333333333333,0.3474453958794474,0.3118062783333333,False,False,False,False,False
2010-10-21 10:00:00,0.3232333333333333,0.3517504858128726,0.3165012853333333,False,False,False,False,False
2010-10-21 11:00:00,0.3919666666666667,0.42487029136084015,0.39138616233333334,False,False,False,False,False
2010-10-21 12:00:00,0.4943666666666667,0.5281470940358937,0.4996174745,False,False,False,False,False
2010-10-21 13:00:00,0.38803333333333334,0.4250004631824791,0.388055379,False,False,False,False,False
2010-10-21 14:00:00,0.47696666666666665,0.5073534371107816,0.4720648435,False,False,False,False,False
2010-10-21 15:00:00,0.32703333333333334,0.3612061182979494,0.31938894366666665,False,False,False,False,False
2010-10-21 16:00:00,0.9159333333333334,0.9436634693112225,0.9084563818333334,False,False,False,False,False
2010-10-21 17:00:00,0.36683333333333334,0.403763988334313,0.36270945466666665,False,False,False,False,False
2010-10-21 18:00:00,1.3011333333333333,1.2557211478404702,1.2905670475000002,False,False,False,False,False
2010-10-21 19:00:00,1.8244333333333331,1.8128003540497273,1.8027760806666668,True,False,False,False,False
2010-10-21 20:00:00,1.9475666666666667,1.8955060283720495,1.932692144,True,False,False,False,False
2010-10-21 21:00:00,2.5819666666666667,2.5728336945563557,2.5656692150000002,True,True,False,True,True
2010-10-21 22:00:00,1.9928666666666668,2.0415945725873113,1.967875187,True,False,False,False,False
2010-10-21 23:00:00,0.7646333333333334,0.7901774404946715,0.7471869588333333,False,False,False,False,False
2010-10-22 00:00:00,0.5243666666666666,0.5448695077855139,0.5034134925,False,False,False,False,False
2010-10-22 01:00:00,0.6322666666666666,0.6434091584123671,0.612232301,False,False,False,False,False
2010-10-22 02:00:00,0.5181,0.5367423585601151,0.491661419,False,False,False,False,False
2010-10-22 03:00:00,0.5205666666666667,0.5452251092232764,0.49513994066666667,False,False,False,False,False
2010-10-22 04:00:00,0.5208666666666667,0.5407492390282452,0.49619149,False,False,False,False,False
2010-10-22 05:00:00,0.5856,0.5942136467978358,0.5606509036666666,False,False,False,False,False
2010-10-22 06:00:00,1.7711666666666666,1.7546035860978069,1.7578342480000002,True,False,False,False,False
2010-10-22 07:00:00,2.4587999999999997,2.4414080651298162,2.4386334916666663,True,True,False,True,True
2010-10-22 08:00:00,1.5222,1.5554957817867399,1.5197031583333331,True,False,False,False,False
2010-10-22 09:00:00,1.5559333333333332,1.5667574854582549,1.5532363033333332,True,False,False,False,False
2010-10-22 10:00:00,1.3845999999999998,1.4071951293073597,1.3776435133333333,False,False,False,False,False
2010-10-22 11:00:00,1.373,1.3970724453635515,1.3683193433333334,False,False,False,False,False
2010-10-22 12:00:00,1.7621666666666667,1.7683270606234671,1.7579367316666668,True,False,False,False,False
2010-10-22 13:00:00,1.5787,1.5602698189258575,1.5782384950000001,True,False,False,False,False
2010-10-22 14:00:00,1.4756,1.5094897585906089,1.4598039716666666,True,False,False,False,False
2010-10-22 15:00:00,0.767,0.8121000368777662,0.7679734,False,False,False,False,False
2010-10-22 16:00:00,1.1825666666666665,1.1855580545272677,1.1728023273333332,False,False,False,False,False
2010-10-22 17:00:00,0.4821,0.537121555153653,0.4798716436666667,False,False,False,False,False
2010-10-22 18:00:00,0.7137,0.7180602041162552,0.7032549876666666,False,False,False,False,False
2010-10-22 19:00:00,1.4246666666666667,1.439267420203239,1.4122334921666666,False,False,False,False,False
2010-10-22 20:00:00,1.3845,1.4131850988104941,1.3768733333333332,False,False,False,False,False
2010-10-22 21:00:00,2.2917666666666667,2.272258111923188,2.2744293565,True,False,False,False,False
2010-10-22 22:00:00,1.0726666666666667,1.0846505274187774,1.0508031093333332,False,False,False,False,False
2010-10-22 23:00:00,0.31196666666666667,0.3411219887755811,0.3027897648333333,False,False,False,False,False
2010-10-23 00:00:00,1.4291666666666667,1.402563350986317,1.4132270666666669,False,False,False,False,False
2010-10-23 01:00:00,0.36633333333333334,0.3989275389768183,0.36297564,False,False,False,False,False
2010-10-23 02:00:00,0.48646666666666666,0.5038931235712022,0.48696029383333334,False,False,False,False,False
2010-10-23 03:00:00,0.38813333333333333,0.4168069513812661,0.38903298999999997,False,False,False,False,False
2010-10-23 04:00:00,0.37733333333333335,0.403104262182489,0.37681851116666665,False,False,False,False,False
2010-10-23 05:00:00,0.32753333333333334,0.3547502946641296,0.3222224501666667,False,False,False,False,False
2010-10-23 06:00:00,0.6352999999999999,0.6280588629122824,0.6266215413333334,False,False,False,False,False
2010-10-23 07:00:00,2.3587333333333333,2.3368716189742087,2.3446820133333333,True,True,False,True,True
2010-10-23 08:00:00,1.5689333333333333,1.6068029597125948,1.5584665633333332,True,False,False,False,False
2010-10-23 09:00:00,1.2997666666666667,1.345887894488126,1.295327515,False,False,False,False,False
2010-10-23 10:00:00,0.4229,0.4648493879511952,0.42724261066666663,False,False,False,False,False
2010-10-23 11:00:00,1.0934,1.0755920327339321,1.0906025963333335,False,False,False,False,False
2010-10-23 12:00:00,2.0735,2.0628934925734996,2.0619843466666667,True,False,False,False,False
2010-10-23 13:00:00,1.7854666666666668,1.795602295318246,1.7729275783333334,True,False,False,False,False
2010-10-23 14:00:00,2.6106,2.557568885202706,2.596007106666667,True,True,False,True,True
2010-10-23 15:00:00,2.4896000000000003,2.4291168503023686,2.513128221666667,True,True,False,True,True
2010-10-23 16:00:00,2.5465,2.564098654589802,2.528148835,True,True,False,True,True
2010-10-23 17:00:00,3.2707333333333333,3.225149049897492,3.2421922633333335,True,True,True,True,True
2010-10-23 18:00:00,2.5242999999999998,2.546756488053501,2.5186303433333332,True,True,False,True,True
2010-10-23 19:00:00,1.7952666666666666,1.8125338798083368,1.7803139799999999,True,False,False,False,False
2010-10-23 20:00:00,1.6555,1.6559558870226145,1.6355940466666667,True,False,False,False,False
2010-10-23 21:00:00,3.3083,3.1769572760999205,3.3867710316666666,True,True,True,True,True
2010-10-23 22:00:00,1.2988333333333333,1.3568763459004463,1.3001362245,False,False,False,False,False
2010-10-23 23:00:00,2.108,2.0771415361605587,2.070984003,True,False,False,False,False
2010-10-24 00:00:00,1.7188666666666668,1.7131833682522177,1.7253384023333334,True,False,False,False,False
2010-10-24 01:00:00,1.4979333333333333,1.4551438230723144,1.4884926383333335,True,False,False,False,False
2010-10-24 02:00:00,1.9704000000000002,1.9247392261825502,1.942165465,True,False,False,False,False
2010-10-24 03:00:00,1.7044333333333335,1.695750628798455,1.6705208966666667,True,False,False,False,False
2010-10-24 04:00:00,0.8521333333333333,0.9046550550989807,0.841968829,False,False,False,False,False
2010-10-24 05:00:00,0.3794666666666667,0.42433524699397385,0.3740445886666667,False,False,False,False,False
2010-10-24 06:00:00,0.36746666666666666,0.39764916010312734,0.3626015243333333,False,False,False,False,False
2010-10-24 07:00:00,0.3862,0.4172924393370747,0.38400072883333336,False,False,False,False,False
2010-10-24 08:00:00,0.6388999999999999,0.6528792686831206,0.6417916851666666,False,False,False,False,False
2010-10-24 09:00:00,1.1032,1.1386708478670569,1.0985489426666668,False,False,False,False,False
2010-10-24 10:00:00,1.588666666666667,1.5821103521198034,1.5925063813333333,True,False,False,False,False
2010-10-24 11:00:00,1.8669,1.9030063937231898,1.8591729983333332,True,False,False,False,False
2010-10-24 12:00:00,2.8367333333333336,2.831491871197522,2.8150967799999997,True,True,False,True,True
2010-10-24 13:00:00,2.8522333333333334,2.767640386724472,2.8334589649999997,True,True,False,True,True
2010-10-24 14:00:00,3.734,3.67558897639215,3.731538753333333,True,True,True,True,True
2010-10-24 15:00:00,1.7423666666666666,1.8144191055960954,1.7348705195,True,False,False,False,False
2010-10-24 16:00:00,1.4822,1.489701300977543,1.4665106528333332,True,False,False,False,False
2010-10-24 17:00:00,1.9752666666666667,2.010685207939893,1.97068244,True,False,False,False,False
2010-10-24 18:00:00,2.5342,2.476314973410964,2.516128905,True,True,False,True,True
2010-10-24 19:00:00,2.580433333333333,2.5950909081608056,2.5613365333333333,True,True,False,True,True
2010-10-24 20:00:00,1.3936333333333333,1.4250454681783915,1.37948326,False,False,False,False,False
2010-10-24 21:00:00,1.0190666666666666,1.0425824008882048,1.0044085793333333,False,False,False,False,False
2010-10-24 22:00:00,2.3188666666666666,2.3219480162575845,2.2938805791666668,True,False,False,False,False
2010-10-24 23:00:00,1.3281666666666667,1.3336495877031238,1.314553415,False,False,False,False,False
2010-10-25 00:00:00,0.6191666666666666,0.6514681502554567,0.6173547878333333,False,False,False,False,False
2010-10-25 01:00:00,0.5782666666666666,0.5986304906971752,0.5816210738333333,False,False,False,False,False
2010-10-25 02:00:00,0.3816,0.41480931049138303,0.37743461316666665,False,False,False,False,False
2010-10-25 03:00:00,0.3448333333333334,0.3812385468315333,0.3426344338333333,False,False,False,False,False
2010-10-25 04:00:00,0.34140000000000004,0.378471517593041,0.3407366508333334,False,False,False,False,False
2010-10-25 05:00:00,0.3576666666666667,0.3944338592536747,0.3545952685,False,False,False,False,False
2010-10-25 06:00:00,0.4922333333333333,0.5103512700974941,0.4871602361666667,False,False,False,False,False
2010-10-25 07:00:00,1.7558333333333331,1.735467440172285,1.7501800233333333,True,False,False,False,False
2010-10-25 08:00:00,2.1565333333333334,2.1665234030231835,2.145652966666667,True,False,False,False,False
2010-10-25 09:00:00,1.4889333333333332,1.4957979404188693,1.483480935,True,False,False,False,False
2010-10-25 10:00:00,1.5511000000000001,1.5672578846417369,1.54949169,True,False,False,False,False
2010-10-25 11:00:00,0.7614,0.8025129144135863,0.7606485236666667,False,False,False,False,False
2010-10-25 12:00:00,0.32749999999999996,0.35376459955610334,0.320671186,False,False,False,False,False
2010-10-25 13:00:00,0.3194666666666667,0.3485153721377253,0.31339916549999997,False,False,False,False,False
2010-10-25 14:00:00,0.35879999999999995,0.38856535844095047,0.3526437345,False,False,False,False,False
2010-10-25 15:00:00,0.3935,0.4291262782141566,0.39449035233333335,False,False,False,False,False
2010-10-25 16:00:00,0.4519666666666666,0.4758793921858072,0.44453311616666663,False,False,False,False,False
2010-10-25 17:00:00,0.3531666666666667,0.3889974857091903,0.34941524133333335,False,False,False,False,False
2010-10-25 18:00:00,0.4421,0.4671270934093743,0.43762459433333334,False,False,False,False,False
2010-10-25 19:00:00,1.4117666666666666,1.4385489180821927,1.4082751653333332,False,False,False,False,False
2010-10-25 20:00:00,1.0944,1.106563708097488,1.0819530350000002,False,False,False,False,False
2010-10-25 21:00:00,0.9947,1.0329530946418644,0.9846400498333333,False,False,False,False,False
2010-10-25 22:00:00,1.2006333333333332,1.2068661200024189,1.1797623861666666,False,False,False,False,False
2010-10-25 23:00:00,1.2112333333333334,1.250187351348996,1.1933748851666666,False,False,False,False,False
2010-10-26 00:00:00,0.6891,0.7161951717875898,0.6819509591666667,False,False,False,False,False
2010-10-26 01:00:00,0.31656666666666666,0.34503047653883695,0.3115279858333333,False,False,False,False,False
2010-10-26 02:00:00,1.0714666666666666,1.0948943776037545,1.0619293898333333,False,False,False,False,False
2010-10-26 03:00:00,0.35366666666666663,0.3847278399463743,0.348222425,False,False,False,False,False
2010-10-26 04:00:00,0.5006666666666667,0.5264638494752347,0.5001026571666667,False,False,False,False,False
2010-10-26 05:00:00,0.32306666666666667,0.35570152770429847,0.31354371016666666,False,False,False,False,False
2010-10-26 06:00:00,0.3164666666666667,0.3503909469828009,0.3082055025,False,False,False,False,False
2010-10-26 07:00:00,0.6149666666666666,0.6191393090195955,0.6173994311666667,False,False,False,False,False
2010-10-26 08:00:00,0.6816333333333334,0.7226099610835314,0.6792504498333333,False,False,False,False,False
2010-10-26 09:00:00,1.0353,1.0573800647009164,1.0469212024999999,False,False,False,False,False
2010-10-26 10:00:00,0.6316666666666666,0.6508334533214569,0.6257391358333333,False,False,False,False,False
2010-10-26 11:00:00,3.0101,2.9147579496726395,2.9487758966666666,True,True,False,True,True
2010-10-26 12:00:00,1.1093666666666666,1.1772400577731432,1.0968933870000002,False,False,False,False,False
2010-10-26 13:00:00,0.4098333333333333,0.4438294640164822,0.402333553,False,False,False,False,False
2010-10-26 14:00:00,0.3274666666666667,0.3626767986513674,0.31899381466666665,False,False,False,False,False
2010-10-26 15:00:00,0.33549999999999996,0.37090345916375517,0.3275189296666667,False,False,False,False,False
2010-10-26 16:00:00,0.35383333333333333,0.39090708712264893,0.34624355016666664,False,False,False,False,False
2010-10-26 17:00:00,0.5167333333333333,0.5484548151608556,0.513631326,False,False,False,False,False
2010-10-26 18:00:00,0.3454,0.3827944259703159,0.340857311,False,False,False,False,False
2010-10-26 19:00:00,0.29933333333333334,0.33630611762553453,0.294206192,False,False,False,False,False
2010-10-26 20:00:00,1.0135333333333334,1.041444588214159,1.0027367451666667,False,False,False,False,False
2010-10-26 21:00:00,0.36256666666666665,0.39451504458561537,0.3605828563333333,False,False,False,False,False
2010-10-26 22:00:00,0.48939999999999995,0.5230348336026072,0.4898586485,False,False,False,False,False
2010-10-26 23:00:00,0.6574333333333333,0.6487673663165421,0.6382843276666667,False,False,False,False,False
2010-10-27 00:00:00,0.7889666666666667,0.8410128634434194,0.7680810465000001,False,False,False,False,False
2010-10-27 01:00:00,0.7073999999999999,0.7292541941348463,0.7035246495,False,False,False,False,False
2010-10-27 02:00:00,0.8959333333333334,0.9245010706543922,0.8844144193333333,False,False,False,False,False
2010-10-27 03:00:00,0.3767,0.4194706280216574,0.367577821,False,False,False,False,False
2010-10-27 04:00:00,0.32256666666666667,0.3571475635882467,0.31254975900000004,False,False,False,False,False
2010-10-27 05:00:00,0.31406666666666666,0.35165064875856034,0.30602508533333334,False,False,False,False,False
2010-10-27 06:00:00,0.39449999999999996,0.42826628951504825,0.39037992683333333,False,False,False,False,False
2010-10-27 07:00:00,1.7022666666666666,1.6619863401453943,1.6867447688333332,True,False,False,False,False
2010-10-27 08:00:00,1.8992666666666667,1.9242817075803877,1.8782061783333333,True,False,False,False,False
2010-10-27 09:00:00,1.5356999999999998,1.5598318436197938,1.5166451366666667,True,False,False,False,False
2010-10-27 10:00:00,1.8381,1.855705142967403,1.8253438383333331,True,False,False,False,False
2010-10-27 11:00:00,2.5886,2.5841177630119025,2.5620327475,True,True,False,True,True
2010-10-27 12:00:00,0.3977,0.4384853196591139,0.39122439266666664,False,False,False,False,False
2010-10-27 13:00:00,0.6810666666666666,0.7267966438535601,0.6884347505,False,False,False,False,False
2010-10-27 14:00:00,0.5176666666666666,0.5694855305667966,0.5127160416666666,False,False,False,False,False
2010-10-27 15:00:00,0.47103333333333336,0.5040306364737451,0.4564562148333334,False,False,False,False,False
2010-10-27 16:00:00,0.6847666666666666,0.716034690574184,0.6685492108333333,False,False,False,False,False
2010-10-27 17:00:00,0.5363,0.5714537755850703,0.5205189701666667,False,False,False,False,False
2010-10-27 18:00:00,0.5009,0.5417765809167177,0.48644052266666665,False,False,False,False,False
2010-10-27 19:00:00,0.8276,0.8466741090275348,0.8161150721666667,False,False,False,False,False
2010-10-27 20:00:00,1.0392333333333332,1.0876846646018328,1.0326701708333335,False,False,False,False,False
2010-10-27 21:00:00,0.3815666666666667,0.4219028034288436,0.37857593533333334,False,False,False,False,False
2010-10-27 22:00:00,0.8087,0.8091225489176811,0.7836691568333334,False,False,False,False,False
2010-10-27 23:00:00,0.7940333333333334,0.8208080450147391,0.7603128686666667,False,False,False,False,False
2010-10-28 00:00:00,2.0628,2.0300865312099456,2.029553931666667,True,False,False,False,False
2010-10-28 01:00:00,0.5760000000000001,0.6131303140189498,0.5536999318333333,False,False,False,False,False
2010-10-28 02:00:00,0.3520333333333333,0.393827634383738,0.34693015483333334,False,False,False,False,False
2010-10-28 03:00:00,0.3282666666666667,0.3697166195362806,0.32178884283333337,False,False,False,False,False
2010-10-28 04:00:00,0.41796666666666665,0.4433282342977822,0.4095976806666667,False,False,False,False,False
2010-10-28 05:00:00,0.39540000000000003,0.4383462540466338,0.38950847033333336,False,False,False,False,False
2010-10-28 06:00:00,0.3842,0.4234497133359313,0.38099870816666664,False,False,False,False,False
2010-10-28 07:00:00,0.48639999999999994,0.5008729395169765,0.48188640166666663,False,False,False,False,False
2010-10-28 08:00:00,0.7909333333333334,0.8241185048997403,0.7785112365,False,False,False,False,False
2010-10-28 09:00:00,1.6559,1.6573473894566297,1.6309568533333334,True,False,False,False,False
2010-10-28 10:00:00,1.3800666666666668,1.4209975506290793,1.3666290443333333,False,False,False,False,False
2010-10-28 11:00:00,0.3667666666666667,0.41269369793757793,0.3638432386666667,False,False,False,False,False
2010-10-28 12:00:00,0.4730666666666667,0.5038758476156742,0.4579120285,False,False,False,False,False
2010-10-28 13:00:00,0.5296666666666667,0.5571810285475105,0.5127734405,False,False,False,False,False
2010-10-28 14:00:00,1.4190333333333334,1.4146475135896355,1.3840962525,False,False,False,False,False
2010-10-28 15:00:00,2.2539000000000002,2.204920756606758,2.2058959033333334,True,False,False,False,False
2010-10-28 16:00:00,2.0625,2.0317156641036274,2.02754559,True,False,False,False,False
2010-10-28 17:00:00,2.1038666666666668,2.1171175499632957,2.0705549633333336,True,False,False,False,False
2010-10-28 18:00:00,1.3175333333333334,1.2958304992374032,1.3095415966666666,False,False,False,False,False
2010-10-28 19:00:00,2.4234999999999998,2.4321157312311232,2.403507995,True,True,False,True,True
2010-10-28 20:00:00,0.5318999999999999,0.5850718359198421,0.5373016701666666,False,False,False,False,False
2010-10-28 21:00:00,0.4278333333333333,0.4717991537172347,0.42666624266666664,False,False,False,False,False
2010-10-28 22:00:00,0.7487999999999999,0.7449252031069249,0.7399716018333333,False,False,False,False,False
2010-10-28 23:00:00,0.9004333333333334,0.9550944519713521,0.8829421103333334,False,False,False,False,False
2010-10-29 00:00:00,1.0362,1.033017566395551,1.0192634283333333,False,False,False,False,False
2010-10-29 01:00:00,0.5989,0.6495423372883349,0.5975355600000001,False,False,False,False,False
2010-10-29 02:00:00,0.46509999999999996,0.5001253474026919,0.4589887816666666,False,False,False,False,False
2010-10-29 03:00:00,0.31679999999999997,0.3559633156970143,0.3092041616666667,False,False,False,False,False
2010-10-29 04:00:00,0.31620000000000004,0.3558766190677881,0.30832249133333334,False,False,False,False,False
2010-10-29 05:00:00,0.3864,0.42277262481451033,0.3817539876666666,False,False,False,False,False
2010-10-29 06:00:00,0.5107,0.5406484315302222,0.5137329336666666,False,False,False,False,False
2010-10-29 07:00:00,0.3061666666666667,0.34768321631290017,0.29879215,False,False,False,False,False
2010-10-29 08:00:00,0.47936666666666666,0.5205230783820152,0.48098341666666666,False,False,False,False,False
2010-10-29 09:00:00,1.4061666666666668,1.4136147447604688,1.37718019,False,False,False,False,False
2010-10-29 10:00:00,0.5284666666666666,0.5816538268677891,0.5209667821666667,False,False,False,False,False
2010-10-29 11:00:00,0.6154,0.6343140858866274,0.6457615825,False,False,False,False,False
2010-10-29 12:00:00,1.0566666666666666,1.0703337524130943,1.0687068511666666,False,False,False,False,False
2010-10-29 13:00:00,0.8221333333333333,0.8636467648901045,0.809964402,False,False,False,False,False
2010-10-29 14:00:00,0.7339333333333333,0.75760152429007,0.720688932,False,False,False,False,False
2010-10-29 15:00:00,1.3253,1.3693152746055275,1.2886511866666666,False,False,False,False,False
2010-10-29 16:00:00,0.5244333333333333,0.570840546374768,0.5162509571666667,False,False,False,False,False
2010-10-29 17:00:00,0.6262333333333333,0.6593302106078714,0.6145466541666667,False,False,False,False,False
2010-10-29 18:00:00,1.2063666666666668,1.1973166096046568,1.1866483563333332,False,False,False,False,False
2010-10-29 19:00:00,1.314,1.3516829838059843,1.2994452916666668,False,False,False,False,False
2010-10-29 20:00:00,1.5519666666666665,1.5604690362744036,1.5397856683333333,True,False,False,False,False
2010-10-29 21:00:00,1.6412333333333333,1.6461058833591642,1.635501157,True,False,False,False,False
2010-10-29 22:00:00,0.9650666666666666,1.016229312669486,0.9626706735,False,False,False,False,False
2010-10-29 23:00:00,1.3404999999999998,1.3384563586287201,1.3358281834999999,False,False,False,False,False
2010-10-30 00:00:00,1.6557,1.6330099834650755,1.6366606331666667,True,False,False,False,False
2010-10-30 01:00:00,1.2114666666666667,1.2459594387806951,1.1911548914999999,False,False,False,False,False
2010-10-30 02:00:00,0.9088666666666666,0.9296296359136702,0.8860170321666666,False,False,False,False,False
2010-10-30 03:00:00,0.5199,0.5425852238848805,0.5176743991666667,False,False,False,False,False
2010-10-30 04:00:00,0.36356666666666665,0.3964094693567603,0.3564177655,False,False,False,False,False
2010-10-30 05:00:00,0.31160000000000004,0.3408821965925395,0.30148508500000004,False,False,False,False,False
2010-10-30 06:00:00,0.32016666666666665,0.35107260721996425,0.31251594583333336,False,False,False,False,False
2010-10-30 07:00:00,0.4655666666666667,0.4899504302691668,0.4618939245,False,False,False,False,False
2010-10-30 08:00:00,0.4008333333333333,0.433110470874235,0.39730205583333333,False,False,False,False,False
2010-10-30 09:00:00,0.3779333333333333,0.410320212771371,0.3795332685,False,False,False,False,False
2010-10-30 10:00:00,0.7758666666666667,0.7607772708140313,0.7663766178333333,False,False,False,False,False
2010-10-30 11:00:00,3.1332333333333335,3.07323649096936,3.2061056216666666,True,True,True,True,True
2010-10-30 12:00:00,0.905,0.9764801433417947,0.910131172,False,False,False,False,False
2010-10-30 13:00:00,1.2232666666666667,1.2350794658295812,1.2217553138333335,False,False,False,False,False
2010-10-30 14:00:00,1.7464000000000002,1.7697194052517415,1.726129655,True,False,False,False,False
2010-10-30 15:00:00,1.5429,1.5758923111990095,1.5315005683333331,True,False,False,False,False
2010-10-30 16:00:00,1.6637,1.6832928378224374,1.6449932466666666,True,False,False,False,False
2010-10-30 17:00:00,1.5299,1.55752634780854,1.5214758216666666,True,False,False,False,False
2010-10-30 18:00:00,2.1401666666666666,2.14680529537797,2.117522898333333,True,False,False,False,False
2010-10-30 19:00:00,2.602633333333334,2.629121476280689,2.5875478633333335,True,True,False,True,True
2010-10-30 20:00:00,3.3127,3.250576559767127,3.3036352100000004,True,True,True,True,True
2010-10-30 21:00:00,3.0156,3.026017761534453,2.9975009599999995,True,True,False,True,True
2010-10-30 22:00:00,2.8801666666666668,2.900894024851918,2.8451758316666664,True,True,False,True,True
2010-10-30 23:00:00,2.8712,2.878848336428404,2.83550909,True,True,False,True,True
2010-10-31 00:00:00,1.8089666666666666,1.80487078442052,1.7819693600000002,True,False,False,False,False
2010-10-31 01:00:00,1.4759,1.4602252185948192,1.4623885666666667,True,False,False,False,False
2010-10-31 02:00:00,1.4299,1.4253838739022615,1.405108925,False,False,False,False,False
2010-10-31 03:00:00,1.5552333333333332,1.5362892371997239,1.5241528923333334,True,False,False,False,False
2010-10-31 04:00:00,1.4665,1.4699384658217431,1.454516505,True,False,False,False,False
2010-10-31 05:00:00,2.9103,2.808787789867819,2.8697974033333336,True,True,False,True,True
2010-10-31 06:00:00,1.9305666666666668,1.9502724328033627,1.9054335693333333,True,False,False,False,False
2010-10-31 07:00:00,0.3292,0.36295403967425227,0.32357764066666667,False,False,False,False,False
2010-10-31 08:00:00,0.35500000000000004,0.38527580458819866,0.3491858293333333,False,False,False,False,False
2010-10-31 09:00:00,0.39823333333333333,0.4344992492076009,0.3956908823333333,False,False,False,False,False
2010-10-31 10:00:00,0.5090333333333333,0.5360650937814265,0.5069292616666667,False,False,False,False,False
2010-10-31 11:00:00,0.31976666666666664,0.35357967893518505,0.312138451,False,False,False,False,False
2010-10-31 12:00:00,0.3359333333333333,0.37189018506817517,0.3297495111666667,False,False,False,False,False
2010-10-31 13:00:00,1.1764333333333332,1.1772460697233678,1.16165615,False,False,False,False,False
2010-10-31 14:00:00,1.5386666666666668,1.549837909780443,1.51838553,True,False,False,False,False
2010-10-31 15:00:00,0.5955999999999999,0.654999318530783,0.5889649254999999,False,False,False,False,False
2010-10-31 16:00:00,0.3451666666666667,0.38279140216372903,0.3355784163333333,False,False,False,False,False
2010-10-31 17:00:00,0.4587333333333333,0.4907072439990937,0.45399722216666666,False,False,False,False,False
2010-10-31 18:00:00,0.32846666666666663,0.366771729569137,0.32263945650000003,False,False,False,False,False
2010-10-31 19:00:00,0.36433333333333334,0.39970353937335307,0.3573535993333333,False,False,False,False,False
2010-10-31 20:00:00,0.39280000000000004,0.4338547477059066,0.39077810983333333,False,False,False,False,False
2010-10-31 21:00:00,1.2171666666666667,1.2075801272202284,1.2047839376666665,False,False,False,False,False
2010-10-31 22:00:00,1.3272666666666666,1.3444267546594142,1.3063589633333335,False,False,False,False,False
2010-10-31 23:00:00,2.038,2.0629214029461145,2.0157035383333333,True,False,False,False,False
2010-11-01 00:00:00,1.3194000000000001,1.3200807676136495,1.3105077866666666,False,False,False,False,False
2010-11-01 01:00:00,1.4804333333333333,1.455943021531403,1.4652626283333334,True,False,False,False,False
2010-11-01 02:00:00,1.2860333333333334,1.2686081204622985,1.2550838333333334,False,False,False,False,False
2010-11-01 03:00:00,1.0646666666666667,1.0810649299390613,1.0325950955,False,False,False,False,False
2010-11-01 04:00:00,0.32743333333333335,0.3526261058568954,0.320559072,False,False,False,False,False
2010-11-01 05:00:00,0.4504,0.46413822211027145,0.4425408125,False,False,False,False,False
2010-11-01 06:00:00,0.40496666666666664,0.4172468250535429,0.3984674563333333,False,False,False,False,False
2010-11-01 07:00:00,0.38456666666666667,0.4018590285908431,0.381712763,False,False,False,False,False
2010-11-01 08:00:00,0.3178,0.33510421451702715,0.3062837491666667,False,False,False,False,False
2010-11-01 09:00:00,1.1984,1.1864206665106116,1.1871886013333333,False,False,False,False,False
2010-11-01 10:00:00,0.4413,0.47520382345467804,0.43283032483333334,False,False,False,False,False
2010-11-01 11:00:00,0.40673333333333334,0.4223865246970206,0.4028861265,False,False,False,False,False
2010-11-01 12:00:00,0.7283333333333334,0.7217820121150463,0.7215026561666666,False,False,False,False,False
2010-11-01 13:00:00,1.8742666666666667,1.853985681310296,1.8450800349999998,True,False,False,False,False
2010-11-01 14:00:00,1.4406999999999999,1.4523886682242155,1.43064171,True,False,False,False,False
2010-11-01 15:00:00,1.4621666666666668,1.4645908614724876,1.457231855,True,False,False,False,False
2010-11-01 16:00:00,1.6175,1.5988657684996723,1.60582745,True,False,False,False,False
2010-11-01 17:00:00,1.4483,1.4531309019804002,1.4482812266666667,True,False,False,False,False
2010-11-01 18:00:00,0.6616333333333333,0.6971590631775558,0.6563247010000001,False,False,False,False,False
2010-11-01 19:00:00,0.33193333333333336,0.3562863897819072,0.3276608956666667,False,False,False,False,False
2010-11-01 20:00:00,0.475,0.48808129670135675,0.4672401905,False,False,False,False,False
2010-11-01 21:00:00,1.0677333333333332,1.0363720199573785,1.046578217,False,False,False,False,False
2010-11-01 22:00:00,1.3896666666666666,1.3974255346208813,1.3632740233333334,False,False,False,False,False
2010-11-01 23:00:00,1.4736333333333331,1.4711222686119378,1.4366277583333333,True,False,False,False,False
2010-11-02 00:00:00,1.4327333333333334,1.414313533500582,1.399268265,True,False,False,False,False
2010-11-02 01:00:00,1.2633666666666667,1.2648136231433602,1.2247660731666667,False,False,False,False,False
2010-11-02 02:00:00,0.3963333333333333,0.41635680609382686,0.3905530745,False,False,False,False,False
2010-11-02 03:00:00,0.3301,0.3557085094124079,0.3208364968333333,False,False,False,False,False
2010-11-02 04:00:00,1.4277333333333333,1.3911163254857064,1.3909032319999999,False,False,False,False,False
2010-11-02 05:00:00,0.3799666666666666,0.4239339345712214,0.3714212726666667,False,False,False,False,False
2010-11-02 06:00:00,0.40353333333333335,0.42484853216111657,0.3964420705,False,False,False,False,False
2010-11-02 07:00:00,0.4835,0.50103993264772,0.4836395141666667,False,False,False,False,False
2010-11-02 08:00:00,0.5343333333333333,0.5619630919076501,0.5599314751666667,False,False,False,False,False
2010-11-02 09:00:00,1.4453333333333334,1.427014093830064,1.4351690586666666,True,False,False,False,False
2010-11-02 10:00:00,0.8653666666666666,0.8911261199031025,0.8565535588333333,False,False,False,False,False
2010-11-02 11:00:00,0.43026666666666663,0.45012700313739473,0.4242150531666667,False,False,False,False,False
2010-11-02 12:00:00,0.3439666666666667,0.3659772351901978,0.3382037215,False,False,False,False,False
2010-11-02 13:00:00,0.40273333333333333,0.4155808729082346,0.3992441985,False,False,False,False,False
2010-11-02 14:00:00,0.3610666666666667,0.3890554640628397,0.3580964378333333,False,False,False,False,False
2010-11-02 15:00:00,0.37656666666666666,0.3965693504724651,0.3692387796666667,False,False,False,False,False
2010-11-02 16:00:00,0.37279999999999996,0.3970377572473138,0.3728068925,False,False,False,False,False
2010-11-02 17:00:00,0.3232,0.3481058208879083,0.3179054671666667,False,False,False,False,False
2010-11-02 18:00:00,1.1502333333333332,1.1645399617478251,1.150112516,False,False,False,False,False
2010-11-02 19:00:00,0.8409,0.839114492429793,0.8301972725,False,False,False,False,False
2010-11-02 20:00:00,1.2145000000000001,1.2172246142238379,1.1848494649999999,False,False,False,False,False
2010-11-02 21:00:00,1.3573666666666668,1.360518214713037,1.3368652733333335,False,False,False,False,False
2010-11-02 22:00:00,1.4289999999999998,1.417500995989144,1.4007791916666668,False,False,False,False,False
2010-11-02 23:00:00,2.2864666666666666,2.2675825456731022,2.23849515,True,False,False,False,False
2010-11-03 00:00:00,0.6133000000000001,0.6412734785914421,0.6004635035,False,False,False,False,False
2010-11-03 01:00:00,0.9561666666666667,0.9368781522616744,0.9471026053333333,False,False,False,False,False
2010-11-03 02:00:00,1.0623,1.0722300289142876,1.0374502241666665,False,False,False,False,False
2010-11-03 03:00:00,0.40226666666666666,0.43334890032112594,0.39434792166666666,False,False,False,False,False
2010-11-03 04:00:00,0.33,0.3607480270311236,0.32854446616666666,False,False,False,False,False
2010-11-03 05:00:00,0.38843333333333335,0.40764412885382767,0.38271646016666666,False,False,False,False,False
2010-11-03 06:00:00,0.5263333333333333,0.5337486226975918,0.5200352211666667,False,False,False,False,False
2010-11-03 07:00:00,1.0215,0.9904976581968368,1.0154692893333332,False,False,False,False,False
2010-11-03 08:00:00,1.9960666666666667,1.985740160162002,1.9816318216666666,True,False,False,False,False
2010-11-03 09:00:00,2.0325,1.989706814195216,2.0222722633333334,True,False,False,False,False
2010-11-03 10:00:00,1.0415666666666668,1.0658538022395223,1.0384696796666666,False,False,False,False,False
2010-11-03 11:00:00,0.38856666666666667,0.41150907009877263,0.39024389416666666,False,False,False,False,False
2010-11-03 12:00:00,0.32889999999999997,0.35263910774514073,0.32378004383333336,False,False,False,False,False
2010-11-03 13:00:00,0.4435333333333333,0.46395176661089066,0.4381246988333333,False,False,False,False,False
2010-11-03 14:00:00,0.32583333333333336,0.34993916531465946,0.3176085496666667,False,False,False,False,False
2010-11-03 15:00:00,0.3891,0.41177564309909936,0.38522727149999997,False,False,False,False,False
2010-11-03 16:00:00,0.3891666666666666,0.4108209075458348,0.3860153455,False,False,False,False,False
2010-11-03 17:00:00,0.6790666666666667,0.6844292201377452,0.6653228711666667,False,False,False,False,False
2010-11-03 18:00:00,0.9811,0.9813852582786232,0.9662722326666666,False,False,False,False,False
2010-11-03 19:00:00,1.2302,1.2715602939009665,1.2267421031666668,False,False,False,False,False
2010-11-03 20:00:00,1.6190333333333333,1.5855906252518297,1.6051550033333333,True,False,False,False,False
2010-11-03 21:00:00,3.1431666666666667,3.0791371892526747,3.1161326883333333,True,True,True,True,True
2010-11-03 22:00:00,0.8998,0.9624246378444137,0.874630811,False,False,False,False,False
2010-11-03 23:00:00,0.3670666666666667,0.40488408132344483,0.360096618,False,False,False,False,False
2010-11-04 00:00:00,0.5018333333333334,0.5144085087072104,0.49362310866666664,False,False,False,False,False
2010-11-04 01:00:00,0.8423,0.8253458137445152,0.8219649619999999,False,False,False,False,False
2010-11-04 02:00:00,0.5743666666666667,0.6225887789651752,0.5664679291666667,False,False,False,False,False
2010-11-04 03:00:00,0.34276666666666666,0.37336271852329367,0.3396220866666667,False,False,False,False,False
2010-11-04 04:00:00,0.4557333333333334,0.47992302263714376,0.4523461428333333,False,False,False,False,False
2010-11-04 05:00:00,0.3952666666666666,0.4214624078430235,0.3893703076666667,False,False,False,False,False
2010-11-04 06:00:00,0.8127333333333333,0.776083924465999,0.7974797593333333,False,False,False,False,False
2010-11-04 07:00:00,2.2721999999999998,2.257571194598079,2.261138166666667,True,False,False,False,False
2010-11-04 08:00:00,4.4189,4.2177789253622295,4.364833371666666,True,True,True,True,True
2010-11-04 09:00:00,2.2490333333333337,2.212035383270681,2.2351555016666667,True,False,False,False,False
2010-11-04 10:00:00,3.6266333333333334,3.528639460003376,3.6122399516666666,True,True,True,True,True
2010-11-04 11:00:00,3.2412666666666667,3.2152741137176752,3.2209730243333334,True,True,True,True,True
2010-11-04 12:00:00,2.1015666666666664,2.0353894409682605,2.098454085166667,True,False,False,False,False
2010-11-04 13:00:00,2.1523,2.201630189103261,2.1318005988333333,True,False,False,False,False
2010-11-04 14:00:00,0.8233,0.8603484290361404,0.8145878310000001,False,False,False,False,False
2010-11-04 15:00:00,0.7059,0.7265247351273895,0.6997252018333333,False,False,False,False,False
2010-11-04 16:00:00,0.44949999999999996,0.4835466032151132,0.43776305616666666,False,False,False,False,False
2010-11-04 17:00:00,0.6564666666666666,0.6734597640465945,0.6450292428333333,False,False,False,False,False
2010-11-04 18:00:00,1.6958666666666666,1.6485662606149913,1.6985338886666668,True,False,False,False,False
2010-11-04 19:00:00,4.053766666666666,3.921687682874501,4.084904085,True,True,True,True,True
2010-11-04 20:00:00,4.462599999999999,3.987910517537594,4.45697618,True,True,True,True,True
2010-11-04 21:00:00,3.097166666666667,2.9464958935625853,3.092679865,True,True,False,True,True
2010-11-04 22:00:00,2.0152666666666668,2.004526363399625,1.9909525433333333,True,False,False,False,False
2010-11-04 23:00:00,0.6390333333333333,0.6823343565620482,0.6249646905,False,False,False,False,False
2010-11-05 00:00:00,0.4877666666666666,0.5023550066385418,0.48050421000000004,False,False,False,False,False
2010-11-05 01:00:00,0.34176666666666666,0.37166513814292845,0.33607610833333335,False,False,False,False,False
2010-11-05 02:00:00,0.3838666666666667,0.41098363415338096,0.3774447895,False,False,False,False,False
2010-11-05 03:00:00,0.4214333333333334,0.4421305257007479,0.4117948461666667,False,False,False,False,False
2010-11-05 04:00:00,0.47933333333333333,0.5020386680502444,0.473086219,False,False,False,False,False
2010-11-05 05:00:00,0.34576666666666667,0.3769206264663488,0.3416512841666667,False,False,False,False,False
2010-11-05 06:00:00,0.7456,0.7243181621644647,0.737736817,False,False,False,False,False
2010-11-05 07:00:00,2.7622,2.670185356797278,2.7332047016666667,True,True,False,True,True
2010-11-05 08:00:00,1.8461333333333334,1.851876112254709,1.8467545349999999,True,False,False,False,False
2010-11-05 09:00:00,1.5481,1.5698345285981894,1.5403348316666665,True,False,False,False,False
2010-11-05 10:00:00,1.4172333333333331,1.4315764542207121,1.4149256733333333,False,False,False,False,False
2010-11-05 11:00:00,1.4705,1.4777826658949256,1.4636178816666667,True,False,False,False,False
2010-11-05 12:00:00,1.7144333333333333,1.7076500806435944,1.6993126766666669,True,False,False,False,False
2010-11-05 13:00:00,1.6337000000000002,1.6400041228555144,1.6430653016666668,True,False,False,False,False
2010-11-05 14:00:00,1.4995666666666667,1.50145459439829,1.4983357066666665,True,False,False,False,False
2010-11-05 15:00:00,1.5889666666666669,1.6222229207262397,1.6559813433333335,True,False,False,False,False
2010-11-05 16:00:00,0.8524666666666666,0.982273616167903,0.9954622696666667,False,False,False,False,False
2010-11-05 17:00:00,0.7742666666666668,0.7869057997297496,0.7614348888333333,False,False,False,False,False
2010-11-05 18:00:00,1.1300999999999999,1.140938138372451,1.1166729876666668,False,False,False,False,False
2010-11-05 19:00:00,1.7654999999999998,1.7555512014061212,1.7555539616666667,True,False,False,False,False
2010-11-05 20:00:00,2.204533333333333,2.196685627515614,2.19187083,True,False,False,False,False
2010-11-05 21:00:00,1.8398666666666665,1.8475715805836022,1.82210757,True,False,False,False,False
2010-11-05 22:00:00,1.3280333333333334,1.3605230065789076,1.3042008036666668,False,False,False,False,False
2010-11-05 23:00:00,0.35366666666666663,0.393820012114197,0.34793092249999996,False,False,False,False,False
2010-11-06 00:00:00,0.3185,0.32262754000946875,0.30986633399999997,False,False,False,False,False
2010-11-06 01:00:00,0.4849333333333333,0.48362006066031754,0.48355718183333335,False,False,False,False,False
2010-11-06 02:00:00,1.0021333333333333,1.005781594550237,1.002719129,False,False,False,False,False
2010-11-06 03:00:00,0.3465,0.3621993238858879,0.3432520523333334,False,False,False,False,False
2010-11-06 04:00:00,0.33843333333333336,0.3602252013392746,0.3399197115,False,False,False,False,False
2010-11-06 05:00:00,0.43973333333333336,0.4513685689318925,0.43639332833333333,False,False,False,False,False
2010-11-06 06:00:00,0.6567333333333334,0.6480490527976304,0.6480610203333333,False,False,False,False,False
2010-11-06 07:00:00,2.6104333333333334,2.5584757775381206,2.597180123333333,True,True,False,True,True
2010-11-06 08:00:00,2.1137333333333332,2.1178195353381337,2.0998963516666667,True,False,False,False,False
2010-11-06 09:00:00,1.3695999999999997,1.3852321439485997,1.3666895426666665,False,False,False,False,False
2010-11-06 10:00:00,1.1997333333333335,1.1682196511179208,1.1983973101666667,False,False,False,False,False
2010-11-06 11:00:00,2.4701333333333335,2.4143511452928186,2.5058101648333335,True,True,False,True,True
2010-11-06 12:00:00,1.9629666666666667,1.9604828818932176,1.9680981916666667,True,False,False,False,False
2010-11-06 13:00:00,1.1770333333333334,1.2129764595028014,1.1738409203333333,False,False,False,False,False
2010-11-06 14:00:00,0.5483333333333333,0.5727550116658211,0.5575239968333334,False,False,False,False,False
2010-11-06 15:00:00,1.8848999999999998,1.8648634884230793,1.8923586559999999,True,False,False,False,False
2010-11-06 16:00:00,1.7088333333333334,1.6933517756164074,1.7178065516666665,True,False,False,False,False
2010-11-06 17:00:00,1.5478333333333334,1.5748496198400856,1.5591660733333332,True,False,False,False,False
2010-11-06 18:00:00,2.0902333333333334,2.036717780890316,2.1173543783333333,True,False,False,False,False
2010-11-06 19:00:00,1.8949333333333334,1.9141846748985352,1.883382326,True,False,False,False,False
2010-11-06 20:00:00,1.2521666666666667,1.2721742055080831,1.2408121719999998,False,False,False,False,False
2010-11-06 21:00:00,1.1034333333333335,1.0961664338480681,1.0917270013333333,False,False,False,False,False
2010-11-06 22:00:00,1.0556666666666665,1.0756884948387744,1.0511267736666665,False,False,False,False,False
2010-11-06 23:00:00,0.5132,0.5468651158872991,0.5085722143333333,False,False,False,False,False
2010-11-07 00:00:00,0.511,0.5116175900936126,0.5031187303333333,False,False,False,False,False
2010-11-07 01:00:00,0.3605,0.37694835166595875,0.3544277443333333,False,False,False,False,False
2010-11-07 02:00:00,0.3762333333333333,0.3910124539915472,0.3725600081666667,False,False,False,False,False
2010-11-07 03:00:00,0.39909999999999995,0.41568936234265563,0.395264882,False,False,False,False,False
2010-11-07 04:00:00,0.4824,0.49916183807812625,0.47879792916666664,False,False,False,False,False
2010-11-07 05:00:00,0.3278333333333333,0.35660579195469616,0.32838790083333336,False,False,False,False,False
2010-11-07 06:00:00,0.33849999999999997,0.3581873696774244,0.332493405,False,False,False,False,False
2010-11-07 07:00:00,1.0311,1.038707532998547,1.0289798815,False,False,False,False,False
2010-11-07 08:00:00,0.6107666666666667,0.6313269984208048,0.6031519099999999,False,False,False,False,False
2010-11-07 09:00:00,1.5049666666666668,1.4588232346829026,1.4920020956666666,True,False,False,False,False
2010-11-07 10:00:00,1.7558333333333331,1.7743943954080343,1.7599214333333333,True,False,False,False,False
2010-11-07 11:00:00,2.0469333333333335,2.056537164452672,2.0597614,True,False,False,False,False
2010-11-07 12:00:00,1.7646000000000002,1.8050950145270677,1.7973641358333334,True,False,False,False,False
2010-11-07 13:00:00,1.2351333333333334,1.2243920563437043,1.2349490718333334,False,False,False,False,False
2010-11-07 14:00:00,1.4556,1.4062724588602782,1.4418924816666667,True,False,False,False,False
2010-11-07 15:00:00,1.7619,1.7423023170620204,1.7773058583333332,True,False,False,False,False
2010-11-07 16:00:00,1.2386000000000001,1.2838779569201173,1.2387807236666668,False,False,False,False,False
2010-11-07 17:00:00,1.2321333333333333,1.2357011231549084,1.2380970426666666,False,False,False,False,False
2010-11-07 18:00:00,1.9365999999999999,1.9271186183676123,1.9615636966666665,True,False,False,False,False
2010-11-07 19:00:00,1.9461000000000002,1.9672864179089666,1.95962582,True,False,False,False,False
2010-11-07 20:00:00,2.108233333333333,2.1523286686867475,2.11072315,True,False,False,False,False
2010-11-07 21:00:00,1.7344333333333333,1.7472762710921468,1.7325844183333332,True,False,False,False,False
2010-11-07 22:00:00,1.2988333333333335,1.3376868968967348,1.2911659726666669,False,False,False,False,False
2010-11-07 23:00:00,0.43960000000000005,0.4727552801255136,0.4346227153333333,False,False,False,False,False
2010-11-08 00:00:00,0.3135,0.32956600816473364,0.30560678333333335,False,False,False,False,False
2010-11-08 01:00:00,0.40163333333333334,0.40728669283166524,0.39644492416666666,False,False,False,False,False
2010-11-08 02:00:00,0.376,0.3933010723121464,0.37229490866666665,False,False,False,False,False
2010-11-08 03:00:00,1.0100666666666667,1.0080749807327984,1.0116413413333334,False,False,False,False,False
2010-11-08 04:00:00,0.3308,0.36119759759642184,0.32386826983333333,False,False,False,False,False
2010-11-08 05:00:00,0.3314333333333333,0.35453078784085806,0.32244126949999996,False,False,False,False,False
2010-11-08 06:00:00,0.9282,0.9015674721859396,0.9244253683333333,False,False,False,False,False
2010-11-08 07:00:00,2.610666666666667,2.5639023067370057,2.60199332,True,True,False,True,True
2010-11-08 08:00:00,1.7462000000000002,1.7655647951319815,1.7570954483333334,True,False,False,False,False
2010-11-08 09:00:00,1.488,1.4996872044809164,1.507709575,True,False,False,False,False
2010-11-08 10:00:00,1.3425666666666667,1.3606756392002106,1.3532133116666667,False,False,False,False,False
2010-11-08 11:00:00,1.3471333333333333,1.3715923792801799,1.3546514333333335,False,False,False,False,False
2010-11-08 12:00:00,1.5107333333333335,1.5258394581735135,1.5209975649999998,True,False,False,False,False
2010-11-08 13:00:00,2.0889333333333333,2.0693354776114226,2.0834769399999997,True,False,False,False,False
2010-11-08 14:00:00,1.2387000000000001,1.2530994746100157,1.2304181063333333,False,False,False,False,False
2010-11-08 15:00:00,0.9437333333333334,0.9230971671156585,0.9345971396666666,False,False,False,False,False
2010-11-08 16:00:00,0.4469666666666667,0.4721332113046198,0.4393883595,False,False,False,False,False
2010-11-08 17:00:00,0.6663333333333334,0.6804070327203722,0.6576051603333333,False,False,False,False,False
2010-11-08 18:00:00,1.5786000000000002,1.55690995625481,1.5832978358333334,True,False,False,False,False
2010-11-08 19:00:00,2.1504333333333334,2.0838091990835967,2.15602355,True,False,False,False,False
2010-11-08 20:00:00,2.5562666666666667,2.588940001370013,2.550676175,True,True,False,True,True
2010-11-08 21:00:00,2.6497333333333333,2.6438268985614184,2.6314218150000004,True,True,False,True,True
2010-11-08 22:00:00,1.8272333333333333,1.8641953910797835,1.8130964385000001,True,False,False,False,False
2010-11-08 23:00:00,0.5418000000000001,0.5733234015759081,0.5355001183333333,False,False,False,False,False
2010-11-09 00:00:00,0.3769,0.3924956883888691,0.37610005700000004,False,False,False,False,False
2010-11-09 01:00:00,0.3479,0.36297337859421963,0.34457987700000003,False,False,False,False,False
2010-11-09 02:00:00,0.31756666666666666,0.33837068141102783,0.31025979033333334,False,False,False,False,False
2010-11-09 03:00:00,0.31586666666666663,0.3390376642871648,0.3075855595,False,False,False,False,False
2010-11-09 04:00:00,0.31166666666666665,0.3400627230610698,0.307319028,False,False,False,False,False
2010-11-09 05:00:00,0.39126666666666665,0.4129083024770021,0.3905406416666667,False,False,False,False,False
2010-11-09 06:00:00,1.6284999999999998,1.5572544761169702,1.6251119195000001,True,False,False,False,False
2010-11-09 07:00:00,1.9789666666666668,1.9951730431146921,1.9615186666666666,True,False,False,False,False
2010-11-09 08:00:00,1.9015333333333333,1.8849344932943584,1.90777865,True,False,False,False,False
2010-11-09 09:00:00,1.7798333333333332,1.7827738579407335,1.7738070303333333,True,False,False,False,False
2010-11-09 10:00:00,1.0868333333333333,1.0979770904667676,1.0977677346666668,False,False,False,False,False
2010-11-09 11:00:00,1.5032,1.5055565015375616,1.5089889733333335,True,False,False,False,False
2010-11-09 12:00:00,1.3461333333333334,1.3295419648904354,1.3363265191666664,False,False,False,False,False
2010-11-09 13:00:00,0.9226,0.9136091410137712,0.9126614138333333,False,False,False,False,False
2010-11-09 14:00:00,0.5484333333333333,0.572311337831989,0.5414085355,False,False,False,False,False
2010-11-09 15:00:00,0.4860666666666667,0.5126666116259992,0.4786190358333334,False,False,False,False,False
2010-11-09 16:00:00,0.6602,0.672084866830334,0.6543290726666666,False,False,False,False,False
2010-11-09 17:00:00,2.2828000000000004,2.2332498383052646,2.2898348543333333,True,False,False,False,False
2010-11-09 18:00:00,2.809833333333333,2.8277699870720507,2.834280253333333,True,True,False,True,True
2010-11-09 19:00:00,2.416,2.4123614078611135,2.419795676666667,True,True,False,True,True
2010-11-09 20:00:00,3.7867,3.6575033210381864,3.8191633666666664,True,True,True,True,True
2010-11-09 21:00:00,2.9360666666666666,2.9226974054828285,2.93034361,True,True,False,True,True
2010-11-09 22:00:00,2.340733333333333,2.361867631849647,2.3286484733333332,True,True,False,True,False
2010-11-09 23:00:00,1.2260333333333333,1.2672466023385525,1.2098663410000001,False,False,False,False,False
2010-11-10 00:00:00,0.7873333333333333,0.793168360355869,0.7761368788333333,False,False,False,False,False
2010-11-10 01:00:00,0.4217,0.4503586970876902,0.423361813,False,False,False,False,False
2010-11-10 02:00:00,0.32753333333333334,0.34880171681419014,0.3237574105,False,False,False,False,False
2010-11-10 03:00:00,0.3299333333333333,0.3513091115534305,0.3227026006666666,False,False,False,False,False
2010-11-10 04:00:00,0.30846666666666667,0.33321506374739107,0.2998527773333333,False,False,False,False,False
2010-11-10 05:00:00,0.3451666666666667,0.3682398271020501,0.33860871066666665,False,False,False,False,False
2010-11-10 06:00:00,0.7614333333333333,0.7435846884027124,0.758387324,False,False,False,False,False
2010-11-10 07:00:00,2.8744333333333336,2.7891608257472518,2.862443251666667,True,True,False,True,True
2010-11-10 08:00:00,2.3632333333333335,2.344319974029064,2.361517475,True,True,False,True,True
2010-11-10 09:00:00,1.7861,1.7311198454901577,1.7834016116666667,True,False,False,False,False
2010-11-10 10:00:00,3.372,3.3771499678969383,3.3729798399999997,True,True,True,True,True
2010-11-10 11:00:00,3.2857333333333334,3.2465749848484995,3.28418132,True,True,True,True,True
2010-11-10 12:00:00,1.4770333333333334,1.4936279007181525,1.47764239,True,False,False,False,False
2010-11-10 13:00:00,2.4002333333333334,2.3532046763047574,2.3893025050000003,True,True,False,True,True
2010-11-10 14:00:00,2.0136666666666665,2.0424711184963584,2.0017452733333334,True,False,False,False,False
2010-11-10 15:00:00,1.5725666666666667,1.5858432272918523,1.566363765,True,False,False,False,False
2010-11-10 16:00:00,1.5676666666666668,1.5756767780512573,1.5541878983333333,True,False,False,False,False
2010-11-10 17:00:00,1.308,1.3200063452113422,1.3011306325,False,False,False,False,False
2010-11-10 18:00:00,1.7590333333333334,1.7450188859708609,1.74855493,True,False,False,False,False
2010-11-10 19:00:00,0.9631666666666666,1.031094537881762,0.9477595773333333,False,False,False,False,False
2010-11-10 20:00:00,0.39333333333333337,0.4191298747155815,0.3891111215,False,False,False,False,False
2010-11-10 21:00:00,0.4352,0.45505910189598797,0.43469013316666666,False,False,False,False,False
2010-11-10 22:00:00,0.38683333333333336,0.42751653842069204,0.3807789715,False,False,False,False,False
2010-11-10 23:00:00,1.2024333333333332,1.2305511354364456,1.1996425698333333,False,False,False,False,False
2010-11-11 00:00:00,0.5653333333333334,0.5791855653569102,0.5532932521666667,False,False,False,False,False
2010-11-11 01:00:00,0.3524333333333333,0.37780615395195777,0.3493790948333333,False,False,False,False,False
2010-11-11 02:00:00,0.3161,0.34107101270481943,0.30750506149999995,False,False,False,False,False
2010-11-11 03:00:00,0.34573333333333334,0.3733449137959629,0.3336493425,False,False,False,False,False
2010-11-11 04:00:00,0.3668666666666667,0.3923283201113343,0.360733939,False,False,False,False,False
2010-11-11 05:00:00,0.3636666666666667,0.39068139895014464,0.36004020166666667,False,False,False,False,False
2010-11-11 06:00:00,1.1501666666666668,1.16669536386542,1.1412743086666666,False,False,False,False,False
2010-11-11 07:00:00,0.6459333333333334,0.6518094014711678,0.6489368256666667,False,False,False,False,False
2010-11-11 08:00:00,0.8163,0.8299601275078953,0.8090724606666666,False,False,False,False,False
2010-11-11 09:00:00,1.1073333333333333,1.1136555337920784,1.1017866,False,False,False,False,False
2010-11-11 10:00:00,1.4271666666666667,1.4406527406021954,1.4216642203333334,False,False,False,False,False
2010-11-11 11:00:00,2.6264333333333334,2.559624160161614,2.6301001499999996,True,True,False,True,True
2010-11-11 12:00:00,1.8741333333333334,1.7865058621138334,1.9310873821666668,True,False,False,False,False
2010-11-11 13:00:00,1.2342000000000002,1.205914764885232,1.2304219215,False,False,False,False,False
2010-11-11 14:00:00,1.7211666666666665,1.7337081937521694,1.7238939933333335,True,False,False,False,False
2010-11-11 15:00:00,2.8895,2.78392414688617,2.876529665,True,True,False,True,True
2010-11-11 16:00:00,2.7048,2.6299153486154974,2.690019685,True,True,False,True,True
2010-11-11 17:00:00,2.3609,2.37596054572314,2.372656206666667,True,True,False,True,True
2010-11-11 18:00:00,1.5769333333333333,1.6023351315125824,1.5835642866666668,True,False,False,False,False
2010-11-11 19:00:00,1.6116333333333335,1.6022323899853974,1.6230199608333333,True,False,False,False,False
2010-11-11 20:00:00,1.8592666666666666,1.8965317016460004,1.863276915,True,False,False,False,False
2010-11-11 21:00:00,0.8788,0.9285663409717382,0.8722243471666666,False,False,False,False,False
2010-11-11 22:00:00,0.4840666666666667,0.5141015357580035,0.47377508716666666,False,False,False,False,False
2010-11-11 23:00:00,0.28099999999999997,0.3136032049432397,0.283007484,False,False,False,False,False
2010-11-12 00:00:00,0.881,0.8962046815928072,0.8798005178333334,False,False,False,False,False
2010-11-12 01:00:00,0.26726666666666665,0.30393255162239075,0.27474613766666667,False,False,False,False,False
2010-11-12 02:00:00,0.35063333333333335,0.3725130446463823,0.3487045698333333,False,False,False,False,False
2010-11-12 03:00:00,0.3204,0.3525914798766374,0.32112037383333336,False,False,False,False,False
2010-11-12 04:00:00,0.2792,0.3113776346016675,0.2819411115,False,False,False,False,False
2010-11-12 05:00:00,0.2896,0.32512292319312686,0.2933458115,False,False,False,False,False
2010-11-12 06:00:00,0.6563666666666667,0.6618140321377665,0.6525761165,False,False,False,False,False
2010-11-12 07:00:00,2.6940000000000004,2.6193561872094873,2.67835615,True,True,False,True,True
2010-11-12 08:00:00,2.3759,2.3649736854270103,2.358220596666667,True,True,False,True,True
2010-11-12 09:00:00,1.5554666666666668,1.5751410492300988,1.5496782266666667,True,False,False,False,False
2010-11-12 10:00:00,1.8644333333333334,1.8395223185531795,1.8594851066666667,True,False,False,False,False
2010-11-12 11:00:00,1.4117333333333333,1.4380277527749539,1.4103958083333334,False,False,False,False,False
2010-11-12 12:00:00,1.4349333333333334,1.4616539552051575,1.4373045545,True,False,False,False,False
2010-11-12 13:00:00,0.8018333333333333,0.8294393346041441,0.8125284771666668,False,False,False,False,False
2010-11-12 14:00:00,1.3209333333333333,1.3371938477098944,1.3378559131666667,False,False,False,False,False
2010-11-12 15:00:00,1.7907666666666666,1.8465241001021118,1.8483743816666667,True,False,False,False,False
2010-11-12 16:00:00,1.3616666666666668,1.3367304124873132,1.3702227581666666,False,False,False,False,False
2010-11-12 17:00:00,2.4560999999999997,2.4724202995538715,2.4741261766666667,True,True,False,True,True
2010-11-12 18:00:00,2.280866666666667,2.281442219744623,2.304852873333333,True,False,False,False,False
2010-11-12 19:00:00,2.391966666666667,2.4336044165730475,2.4081528216666666,True,True,False,True,True
2010-11-12 20:00:00,1.7533333333333334,1.7535826498236509,1.748445205,True,False,False,False,False
2010-11-12 21:00:00,1.1149,1.1118839534781875,1.1095509248333333,False,False,False,False,False
2010-11-12 22:00:00,0.32053333333333334,0.35484068926684553,0.321551467,False,False,False,False,False
2010-11-12 23:00:00,0.6398666666666666,0.6606052453942598,0.6229942664999999,False,False,False,False,False
2010-11-13 00:00:00,0.6910333333333334,0.691942904914543,0.6791475636666667,False,False,False,False,False
2010-11-13 01:00:00,0.8481,0.8767336681194604,0.8477651538333333,False,False,False,False,False
2010-11-13 02:00:00,0.3094,0.3283854164116084,0.3115950145,False,False,False,False,False
2010-11-13 03:00:00,0.28396666666666665,0.3052406617365777,0.2840757053333334,False,False,False,False,False
2010-11-13 04:00:00,0.3494333333333334,0.3720653258111328,0.34880269666666663,False,False,False,False,False
2010-11-13 05:00:00,0.37116666666666664,0.38903913866206996,0.366300631,False,False,False,False,False
2010-11-13 06:00:00,0.5848,0.5828512501612305,0.5755743198333333,False,False,False,False,False
2010-11-13 07:00:00,2.1326,2.119863410498202,2.118634536666667,True,False,False,False,False
2010-11-13 08:00:00,1.4960333333333333,1.5438827486872673,1.4874157154999998,True,False,False,False,False
2010-11-13 09:00:00,0.7291666666666666,0.7405488736893983,0.7226829838333334,False,False,False,False,False
2010-11-13 10:00:00,0.4220333333333333,0.4397539680343121,0.4221036246666667,False,False,False,False,False
2010-11-13 11:00:00,1.1491,1.175142262291536,1.1579315518333333,False,False,False,False,False
2010-11-13 12:00:00,1.1453,1.139032299400121,1.137987498,False,False,False,False,False
2010-11-13 13:00:00,2.062,2.0598670414417986,2.048387485,True,False,False,False,False
2010-11-13 14:00:00,2.097933333333333,2.0625184856906533,2.0897448183333336,True,False,False,False,False
2010-11-13 15:00:00,2.1959666666666666,2.167522740580887,2.190646575,True,False,False,False,False
2010-11-13 16:00:00,3.2211333333333334,3.1577673175275325,3.199148295,True,True,True,True,True
2010-11-13 17:00:00,2.7615666666666665,2.783283165729046,2.760325545,True,True,False,True,True
2010-11-13 18:00:00,1.7152999999999998,1.7472916541680694,1.7067298166666667,True,False,False,False,False
2010-11-13 19:00:00,2.292333333333333,2.3230888054162264,2.2950447066666664,True,False,False,False,False
2010-11-13 20:00:00,1.7131666666666665,1.7561783453390005,1.7041561650000001,True,False,False,False,False
2010-11-13 21:00:00,1.7058,1.743368576143682,1.692422575,True,False,False,False,False
2010-11-13 22:00:00,1.6986333333333334,1.7379479779675604,1.6916308333333334,True,False,False,False,False
2010-11-13 23:00:00,1.7436,1.774943785881996,1.7305451533333334,True,False,False,False,False
2010-11-14 00:00:00,1.845,1.8461236799389125,1.828273835,True,False,False,False,False
2010-11-14 01:00:00,1.5677333333333332,1.5737699240565302,1.5572621466666665,True,False,False,False,False
2010-11-14 02:00:00,1.0019666666666667,1.0224866020374,0.9804687608333332,False,False,False,False,False
2010-11-14 03:00:00,0.5980666666666666,0.6031655421845614,0.5811561901666666,False,False,False,False,False
2010-11-14 04:00:00,0.3370666666666667,0.3603067789636552,0.335441907,False,False,False,False,False
2010-11-14 05:00:00,0.3650333333333334,0.38597900250330563,0.360986367,False,False,False,False,False
2010-11-14 06:00:00,0.2871666666666667,0.31315833982974284,0.2875158865,False,False,False,False,False
2010-11-14 07:00:00,0.3058666666666667,0.32873723277598615,0.3086360838333333,False,False,False,False,False
2010-11-14 08:00:00,0.5280333333333334,0.5434033696573227,0.5351607125,False,False,False,False,False
2010-11-14 09:00:00,1.1209333333333333,1.1095171722605823,1.1071396636666668,False,False,False,False,False
2010-11-14 10:00:00,1.1384666666666665,1.180750199310854,1.1270298571666666,False,False,False,False,False
2010-11-14 11:00:00,1.027,1.0213722960475833,1.063462854,False,False,False,False,False
2010-11-14 12:00:00,1.3779666666666666,1.4223765902340413,1.46335521,False,False,False,False,False
2010-11-14 13:00:00,1.2797666666666667,1.2809310204483568,1.2850019465,False,False,False,False,False
2010-11-14 14:00:00,1.4889666666666668,1.5115286779724062,1.4924513875,True,False,False,False,False
2010-11-14 15:00:00,4.1565666666666665,3.789078818521649,4.17675441,True,True,True,True,True
2010-11-14 16:00:00,2.8365333333333336,2.7979524724155667,2.8381786083333336,True,True,False,True,True
2010-11-14 17:00:00,2.359366666666667,2.3700855275064705,2.362678045,True,True,False,True,True
2010-11-14 18:00:00,2.384533333333333,2.404628698396683,2.383251505,True,True,False,True,True
2010-11-14 19:00:00,1.4889333333333332,1.51337234133631,1.4863978538333333,True,False,False,False,False
2010-11-14 20:00:00,2.6314333333333333,2.5750367183700207,2.6182387866666668,True,True,False,True,True
2010-11-14 21:00:00,2.5521666666666665,2.5583308295965197,2.533866371666667,True,True,False,True,True
2010-11-14 22:00:00,0.9064666666666666,0.9474116809230299,0.8982778135,False,False,False,False,False
2010-11-14 23:00:00,0.38816666666666666,0.42968959781303995,0.3814691215,False,False,False,False,False
2010-11-15 00:00:00,0.2810333333333333,0.305531502687931,0.2845878296666667,False,False,False,False,False
2010-11-15 01:00:00,0.34606666666666663,0.3675616536039859,0.34511895183333335,False,False,False,False,False
2010-11-15 02:00:00,0.32846666666666663,0.35335112401023505,0.3273059345,False,False,False,False,False
2010-11-15 03:00:00,0.5818666666666666,0.5972679184589536,0.5818659303333333,False,False,False,False,False
2010-11-15 04:00:00,0.6005,0.6405154653519392,0.598286777,False,False,False,False,False
2010-11-15 05:00:00,0.3533,0.379008572801575,0.353026135,False,False,False,False,False
2010-11-15 06:00:00,0.8714999999999999,0.8501729255214333,0.8678594393333333,False,False,False,False,False
2010-11-15 07:00:00,2.6275333333333335,2.573524417297542,2.6115093816666666,True,True,False,True,True
2010-11-15 08:00:00,1.5821,1.626820064151287,1.582181645,True,False,False,False,False
2010-11-15 09:00:00,1.3828,1.4013428667955101,1.3775599116666666,False,False,False,False,False
2010-11-15 10:00:00,1.3088666666666666,1.3249163041368128,1.3050515116666666,False,False,False,False,False
2010-11-15 11:00:00,1.3804,1.3668752464912832,1.3789945866666666,False,False,False,False,False
2010-11-15 12:00:00,3.321066666666667,3.2908650591880084,3.31980097,True,True,True,True,True
2010-11-15 13:00:00,2.809266666666667,2.783886219339818,2.7957359084999998,True,True,False,True,True
2010-11-15 14:00:00,0.4295333333333333,0.4642964929066598,0.428522098,False,False,False,False,False
2010-11-15 15:00:00,0.3873,0.42038570637553924,0.385932846,False,False,False,False,False
2010-11-15 16:00:00,0.5152333333333333,0.5440028933219612,0.5086304735,False,False,False,False,False
2010-11-15 17:00:00,0.8739333333333333,0.9059934361986817,0.8741470853333334,False,False,False,False,False
2010-11-15 18:00:00,1.3073333333333332,1.3239563192717732,1.3066020871666666,False,False,False,False,False
2010-11-15 19:00:00,1.5779333333333334,1.592526127895713,1.5727007416666665,True,False,False,False,False
2010-11-15 20:00:00,2.9928000000000003,2.933742086392641,2.9714614900000003,True,True,False,True,True
2010-11-15 21:00:00,1.5087666666666666,1.5152105729587375,1.5024631233333332,True,False,False,False,False
2010-11-15 22:00:00,1.2497,1.2541023091942072,1.2330112706666665,False,False,False,False,False
2010-11-15 23:00:00,0.5057333333333334,0.5398228651210666,0.49838888133333337,False,False,False,False,False
2010-11-16 00:00:00,0.32380000000000003,0.34867186321578914,0.3238257428333334,False,False,False,False,False
2010-11-16 01:00:00,0.2922666666666667,0.3190700840257108,0.294117868,False,False,False,False,False
2010-11-16 02:00:00,1.0268333333333333,1.0405970499992372,1.0222232366666666,False,False,False,False,False
2010-11-16 03:00:00,0.30073333333333335,0.3302646233908832,0.30195225266666664,False,False,False,False,False
2010-11-16 04:00:00,0.2791333333333333,0.3161128546781838,0.2807043645,False,False,False,False,False
2010-11-16 05:00:00,0.3375666666666666,0.3589945689819753,0.33507994783333334,False,False,False,False,False
2010-11-16 06:00:00,1.2221666666666666,1.1527169095411898,1.215690886,False,False,False,False,False
2010-11-16 07:00:00,2.455233333333333,2.4697358725637195,2.4381034783333333,True,True,False,True,True
2010-11-16 08:00:00,1.6832333333333334,1.6938540100701154,1.705356315,True,False,False,False,False
2010-11-16 09:00:00,1.5805,1.584670001309365,1.5853920016666665,True,False,False,False,False
2010-11-16 10:00:00,1.4629666666666667,1.4781464540369809,1.4563867366666665,True,False,False,False,False
2010-11-16 11:00:00,0.9056666666666666,0.9466662004668266,0.9067717936666667,False,False,False,False,False
2010-11-16 12:00:00,0.3705333333333333,0.40034323460683224,0.3678240581666667,False,False,False,False,False
2010-11-16 13:00:00,0.36646666666666666,0.3981605777662247,0.3655675863333333,False,False,False,False,False
2010-11-16 14:00:00,0.2820333333333333,0.3126748407691717,0.28474628716666667,False,False,False,False,False
2010-11-16 15:00:00,0.31459999999999994,0.3439151164345443,0.3153865605,False,False,False,False,False
2010-11-16 16:00:00,0.5390999999999999,0.5516782814539969,0.5407657168333333,False,False,False,False,False
2010-11-16 17:00:00,1.4056,1.4100033739417792,1.4036423493333332,False,False,False,False,False
2010-11-16 18:00:00,2.062866666666667,2.0716325816564263,2.053649905,True,False,False,False,False
2010-11-16 19:00:00,1.9874,1.9841412598475816,1.9758261183333334,True,False,False,False,False
2010-11-16 20:00:00,2.177233333333333,2.1776815826401115,2.159795991666667,True,False,False,False,False
2010-11-16 21:00:00,2.5300333333333334,2.5721334854707125,2.5205181166666666,True,True,False,True,True
2010-11-16 22:00:00,0.7507,0.8080044379655272,0.754131606,False,False,False,False,False
2010-11-16 23:00:00,0.5058,0.5583445110008121,0.5096797098333333,False,False,False,False,False
2010-11-17 00:00:00,0.36769999999999997,0.40756889306195077,0.38285903833333335,False,False,False,False,False
2010-11-17 01:00:00,0.29406666666666664,0.3374677483487874,0.3114934525,False,False,False,False,False
2010-11-17 02:00:00,0.32846666666666663,0.3728352024678141,0.3433843466666667,False,False,False,False,False
2010-11-17 03:00:00,0.32553333333333334,0.3771098136104643,0.3392990458333333,False,False,False,False,False
2010-11-17 04:00:00,0.5885,0.6109238048378377,0.593785679,False,False,False,False,False
2010-11-17 05:00:00,0.7421666666666666,0.7995358043435962,0.7516384703333333,False,False,False,False,False
2010-11-17 06:00:00,0.9257000000000001,0.9142245141159743,0.9338951791666666,False,False,False,False,False
2010-11-17 07:00:00,2.7571333333333334,2.6990849318340424,2.736793188333333,True,True,False,True,True
2010-11-17 08:00:00,1.4536666666666667,1.5066537393771113,1.4526825883333332,True,False,False,False,False
2010-11-17 09:00:00,1.3489333333333335,1.3743040952846408,1.3483107166666666,False,False,False,False,False
2010-11-17 10:00:00,1.3998333333333333,1.4203795418977738,1.3980028033333334,False,False,False,False,False
2010-11-17 11:00:00,1.4121,1.4325421081230045,1.4092483866666667,False,False,False,False,False
2010-11-17 12:00:00,1.5148000000000001,1.528840030349046,1.5097462266666668,True,False,False,False,False
2010-11-17 13:00:00,0.6901666666666666,0.7441594427775591,0.6945391951666667,False,False,False,False,False
2010-11-17 14:00:00,0.28029999999999994,0.31345300768986345,0.28262554966666664,False,False,False,False,False
2010-11-17 15:00:00,0.4599,0.47479888507016005,0.45586283333333333,False,False,False,False,False
2010-11-17 16:00:00,0.8000666666666666,0.8319268561650068,0.7890223926666666,False,False,False,False,False
2010-11-17 17:00:00,1.0461,1.0653991373591125,1.0380852876666666,False,False,False,False,False
2010-11-17 18:00:00,1.6297333333333333,1.6454255124747754,1.6190637,True,False,False,False,False
2010-11-17 19:00:00,2.3266666666666667,2.286118754380942,2.313144853333333,True,False,False,False,False
2010-11-17 20:00:00,2.244666666666667,2.2552480758033697,2.2404276226666666,True,False,False,False,False
2010-11-17 21:00:00,1.7382666666666668,1.7039044161893429,1.7308230501666666,True,False,False,False,False
2010-11-17 22:00:00,1.0596,1.0909685802794995,1.0499425606666668,False,False,False,False,False
2010-11-17 23:00:00,0.6331333333333333,0.6717875990040602,0.6269947411666668,False,False,False,False,False
2010-11-18 00:00:00,0.44186666666666663,0.47402823000103234,0.45504318816666667,False,False,False,False,False
2010-11-18 01:00:00,0.39063333333333333,0.40635614224448796,0.3898536233333333,False,False,False,False,False
2010-11-18 02:00:00,0.5135333333333333,0.5186382332276553,0.513929042,False,False,False,False,False
2010-11-18 03:00:00,1.0192,1.0415563510958106,1.0224782981666667,False,False,False,False,False
2010-11-18 04:00:00,0.45959999999999995,0.4931236639268696,0.46947535166666665,False,False,False,False,False
2010-11-18 05:00:00,0.38533333333333336,0.41116375056356186,0.3859717806666667,False,False,False,False,False
2010-11-18 06:00:00,0.9687,0.8929228199638426,0.9632124283333333,False,False,False,False,False
2010-11-18 07:00:00,2.6866666666666665,2.65884267628491,2.67072648,True,True,False,True,True
2010-11-18 08:00:00,1.5315,1.5599609366372227,1.5249478033333332,True,False,False,False,False
2010-11-18 09:00:00,1.3510666666666666,1.3757011117592455,1.3505071566666667,False,False,False,False,False
2010-11-18 10:00:00,1.3487333333333331,1.3701460848398506,1.3455743666666669,False,False,False,False,False
2010-11-18 11:00:00,1.3437666666666668,1.3694023751862348,1.3416789400000002,False,False,False,False,False
2010-11-18 12:00:00,1.5857999999999999,1.591547547546029,1.5895163766666667,True,False,False,False,False
2010-11-18 13:00:00,0.9234666666666667,0.9694194781489671,0.9263354983333334,False,False,False,False,False
2010-11-18 14:00:00,0.41346666666666665,0.452042824306339,0.40669865716666664,False,False,False,False,False
2010-11-18 15:00:00,0.32563333333333333,0.36412680066674946,0.32589280016666666,False,False,False,False,False
2010-11-18 16:00:00,0.46526666666666666,0.49055813995227215,0.460706583,False,False,False,False,False
2010-11-18 17:00:00,0.5778333333333333,0.6174366027761251,0.5689807555,False,False,False,False,False
2010-11-18 18:00:00,2.7284333333333333,2.649446981558204,2.813945379,True,True,False,True,True
2010-11-18 19:00:00,2.5739333333333336,2.562878760895133,2.5658589516666668,True,True,False,True,True
2010-11-18 20:00:00,2.1646666666666667,2.132640903352946,2.15546028,True,False,False,False,False
2010-11-18 21:00:00,1.9349666666666667,1.9184375638760627,1.9307917,True,False,False,False,False
2010-11-18 22:00:00,0.9224333333333333,0.9678975425936281,0.9131726888333334,False,False,False,False,False
2010-11-18 23:00:00,0.47936666666666666,0.533975070765242,0.4712948963333333,False,False,False,False,False
2010-11-19 00:00:00,0.3419,0.3691165485825389,0.3398621343333333,False,False,False,False,False
2010-11-19 01:00:00,0.27706666666666663,0.3128098840124905,0.2814308406666666,False,False,False,False,False
2010-11-19 02:00:00,0.9548666666666665,0.9852852123096586,0.956638534,False,False,False,False,False
2010-11-19 03:00:00,0.3147,0.3502655478239059,0.31641865733333335,False,False,False,False,False
2010-11-19 04:00:00,0.3387333333333333,0.37136664063073693,0.33881698116666664,False,False,False,False,False
2010-11-19 05:00:00,0.2649333333333333,0.30416685856953257,0.27097519,False,False,False,False,False
2010-11-19 06:00:00,0.8500666666666666,0.8348219085324556,0.8493119071666667,False,False,False,False,False
2010-11-19 07:00:00,2.2033,2.1920708227008583,2.1795621333333335,True,False,False,False,False
2010-11-19 08:00:00,1.4469666666666667,1.4854860823616387,1.4432255950000001,True,False,False,False,False
2010-11-19 09:00:00,1.3643666666666665,1.391865887977928,1.3621517416666669,False,False,False,False,False
2010-11-19 10:00:00,1.3499,1.3773622836977244,1.3480661566666667,False,False,False,False,False
2010-11-19 11:00:00,1.3954666666666666,1.4167375235751272,1.3926709533333332,False,False,False,False,False
2010-11-19 12:00:00,1.3907,1.4117244623780252,1.3870652816666669,False,False,False,False,False
2010-11-19 13:00:00,1.5944,1.6161011395916345,1.5923366983333334,True,False,False,False,False
2010-11-19 14:00:00,1.5211000000000001,1.5392506651736797,1.5394530000000002,True,False,False,False,False
2010-11-19 15:00:00,1.6228666666666667,1.6493227238878607,1.6255734050000001,True,False,False,False,False
2010-11-19 16:00:00,1.4697,1.5305983344443141,1.5212390148333335,True,False,False,False,False
2010-11-19 17:00:00,0.8242666666666667,0.8744282024845481,0.8133455041666667,False,False,False,False,False
2010-11-19 18:00:00,1.0184666666666666,1.0416452931191773,1.0126288198333333,False,False,False,False,False
2010-11-19 19:00:00,1.2497666666666667,1.2760635971337557,1.2431109995,False,False,False,False,False
2010-11-19 20:00:00,1.6652666666666667,1.6833198127284645,1.6794961325,True,False,False,False,False
2010-11-19 21:00:00,1.7783666666666667,1.8304899099439385,1.7776703616666665,True,False,False,False,False
2010-11-19 22:00:00,0.6019666666666666,0.6655998215246945,0.5941493961666667,False,False,False,False,False
2010-11-19 23:00:00,0.3342,0.3732884284853935,0.33114036333333335,False,False,False,False,False
2010-11-20 00:00:00,0.3169666666666667,0.3427466857470572,0.321185736,False,False,False,False,False
2010-11-20 01:00:00,0.28490000000000004,0.31233341741114856,0.28920665149999997,False,False,False,False,False
2010-11-20 02:00:00,0.3567,0.37626255589835345,0.3555310211666667,False,False,False,False,False
2010-11-20 03:00:00,0.31026666666666664,0.3380634128708392,0.3114719486666667,False,False,False,False,False
2010-11-20 04:00:00,0.3265333333333333,0.35656877930015324,0.3284565275,False,False,False,False,False
2010-11-20 05:00:00,0.8852666666666666,0.8939027870535852,0.8852492475000001,False,False,False,False,False
2010-11-20 06:00:00,0.7865666666666666,0.7918721356052906,0.7804371061666667,False,False,False,False,False
2010-11-20 07:00:00,2.6342333333333334,2.5955414299666884,2.616535841666667,True,True,False,True,True
2010-11-20 08:00:00,1.9728333333333334,2.0089607644431293,1.9628751949999999,True,False,False,False,False
2010-11-20 09:00:00,1.8750666666666664,1.861514549587667,1.8625150350000002,True,False,False,False,False
2010-11-20 10:00:00,1.2921333333333334,1.282784441743791,1.2858132698333333,False,False,False,False,False
2010-11-20 11:00:00,2.691133333333333,2.648878662288189,2.6923199143333334,True,True,False,True,True
2010-11-20 12:00:00,1.1306,1.158481703869626,1.131700279,False,False,False,False,False
2010-11-20 13:00:00,1.2979999999999998,1.3017059838157148,1.2852096625,False,False,False,False,False
2010-11-20 14:00:00,1.0514333333333332,1.060478299176693,1.0364094063333333,False,False,False,False,False
2010-11-20 15:00:00,1.2581666666666667,1.2720580019034446,1.246506528,False,False,False,False,False
2010-11-20 16:00:00,1.5170333333333335,1.5495603820823134,1.50740873,True,False,False,False,False
2010-11-20 17:00:00,1.7953000000000001,1.822505407714099,1.787244725,True,False,False,False,False
2010-11-20 18:00:00,5.626833333333334,5.46665226661861,5.651410421666667,True,True,True,True,True
2010-11-20 19:00:00,3.2597,3.2644759033828974,3.309230925,True,True,True,True,True
2010-11-20 20:00:00,2.1171333333333333,2.158533678914607,2.1073381133333333,True,False,False,False,False
2010-11-20 21:00:00,1.7741,1.7939531157322228,1.7603974416666666,True,False,False,False,False
2010-11-20 22:00:00,1.3264,1.3913625123098494,1.321710505,False,False,False,False,False
2010-11-20 23:00:00,0.7294666666666667,0.7826102318037301,0.7258986926666666,False,False,False,False,False
2010-11-21 00:00:00,0.5199,0.5500711368259042,0.5130627636666667,False,False,False,False,False
2010-11-21 01:00:00,0.2938,0.3170549024514854,0.294698456,False,False,False,False,False
2010-11-21 02:00:00,0.8968,0.9268529968820512,0.8978725711666667,False,False,False,False,False
2010-11-21 03:00:00,0.3299,0.3588766713872552,0.3291696826666667,False,False,False,False,False
2010-11-21 04:00:00,0.34456666666666663,0.3720110557183623,0.34261528616666664,False,False,False,False,False
2010-11-21 05:00:00,0.2902666666666667,0.32362745091766115,0.29142017733333336,False,False,False,False,False
2010-11-21 06:00:00,0.33686666666666665,0.3496099832639098,0.3338596578333333,False,False,False,False,False
2010-11-21 07:00:00,2.0713,2.03570095339939,2.04405488,True,False,False,False,False
2010-11-21 08:00:00,1.4247,1.4594941926062108,1.4253538083333335,False,False,False,False,False
2010-11-21 09:00:00,1.2906333333333333,1.3360444466348738,1.2909017878333333,False,False,False,False,False
2010-11-21 10:00:00,0.26809999999999995,0.3053159455362707,0.27733546183333335,False,False,False,False,False
2010-11-21 11:00:00,0.29916666666666664,0.3295169215444475,0.30454119083333336,False,False,False,False,False
2010-11-21 12:00:00,0.34963333333333335,0.3837437681883573,0.35358419733333335,False,False,False,False,False
2010-11-21 13:00:00,0.27686666666666665,0.3137127889558673,0.283967311,False,False,False,False,False
2010-11-21 14:00:00,0.2809666666666667,0.31945106170922516,0.28315824316666666,False,False,False,False,False
2010-11-21 15:00:00,0.29733333333333334,0.33421272308900946,0.30009930399999996,False,False,False,False,False
2010-11-21 16:00:00,0.3508333333333333,0.3879710347086191,0.3556921156666667,False,False,False,False,False
2010-11-21 17:00:00,0.7239333333333333,0.7456797344081104,0.7322665063333333,False,False,False,False,False
2010-11-21 18:00:00,0.4511333333333333,0.5079364947803319,0.46403577700000004,False,False,False,False,False
2010-11-21 19:00:00,0.29546666666666666,0.33188040188178414,0.3029802878333333,False,False,False,False,False
2010-11-21 20:00:00,0.6047666666666667,0.5916690535452216,0.6036448475,False,False,False,False,False
2010-11-21 21:00:00,1.2213,1.2691690725900235,1.2186426153333334,False,False,False,False,False
2010-11-21 22:00:00,1.4937666666666667,1.5537789550729098,1.4885743333333332,True,False,False,False,False
2010-11-21 23:00:00,0.30316666666666664,0.3506041490081698,0.304236615,False,False,False,False,False
2010-11-22 00:00:00,0.3675,0.3947736434876919,0.3662039613333333,False,False,False,False,False
2010-11-22 01:00:00,0.27986666666666665,0.3153089363649487,0.28508717483333335,False,False,False,False,False
2010-11-22 02:00:00,0.28336666666666666,0.31986135570853946,0.28536915,False,False,False,False,False
2010-11-22 03:00:00,0.2749333333333333,0.3165271223530173,0.2786592795,False,False,False,False,False
2010-11-22 04:00:00,0.36829999999999996,0.39757033881321546,0.36679306116666666,False,False,False,False,False
2010-11-22 05:00:00,0.2859,0.3267152279194444,0.28818223449999997,False,False,False,False,False
2010-11-22 06:00:00,0.9530333333333334,0.9120492984868586,0.9512040108333333,False,False,False,False,False
2010-11-22 07:00:00,2.137,2.157971902424097,2.121370125,True,False,False,False,False
2010-11-22 08:00:00,2.590233333333333,2.51499166527316,2.5752134916666667,True,True,False,True,True
2010-11-22 09:00:00,1.4276000000000002,1.4578845440275967,1.4261619533333334,False,False,False,False,False
2010-11-22 10:00:00,3.105366666666667,2.9873696672424677,3.09135413,True,True,False,True,True
2010-11-22 11:00:00,2.6391333333333336,2.583661322528124,2.695326248333333,True,True,False,True,True
2010-11-22 12:00:00,1.8669333333333331,1.8614333505392076,1.8646087666666666,True,False,False,False,False
2010-11-22 13:00:00,1.9867666666666668,1.9798304336659611,1.9741910916666667,True,False,False,False,False
2010-11-22 14:00:00,1.5176666666666667,1.532847021920979,1.5071254699999999,True,False,False,False,False
2010-11-22 15:00:00,1.3865666666666667,1.3854494540713729,1.371659754,False,False,False,False,False
2010-11-22 16:00:00,0.6926333333333333,0.7191653611879796,0.684099945,False,False,False,False,False
2010-11-22 17:00:00,0.6457666666666667,0.6785602611932904,0.6342204628333333,False,False,False,False,False
2010-11-22 18:00:00,3.1683000000000003,2.98317208326906,3.2194236936666667,True,True,True,True,True
2010-11-22 19:00:00,2.5895,2.495558238490671,2.5928195966666667,True,True,False,True,True
2010-11-22 20:00:00,1.5825333333333333,1.6199935227900744,1.5773596916666668,True,False,False,False,False
2010-11-22 21:00:00,2.3887,2.403064683304727,2.369051765,True,True,False,True,True
2010-11-22 22:00:00,1.1652,1.2310491225700824,1.1516354771666668,False,False,False,False,False
2010-11-22 23:00:00,0.3228,0.36077388678416605,0.3231477945,False,False,False,False,False
2010-11-23 00:00:00,0.3651666666666667,0.39453446031808853,0.36951581866666666,False,False,False,False,False
2010-11-23 01:00:00,0.2924333333333333,0.3243220691502094,0.2974440725,False,False,False,False,False
2010-11-23 02:00:00,0.28236666666666665,0.32159779155775897,0.28976576833333334,False,False,False,False,False
2010-11-23 03:00:00,0.27449999999999997,0.3172903986208141,0.2824909105,False,False,False,False,False
2010-11-23 04:00:00,0.36016666666666663,0.3944544868405908,0.36064369583333333,False,False,False,False,False
2010-11-23 05:00:00,0.2802,0.32355216780379414,0.28500165716666664,False,False,False,False,False
2010-11-23 06:00:00,0.6357333333333333,0.6407376578696072,0.63182419,False,False,False,False,False
2010-11-23 07:00:00,2.5486,2.513229321663082,2.5466374183333333,True,True,False,True,True
2010-11-23 08:00:00,1.7040666666666666,1.737479200846702,1.7404097083333334,True,False,False,False,False
2010-11-23 09:00:00,1.4006333333333332,1.4211674818381668,1.4074949166666668,False,False,False,False,False
2010-11-23 10:00:00,1.57,1.6015215526551008,1.5687492333333333,True,False,False,False,False
2010-11-23 11:00:00,1.7039666666666666,1.7458973165296017,1.7416053883333333,True,False,False,False,False
2010-11-23 12:00:00,1.0491666666666668,1.0938472901005298,1.0558486746666667,False,False,False,False,False
2010-11-23 13:00:00,0.8319,0.8421481323890387,0.8262070495,False,False,False,False,False
2010-11-23 14:00:00,1.5486333333333333,1.551821868442744,1.5386543854999999,True,False,False,False,False
2010-11-23 15:00:00,0.4,0.4318151555288583,0.39284248683333334,False,False,False,False,False
2010-11-23 16:00:00,0.5092666666666666,0.5444169346742331,0.5004375968333333,False,False,False,False,False
2010-11-23 17:00:00,0.9787333333333333,0.9905179387558253,0.9776157351666667,False,False,False,False,False
2010-11-23 18:00:00,1.8401,1.8239211321488022,1.8458764483333332,True,False,False,False,False
2010-11-23 19:00:00,2.221233333333333,2.246333530497551,2.2988892699999997,True,False,False,False,False
2010-11-23 20:00:00,2.6366666666666663,2.6164611197538674,2.617864265,True,True,False,True,True
2010-11-23 21:00:00,1.4262333333333332,1.4802839951895177,1.427523755,False,False,False,False,False
2010-11-23 22:00:00,0.8328000000000001,0.8821665803004056,0.8161047905000001,False,False,False,False,False
2010-11-23 23:00:00,0.5997,0.6435653977923096,0.5904022520000001,False,False,False,False,False
2010-11-24 00:00:00,0.35836666666666667,0.38948460798822343,0.3577234833333333,False,False,False,False,False
2010-11-24 01:00:00,0.2653,0.3130442005611956,0.27514301550000003,False,False,False,False,False
2010-11-24 02:00:00,0.5021,0.5255836604587734,0.5067890843333334,False,False,False,False,False
2010-11-24 03:00:00,0.7512333333333333,0.8008604236599058,0.7560104473333333,False,False,False,False,False
2010-11-24 04:00:00,0.3203,0.3584333541829139,0.32133550383333337,False,False,False,False,False
2010-11-24 05:00:00,0.2844,0.3295791650496423,0.28918587933333334,False,False,False,False,False
2010-11-24 06:00:00,0.8289666666666666,0.8230339088898152,0.8255871161666666,False,False,False,False,False
2010-11-24 07:00:00,2.8502333333333336,2.747182346954942,2.812045888333333,True,True,False,True,True
2010-11-24 08:00:00,1.5541666666666667,1.6467058233201504,1.5520843466666667,True,False,False,False,False
2010-11-24 09:00:00,1.3640333333333332,1.391537345802784,1.36173556,False,False,False,False,False
2010-11-24 10:00:00,1.3725999999999998,1.4018874441429974,1.3788027649999999,False,False,False,False,False
2010-11-24 11:00:00,1.3923666666666668,1.4223778864450753,1.396322055,False,False,False,False,False
2010-11-24 12:00:00,1.5837666666666665,1.5967177520416678,1.5827419466666666,True,False,False,False,False
2010-11-24 13:00:00,1.9610333333333332,1.9380323970511557,1.9561536066666667,True,False,False,False,False
2010-11-24 14:00:00,2.0177666666666667,2.0097516712665557,2.0047537033333334,True,False,False,False,False
2010-11-24 15:00:00,1.5020333333333333,1.5187881798803808,1.49739826,True,False,False,False,False
2010-11-24 16:00:00,0.8740666666666667,0.9053705402716994,0.8696735646666667,False,False,False,False,False
2010-11-24 17:00:00,1.9389333333333334,1.9079549529902637,1.9328940316666667,True,False,False,False,False
2010-11-24 18:00:00,2.0611333333333333,2.038812113636732,2.050934918333333,True,False,False,False,False
2010-11-24 19:00:00,1.4982333333333335,1.5132667021945119,1.497172015,True,False,False,False,False
2010-11-24 20:00:00,2.3128666666666664,2.3643309595286848,2.3187804366666667,True,False,False,True,False
2010-11-24 21:00:00,1.5683666666666667,1.628699784814194,1.5738421063333334,True,False,False,False,False
2010-11-24 22:00:00,0.42210000000000003,0.4681565675307065,0.4171644066666667,False,False,False,False,False
2010-11-24 23:00:00,0.3531,0.3934693102169782,0.35193887383333333,False,False,False,False,False
2010-11-25 00:00:00,0.30346666666666666,0.33715452135279766,0.30714169,False,False,False,False,False
2010-11-25 01:00:00,0.28966666666666663,0.3293291026230901,0.29310846549999997,False,False,False,False,False
2010-11-25 02:00:00,0.26636666666666664,0.3069675131682306,0.2730080816666666,False,False,False,False,False
2010-11-25 03:00:00,0.33573333333333333,0.36970011650659146,0.33497458350000003,False,False,False,False,False
2010-11-25 04:00:00,0.37706666666666666,0.40582054921686644,0.38117869683333333,False,False,False,False,False
2010-11-25 05:00:00,0.8805333333333334,0.9294907369568944,0.8836685638333334,False,False,False,False,False
2010-11-25 06:00:00,0.9632000000000001,0.9586544839173555,0.9569941048333334,False,False,False,False,False
2010-11-25 07:00:00,2.627133333333333,2.5796508867383006,2.6059185683333337,True,True,False,True,True
2010-11-25 08:00:00,1.6294,1.6448800977338107,1.6080128393333333,True,False,False,False,False
2010-11-25 09:00:00,1.2577,1.237495678637922,1.2477621796666665,False,False,False,False,False
2010-11-25 10:00:00,0.6454666666666667,0.6893628441732377,0.6359811361666666,False,False,False,False,False
2010-11-25 11:00:00,1.0280666666666667,1.0688217675063758,1.0302769536666667,False,False,False,False,False
2010-11-25 12:00:00,0.4997333333333333,0.5471103219803423,0.50083116,False,False,False,False,False
2010-11-25 13:00:00,0.3562333333333333,0.4100315129686146,0.3604065143333333,False,False,False,False,False
2010-11-25 14:00:00,0.30066666666666664,0.3474810361962765,0.3013401368333334,False,False,False,False,False
2010-11-25 15:00:00,0.333,0.3764050307516008,0.3318018556666667,False,False,False,False,False
2010-11-25 16:00:00,0.5418000000000001,0.5713806247040629,0.5320757955000001,False,False,False,False,False
2010-11-25 17:00:00,1.4801,1.479758035273105,1.4630520294999998,True,False,False,False,False
2010-11-25 18:00:00,2.2116,2.2186401312649253,2.2009317116666667,True,False,False,False,False
2010-11-25 19:00:00,2.3304666666666667,2.376774522359669,2.3161801583333332,True,True,False,True,False
2010-11-25 20:00:00,1.6478333333333333,1.663841740048677,1.6342456483333334,True,False,False,False,False
2010-11-25 21:00:00,1.3429333333333333,1.387942571286112,1.3312946033333333,False,False,False,False,False
2010-11-25 22:00:00,1.2475666666666667,1.2860971456512809,1.2361184771666667,False,False,False,False,False
2010-11-25 23:00:00,0.9570000000000001,1.0212842565711588,0.945865501,False,False,False,False,False
2010-11-26 00:00:00,0.2943,0.3348572527095675,0.30016992983333335,False,False,False,False,False
2010-11-26 01:00:00,0.28099999999999997,0.3200597336061299,0.2908423805,False,False,False,False,False
2010-11-26 02:00:00,0.2734333333333333,0.314715963023901,0.28252100500000005,False,False,False,False,False
2010-11-26 03:00:00,0.29836666666666667,0.3409671628829091,0.30111534966666664,False,False,False,False,False
2010-11-26 04:00:00,0.31403333333333333,0.35685779046788807,0.3167718351666667,False,False,False,False,False
2010-11-26 05:00:00,0.2825666666666667,0.32827256375253194,0.285061346,False,False,False,False,False
2010-11-26 06:00:00,1.0087666666666668,0.9597467673502862,1.0012790391666666,False,False,False,False,False
2010-11-26 07:00:00,2.8839333333333332,2.8444138552337885,2.8595742166666667,True,True,False,True,True
2010-11-26 08:00:00,1.9993,2.0112919608958064,1.9929139233333333,True,False,False,False,False
2010-11-26 09:00:00,1.8499666666666668,1.846130915402621,1.8459853566666666,True,False,False,False,False
2010-11-26 10:00:00,1.3527666666666667,1.3783554364770652,1.3490939483333333,False,False,False,False,False
2010-11-26 11:00:00,1.3389,1.3667977179832755,1.3396533316666668,False,False,False,False,False
2010-11-26 12:00:00,1.4902000000000002,1.5270791448049248,1.4901833033333332,True,False,False,False,False
2010-11-26 13:00:00,1.6129333333333333,1.6309449409730734,1.6317757099999999,True,False,False,False,False
2010-11-26 14:00:00,1.4077666666666668,1.4212987722419201,1.4109730316666667,False,False,False,False,False
2010-11-26 15:00:00,0.8764333333333333,0.9381069075133652,0.8735963115000001,False,False,False,False,False
2010-11-26 16:00:00,1.0679333333333332,1.0761612991295757,1.0728093735,False,False,False,False,False
2010-11-26 17:00:00,1.7259,1.7596916163004936,1.7071139048333335,True,False,False,False,False
2010-11-26 18:00:00,1.5734666666666668,1.5969750615909697,1.5700056733333334,True,False,False,False,False
2010-11-26 19:00:00,1.6593333333333333,1.6984419387377798,1.65840635,True,False,False,False,False
2010-11-26 20:00:00,1.1637,1.2286021456673741,1.1662072508333334,False,False,False,False,False
2010-11-26 21:00:00,0.9346666666666668,0.9823100417554379,0.9140277233333333,False,False,False,False,False
